key	ko
00b4dda9ff	뭐라고 하셨나요？%b
0100893f27	달빛처럼 맑은 색을 띤 칼날을 가진 도로，몸에 지니면 명중률이 약간 오른다
010ffc4a45	７인위원회에 대한 반대운동을 했다는\n게 이유였어%b
020e85a4db	　쿠리카라 마을에는 화약을 다루는 포술이 있다 그 일인자가 타타라라는 거한이다\n　카달군은 포술에 전략적 가치를 발견하고 타타라 일행에게 협력을 명했다\n　하지만 자신들의 기술이 무익한 대량살인에 쓰이는 것을 싫어한 타타라 일행은 카달의 요구에 계속 반대했다
020f6ca4bd	%z만약 다치면 어떡해？ 난, 뮤가\n다치는 거 보고 싶지 않아。
0215daf77f	부적의 일종 몸에 지니면 행운을 가져다준다
023585b1cd	전 세계의 책들이 모인\n그야말로，지식의 전당！%b
024f3e0b83	옛날 하늘의 사자가 인간 소녀에게 주었다는 지성의 반지 여성만 사용할 수 있다
02546a6dc7	세계를 제패하리라！
02b26f7028	%z오오, 뮤, 훌륭한 싸움이었다！
02d3f5dc85	적을 뛰어넘으며，하늘에서 혼란의 음파를 흩뿌린다
036c6cdb90	게텐성에서 갈자드와 함께\n카달로 옮겨진 뮤는，%b%h７인위원회 탑의 감금실에\n갇힌 몸이 되어 있었다%b
03c18d47b1	%z갈자드， 우리는 의견을 묻는 것이\n아니다 명령하는 것이다 라그로스를\n거느리고 리그로드를 함락시키라고
03cb6cabe0	실전용으로 벼린 장검
04012ab630	예！\n성공을 기원하겠나이다%b
041ccd6c41	그 거리는 우리를 도와준 탓에\n재난을 당했는데，\n그걸 무시하시겠다는 건가요！？%b
045fa8863a	숨겨진 힘을 끌어내는 아이템 공격력이 오른다
04f538dfae	닌자가 일상적으로 사용하는 무기 가볍지만，위력은 기대하기 어렵다
04f97f9460	　더는 이런 아픔을 겪는 사람들이 느는 건 사양이다\n　유현의숲을 봉인한 루나의 정보로 ７인위원회는 이미 차원의 문에 다다르고 있는 듯하다\n　그들의 어리석은 짓을 막아야 한다
05383b31fb	역시，생각한 대로였어요\n드디어，７인위원회의 꼬리를 잡았어요！%b
055dba29b2	무아의 경지에 이른 고승만이 입을 수 있었다고 전해지는 특별한 법의
05b3bc23e3	어덜트터치로 아군 한 명에게 큰 피해를 준다:-)
0612ab82c3	성스러운 에너지를 빔 형태로 방출해 공격한다
063b9d52ad	튀어 오른 진동으로，주위에 회복의 파동을 전함
07072f5040	처형・%b
076e8f9f09	가스를 주위에 퍼뜨려，휘말린 대상을 1/16 확률로 죽음으로 이끈다
07944e63d4	알렉트리아 대도서관장의 딸인\n저에게조차，\n밝혀 주실 수 없나요？%b
079b51a07a	%z무슨 일이냐？\n퀸즈랜드의 왕자 러스티여。
081a097217	　새로운 동료가 느는 것은，든든한 일이라고，나는 생각한다\n　오르트마에서 장사를 하는 매인간 호크아이는，독학으로 검술을 연마한 별난 남자였다\n　호크아이의 도움으로，대지의 절규를 돌파할 수 있었다
081dd1afd6	하기야，야마타이와 리그로드에는，\n살아남을 만한 우수한 자들이\n없었지만 말이오%b
08376c2ea0	뭐 하는 거야，그만둬！%b
08c231a99d	・과연・그래서？%b
0952aaabc0	머리에 착용해，머리를 완전히 보호한다
09af0dbb7b	우박을 사용한 공격 1/4 확률로 동결시킨다
0a16d7da69	운석이 떨어져 폭발해，큰 피해를 준다
0a753d7c4d	러스티・부탁이야・\n날，지켜 줘・%b
0a9ae6ef87	%z난 언제나 뮤와 함께야。\n지금까지도, 앞으로도・
0ab6645ea8	적의 졸음을 유발해，잠들게 해 버린다
0ad0b1a9bc	\rh　　　　　　　　　　　　　　　　　　　［１／５］\n기Ｌｖ　　　－현재 기술의 레벨\n기Ｅｘｐ　　－기술을 쓸 때마다 경험치가 더해\n　　　　　　진다 일정치가 되면 기레벨\n　　　　　　이 올라，기술을 익히거나，쓸 수\n　　　　　　있게 된다
0b2cf74df8	대충，이런 느낌이에요%b
0b3e06467c	회오리 ３개로 단숨에 피해를 주는 기술
0b7e2b3125	리그로드 대륙의 주요 왕가 정도는，\n알고 있어야 마땅하지요%b
0d297e6ddb	영체를 공격하는 충격파를 발생시킨다 대공공격이 가능하다
0d74d434a0	아니오
0dff5b9d05	곰으로 변신할 수 있다
0e45e62ff2	적을 튕겨 날려 버리는 강력한 몸통박치기
0f0a41e6d8	・서로 불쾌한 일이 없도록\n내일 아침까지 얌전히 있어 주게%b
0f266fbdb1	성스러운 힘의 축복을 받은 기적의 검 소유한 이에게 행복을 가져다준다
0f28a52f79	적에게서 아이템을 훔쳐 내는 기술
0fec3190e3	성기사라 불리는 특별한 기사들이 애용한 강력한 검
104fa6044e	저는，알렉트리아 대도서관에서，\n무투사서관을 맡은 앙주라 하옵니다%b
11bf9c6a53	아까부터 있었는데요・%b
122f6cdcef	익시즈호 수리에 필요한 아이템
12633500da	마법사를 위한 모자 마법에 대한 술자의 집중력을 높이는 작용이 있다
127c71d506	맹렬한 눈보라를 일으켜 1/4 확률로 동결시킨다
12ae91f08f	이곳을 나가는 그날에는，\n제 동료들에게도，%b
12b114dbd4	강력한 송곳니 공격
1333f96a90	주먹에 끼는 방어구지만，동시에 무기로서의 효과도 기대할 수 있다
1440ef2d54	번개 정령을 깃들여 적에게 전격을 날리는 술법
14d758dabb	후후후%b
15903ef60e	그럼，뒷일을 부탁하마，\n갈자드%b
15bdd064b8	　그래비티의 장로에게，말라카이트에 관한 정보가 알렉트리아 도서관에 있지 않겠냐는 말을 들었다
15d5e94654	보통 활보다 강력한 화살을 쏘는 활
16761ef43c	암흑의 힘을 막아 내는 성스러운 방패
16e5f0828e	%H%m1%V100［%m0드래군왕%m1］%V0%m0\n
170d30cb81	우리의 목적은，더 나은 시대의 도래를\n더 우수한 자의 손으로\n이루는 데에 있소%b
17556eb274	%z저기, 아버님, 괜찮죠？
17d7db2d1f	블랙워드 어둠과 영혼의 융합에 대해 쓰여 있다
17dc4b8f48	　알렉트리아 대도서관의 관장실에，비밀 입구가 있었다\n　안에 들어가 보니，귀중한 문헌이 보관되어 있어서，우리는 여러 가지를 알 수 있었다\n　앙주에 따르면，거기 숨겨진 문헌은，하나같이，허가 없이 볼 수 없는 중요서류라고 한다
18c350b736	허，그렇구나%b
18ce1b4ff4	상대의 마음을 빼앗아 조종 상태로 만듦
1929417445	암흑의 검이 춤추며，적을 죽음으로 이끈다 1/16 확률로 사망시킨다 대공공격이 가능하다
197fdb745f	여기가 항구도시 오르트마야。\n드디어 도착했네 뮤。%b
1998d29182	내일 아침 해뜨는 대로 공개처형한다\n이는 ７인위원회의 명령이다%b
19e4a8d06e	　７인위원회를 쓰러뜨렸다！・일 텐데，뭔가 이상하다고，내 머릿속 한구석이 걸린다\n　뮤와 함께 세상을 익시즈로 돌아보기로 한다\n　정말로 세상에 평화가 찾아왔는지，이 눈으로 확인해 보자
19f21a497c	날 어떻게 할 셈이야？！%b
1a04546560	어덜트터치로 적 하나에게 큰 피해를 준다:-)
1a5a36dd35	환영을 지우고，진짜 모습을 드러낸다
1a5e91c2a8	충격파 ３개로 베어 가르는 기술 적을 후방으로 날려 버린다
1b0573f3a4	높은 확률로 사수 자신의 목숨을 앗아가 버리는 무서운 활
1b32a6c3d5	%H%m1%V100［%m0성%m1］%V0%m0\n
1b5de4d2ee	　야마타이 최대의 도시，고죠 그곳에서 우리는 함정에 빠져，호쇼인이라는 곳에 갇혔다\n　우리를 도와준 것은，여도적 시라나미 그녀는，아무래도 아스카의 소꿉친구였던 모양이다 시라나미는 이제 고죠를 어지럽히는 대도적이
1b6b306f40	언젠가는 사라져 갈 것・\n빠르냐 늦냐，그 차이일 뿐이오%b
1bb13a3ed2	존명。%b
1c5c1cf3dc	７인위원회님의 목적이란，\n다름아닌，역사 속에 묻혀 있던%b
1d40ecf992	・뮤 왕녀%b
1d502b659c	관통 화살 ３발을 동시에 쏘는 기술
1d82f8694e	아름다운 진주 상점에서 팔 수 있다
1d82fd04b1	　결계동은，야마타이 중앙에 위치한 영봉 후지를 관통하는 지하동굴이다\n　이곳은 예로부터 뒷야마타이 지방과 앞야마타이 지방을 가르는 요충지로，게텐성의 주인을 지키기 위해 한번 봉인되면 특별한 아이템을 세 개 모으지 않으면 봉인을 풀 수 없다
1d91b97def	명상으로 최대 ＭＰ의 １０％를 회복
1d9506cda3	얼어붙는 듯한 물살을 발사해，1/4 확률로 동결시킨다
1da385600f	사서무투술이라니・\n대，대단하네%b
1de61c3c8f	그래！%b
1dfc2f184a	%z・분부대로
1dfcc4cae0	그래요！\n틀림없어요！%b
1e0ed59052	매우，진귀한 보석 어떤 보석보다도 비싸게 팔린다
1e206df6dd	여성의 매력을 강조한 여성전용 드레스 적조차도 공격을 늦추게 될 것
1e64bde942	금속조각을 이어 붙인 장갑
1ee2df128d	아군 캐릭터가 받은 피해를 ２００포인트 회복시킨다
1f1729e6be	지내기는 어떠십니까？\n뮤 왕녀%b
1f37e0c15d	%z아버님!!!
1f796b0e76	%z그 유례없는 마법력으로\n갈자드를 보좌하여，\n리그로드에서의 승리를\n확실히 하도록 하라
207a89f6c8	아군의 ＨＰ를 ３００포인트 회복
2091729e01	거대한 폭발로 충격파를 발생시킴 대공공격 가능
20c212c4db	　７인위원회의 탑에 쳐들어간 우리는 갈자드와 싸워 그를 물리쳤다\n　하지만 ７인위원회는 이미 그들의 야망을 이루기 위해 떠난 뒤였다\n　그들은 세상의 숙정과 지배를 바라고 있었다 그러기 위해 카카루크란으로 가서 카오스의 힘을 이용하려는 것이라고
20f2cd4097	아니오
210bf91543	받아라아아아아아아～ッ！%b
21476f5ebc	%z그리 쉽게 될까？\n드래군 왕국의 용기사는 무패！\n우리 왕국을 더럽히게 둘 수 없다！
21a9cba1ae	전사가 쓰는，지극히 평범한 헬멧
2270e7de9a	상태 종류（２）［４／７］\n동－얼어붙어 있다 녹을 때까지는 움직일 수도\n　　없다\n마－마비되었는다 움직일 수 없다\n란－혼란 상태 적，아군 구분 없이 공\n　　격해 올 것\n조－적에게 조종당하고 있다 아군을 공격해 온다
22e98b10a1	고대마법기술의 부활과\n그것을 이용한 세계정복이 아닌가요？%b
22fb0b31c9	아니오
2326b1dafa	하강하여，저공비행으로 옮겨 감
235124a500	굶주린 사람들의 영혼이 형태를 갖춘 물건 지닌 이에게 불행을 부름
2362cc213b	　팔코，디아네의 도움으로，익시즈호 수복이 끝났다\n　지난번 실수를 되풀이하지 않기 위해，이번엔 아마추어가 아니라，디아네라는 조종 전문가와 팔코라는 고대마법문명 전문가에게 맡기기로 했다
242e6b253b	어덜트터치로 주위 모든 적에게 큰 피해를 준다:-)
2470dc5af8	ＭＰ를 ２００ 회복할 수 있다
24d12c7263	%z네에・
250ce989b7	영적인 힘을 품은 도로，장비하면 행동력이 오른다
25c3423182	그렇다면 리그로드에 가려면\n항구도시 포포론을 거칠 수밖에 없어%b
260504a7a9	전설의 명도 이름의 유래는，칼날에 떠오른 무늬에서
264c2fdf66	７인위원회야말로\n고대마법문명 이상의 지식과\n기술을 가질 자격이 있소%b
26a41352ee	부적의 일종 몸에 지니면 회심의 일격이 조금 더 잘 나온다
26f28e0777	책에서 거대한 낫이 나타나，공격과 함께 저주를 걸어 1/16 확률로 사망시킴
2866c4a332	쏜 화약화살이 떨어진 지점에서 폭발함
286fccc444	%z용기사는・안 물러난다！
28e6e776f5	앙・되・트루아～ッ！%b
28ec22751e	자르마에 들어갈까요？
29280d764a	바꿔 말하면，힘없는 자는\n그것만으로도 악인 것이오・%b
292a4eb544	이름은 특이하지만，공격력은 훌륭한 검
2981ef9fc2	이 목소리를 들은 자는，속삭이는 대로 조종당해 버린다
2a0be827ac	닌자가 사용하기 위해 고안된 도
2a65db2970	고명한 현자가 쓴 책 지혜가 오른다
2add0363ae	누군가 한 명의 ＨＰ를 ５００ 회복할 수 있다
2aed75ee1c	방어력을 높이는 데 중점을 둔 전사용 헬멧
2b003c46a5	3/4 확률로 자신이 받은 피해를 완전히 메울 만큼의 ＨＰ를 상대에게서 빼앗아，흡수하는 술법
2bb7f847b9	상태 종류（１）［３／７］\n비－공중에 떠 있어，이즈나떨구기나 던지기로 공격\n　　받지 않는다 또한，땅 계열 공격기로 피해를\n　　받지 않는다\n투－투명화 상태 타격 계열 공격을 받지 않는다\n수－잠들어 있다 자는 동안은 아무것도 할 수 없\n　　슨다\n공－공포로 이성을 잃었는다 상대에게서 도망치는\n　　것밖에 할 수 없다
2bddfa0144	영적인 힘으로 몸을 지키고 지성을 높이는 작용을 가진다 여성만 사용할 수 있다
2c50070a25	%z그토록 위험해지면 후퇴하라고,\n말하지 않았느냐！\n훈련이었기에 다행이었지・
2cb1aff125	었다\n　그와 동시에 이가 사람들에게 아스카가 배신자인 것처럼 오해하게 만들어 아스카를 고립시켰다\n　하지만 우리의 협력으로 닌자 저택을 공략해 아스카의 부하들을 되찾음으로써 이가 사람들의 오해를 풀 수 있었다
2d448bd1a7	그럼，이 불결한 곳에서\n나가도록 하죠%b
2d750102c1	상급자용 마법책 장비하면 마법에 대한 방어력이 오른다
2e5bbb2cf1	지면을 파 내려，지형을 변화시킨다 변화한 지형은 ４턴 후 원래대로 돌아간다
2ebc8581ae	하늘 높이 날아올라 단숨에 적에게 뛰어드는 다이브공격
2ed54ce893	이제 우리 계획을 실행할 때다\n이로써 세계에 패권을 이루리라！%b
2ee29c64e0	리버스큐어와 마찬가지로，죽은 동료를 되살리는 비법
2eef03e657	뮤，갈자드가 가지고 있던，\n게이트키는，\n완전히 부서져 버렸어%b
2f38109e3e	사거리 ３ 이내 적의 공격에 반격을 한다 받는 피해는 평소의 1/2이 된다
2f78e4047c	지정한 위치에，이동 불가능한 블록을 만들어 낸다
3082ed8b69	정신면에 작용해 영적인 공격에 대한 방어를 높이는 방패
3179a8e644	%H%m1%V100［%m0７인위원회%m1］%V0%m0\n
31b3543d9c	던진 적에게 달려들어，지면에 내리꽂는다
31ec015368	・부숴 버리겠소%b
32490a607c	도착 보고를 해야 하니，\n실례하겠소%b
3253bef85b	함성으로 힘을 북돋아 ＭＰ를 １０포인트 회복시킨다
32e40d0bd7	뭐，그것도，내일까지의 일\n실컷 짖어대는 게 좋을 거요%b
32f8c99db1	공포의 음파를 발해，적을 혼란시키는 기술
3302262620	　새로운 동료가 늘었다 그의 이름은 아스카 이가 최강의 시노비 집단 월조의 두령으로 인술의 달인이다\n　아스카는 그 전투능력을 카달에게 인정받아 협력하라는 명령을 받았다 하지만 그는 따르지 않아 카달은 아스카의 부하들을 붙잡아 닌자 저택에 가두
3331ae7b1e	아군 캐릭터가 받은 피해를 １０００포인트 회복시킨다
335252f3d2	훌륭한 보석 자수정보다 비싸게 팔린다
3375d29a6f	그리고・이제 곧・%b
338229a803	아니오
34278d3c70	번개의 오의서 번개와 물의 융합에 대해 쓰여 있다
3466e8ba8d	　새로 나즈나가 동료가 됐다\n　나즈나는，식신이라고 해서，정령계라는 곳에서 오는 일종의 요정이라나 보다\n　나즈나는，뿌리 없는 자라고 해서，의식도 없이 이쪽으로 온 식신이다\n　본인이 몰래 알려 준 바로는，정령계에 질려서 이쪽
346c2c6e18	적의 마법을，명중률・위력 모두 완전히 봉쇄한다
34ac51f6b7	그 전에\n포포론이 걱정돼요！%b
3525dbb716	말 그대로 주먹을 강철로 바꾸는 최고급 장갑
353b441db7	성스러운 힘이 깃든 아름다운 투구 물론 방어구로서도 일급품
3579c8ff5f	%z이놈！
35b2749bcf	기사의 방어구로 특별히 만들어진 품격 있는 갑옷
35b47a4326	왜 그런 짓을 해！%b
35c3162544	네놈들의 목적이 뭐야！？\n왜 우리나라를 습격한 거야！%b
35efff08ff	황금빛의 아름답고 단단한 갑옷
3640a8dbe3	아군 집단에게 강력해지는 술법을 건다
3685d01e4b	야마타이에서 싸울 땐\n손속을 봐주었지만\n이번엔 전력으로 간다！%b
36c001e60b	용에서 사람으로 돌아옴
36fa1f0088	감금실로 돌아갈까？
37536764df	몸에 지니면，명인 이상으로 공격이 잘 맞게 된다
37bc9adca9	　　　　　　　　　　　　　　　　　　　［５／５］\n　　（원）원형 범위를 공격한다\n　　（전）원형 범위를 공격한다\n　　　　　장애물의 영향을 받지 않는다\n　　（직）직선상을 공격한다\n　　　　　장애물의 영향을 받지 않는다\n　　（자）자기 자신에게 기술을 건다
381b549f4d	그리고，지성과 육체의 조화 속에\n７인위원회가 통치하는 완전한 세상을\n지상에 실현하기 위해서・%b
385680ead3	마법으로 만든 벽 같은데,\n신성마법엔 없는 기술이야。%b
385d957d2c	분명, 카달인지 뭔지 하는 놈들이,\n리그로드 대륙 동서\n통행을 끊으려 만든 거다！%b
38880abfdf	ＨＰ를 ５００ 회복할 수 있다
389013595d	예！%b
39005becb2	　우리는 우선 자르마로 향했다 자르마 사람들은，\n드라군에게 일어난 일을 모르는 눈치다 우리는，사람들에게 진실을 알려 공황이 일어나는 것을 두려워해，드라군이 카달을 자칭하는 군대와 갈자드에 의해 제압당한 것을 말할 수 없었다
39984bb3d5	아이템을 던져 적을 공격한다 피해량은 던지는 물건으로 정해진다
39d1752a30	자，갑니다！%b
3a0de9f8e5	　드라군 상공에 접어든 익시즈호에 갑자기 변화가 일어났다\n　우리를 태운 익시즈호는 추락했고，수리할 방도는 서 있지 않다\n　대체，익시즈호에 무슨 일이 일어난 걸까
3ac541b849	적을 관통하는 거대 철탄을 쏘아 냄
3b0175ffee	리그로드 동쪽에 있는 사람들\n무사할까・？%b
3bc81b3533	정령의 힘으로 모습을 투명하게 함
3c5abfa0b5	튀어 오른 진동으로 넓은 범위에 지진을 일으킴
3cc6b1a046	마법구 힘을 품은 고대마법문명의 유산
3cefdc8bd9	%z갈자드님, 이놈들엔 말 필요없소。\n그저, 힘으로 짓누르면 끝！
3cffd68e57	%z에헤☆
3d1421847a	파라미터 종류（１）［６／７］\n행동력　－이동과 공격기에 쓰이는 값 턴마다\n　　　　　회복된다\n등판　　－비탈을 오르는 능력이나 물 위 등을 비행할\n　／수상　수 있는 능력을 나타낸다\n빠르기　－회피율과 필살률에 영향을 준다\n공격력　－공격기의 피해량\n방어력　－공격기를 받았을 때의 피해를 줄이\n　　　　　는 힘
3d5ef66a20	우리의 도주 행각이\n들통난 모양이에요%b
3d6b8edf80	지정한 지점에 붙잡은 캐릭터를 떨어뜨린다
3d6c3348ea	상대의 힘을 빼앗아 약하게 만듦
3e2359a753	디버그 모드를 쓰다니・%b
3e4d9012aa	　우리는，디아네 씨의 호의에 기대어，곧장，카달을 향하게 됐다\n　뮤・부디 우리가 카달에 도착할 때까지，무사히 있어 줘・
3e59ec8668	재생을 위해선 파괴가 꼭 필요하오%b
3e66f79616	화려한 소리와 빛의 폭발을 일으킨다 폭발력은 약한다
3e66fa081d	어？\n누가 있나・？%b
3f05a4b1a4	　　　　　　　　　　　　　　　　　　　［４／５］\n사거리　　　－기술이나 마법이 닿는 범위\n　　（단）한 명만 공격한다\n　　（술）한 명만 공격한다\n　　　　　장애물의 영향을 받지 않는다\n　　（호）부채꼴 범위를 공격한다\n　　（선）부채꼴 범위를 공격한다\n　　　　　장애물의 영향을 받지 않는다
3f6a400fed	적의 ＭＰ를 빼앗는다
3f7592b3e4	예
3fa081d05b	메긴 화살에 빛이 깃들어，영적인 효력을 발휘함
3fa16fa211	책에서 얼음이 튀어나와，적을 공격함
3fe78320f5	%z네！\n
4029c67839	손에 끼워 손을 보호하는 방어구
4118d81d95	・그런 쓸데없는 호기심은，\n제 몸을 망치는 원인이 되지요%b
41d7ebbb96	도의 스승이 집중력을 높이기 위해 사용한 것 여성만 사용할 수 있다
41e13e18ea	%z자, 빨리, 빨리！
4250ca1e44	듣기
4273a42998	　이 나라의 왕녀 뮤와\n는，어릴 적부터 아는\n사이인데，그녀는 만날\n때마다 예뻐지는 것\n같다\n　그런데 성격은 여전히\n짓궂다 다른 사람에게는，\n그런대로 대하면서，\n어째서 나에게만 그녀는\n짓궂게 구는 걸까 여자\n마음은 모르겠구나
4278fe7fbc	여기서 밖으로 나갈 수 있어%b
42a79f6ee0	카오스게이트를 사용하기 위한 아이템
42ede8cefe	다소의 유혈은 어쩔 수 없지요%b
4310d501f6	격투기의 비법에 대해 쓰인 책 장비하면 방어력이 오른다
432f874712	공격력이 매우 높은 대형 검
43fc905513	형이 정해질 때까지 자신의 행동을\n이 안에서 반성하시오%b
441303b970	낙하지점에서 폭발해，적에게 피해를 준다
44148705ca	파라미터 종류（２）［７／７］\n행운　　－운은 회피율을 올려 준다\n지혜　　－마법공격력에 영향을 준다\n항마력　－마법기를 받았을 때의 피해를 줄이\n　　　　　는 힘\n회피율　－자신과 비슷한 빠르기의\n　　　　　몬스터에 대한 회피율\n필살률　－자신과 비슷한 능력을 가진，\n　　　　　몬스터에 대한 크리티컬률
4462b00a20	입에서 적을 죽음에 이르게 하는 브레스를 내뿜어，1/8 확률로 사망시킴
4550878dc8	카달 병사가 있다！%b
4651171fff	몬스터의 소지품이나 소지금을 조사한다
466be9feef	%z음。 이동 다음은 공격이다。 우리\n드래군 용기사는, 오의「용의 기술」의\n「용변화」로 용이 될 수 있다。
469a6a4db7	이 활에서 쏜 화살은，때로 적을 일격에 쓰러뜨리는 효과를 발한다
46e87a84ba	확실히, 나도 들은 적 있어。%b
472b5a4ab8	낙하지점에서 작렬해，주위에 혼란 가스를 살포한다
474432655c	실행에 옮길 때다\n
475a57ce7d	%z아버님, 슬슬, 실전을 하게 해\n주시지 않겠어요？
4778f49eb2	갈자드・%b
4837e62b83	나가기
48451e2479	관문？%b
48f2e25407	더 먼 거리까지 닿는，관통하는 화살을 쏘아 공격한다
49305b3473	승려를 위한 옷
497b3943fa	트라키아식이라 불리는 전사용 헬멧
498d11c29a	화살 여러 발을 흩뜨려 쏜다 그 탓에 공격력은 있지만，명중률이 낮은 기술
4a3910d51b	돌진하면서 찌르기를 날리는 기술
4a3c2bf393	응・\n가자, 러스티！%b
4a6ff154df	무슨 소리？%b
4a9d9aa046	죽어 버린 동료의 영혼을 불러와 되살릴 수 있는，소생의 마법
4ab3190a38	폭풍을 일으켜，적 집단을 후방으로 날려 버린다
4ad24c8842	공중에 뜬 상태가 되어，이동능력이 오른다 게다가，땅 계열 공격을 받지 않게 된다
4ae3b620c4	다가올 시대를 여는，\n우수한 자를 가리기 위함이오%b
4afaac19c3	마법에 대한 방어력을 높인 법의로，암흑의 힘도 물리친다
4b2eded933	%H%m1%V100［%m0갈자드%m1］%V0%m0\n７인위원회의 뜻과，\n마법구의 힘은 절대적이니・%b
4b514f2555	적을 불태우는 불꽃 ３줄기를 발사한다
4bb7b20254	적에게서，적이 가진 기술을 훔쳐 냄
4bd2025951	좋아요%b
4c117e60e5	적을 향해 용해성이 강한 액체를 뿜는다
4c748673c9	작은 회오리를 일으키는 기술
4d31cbda32	　차원의 길을 돌파했다 카카루크란은 눈앞이다 긴장 탓에 더 이상 쓸 것이 떠오르지 않는다\n　전원 살아서 돌아간다 그것만 가슴에 품고 ７인위원회에 싸움을 건다
4d5aa87163	야마타이에 전해지는 아이템 일정 시간 모습을 숨김
4db366f47c	말 다 했어！%b
4e7b34150c	%H%m1%V100［%m0갈자드%m1］%V0%m0\n놓쳤군・\n뭐，됐다%b
4e8702d7ac	중력으로 적을 짓눌러 1/4 확률로 「무거움」상태로 만들어 상공비행을 막음
4edf11cdcd	상태이상을 회복할 수 있다
4f6920eba5	영적인 힘을 가진 빛의 충격파에 의한 직선공격 대공공격이 가능하다
4f7f5034f1	　이상으로 일기는 끝입니다\n\ncreate: 1 Aug.96\nupdate:20 Aug.96\n\n　마스터업하면 흑맥주에 불꽃놀이다(웃음)
4f93c354e9	고대유적의 문을 여는 열쇠
4fb38f0db5	그게 있으면，\n카오스게이트를 써서，%b
4fea38060f	그 세상에서 뭘 할 셈이야！？%b
50d538068e	형님！%b
514d4ff914	%z형님・아니, 갈자드님과 달리,\n마법력이 넘쳐흐르고 있으니까요。
51b35266c7	전신을 지키기에 적합한 대형 방패
5204eef174	책에서 번개가 튀어나와，적을 공격한다
529292e514	이상에 가까워지려 하기에\n인간은 진보하는 거야！%b
52b6bcab0f	도움은 필요 없어！%b
52e2376789	　그리고 우리가 쿠리카라 마을을 찾은 그날 카달 무리에 의해 마을에 불이 놓였다\n　우리는 결사의 각오로 화약창고로 갔지만 폭발을 막지 못했다\n　쿠리카라 마을은 폭발과 함께 날아갔고 우리는 힘이 부족했음을 후회했다\n　그 다정한 미소가 돌아오는 일은 이제 없다
52ed724b77	%z네！
52eda70e17	낙하지점에서 폭발해 주위에 수면효과가 있는 가스를 살포함
53b0113788	　포포론은 그날 현실적으로도 상징적으로 죽음의 거리가 되었다\n　７인위원회는 포포론에 사는 사람들을 피로 숙정했다\n　우리는 아무것도 할 수 없었다
53b671f0a3	어리석은 인류 숙정하기 위해・%b
54107883e8	국경인가・%b
54c8b45bda	타카오가 아케미에게 보낸，정 넘치는 편지
55184b0751	%z리그로드 대륙, 드래군성。
5555adbc5d	화염을 두른 검으로 적을 공격하는 기술 대공공격 가능
5588e59273	７인위원회는，절대불가침의 금기를\n어기고 알렉트리아 대도서관의\n자치독립을 위협해 왔다・%b
55ba188fde	손가락에 끼면 마법에서 몸을 지키는 데 큰 효과를 발휘
55f9b93de3	떨어진 상대를 번개 칼날로 베는 기술 대공공격 가능
5601b995de	・누구든 상관없다，짓밟아라%b
56ebd18e99	드디어 희망의 별을\n이 손에 넣을 때가 왔다！%b
56facb7230	새에서 사람으로 돌아옴
5746326a2f	계획은 최종단계에 들어섰다%b
57ac65eca9	식신。%b
582a8f77d2	휘몰아치는 플라즈마를 만들어 내，적을 향해 내리친다
588ef37b97	전격을 두른 발톱으로 공격함
59bf24a3cc	돌아갈까?
59f1007480	숙녀의 소양이에요%b
5a2d3b7aed	이 도에 상처 입은 자를 잠재운다
5a694b5414	　장로의 이야기에 따르면，그래비티 근처에 있는 해저신전에 익시즈가 잠들어 있다는 것과，익시즈의 원동력인 갈만오브가 ７인위원회에 의해 도둑맞았기 때문에，익시즈를 움직이려면，어딘가에서 갈만오브를 찾아내는 수밖에 없다는 것이다
5a69c9b85c	패배자 헛소리・란 거요？%b
5aab843519	리그로드가，세상이 위험해！%b
5aac400b4f	저는，이 어둡고 차가운 감옥 안에서\n제가 한 일을 반성했사옵니다%b
5ac7f6b4ee	맹수 가젤의 수염을 시위로 쓴 진귀한 활
5ad0a15b28	아니오
5ade968b0f	사용하는 이의 목숨을 빨아들인다는 강력한 검
5b64188ef2	힘없는 정의에서 태어나는\n이상론에 지나지 않소%b
5b7c2acb7e	몸에 지니면，방어력이 오른다
5bfca94e22	소유자의 운을 높이는 검 무기로서의 효과도 충분하다
5bfdf583d4	%z그날이 왔다\n
5c81a1d5ba	・그 건에 관해서는，\n말씀드릴 수 있는 것이 없소%b
5c83bd5dd9	카오스게이트를 쓸 수 없게 되면，\n그대들의 발도 묶일 것이오%b
5d01c0b326	무두질한 가죽을 써，보통 장갑보다 튼튼하게 만든 장갑
5d15dfd67a	다시 듣기
5d17387335	드라군 왕국을 아시나요？%b
5d754df182	국경 지나갈까요？
5d7b193a8a	상승하여，상공비행으로 옮겨 감
5e14cb8688	심하다，너무해！\n
5edbfd6744	７인위원회는 무슨 꿍꿍이야！\n고대마법문명으로 뭘 하려는 거야！%b
5f0772d2eb	적 집단에게 한 번에 돈 빼앗는 기술
5f9794537b	지금까지도，몇 번이나 불리한 상황을\n뒤집어 왔잖아%b
5fdf991d5f	적 집단 내 비행 캐릭터를 날 수 없게 하거나 아군이 날려가지 않도록 무겁게 만드는 술법
6091750d57	나무 방패
60ee4f9ff0	마법을 쓰는 이의 지성을 한층 높이는 작용을 가진 옷
614de8d27a	흐흐흐，내 패배인가・%b
62611ccd75	바위를 던져，낙하와 동시에 폭쇄시켜，주위를 공격하는 기술
6267705219	그 이용에 있음을 안 이상，\n더 이상 이런 곳에 볼일은 없어요%b
62aa28a29f	　고대마법문명，특히 익시즈호에 관해 학술적 흥미를 가진 팔코를，그가 갇혀 있던 곳에서 구해 냈다\n　필시 눈물 어린 감동의 재회가 기다릴 줄 알았건만，냉담하다고 느껴질 만큼 담담한 재회였다
6331e477ba	갈리아 전역에서 레브로우군 병사가 썼던 헬멧
63575f5ec5	%z잠시만！\n리그로드 대륙에 사는 원숭이 제압쯤은\n애 손목 비틀기보다도 쉬우니\n저 혼자에게 맡겨주십시오・
636ee51bf3	%z・그대는, 그저, 힘을 과시하고\n싶을 뿐 아니더냐？
63f6bec248	성스러운 힘의 강력한 브레스로 적을 공격
64350e2def	되어 있다 게다가，훔치는 상대는 악인이고 훔친 금품을 가난한 사람들에게 나눠 주고 있어서 고죠 주민들에게는 큰 인기다\n　시라나미는 우리 동료가 됐지만 아무래도 동기는 그다지 순수하지 않은 듯하다
64732d2d18	닌자 저택에서 얻은 아이템
64d5737a93	가늘고 예리하며，다루기 쉬운 도
6551d0d782	당신은？%b
665f9a8650	아름다운 보석 진주보다 비싸게 팔린다
666cae6d1c	부적의 일종 몸에 지니면 회심의 일격이 잘 나온다
6768c2b2dd	　새로운 동료가 또 늘었다\n　그의 이름은，카무이 카무이코탄이라는 작은 산골 마을의 족장으로，정령의 힘으로 곰이나 매 같은 짐승으로 변신하는 힘을 지녔다\n　유카리 씨라는 연인이 있어서，카무이는 그녀를 매우 소중히 여긴다
67d8c17bd7	　항구마을 히가타에서 어찌할 바를 모르고 있는데 낯익은 얼굴을 만났다\n　리그로드에서 야마타이까지 나와 뮤를 배로 실어 준 디아네 씨였다\n　디아네 씨는，뮤에 대해 듣더니，카달까지 배로 데려다주겠다고 제안해 주었다
680424ba27	아군을 뛰어넘으며，하늘에서 회복의 힘을 흩뿌린다
68b5551aad	뭐라고！%b
68cd6b2966	이건，내가 야마타이에서 왔을 때의\n카오스게이트와는 다르네%b
68efde626d	　이시스피라미드라 불리는 그 고대유적은，갈만오브를 보관하는，오직 그 목적만을 위해 만들어졌다고 해도 과언이 아닌 듯했다
68f9d4d0bf	땅의 오의서 땅과 불의 융합에 대해 쓰여 있다
6906937903	　지하열람실에서 찾은 정보를 으로 우리는 그래비티라는 마을을 찾아 알렉트리아 대도서관의 지하통로를 나아갔다
690d80c740	그 전에 그대는 위원회에 대한\n반대운동을 하고 있지 않았소%b
694b3de6fb	방어구로서 효과는 높은 방패지만 사악한 기운도 깃든 듯함
69c17a6dc1	허나 우리가 이 패권을 이루지 않으면\n인류의 진보는 없소！%b
69c98d4915	%z그럼, 다시 한번 도전이다！
69f6067510	고급 실크를 사용한 장갑은，지성의 힘을 사용자에게 준다 여성전용
69fb120646	어머，그러셨나요，\n전혀 눈치채지 못했어요，호호호호☆%b
6a26a483f5	내게는・이제・\n시간이・남지・않았소%b
6a4b6af542	・%b
6ab7afb05a	적의 ＨＰ를 빼앗는다
6adb692b38	어차피 죽을 몸이라면，\n조금은 그 호기심을 채워 드려도\n７인위원회께서 용서해 주시겠지요%b
6b2c28ef7b	・아니 아무것도 아니다%b
6b79bd7621	７인위원회에 맞서는 레지스탕스나\n그들을 돕는 어리석은 자들 숙정도%b
6c46e5cdcd	저쪽에서 안으로 갈 수 있어요%b
6c7efc1a4e	아까 이야기로 미루어 보면，\n７인위원회에 반대하는 것 같던데%b
6db7f9a3ce	누군가 한 명의 ＭＰ를 ５０ 회복할 수 있다
6dbb5db15f	제가 이런 더러운 곳에 들어온 것도，\n모두 ７인위원회의 행동을 살피기\n위함이에요%b
6dd6fa7ed4	응%b
6de00524e1	밖으로 나갈까?
6def16f743	　하지만，그렇다고 해서，두 사람이 재회한 것에 아무런 감동도 없다고 여기는 건 잘못일 것이다\n　나에게는，형제도 자매도 없어서 잘 모르겠지만\n　팔코가 우리를 도와주게 되면서，익시즈호 수복에 희망이 보이기 시작했다
6e3c43f47e	다리에 차는 아이템 움직이기 불편해지지만，재빠름을 키울 수 있다
6e7d92e1d4	%z퀸즈랜드의 왕자, 러스티！\n뮤를, 부탁한다！
6ecb941b8b	으차，%b
6ed8b96a6a	마법의 화살을 쏘아，떨어진 지점에 지진을 일으킨다
6ef0526792	그것이・어쨌다는 것이오？%b
6f5f2bb386	　놀라운 것은，알렉트리아 대도서관 지하열람실에서 본 여러 고대마법문명에 관한 문헌의 저자，팔코의 친형이었다는 것이다\n　우리는，익시즈호의 수복에 협력을 구하고자 호크아이와 함께，카달에 붙잡혀 있다는 팔코를 구하러 가기로 했다
6f75769420	책 속에서 어둠의 존재가 속삭여，1/8 확률로 혼란시킴
6f757f76a7	간다
6f794d2b49	무거운 갑옷을 입을 수 없는 마법사를 위한 옷
6ff16a96bc	겉보기는 화려하지만，효과는 기대할 수 없다
707995698d	７인위원회에 대한 반대운동을 벌이는\n레지스탕스에 가담하다니，\n경솔한 짓을 하셨구려%b
70cc173930	어찌하여，그런 사소한 것을？%b
7121ac8d9f	축전 등에서 착용하는 보라색 법의 승려만 사용할 수 있다
719aefc6cc	기묘하게 빛나는 별을 깃든 특별한 장갑
7207540f9d	사용한 이의 모습을 숨겨 주는，야마타이에 전해지는 아이템
725ba3b278	마도왕국 카달의 미래를 위해，\n사라져 주셔야겠소！%b
72fd502710	드라군 왕국의 용기사，뮤%b
73885e524a	%z출발！
7442f018a6	빛의 충격파로，적을 베어 가른다
7487cf4ed7	・아！\n・미안%b
751281b183	낙하지점에서 폭발해 주위에 축소효과가 있는 가스를 살포함
753e7fbc6c	ＨＰ를 완전히 회복할 수 있다
75c965dae4	근데，난 친구를 숨겨 준 것뿐이지，\n７인위원회에 반대하는 운동 같은 건\n한 적 없다고%b
75db196f18	이건\n７인위원회 수장의 입버릇이지만%b
761650e222	예로부터，모두가 탐냈다는 명도 중의 명도
7640c09c08	　디아네도 팔코도，이 익시즈호에 타고 있는 것만으로 행복하다는 표정을 짓고 있었다
76b00ed425	강한 자에게 짓밟혀도\n불평할 수 없는 것이지요%b
76fb933936	하늘에서 별빛이 쏟아져，큰 피해를 주는 술법
7727b712e7	고귀한 품격과 지성을 느끼게 하는 여성전용 장갑 지성과 영적인 힘을 준다
77771896fb	자，\n갑니다아～ッ！%b
7800bb733c	　　　　　　　　　　　　　　　　　　　［３／５］\n필요Ｍｐ　　－마법을 쓰기 위해 필요한 Ｍｐ\n　　　　　　남은 Ｍｐ가 이보다 적으면 마법\n　　　　　　을 쓸 수 없다\n파워　　　－공격력이나 회복력 값\n
780cc0f49a	3/4 확률로 적의 공격을 그대로 튕겨 낸다
78f077614a	화려하게 타오르는 불꽃을 디자인한 드레스 어떤 눈보라에도 지지 않는다 여성만 사용할 수 있다
790e9393f8	적을 향해 냉기공격을 날린다 1/2 확률로 동결시킨다
792147740e	호쇼인에서 얻은 아이템
797925ae30	ＭＰ를 ５００ 회복할 수 있다
799880cad0	몸에 지니면，매우 재빠르게 움직일 수 있다
79a6ed8bb2	사거리 범위 내 모든 캐릭터를 혼란시킨다
7a13c92928	　뮤는 거짓말을 하는 것이 괴로운지 사람들의 신뢰가 담긴 미소와 따뜻한 말에서 얼굴을 돌리고 있었다\n나도 마을 사람들을 배신하는 것 같아 몹시 괴로웠다\n　다시 이 마을에 돌아왔을 때 마을 사람들에게 어떤 얼굴을 해야 할까・
7a6403a23a	스타워드 별과 빛의 융합에 대해 쓰여 있다
7ae22ec661	적을 관통하는 불꽃 화살로 공격한다
7aeb4af6fc	%z가소롭다！！\n내 마법력을 보여주마！！
7af54b6616	강력한 술 적에게 던지면 혼란시킬 수 있다
7b0dc29eb8	그래요\n갑시다！%b
7b1abbd753	뮤가 여기 왔을 때처럼\n이동할 수 있었을지도 모르는데%b
7b354ec225	분명, 카달인지 뭔지 하는 놈들이,\n리그로드 대륙 동서\n통행을 끊으려 만든 거야！%b
7b51c26f5c	몸에 지니면 재빠르게 움직일 수 있다
7c4460100e	개심했다고 하셔도，\n쉽사리 믿기 어렵구려%b
7c52665442	%z응！
7c8a928b9e	머리에 씀으로써 암흑의 힘에서 몸을 지키는 작용을 강화한다 여성만 사용할 수 있다
7ce1375431	난 항구도시 포포론에서，붙잡혔어%b
7d2b4c2472	아니오
7d46a3540a	알렉트리아 대도서관은 지식의 전당，\n학자들의 사교장이에요%b
7d543696b0	　우리는，거기서，갈만오브를 찾을 수 있었다\n　이걸로，그래비티 근처에 있는 해저신전에 가면，염원하던 익시즈 부활이다！
7d56c3d1ec	무두질한 가죽 위에 얇은 철판을 덧대 방어력을 강화한 갑옷
7d861fa1c1	분부대로%b
7daff87d7f	아，아니，아무것도 아니야%b
7dfcbb4f5a	이것을 뒤집어쓴 자는，축소되어 버린다
7e564bf063	어머，드라군 왕국의？%b
7e7dbe91c5	회복효과를 가진 필드를 만들어 낸다
7ea8bd87b9	그러니・게이트키는\n그대들 손에 넘겨줄 수 없소%b
7f092bc322	・알았어%b
7f2b875b61	만약 알렉트리아 대도서관의 무투사서가\n놈들 무리에 끼어 있다면，\n가능하면 생포하도록 하라%b
7f4d5f466b	불꽃이 솟아올라，대지를 불태우는 경이로운 술법
7f72eaf881	조금이라도 빨리，\n여기서 도망칩시다%b
7f82e3b157	７인위원회는 리그로드에서\n전인류 대숙정하는 최종단계에\n들어갈 것이오・%b
801936ddeb	%z뮤, 야마타이로 가라！ 리그로드\n전쟁에서, 우리 선조와 함께 싸운\n시노비의 후손을 야마타이의 이가에서\n찾아라！
808063e2f3	사슬을 엮어 만든 갑옷 방어력은 그다지 기대할 수 없다
80d5cf0c05	그냥 책
8164ae5188	전설의 세상을 구한 용사와 함께 싸운 투구 그야말로 일품
81ade58759	암흑의 입자가 몸을 덮어 ＨＰ를 두 자릿수까지 깎음
81c4ba216e	아군 캐릭터가 받은 피해를 ９９９９포인트 회복시킨다
81c6530637	　이번에야말로 사력을 다한 싸움이 될 것이다 하지만 그래도 우리가 이길 거라 믿고 싶다 공포에 울부짖는 사람들의 마음에 아름다운 단 하나의 진실을 불어넣기 위해 우리는 싸우자\n　긍지를 빼앗는 것은 누구도 할 수 없다고 그 한마디를 증명하기 위해
81ed6a68cd	・제２의 마법문명 세우는 것이오%b
8231c4e4b5	　우리는 죽음의 사막이라 불리는 사막을 통과했다 그곳은，가만히 있기만 해도 체력을 잃는 무더운 사막이었다\n　죽음의 사막을 통과해，고대 유적으로 보이는 거대한 돌로 만든 네모난 건물을 발견했다\n　여기에는 뭔가 있을 것 같은 예감이 든다
8275330a48	아군의 상태를 회복할 수 있다
8309e50b45	명인 오사후네가 벼린 명도
835c10f273	%H%m1%V100［%m0주민%m1］%V0%m0\n
83e5426ccd	경량화된 검 재빠름이 오른다
83fa5a134a	이쪽은 야마타이행 게이트였구나%b
8433ecb454	바람정령의 힘을 빌려，물건을 밀 수 있다
8480b51208	추격자가 오기 전에，\n서둘러 여기서 도망치자%b
84b4069b42	아무래도,\n마법으로 만든 벽인 모양이네。%b
8545e91720	바람의 칼날을 전방으로 쏘아 적을 공격하는 기술
856b55e220	　뮤와 재회！이렇게 기쁜 일은 없었다 만나지 못해 불안해서，따라붙는 불길한 생각을 몇 번이나 억눌렀던가\n　항구마을 포포론은 카달의 바다 관문 이곳은 늘 다른 대륙에서 새롭고 진귀한 문화가 밀려드는 곳이다
85b70e7ad9	불에 대한 방어를 높이는 방패
85e2dff499	신을 기리는 성스러운 책 마법에 대한 방어력이 상당히 오른다
862861abff	피라미드의 신비한 문을 여는 열쇠
867ba23b66	%z내 이름은 라그로스。\n카달의 숭고한 계획을 위해,\n이 땅을, 넘겨받겠다。
8680aee8eb	여러 분신과 함께 곰이 뛰어다닌다 그다지 유효한 공격은 아닌다
86c690a856	목숨 따위 긴 역사 속에\n한순간 떠오른 거품일 뿐이오%b
86f4774543	　라그로스는 틀림없는 악당이었다고 생각한다 하지만，그에게도 또한 깊은 마음의 상처가 있었던 것처럼 느껴져 견딜 수 없다\n　라그로스를 쓰러뜨림으로써 그로 인해 잃은 내 가족의 원수를 갚을 수는 있었다\n　그렇다고 해서 잃은 목숨이 돌아오는 건 아니다
871aa99979	지면을 솟아오르게 해，지형을 변화시킴 변화한 지형은 ４턴 후 원래대로 돌아감
87305a1f1e	격투술 입문서 장비하면 방어력이 약간 오른다
8732eca211	기합을 모아，다음 턴의 공격력을 １．５배로 끌어올린다
8737e13403	번개 같은 일격을 적에게 주는 도
879c05297d	휘몰아치는 화염폭풍을 일으켜，적 집단을 공격하는 기술
87fed37f3c	예
88345026ed	감금실을 나갈까？
88404a6e0c	누군가 한 명의 ＨＰ와 ＭＰ를 완전히 회복할 수 있다
88742d30bf	장비한 이가 목숨을 잃을 뻔한 경우，한 번 대신 희생해 주는 귀중한 아이템
887d33cd70	자기 세계에 빠진 것 같군%b
88e8767a6a	가소！%b
88f8951641	백금을 가공해 만든，매우 높은 방어력을 자랑하는 방패
8a0fd797d6	%H%m1%V100［%m0갈자드%m1］%V0%m0\n계집애 둘이 도망쳤다 한들，\n계획 전체에 지장은 없을 것이다%b
8a20c51240	%H%m1%V100［%m0라그로스%m1］%V0%m0\n
8a4013bd15	로 이동했을 뿐이었고，우리를 위협으로 여기지 않았던 것이다\n　갈자드는 갑자기 사라졌고，그것을 막으려 한 뮤도 또한，갈자드와 함께 사라져 버렸다\n　대체，뮤는 어디로 가 버린 걸까・
8a5b249dfe	바람의 정령이 깃든 팔찌 몸에 지니면 적의 피해를 줄여 준다
8b38ca8ebb	적에게서 돈을 훔쳐 내는 기술
8b6eacbec9	갑니다！%b
8b73cf5495	대지를 이용해 증폭한 충격파를 적에게 주는 기술
8bfbc349bb	허나，양쪽에 있는 병사가 성가시군%b
8c3438dc4e	아는 사람만 안다는 「사자의 서」 무서운 암흑의 저주가 느껴짐
8c755fdab6	적에게 나무열매를 던져 공격한다 대공공격이 가능하다
8c8d86e89a	%z그자 이름은 나는 새 아스카！\n드래군 남쪽 항구 오르트마에서\n야마타이행 배를 타거라！\n그리고, 원군을 청하라！
8cfe23ae0b	　그것이 어떤 원리로 효력을 잃은 갈만오브에 작용하는지는，설명을 듣긴 했지만，결국，잘 모르겠다\n　어쨌든，이 두 가지를 찾아내야 한다
8d000a0ee3	활로 적을 쏘아 뚫는 기술
8df2f627cb	지극히 평범한 활
8df4e838ae	%z용으로 변한 직후엔 공격 못 한다。\n다음 공격까지 버텨야 한다。\n용 상태로 계속 피해 입으면\n곧 원래 모습으로 돌아간다。
8e0f1d0f40	%z예！
8e4308f18c	자신의 ＭＰ를 동료에게 나눠 준다
8f09386a3b	%z・아버님, ・바로 원군을\n이끌고 돌아오겠습니다！ 러스티！
8f15b3462b	검은 새가 춤추며，세상을 뒤덮은 뒤 사라지는 암흑마법
8f16f6dac5	게이트키는，\n산산조각이 나 버렸다%b
8f5b1f80f2	튀어 오른 진동으로 주위에 피해를 준다
8fa22819bc	구슬 모양 화염이 적을 덮치는 술법
8ff5dced95	흐응・\n근데，왜 앙주는 붙잡혀 있는 거야？%b
9092cd0b2f	번개의 힘을 지닌 화살로 적을 뚫음
90b7248dcf	카오스게이트를 쓸까？
90f1066e3a	3/4 확률로，받은 피해만큼의 ＨＰ를 회복할 수 있다 첫 번째 공격에만 효과가 있다
910cc97a44	%H%m1%V100［%m0갈자드%m1］%V0%m0\n
913eb12928	ＨＰ와 ＭＰ를 완전히 회복할 수 있다
917e94746a	　그래서，사람들도，한쪽 생각에 치우치지 않는 것 같아 카달의 방식에 반대하는 움직임도 있는 듯하다\n　뮤는，갈자드에게 붙잡혀 있던 감옥 안에서 앙주라는 새로운 동료를 만났다
91d39d5a5d	철판을 두드려 만든，방어력 높은 전사전용 갑옷
92826d9609	　　　　　　　　　　　　　　　　　　　［２／７］\nＨｐ（히트포인트）\n　체력값을 나타낸다\n　０이 되면，행동불능 상태가 되어 화면에서 사라지지만，\n　월드맵으로 돌아가면 부활한다\nＭｐ（매직포인트）\n　마법력을 나타낸다\n　마법을 쓸 때마다 소비하며，마법에 필요한 Ｍｐ가\n　모자라면 마법을 쓸 수 없게 된다
9342a8116d	수인에게 특히 유효한，전설의 검
93a15af114	오보로계곡에서 미즈타마에게 얻은 아이템
93f03920fe	하기야 아버지・아니 관장님은\n７인위원회엔 꼼짝 못 하시는 듯해요%b
943ed857b9	이 근처 길은\n미끄러운 것 같군요%b
945fd358df	보고를 마치면，\n다시 살펴보러 오겠소%b
94e3959c3c	%z음, 좋은 판단이다。\n허나, 조금 더 버텼다면,\n흐름이 바뀌었을지도 모른다。\n좋다, 이 기세로 다시 도전이다！
94eee1532c	모두 『대사를 위한 소사』일 뿐이오%b
951ab4442f	아군 캐릭터가 받은 피해를 ４００포인트 회복시킨다
95d4e448e7	어쩔 수 없네요，\n진심을 다해 볼까요%b
96b3e0e7f8	뮤，조급한 마음은 알겠지만，\n이럴 때일수록 냉정해져야 해%b
972d006a1d	큰일！%b
976b6a115a	위원회의 목적이\n고대마법문명의 잃어버린 기술의 부활과%b
978bc7189a	　알렉트리아 대도서관 지하통로에서 익시즈호 수복에 필요한 두 아이템 중 하나，말라카이트를 입수\n　이걸로 한 걸음，익시즈호 수복에 가까워진 셈이다
97ade9a763	자르마 마을에 들러\n앞쪽 상황을 살펴보자。%b
97ae15aaa6	%z이제 평화의 시대가 끝나려 했다。
980a6b0417	%z뮤・
98211c7691	%z네, 아버님！
98ba36fa3e	낙하지점에서 폭발해，주위에 조종 가스를 살포한다
991c5f365b	유적？%b
994f8977d1	상대나 아군이 가진 ＨＰ를 １０％~５０％ 흡수한다
9a3393b53d	반드시 저지해야만 해요%b
9ab43c58e7	그런 짓，절대 용납 못 해！%b
9ab909532f	몸에 지니면，전투 중 잠들거나，적에게 조종당하거나，혼란 상태가 되지 않는다
9acf4cde57	오르트마에 들어갈까요？
9b30eb2f9f	짐승 가죽을 무두질해 만든 마법사용 옷
9bcdc0e59b	총으로 탄환을 쏘는 기술 사거리는 짧다
9bcf34a066	이렇게 된 이상 혈로를 뚫고서라도\n나아갈 수밖에 없어요%b
9bedfcb50a	휴식으로 최대 ＨＰ의 １０％를 회복
9c0f4920c6	적의 직접공격에 대한 방어벽을 만든다 적의 타격을 줄인다
9c1e063c06	상대나 아군이 가진 ＭＰ를 １０％~５０％ 흡수한다
9c7896e0e5	이 돌이 있으면，튕겨 날아가는 일도 없어진다
9c9c3fddeb	모든 것을 멸한다는 강력한 술법
9d2ccad166	쏜 화약화살이 떨어진 지점에서 대폭발
9d37226027	예
9d89dcc80e	누군가 한 명의 ＭＰ를 ２００ 회복할 수 있다
9dcac879a2	그런 일을 위해，\n죄 없는 사람들을 해쳤단 말이냐！！%b
9de575b162	죽음의 그림자가 적을 암흑으로 이끌어 1/16 확률로 사망
9e3a7795c7	몸에 지니면 비탈길에서도 가볍게 나아갈 수 있다
9ed14a9432	익시즈호를 불러내기 위한 아이템
9ef60f7007	레버를 당겨 화살을 쏘는 특이한 활 보통 활보다 위력이 있다
9f83bc922c	그림자와 함께 베는 암흑검술
9fb251f5c0	%z음, 좋은 판단이다。\n허나, 조금 더 버텼다면,\n흐름이 바뀌었을지도 모른다。\n좋다, 오늘 훈련은 여기까지。
9fb6694373	적을 뛰어넘으며 넓은 범위를 성스러운 힘으로 공격함
9fd260d4f3	적 하나의 행동력을 낮춰，그 적의 행동력을 평소의 절반으로 만든다
a0317c19cc	들키기 전에,\n여기서 벗어나자。%b
a11a739321	빛의 충격파를 발생시켜 적을 향해 공격한다 대공공격이 가능하다
a1451d684e	%H%m1%V100［%m0%s0%m1］%V0%m0\n이런 곳에서・쓰러지는 건가・%b
a16fa4af4e	　나는，이 게텐이라는 성에서 일어난 일을 평생 잊지 못할 것이다・\n　우리는 카달의 장군 갈자드를 게텐성 가장 깊은 곳에서 찾아냈다 거기까지 몰아붙였다고 생각한 것은 우리의 큰 오산이었다\n　갈자드는 자신의 필요에 따라，그 장소
a204b9d454	내가 보기엔，\n약하다는 것은，그것만으로도，%b
a24a775687	이 활에서 쏜 화살은，때로 상대를 잠재우기도 한다
a251ce54ae	%z감사하옵니다！
a26a8b3c2c	움직이기 편함에 중점을 둔 전사용 헬멧
a2b0300377	저놈을 쓰러뜨리는 것만 생각하자%b
a2e3e0628a	만자형 수리검으로 적을 베어 가르는 기술 대공공격 가능
a3ce9dc833	사거리 범위 내에서 가장 약한 캐릭터의 목숨을 빼앗는다
a3d1505175	예
a3e4521f9b	순풍만범，\n\n　세상만사\n\n　　버그도 없다\n\n\n\n\n\n　　・라고 일기에는\n　　　　　써 두자
a457d20663	용조차 취한다는 강력한 술 적에게 던져 봅시다
a5a549fa11	주위의 적을 끌어들이며，강력한 던지기 기술을 건다
a5d3fc6bd2	검과 함께 봉황이 춤추며，적에게 큰 피해를 준다 대공공격이 가능하다
a61d24f4d7	옛날 이 땅에서，여정 중 목숨을 잃은 이름 없는 전사의 투구로 보
a624aef030	암흑의 힘이 소유자의 행동력을 낮추지만，날카로움만은 무시할 수 없다
a63bf9760c	・아버님,\n바로 원군을 이끌고 돌아오겠습니다！%b
a6b8805245	사용하는 이의 행동력을 낮추지만，암흑의 힘으로 벼려진 강력한 검
a6cfc2fc6b	마법을 쓰는 이를 위한 경장복
a6ed0d1aa4	삼가 받들도록 하라%b
a710d69223	%z으음・그렇게까지 말한다면,\n자신 미숙함을 깨달아야겠구나。\n정말이지, 그 무모한 구석은,\n누굴 닮은 것인지・
a74867227c	위대한 계획을 위해서는\n다소의 희생은 따르는 법이라고\n역사에는 나와 있소%b
a74af59f5e	　드림라비린스에 갇혀 있던 것은 자칭 천재 마도사 킹이었다\n　킹은 반인반마인 켄타우로스 종족으로，스스로 말하는 만큼，마법 실력은 뛰어난 모양이다\n　하지만，성격에는，여러모로 문제가 있어 보이는데말이지～・
a87c57d3bb	어쩔 거야，뮤？%b
a8879ddf13	춤추듯 검을 놀려 적을 공격하는 기술 대공공격이 가능하다
a894fb0966	이 활은，쏘는 자를 잠재우는 암흑의 힘이 걸려 있다
a8de104e16	성릉곽에서 얻은 아이템
a8e1da304a	자신의 ＨＰ를 동료에게 나눠 준다
aae12645b6	성스러운 힘의 화살을 쏘는 기술
acc86b44d5	크윽！%b
ad3a5e539d	불결한 침대는 이제 지긋지긋해요%b
ada501d64f	후후후후%b
ae19f8c262	이번에도，해낼 수 있어！\n가자，러스티！%b
ae7db95880	적을 꼭두각시처럼 조종하는 술법
aecf828d8a	돈을 던져 적을 공격하는 기술 피해량은 금액으로 정해진다
af061086bd	　진정으로 우수한 인간에 의한 새로운 이상세계 라고 그들은 표현하는 모양이지만 모두 사라지고 아무도 없는 왕국을 지배해서 대체 무슨 의미가 있단 말인가\n　저들 ７인위원회의 행동은 무슨 일이 있어도 막아야 한다
af0cf2b1f7	높은 확률로 적의 공격을 회피함
af2317bdf3	%z그럼, 러스티가\n마법을 걸어 주면 되잖아。\n상처를 치료하는 신성마법은 배웠잖아？
af367ac5d0	７인위원회 놈들，\n세상을 뒤엎으려\n하는 모양이군%b
af79b1ce90	원형 방패 적의 무기를 흘려보낸다
afb7ae5dfb	%z용의 모습이 되면, 하늘을 날 수\n있다。 그리고, 용이 지닌 강대한\n공격력도, 다룰 수 있게 된다。
b020ade663	포신에서 강력한 로켓탄을 발사한다 적을 후방으로 날려 버린다
b076502e2a	%z이렇게, 리그로드사가란 이름으로\n전해지는 영웅들 이야기가\n이제, 다시, 막을 올린다・
b0823d3e7f	암흑의 힘을 물리치는 성스러운 장갑
b0ebaf034b	여성전용 털실을 엮은 장갑 방어구로서는 미덥지 못하게 느껴진다
b113b56ca5	%z야마타이로 갈 거야！\n목표는 이가 마을！
b166cb02db	강력한 도지만，손에 쥔 자는 혼란 상태가 된다
b21955e697	새까만 장정의 수수께끼에 싸인 책 매우 불길한 것이 느껴진다
b257ff8b8f	예
b2d79e9ef5	%z존명！
b2f305857f	　내 이름은 러스티　퀸즈랜드의 왕자로，드라군 왕국의 왕녀 뮤와는 소꿉친구다\n　드라군 왕가는，용기사의 수장이기도 하며，우리 리그로드 대륙 주민들에겐 든든한 존재다\n　나는 전투훈련을 받기 위해，드라군을 방문 중이었는데，
b39ac105fa	이 게이트키는，\n마법의 전이장치 카오스게이트를\n작동시키기 위한 도구요%b
b3a5faad77	아군 캐릭터의 상태이상을 회복시킴과 동시에，ＨＰ를 ３００포인트 회복시킨다
b4282782f1	신성한 빛을 칼날에서 뿜는 도 소유자에게 행운을 가져다준다고도 한다
b45ac755fb	오래된 유적에서 발굴된 책 묵직한 세월의 무게가 느껴진다
b4aa0f2f1c	번개에 대한 방어를 높이는 방패
b4c4c34016	누군가 한 명의 ＨＰ를 완전히 회복할 수 있다
b535eb5f96	신조차 죽일 수 있다는 전설의 검
b5b308478e	어떨까，일단\n포포론의 상황을 살펴보는 건？%b
b5ed7443da	기운을 다스려，다음 턴의 지혜를 １．５배까지 높
b6381db94e	　오보로계곡이란，으스스한 곳이다\n끊임없이 안개인지 아지랑이인지 모를 묘한 연기가 감돌아 우리의 침입을 막는 듯한 면이 있다\n　오보로계곡에는 그 특이한 풍경 말고도 하나 더 달갑잖은 명물이 있다
b6800eccc9	입에서 강력한 불꽃을 내뿜어 공격한다
b6b2737d64	책에서 회오리바람이 뿜어져，적을 공격함 적을 후방으로 날려 버림
b739aa1baf	　오보로계곡의 아야공주라 하면 리그로드의 영웅들이 싸운 그 전쟁에서 뮤와 내 선조들을 괴롭힌 상대다\n　여기에는 그 아야공주의 피를 이은 미즈타마라는 여도적이 있었다\n　지기 싫어하는 성격인지 앞으로도 우리에게 덤벼들지 모른다고 생각하니 진저리가 난다
b75cd9208e	하늘 높이 날아올라，단숨에 뛰어드는 다이브공격
b78a8debf5	힘을 가진 자만이 모든 걸 정함으로써\n정의와 역사가 태어나는 것이오%b
b798c87c92	몸에 지니면 전투 중 적이 다가오지 않게 된다
b7c500a4b5	원형으로 얼어붙는 충격파를 휘둘러 공격한다 1/4 확률로 동결시킨다 대공공격이 가능하다
b82aaac132	철학을 다룬 책
b839fdd0c3	탑을 나갈까？
b860e2e87b	책에서 저승사자가 나타나，적을 공격한다
b8f2d34576	떨어진 적을 찌르는 기술
b91476676d	마인드워드 정기와 별의 융합에 대해 쓰여 있다
b98910896b	반체제운동을 그만두라고，\n설득하고 다니려 하옵니다%b
ba2f475eda	마법에 대한 방어벽을 만든다 마법 명중률을 낮추고，마법효과를 줄
ba690b799c	포포론・이었지요，그 거리의 이름이%b
bb9c7fa458	%z갈자드여・
bba41a9019	책에서 거대한 팔이 나타나，적을 짓뭉갠다
bbbb7400bc	%z라그로스여・
bbed50f490	뮤, 국경을 넘기 전에,\n자르마 마을에 들러\n앞쪽 상황을 살펴볼래？%b
bbf1c736bc	누군가 한 명의 상태이상을 회복할 수 있다
bbf41777a6	강력한 화염으로 적을 공격함
bc33606a95	에반 할아버님과 함께 리그로드 전쟁을\n치른 영웅의 후손이야。%b
bc64c5093b	강력한 성스러운 에너지가，빔 ３줄기가 되어 적을 꿰뚫는다
bc9e9dc77e	텅 빈 물통
bca2497137	적의 마음을 조종하는 술법
bcd3c10937	사서의 책
bcd4958a34	%z그대를 우리 발톱으로 삼겠다\n병마를 이끌고\n카달의 이름을 세상에 떨쳐라！
bd039218fe	아군 캐릭터의 상태이상을 회복시킨다
bd1f9080cd	그때 갑자기 공격을 가해 온 것은 카달이라는 들어본 적 없는 나라의 군대와，그것을 이끄는 갈자드라는 남자였다 갑작스런 공격에 드라군 왕은，뮤에게 야마타이의 이가로 가라고 명하며，성을 탈출시켰다\n　이렇게，나와 뮤의 여정은 싸움과 함께 막을 올렸다・
bd7d7b7eb3	%z멍청이。
bd8ac93f9d	술자와 주위를 휘말리게 하는 대폭발 폭탄
be0cc754b2	　팔코의 말로는，익시즈를 다시 한번，하늘에 띄우려면，특별한 아이템이 두 개 필요하다고 했다\n　하나는 애로우스톤이라 불리는 것，또 하나는 말라카이트라 불리는 것이라고 한다
be50c30749	지면을 함몰시키는 위력을 가진 박격포
be7359070a	분명 그들은 거기서 뭔가 얻고 싶은\n정보 있는 거예요・%b
bec1c017d9	적을 관통하는 화살을 쏘아 공격한다
bfd39f41fb	더 강력한 충격파 ３개로 적을 베어 간다
c090d8c448	%z정말, 누굴 닮아 제멋대로라・
c099384afa	허나，활동 동료를 설득하려면，\n７인위원회님의 목적을\n자세히 알아야 하옵니다%b
c0a6632879	세상에 왔지만，여기도 그다지 재미없어서，동굴 안에서 스스로를 봉인하고 잠들어 있었다던가・\n　어쨌든，아스카에게 딱 붙어 있고，지켜보기에 매우 재밌다 하지만，그걸 말하면 아스카가 몹시 화내니 비밀로 하자
c0a902aa48	마법공격에 대한 효과를 높인 전사용 갑옷
c0bbf243a1	곰에서 사람으로 돌아옴
c217d1f516	이 탑을 탈출할 때까지，서로 돕는다，\n그런 걸로 하죠%b
c22a486785	・그러네。%b
c250bd7d08	바람의 오의서 바람과 번개의 융합을 다룬다
c285473f25	%z좋은 대답이다。뮤。\n퀸즈랜드의 러스티 왕자도\n잘 들어 두어라。
c2990964bc	보이지 않는 적을 보이게 하는 술법
c2aacd5064	리그로드와 야마타이를\n침략한 구실치고는，\n너무 초라하지 않은가！？%b
c2b993b138	바람을 일으켜，적 하나를 후방으로 날려 버림
c2d8d368cd	각 부위 보강에 드래곤의 비늘을 쓴 전사용 갑옷
c2d9c0a071	책에서 불꽃이 뿜어져，적을 공격한다
c2f5fcfee9	특별한 이만 착용을 허락받는다는 성스러운 법의
c325fa7df5	ＭＰ를 ５０ 회복할 수 있다
c36f92fc76	응！%b
c47d650454	여기를 지나면\n밖으로 나갈 수 있어요%b
c4835caf9b	알려 드리지요%b
c4879de84d	여보세요・？%b
c49025f428	좋아，\n어디로 가는지 확인해 보자%b
c4ebcda5a8	바람의 충격파로 적을 베는 기술 적을 후방으로 날림
c4f8966e3e	초보 마법책 장비하면 마법에 대한 방어력이 약간 오른다
c5ac222d2d	%H%m1%V100［%m0７인위원회 리더%m1］%V0%m0\n
c5b4c729b4	아군 한 명의 행동력이 올라，평소의 １．５배 행동력을 가지게 된다
c62b40a652	다이브 계열 기술로，공격력은 있지만 ＭＰ 소비가 막대한다
c65bd710c9	자르마 사람들 상태도\n봐 둬야겠어・%b
c722a85c14	눈부신 빛이 주위를 꿰뚫어，대폭발을 일으킨다
c76228740b	%z아, 아뇨。\n아무것도 아닙니다。
c7b086bdb4	정의는 대체 어디로 간 건지・%b
c7f5334bc9	하늘 높이 날아올라，멀리까지 공격 가능한 급강하공격
c851500df2	역시，아무리 생각해도，\n알렉트리아 대도서관의%b
c878827114	그렇다면，알렉트리아 대도서관의\n『고대마법문명』에 관한 문헌을\n노렸다고 생각하는 게 타당하겠군요%b
c93c63ed0f	７인위원회가 뭘 꾸미든，\n반드시 이 손으로 짓밟아 주겠다！%b
ca0e8d68a6	　　　　　　　　　　　　　　　　　　　［２／５］\n각 기술의 기Ｌｖ－기술을 쓰기 위해 필요한 기레벨\n　　　　　　 또 하나의 값은 쓸 때마다 더\n　　　　　　해지는 경험치\n필요행동력　－기술을 쓰기 위해 필요한 행동력\n　　　　　　이동했을 때，이 필요행동력만큼의\n　　　　　　행동력이 남아 있지 않으면 기술을 쓸\n　　　　　　수 없다
ca2a60dd3c	하늘에서 내려와，적을 뛰어넘으며 충격파로 공격한다
ca4980687a	어떻게 리그로드로 돌아가지？%b
ca77179d48	그대들이 무엇을 이루는지，\n지켜보고 싶기도 하나만・%b
ca99a7d6d1	성스러운 용의 힘을 깃든 최강의 도
cad41745dd	상공에 있을 때만，적과 아군을 붙잡을 수 있다 ３턴 후 자동으로 놓음
cb4b377841	자 여기서 도망치기 위해\n협력하지 않을래？%b
cb8ed474cc	아무래도 세 대륙을 순식간에 오갈 수\n있는 물건인 모양이군%b
cbaf046ea3	알렉트리아 대도서관이 카달서 유일하게\n자치독립을 인정받고 있는 것은，\n불온분자를 키우기 위함이 아니외다%b
cbc710db48	흐흐흐，알고 있소？%b
cbf15a76bc	분신 ３체가 동시에 적을 공격한다 대공공격이 가능하다
cc01cea251	그런데，아까부터 이야기에 나오는\n알렉트리아 대도서관이란，대체 뭐야？%b
cc14cba4dc	이런 데서 꾸물댈 시간 없어,\n가자！%b
cc15310942	대체，어디로 이어져 있는 걸까？%b
cd23fad34c	여기를 지나면，\n이곳을 벗어날 수 있어요%b
cd382acc48	시간이 지나면 ＭＰ를 회복해 주는 귀한 돌
cda39eb8e4	시간이 지나면 ＨＰ를 회복시켜 주는 훌륭한 아이템
ce3886c8a1	　그래비티는，하늘을 나는 배 익시즈에 관한 비밀을 지키기 위해，세상 한구석에서 잊혀져 있던 마을이었다\n　이곳에는，알렉트리아 도서관조차 잊은 지식이 살아 있었다
ce5102f9bc	・응。%b\n
cec2e678aa	허나 우리는 다르오%b
cf1bd2ada3	이름 그대로，머리장식 여성만 사용할 수 있다
cf245c218d	　\n　\n보물상자가 열리지 않았다%b%V0
cf5e669680	이것과 같은 물건을 타고，\n나는 카달까지 날아온 거야%b
cf5ef7cad1	자신의 분신이 적을 향해 돌진공격한다
cf8b544309	저，이래 봬도\n사서무투술의 달인이랍니다！%b
cff67809b5	어머，당신，\n언제부터 계셨나요？%b
cff9b55f96	튕겨 날리는 성질의 공격을 받아도，평소의 1/2 피해로 버틸 수 있다
d0196a0b61	　그의 마을 사람들이 카달에게 인질로 잡혀 있던 것을，협력해서 구해 낸 것이，카무이가 우리 동료가 된 계기였다\n　동료 중에서는 가장 상식적이라，우리에게는，나이 많은 형처럼 느껴진다 가끔，그의 이야기가，설교처럼 들리긴 해도
d03753ce08	적을 관통하는 철탄을 쏘아 내는 포신
d0aa6e9610	７인위원회의 행동은\n온 세계에 혼란과 파괴를 부를 뿐이죠%b
d16f7e2d21	　알렉트리아 도서관장의 유서를 발견 거기엔 놀라운 사실이 적혀 있었다\n　하지만 무엇보다도 마법구의 출현과 천재지변에 놀랐다\n　싸움은 아직 끝나지 않았다 진정한 평화를 쟁취하기 위해 다시 카카루크란으로 여정을 떠난다
d1a2be9661	거대한 검 공격력도 높다
d1b60275f3	숙정해 드렸을 뿐이외다%b
d1e32f4890	허나，그대들에게는，\n아직 편히 쉬게 해 줄 순 없소%b
d32ffc972b	죄 없는 사람들을 해친 대가를\n지금 여기서 치르게 해 주마！%b
d38c160a24	　사모사섬에서 익시즈호 수복에 필요한 두 아이템 중 하나，애로우스톤을 입수\n　이걸로 한 걸음，익시즈호 수복에 가까워진 셈이다
d3a6d7fd38	성스러운 빛에 감싸인 화살로，어둠을 꿰뚫는 힘이 있다고 한다
d43262820a	지금은 시간을 낭비할 때가 아니야！%b
d463a2f8ea	적을 태워 버리는 불꽃을 내뿜음
d48920381f	근데・%b
d49041b8ab	몸에 지니면 마음이 편안해져，공격이 잘 맞게 된다
d4aa92c09c	이번에도 할 수 있어！%b
d4d9402424	자신의 이익과 욕망을 위해， 이\n아름다운 세상을 잠식해 가는 자들을\n위원회는 용납할 수 없었소%b
d55556cdf8	%z네！%b
d5ca526dc0	영적인 힘을 봉인한 마법사를 위한 옷
d5f7371a29	지성을 높이는 작용을 가진 모자지만，마법사 외에는 쓸 수 없다
d61f1b9bb5	이 술법을 받은 자는 공격력 등이 떨어져，약해져 버린다
d629a1f858	뉘！？%b
d6731802c8	이 활에서 날아간 화살을 맞은 자는，사수에게 마음을 빼앗겨 버린다
d6c67ddc4d	７인위원회의 계획을\n막아야 해！%b
d6fee8329a	정말？%b
d706e689eb	아케미가 타카오에게 보낸，애정 넘치는 편지
d72f4a980c	저는 『앙주』예요%b
d73de6c2ba	　그리고，우리가 쿠리카라 마을을 찾은 그날，카달 무리에 의해，마을에 불이 놓였다\n　우리는 결사의 각오로 화약창고로 향해 대폭발이 일어나기 전에 불을 끌 수 있었다\n　이렇게 쿠리카라에서 제일가는 솜씨를 지닌 타타라가 동료가 됐다
d79692af79	오랜만이군，\n뮤 왕녀%b
d7c28d1d18	이 술법에 걸린 자는 공격력 등이 올라，강력해진다
d7f32f6049	이건，내가 야마타이에서 타고 온\n카오스게이트로군%b
d82f0729ca	%z예전 리그로드 전쟁 이상의 위기가\n이제 다시, 리그로드를・\n아니 전 세계를 덮치려 하고 있었다。
d8842936f5	특히 물에 대한 방어를 높이는 방패
d931c02536	추격자가 오기 전에，\n여기서 도망치자%b
d98c0a5e1f	안쪽으로 갈까?
d9a0884a3d	손가락에 끼면 마법을 받았을 때의 피해를 줄여 준다
d9a0f37cb7	썬더드래곤에 의한 강력한 방전공격
da15d28e9f	적을 분쇄하는 충격파를 발생시킨다 대공공격이 가능하다
dae79c4144	자 잠깐 기다려요！%b
dae8bb155f	전설의 금속 철보다 훨씬 단단한데도，철보다 훨씬 가벼운 것이 특징
daf6198a1e	만약，그대들의 이상이\n참으로 옳다면・%b
db5d85a2b3	적 집단을 약화시킨다
db747ba83a	마법을 쓰는 이를 위한，마법공격으로부터 몸을 지키는 옷
db7e391987	적의 사고를 흐트려 혼란을 유발한다
dbac8fea2b	힘껏 후려치는 기술
dc1fa8fd71	네놈들 뜻대로는 안 돼！%b
dc4ba9bd92	논쟁을 해 봤자，\n결국은，시간 낭비외다%b
dc97935421	%H%m1%V100［%m0남%m1］%V0%m0\n
dd3e3fcdeb	이건・？%b
dd534303cb	　\n　\n　　　문이 열리지 않았다%b%V0
ddb2905e10	전투용으로 만들어진 방패로，다루기 쉽게 만들어졌는다
debf5a28d6	먼 거리까지 닿는 화살로 적을 뚫음
df71bcf3e9	몸에 지니면，행동범위가 넓어진다
df831f07b4	용으로 변신하는 기술
dfe353a47a	화염을 던져，낙하와 함께 흩날리게 해，주위를 공격한다
dfeb486bb5	룬이라 불리는 특수한 문자가 새겨진 화살을 쓰는 활 영적인 효과를 발한다
e09dbede2a	%z음, 누구냐？！
e0c6b52bb1	1/4 확률로 잠들게 하는 주문 적과 아군을 가리지 않는다
e115744983	어머，\n기합이 조금 부족했나 보네요%b
e18c70b014	분신과 함께 적을 튕겨 날리는 맹렬한 펀치를，넓은 범위에 휘두른다
e18ed490dc	%z고마워・\n우선 오르트마로 가서\n야마타이행 배를 타야 해。
e1c9250bf9	갈자드오오오오옷！！%b
e27ff2009d	마법에 대한 힘을 거의 빼앗아 버리는 방패
e2a218c972	%z에엑～！？
e2b5523167	%z내 이름은 갈자드。\n마도왕국 카달에서,\n세계를 우리 앞에 굴복시키러 왔다。
e2d48271af	누군가 한 명의 ＨＰ를 １００ 회복할 수 있다
e2dd4f8796	　마침내 우리는 익시즈호를 손에 넣었다！\n７인위원회가 차원의 문 봉인을 깨고 카카루크란으로 가는 것만큼은 기어이 막아야 한다\n　그리운 고향 리그로드로 서두르자！
e2e5571012	마법을 쓰는 이의 능력을 끌어내기 위해，가란실로 짠 모자
e2f874517a	몸에 지니면，행동범위가 크게 넓어진다
e33362f4bc	대지정령의 힘을 받아，마법에 대한 힘을 높인 전사용 갑옷
e3504856a3	어덜트터치로 주위 아군 전원에게 큰 피해를 준다 아마 재기불능일 건다:-)
e3519a8946	나무정령의 힘으로 졸음을 부르는 술법
e45e5cb192	　처음에는，우리를 배신자라 부르던 자르마 사람들은，드라군성을 되찾자，손바닥 뒤집듯 친절해졌다\n　그들을 탓할 수는 없다 무너져 내린 드라군성처럼，자르마 사람들의 마음도，깊이 상처 입었을 테니까
e4b2565cc6	그런 당신에겐 아사구슬을 드리죠%b
e4b3aa5420	고대마법문명에 관한 문헌 안에 뭔가\n얻고 싶은 정보가 있는 거예요・%b
e4f20ea330	지면을 흔들어 지진을 일으켜，공격하는 술법
e4f6a510c0	그 압도적인 성스러운 에너지 앞에，신성한 힘에 약한 자들은 멸망하고 만다
e51056be48	존명！%b
e598f41ed1	물이 가득 든 물통
e5c59ab716	７인위원회는，지금보다 훨씬 훌륭하고，\n풍요로운 세상을 세울 것이오%b
e5c66f163c	화살 ３발을 동시에 쏘는 기술
e6235f4de3	・아，아무래도，리그로드 분이시니\n모르시는 것도 무리는 아니에요%b
e66dc302e3	저・%b
e672ed49a5	물의 오의서 물과 땅의 융합에 대해 쓰여 있다
e67be34b57	%z놓지 않겠다！
e6cac41dfd	조심해서 갑시다%b
e6d9772ca8	%z드래군왕이여, 항복하라。\n우리 카달인은 선진 문명인。\n무의미한 유혈은 바라는 바가 아니다。
e70276c0e1	마를 막는다고 전해지는 은 방패
e70651ac7e	그런・일을 위해・？%b
e72d88b684	상태 종류（３）［５／７］\n대－자신이 커져 있어，\n　　공격력도 높아져 있다\n소－자신이 작아져 있어，\n　　공격력도 낮아져 있다\n승－행동력이 상승해，이동범위가 넓어져\n　　있다\n저－행동력이 저하해，이동범위도 좁아\n　　진다
e82630f126	나나・는・키・\n오카・%b
e849d06fde	알렉트리아 대도서관은，\n카달 건국 당시부터 자치독립을\n인정받은 유일한 곳이랍니다%b
e924928a94	각오는 되셨나요？%b
e9293c2876	사람 목숨의 무게를 생각해 본 적\n없나！ 갈자드！%b
e9e4d53322	고대 솔리톤 전역에서 발명된，궁병용 강력한 장궁
e9ed79f506	그러고 보니, 여기엔 디아네라는\n솜씨 좋은 선장이 있단 얘기야。%b
ea68140ea4	새의 모습을 본뜬 불꽃이 적을 덮친다
ea7a2e9cda	점프해서 적을 베는 기술 대공공격이 가능하다
ea83d484ab	용서 못 해，갈자드！\n네놈들은 그저 자신들의 힘을 쓰는 데\n취해 있을 뿐이야！%b
ea8c2bcedc	%z근데, 그전에, 자르마 마을에 들러\n앞쪽 상황을 살펴볼래？
eaa64ed5c7	용의 비늘을 벨 만큼 특별한 위력을 지닌 검
eacc3d5310	지면을 함몰시켜 피해를 주는 공격 루스모어의 마법과 같은 효과가 있다
eb3592e587	갈자드여\n가서，놈들을 짓밟아라！%b
ebaaf6b58c	그렇다고，그걸 결정할 권리는\n누구에게도 없어！！%b
ec458a59e4	자신의 모습을 지워，적에게 공격받지 않게 한다
ec5e23f3cd	　드라군성은 카달에 의해 파괴되어 있었다\n　수많은 드라군 기사들이 돌아오지 못했고，무용으로 이름난 드라군 왕도，또한，돌아오지 못했다
ececefa9b5	참고로，제 아버지께서，\n그곳 관장을 맡고 계세요%b
ed076cc2e3	적 집단에게 축소 마법효과를 가진 울음소리를 퍼붓는다 1/8 확률로 적을 축소시킨다
ed23787db8	그날이 왔다%b
ed24bafa92	적을 던져 공격하는 기술
ed2bdc45d3	비늘 모양 금속조각을 이어 붙인 전사용 갑옷
ed3d0c8936	정령의 기운으로 체력을 ３００포인트 회복
ed62b8cc11	위대한 목적을 위해서는\n다소의 희생은 따르는 법이오%b
ed8287c925	응！%b
ed8c0d2437	%z흥, 드래군뿐만이 아니다。\n지금, 전 리그로드 대륙에\n우리 카달의 병사를 보내고 있다。
ee1877d9e6	　우리는 고생 끝에，세 아이템을 모아，게텐성으로 향하기 위해，결계동의 봉인을 풀었다\n　갈자드와 카달군이 거점으로 삼은 게텐성은，이제 코앞이다
ee72d862a7	대지진을 일으켜 적을 휘말리게 한다
ee95be50bd	호，호호，호호호%b
ef828b33d4	책에도 요정이 깃들 때가 있다 소중히 여겨 주세요
f018f10be6	마법사만 쓸 수 있는 모자지만，지성을 크게 높이는 효과가 있다
f0f3d0d065	책에서 운석이 튀어나와，적을 공격한다
f152f0802d	지극히 평범한 모자
f26060f337	상공에 있을 때만 쓸 수 있다 적과 아군을 붙잡을 수 있다 ３턴 후 자동으로 놓는다
f2a4a485af	낙하지점에서 작렬해，주위에 동결 가스를 살포한다
f3231d8783	원을 그리며 적을 베는 기술
f33c0a11ac	그러네・%b
f3edecbe7b	진귀한 보석 매우 비싸게 팔릴 것
f4417c3a4d	분신과 함께 온 힘을 실은，맹렬한 펀치
f450890f00	검끝에서 강력한 충격파를 원형으로 휘두르는 기술
f468be7a3e	%z그건 그렇지만・
f47e2b924b	아군 캐릭터가 받은 피해를 １００포인트 회복시킨다
f49c32e0d9	이쪽은 리그로드행 게이트였구나%b
f529cc1713	그 예리함 탓에 사람의 피를 빤다는 요도라 불린 명도
f56b8aa610	메긴 화살에 영적인 힘을 준다는 특수한 활
f5c9e41489	%z알겠느냐, 뮤여。 먼저 적과의 거리를\n생각하며 움직인다。 이때, 자신의\n공격 거리를 잊어서는 안 된다。
f5d54ff74e	괜찮을 거야・분명・%b
f653d32d9d	탈락！！
f692e585ad	새로 변신할 수 있다
f73bf347cf	몸에 지니면，힘이 늘어 공격력이 오른다
f73f0ca6e8	갈자드！%b
f7b546497b	무명에 두께를 더해 만든 마법사를 위한 옷
f800269608	%z좋다。\n그럼, 실전 형식으로 시합을 하겠다。\n위험해지면,\n즉시「후퇴」하도록 해라。
f81dc1c3a2	누군가 한 명의 ＭＰ를 ５００ 회복할 수 있다
f88cc66c0c	이제，우리 위원회의 계획을\n
f935df0cdd	라이트워드 빛과 어둠의 융합에 대해 쓰여 있다
f9d7490ba1	우리는，고대마법문명의 수수께끼를\n풀어내려 하고 있소%b
f9f17b132e	적을 뛰어넘으며，아래로 폭발을 일으켜，그 충격파로 넓은 범위를 공격함
fa0dbdec21	수비를 굳혀，적에게 받는 피해를 1/4까지 줄여 준다
fa37e77e70	허나 네 목숨도 내일 아침까지・%b
fb5d9a5d8b	소울워드 영혼과 정기의 융합에 대해 쓰여 있다
fb9744a676	알렉트리아 대도서관\n무투사서관 앙주 님인가・%b
fbaad99067	은신의 기술로 날카롭게 베어 공격한다
fbb28c95ce	책에서 거대한 검이 나타나 떨어져，적을 꿰뚫어 버린다
fbd3613b3a	다가올 세상에 어울리지 않는\n쓰레기장 같은 거리였기에，%b
fbeeededd5	・라고 말하고 싶지만，\n드라군 용기사의 힘을\n빌릴 수 있다면 이야기는 다르지요%b
fbef9b8d3c	마법을 쓰는 이를 위한 모자 바람의 정령이 지켜 준다
fbf7b651c3	전격을 적에게 날리는 술법
fc47e44888	흠，아무래도 손님이 도착한 모양이군\n실컷 놀아 주도록 하지%b
fc4fe2fe22	검을 휘둘러，원형 충격파를 발생시켜 공격한다
fc7ccdc02f	몸에 지님으로써 공중에 뜰 수 있는 멋진 아이템 여성만 사용할 수 있다
fc9bde22e1	응。 어쨌든 야마타이로 가는 배를\n찾아야 해。%b
fd08b7bf5c	일반적으로 쓰이는 짧은 검
fd2500e43e	아버님은 알렉트리아 대도서관장의\n요직에 계신데도・%b
fd75c8d023	불의 오의서 불과 바람의 융합에 대해 쓰여 있다
fda8b23c10	그것이，알렉트리아 대도서관이에요！%b
fe1febf1ab	%H%m1%V100［%m0여%m1］%V0%m0\n
fe8622fa61	%z네, 네。\n드래군왕。
ff170a3fcb	좋아 밖으로 나갈 수 있어！%b
ff183f16eb	뮤, 카달이 쳐들어온 거,\n마을 사람들에게 알릴 거야？%b
ff82e54b08	팔에 차는 아이템 움직이기 불편해지지만 완력을 키울 수 있다
ffa5e956f9	새 시대를 여는 데\n필요한 일이라 보지 않소？%b
ffceb14e40	날카로운 발톱 공격
df901d9182	해제
60d79c1e17	등록해제
f8ad871216	적１체를 날카롭게 찌름
64da5dd7f6	저쪽으로 날아가서 적을 쓰러뜨린다%b
773e3f4464	러스티한테는,\n이쪽 적 상대를 맡겼어！%b
0750a6d5f1	으, 응・。%b
eef1c727b9	그, 근데, 저쪽에 가기 전에,\n부탁이니까,%b
4c944a3189	이가의 시노비랑 리그로드의 용기사가\n카달을 해치웠다며！\n　　　　　　　　　　　　　　　（쿠시로）\n↑우리가 그렇게 기다리던 평화가\n드디어 손에 들어왔단 말이지！\n　　　　　　　　　　　　　　　（이쿠리）%b
0a8e5509de	뭔지 모르겠지만 큰일이 났어.\n난 도망칠 거야, 튈 거라고！\n다들 몸조심해！\n　　　　　　　　　　　　　　　（쿠시로）\n↑어디로 가나 마찬가지야.\n바보구먼.\n　　　　　　　　　　　　　　　（이쿠리）%b
c15819a7f1	・뮤,\n간판은 정면에서 안 보면 못 읽어.%b
7d2c98d33f	그런 건 나도 알아.%b
a8a0ca3a9c	간판은 정면에서 안 보면\n못 읽어.%b
190bbb569f	리그로드에서 용기사가 왔다더라.\n뭐 야마타이의 곤경을 구하러 왔다나.\n　　　　　　　　　　　　　　　（쿠시로）\n↑그거라면 나도 들은 적 있어.\n키가 백 척이나 되는 거한이라던데.\n　　　　　　　　　　　　　　　（이쿠리）\n↑이가의 아스카랑 의적 시라나미가\n그 용기사랑 같이 있다던데！\n　　　　　　　　　　　　　　（사키쿠사）%b
f4720b69e5	여기서 남쪽으로 간 오보로 계곡에\n쿠리카라라는 은신처가 있다더라.\n　　　　　　　　　　　　　　　（쿠시로）\n↑거짓말하지 마.\n오보로 계곡은 못 지나간다던데.\n　　　　　　　　　　　　　　　（이쿠리）\n↑오보로 계곡엔 미즈타마라는\n도적이 나온다던데.\n계곡을 빠져나오기 전에 당할걸.\n　　　　　　　　　　　　　　（사키쿠사）%b
70087ffee5	야마타이 어딘가에\n숨겨진 금광이 있다더라.\n　　　　　　　　　　　　　　　（쿠시로）\n↑또 그런 헛소리 써놓고.\n그런 거 거짓말이 분명해.\n　　　　　　　　　　　　　　　（이쿠리）\n↑진짠지 아닌지는 모르겠지만,\n장소를 모른다면,\n없는 거나 마찬가지 아니냐.\n　　　　　　　　　　　　　　（사키쿠사）%b
f895b6e4d3	산을 오르다가\n새 괴물한테 붙잡혔지 뭐야.\n진짜 살아있는 기분이 안 들더라.\n한참 있으니까 놓아주긴 했지만.\n　　　　　　　　　　　　　　　（쿠시로）\n↑그거 위험했겠네.\n절벽에서 떨어졌으면\n한 방에 저승행이야.\n　　　　　　　　　　　　　　　（이쿠리）%b
8647f3fbb3	고죠 대교 건설 인력 모집.\n카달에 의해 파괴된 고죠 대교를\n당신의 힘으로 되돌립시다！%b
1ca75e6098	고죠 대교 재건 일손이 부족합니다.\n당신의 힘으로 역사 건축물을\n원래 모습으로 되돌려보지 않겠습니까？\n자세한 건 추진회로.\n　　　　　　　　　　（고죠 문화추진회）%b
b7f233d7d4	이야, 세상도 평화로워졌으니\n시라나미도 고향으로\n돌아오면 좋을 텐데.%b
1425217cf8	큰일이에요.%b
a4b5bbf82b	요즘 이 고죠 마을엔\n시라나미라는 여자 의적이 나와요.%b
1a4874d46e	그래도 시라나미가 노리는 건\n못된 짓 해서\n사복 채우는 상인들뿐이에요.%b
399e7591e9	훔친 돈 대부분은\n가난한 사람들한테 나눠준대요.%b
0e68ca64dd	요즘 고죠 마을에선\n시라나미 인기가\n그야말로 하늘을 찌른다니까요.%b
84b970e63d	이가 최강의 시노비 집단으로 알려진\n츠키구미가 카달 놈들한테 붙잡혔대요.%b
0e122f91cb	그래서 우두머리인 비조 아스카는\n카달한테 힘을 빌려주려 했다나요.%b
6608a91d04	그런데 거기에 리그로드에서 온\n용기사가 도와줬대요.%b
9ab6fee793	덕분에 아스카는 츠키구미의 시노비들을\n구해냈대요.%b
e025a1e83b	각박한 세상에, 좋은 이야기네요.%b
bf969fbc23	당신, 알고 계세요？%b
bafff1ab3d	동쪽 관문을 넘어간 곳에\n카무이코탄이라는 수인 마을이\n있다고 해요.%b
2b8693322a	사람이 짐승이 된다니\n믿기지가 않네.%b
7cb9367415	요즘 지진이 잦아서\n이래서야 고죠 대교도\n재건이고 뭐고 아니에요.%b
91a7b5ab95	호쇼인은\n대체 언제쯤 참배할 수 있을까요.%b
deb39d42a5	시라나미가 없으니까 허전하네.%b
cc00b4e92f	뭐랬더라,\n리그로드 용기사 일행에 합류해서,%b
ae7d5336d5	카달을 물리치는 데\n힘을 보태고 있다는 얘기던데.%b
2f76b68936	큰일이 났구먼.%b
c7adb41043	이 재해는 아무래도\n고죠뿐만이 아닌 것 같아.%b
b055f952cf	뭔가 엄청난 일이\n벌어지고 있는 게 아닐까！%b
31d6781083	카달 놈들이 저지른 짓, 봤어？\n진짜 그놈들한텐 화가 나.%b
b157289643	그러고 보니 카달 놈들이\n겉야마타이랑 속야마타이를 잇는 동굴을\n봉인했다지 뭐야.%b
ff84b3e9d0	그놈들 본거지는 결계동 너머,\n속야마타이 쪽에 있는 게텐성이라던데.%b
9f9aea9da4	동굴이 봉인돼 있으면 손을 못 써.\n진짜 열받아.%b
340ba04ca4	결계동이 봉인돼 있으면 손을 못 써.\n진짜 열받아.%b
92c95b07eb	카달 놈들이\n야마타이를 점령하기 전 호쇼인은,\n나라의 보물이라 불리던 절이었어.%b
823a1d0283	그걸 말이야, 카달 놈들이\n하필이면 군 주둔지로 쓰고 있다니까.%b
5e8fb616f2	누가 성에 쳐들어가서\n그놈들 좀 해치워주지 않으려나.%b
b6c56854c2	이가 동쪽에 있는 관문을 지나면\n카무이코탄이나 호라이산으로\n갈 수 있어요.%b
3f5b974e10	호라이산엔 세이료가쿠라는\n명승지가 있다던데,%b
417d4fe81d	지금쯤은 분명 카달한테\n점령당했을 거예요.%b
0b7d3782ca	진짜 어디 누가\n그놈들 좀 해치워주지 않으려나.%b
30cdec87d7	정말 카달 놈들한텐 화가 나.\n누가 그놈들 좀 해치워주면 좋겠어.%b
a5b6ccbb47	카달의 장군 갈자드라는 놈을\n알고 계세요？%b
d8fc33b636	그렇게 잘난 척하더니 리그로드에서 온\n용기사 일행한테 당해서 도망쳐\n돌아갔다는 얘기야.%b
c397673512	진짜, 꼴좋다.%b
6e0c6603b6	이가 마을에서 제일가는 실력자\n시노비 하면 비조 아스카죠.%b
42dbcf0073	뭐 한때는 카달 패거리한테\n누명을 씌워져서,\n마을 전체한테 따돌림당했었대요.%b
936ddbaf0e	그래도 이가 최강이라 불릴 만큼,\n자기 손으로 누명을 벗었다지 뭐예요！%b
fb1908f474	닌자저택이라던가 하는 데의 카달군을\n쫓아낸 덕분에,\n이가 마을에도 평화가 돌아왔대요.%b
975aaf1feb	이야, 아스카 님 최고예요・。%b
3475bf4766	영봉 후지를 뚫는 동굴 지나\n더 가면, 야마타이 바다의 관문,\n항구 히가타로 갈 수 있어요.%b
f3d00a288d	근데 들은 얘기로는\n동굴에 결계가 쳐져서 못 지나간대요.%b
1afd472468	결계가 풀리면 좋을 텐데.%b
e1b2a17dd0	카달 다음은 지진이야？\n대체 어떻게 되려는 건지.%b
149076872a	고죠 대교는 부서졌지만,\n오랜만에 속이 다 시원했어요.%b
56696a3578	카달 놈들을 쫓아내줘서\n정말 고마워요.%b
5ec9795c9f	소문에 들었는데,\n세이료가쿠에 있던 카달 놈들을\n쫓아낸 사람이 있다던데・。%b
cc2d853ca5	네？\n당신들이, 그사람이에요？%b
f1a3702a65	허, 대단하네！%b
9daac46247	그 기세로 힘내세요.\n기대할게요.%b
ce4441bbf8	정말 잘해줬어.\n진짜 고맙구먼.%b
c1d370b988	이걸로 이 나라도 한숨 돌렸어.%b
f7b3e7b576	앞으로 고죠 다리도\n고쳐나가야지.%b
e738072c0a	할 일이 산더미네요.%b
6d723aaf3c	카달도 없어져서\n다시 수행을 재개할 수 있게 됐어요.%b
7f98ea8581	언젠가는 시라나미처럼,\n약자를 돕고 강자를 꺾는\n사람이 되고 싶어요.%b
8db6e393a9	그래도 시라나미는\n지금 어디 있으려나요.%b
4d6d601566	평화로워졌으니까,\n돌아와주면 좋겠어요.%b
af82d34fe2	큰일이 났어요.%b
db5f1e6071	강하다는 게 대체 뭘까요.%b
ba45bdb3c1	팔심만 세다고\n강하다곤 못 하죠.%b
0975402256	이래 봬도 나, 무도가의 딸이야.%b
87eb726cd2	근데 무도 얘기는\n카달한테 금지당했었어.%b
3eeac19e08	뭐 카달한텐\n반항하는 놈들이 힘을 기르는 게\n마음에 안 들었나 봐요.%b
a077596192	그런 이유로\n카달 패거리가 있는 지금은\n아무 말도 못 해요.%b
b73d75115c	근데 카달이 없어지고 나면,\n지금까지 못 했던 만큼,\n무도 얘기를 실컷 하려고 해요.%b
314e84b589	기술은 수행을 쌓으면\n실력이 늘어서\n새로운 기술을 익힐 수 있어.%b
d68edfdf30	하지만 그것만으론\n손에 안 들어오는 기술도 있어.%b
773dfb254d	기술과 기술의 융합은\n이것저것 시도해보는 수밖에 없어.%b
a308161a23	그 안에서 새 기술을 만드는 거야.%b
e9a15eb77c	다만 오의서라는 게 있으면\n제법 수고를 덜 수 있을지도 몰라.%b
4961cd818c	기술 중에는 적을 관통해서\n뒤쪽 적한테도 공격이 되거나,\n벽까지 관통하는 것도 있어.%b
2ec6136e52	그런 특성을 활용해야\n제대로 된 전사라고 할 수 있겠지.%b
5c14e621e0	기술 중에는\n상대를 튕겨 날리는 기술도 있어.%b
c2bac3ff84	때로는 그 기술로 벼랑에서\n상대를 떨어뜨리는 선택도 필요하겠지.%b
938fa406d6	다른 상황에서도\n필요할지 몰라.%b
ac3c942ca3	맞았을 때 튕겨 날아가는 게\n싫으면, 뭔가 무거운 걸,%b
cb531aff98	예를 들면 절임돌 같은 걸 지니는\n것도 한 방법이겠지.%b
e08e7bd66a	어스몰을 벼랑 근처에서 쓰면\n쉽게 적을 떨어뜨릴 수 있어.%b
e94dc02256	물론 아군도\n발을 헛디디면 떨어지지만.%b
a757fb52b8	조심해야겠네.%b
b13c043f8d	적의 강화 기술엔\n조심해야 해.%b
b87f0fd926	마법으로 강해진 상대의 일격은\n엄청난 강함이니까.%b
d0426cab14	아, 평화는 좋구나・。%b
b4553be680	못 당하겠구먼・。%b
8970143370	이런 말 했지만, 결국 힘은 힘이야.\n그 자체는 좋지도 나쁘지도 않아.%b
63ae17b768	결국 강함이란,\n마음가짐과 다르지 않을까・。%b
0ea7d17781	이래 봬도 나, 무도가의 딸이야.%b
7251f4cb7a	그래도 무도 얘기는\n카달한테 금지당했어.%b
174555bf07	뭐 카달한텐\n반항하는 놈들이 힘을 기르는 게\n마음에 안 들었나 봐.%b
3aa7bd0818	그런 이유로\n카달 패거리가 있는 지금은\n아무 말도 못 해.%b
80cf76680b	근데 카달이 없어지고 나면,\n지금까지 못 했던 만큼,\n무도 얘기를 실컷 할 거야.%b
8810d4b08a	기술을 융합하는 오의에 대해\n적힌 두루마리가,\n어딘가 보물상자에 잠들어있대.%b
e755e4681e	괴물이 가진 기술 중엔\n강력한 기술이 있어.%b
70b0d6e64e	도적 기술은\n여러 물건을 훔칠 수 있어.%b
19772ae5fc	만약 극에 달하면 힘이나 기술을\n훔칠 수 있다고도 해.%b
67814a9261	방어를 극에 달하면\n회복/강화 힘을 가진 기술도\n익힐 수 있어.%b
6ea4dfde18	방어가 완전해야 망설임 없이\n공격을 펼칠 수 있단 말도 있어.%b
b55d21c63a	방어는 결코 소홀히\n할 수 있는 게 아니야.%b
bfadb45bc9	기술 [휴식], [명상]으로\n체력이나 마법력을 회복시킬 수\n있어.%b
e891f4cf90	몸 상태를 좋게 유지하기 위해서라도\n효과적으로 써야 해.%b
5234469590	방어 [자세잡기]는\n튕겨 날아가는 기술로부터\n몸을 지키는 데 쓰면 좋아.%b
3a775e212f	피해도 어느 정도는\n줄여줘.%b
adccc1810f	방어기술 [카운터]는 사거리 안에서\n공격당했을 때 반격하는 기술이야.%b
c9d44fd067	다만 체력에 여유가 없으면\n험한 꼴을 당하니까, 조심해！%b
41be8b6a8d	카달 놈들, 졌다며.\n꼴 좋다.%b
9a22aa2e53	용서해주세요.%b
08c6ba95c1	요즘 시라나미는\n일을 안 하는 것 같은데,\n어떻게 된 거려나？%b
3c55836fcd	호쇼인이라고 하면 우리한텐\n고죠의 얼굴 같은 거야.%b
9ffa2e8a1b	그걸 함부로 짓밟히는 걸\n언제까지고 용서할 순 없어.%b
136aa35342	이야, 당신들, 호쇼인에서\n그 얄미운 카달 놈들을\n쫓아내줬다며？%b
0e44d52304	정말 고마워요.%b
9ce5d231f2	누군진 모르지만,\n카달 놈들을 해치워준 덕분에,\n평화로워졌어.%b
52a56977f8	고마운 일이에요.%b
60874d82b5	이야, 어떻게 된 건지.\n못 당하겠네・。%b
1ce097224f	그러고 보니,\n시라나미가 리그로드에서 온%b
a16cdfb64e	용기사 동료가 됐다는데,\n정말인가요？%b
8f002aa1a4	호쇼인을 지배하는 괴물은\n한 마리만이 아닌 것 같아.%b
5999a1b159	어쩌면 여러 마리 괴물이 호쇼인을\n지배하고 있는 게 아닐까・。%b
992aabfc44	호쇼인을 지배하던 건 아무래도 두\n마리 괴물이었던 것 같아.%b
a35bb92030	괴물한테도 정이 있으려나？%b
52ee672779	평화롭구나, 너무 평화로우니까\n하이쿠라도 지어볼까.%b
da43b8e75e	평화롭다, 아아 평화롭다, 평화롭다.\n좋구먼.%b
5646621f73	큰일이네, 너무 큰일이니까\n하이쿠라도 지어볼까.%b
e01ae3793c	큰일이다, 아아 큰일이다, 큰일이다.\n음, 좋구먼.%b
d32d3cde75	어딘가에 투란이라는 마을이 있고,\n거기엔 시련의 미궁이 있다더라고요.%b
d0455e7e8d	괴물이 가진\n진주나 자수정 같은 보석은,%b
73d4b415c7	가게에 가져가면\n비싸게 사줘요.%b
c71d828c65	때로는 후퇴하는 용기도 필요해요.%b
33164d7bca	무작정 밀어붙이는 것만이\n용기는 아니에요.%b
75686dd367	이렇게 느긋하게 있을 수 있는 것도\n평화 덕분이죠.%b
b8d7facc3e	평화는 좋구나.%b
1ff1700294	시라나미가 돌아와주면,\n매일 사는 게 활기가 넘칠 텐데,\n대체 어디서 뭘 하고 있으려나.%b
f8de170fea	못 당하겠네・。%b
38078792dd	고죠는 야마타이의 문화 중심지예요.%b
04983ac2ed	야만인들은 문화라는 게 뭔지도\n모른다니까요.%b
f6eef89866	괴물 중엔 불이나 번개에 내성이 있는\n놈도 있어요.%b
53e4b7a6dd	그런 놈한테 불이나 번개로 공격해도,\n제대로 된 피해를 못 줘요.%b
581f913890	그 부분은 조심해야 해요.%b
48cabb9f72	와아, 와아, 밖에서 놀아도\n안 혼나！%b
115d420964	이게 바로 평화라는 거구나！%b
8528771cef	또 나쁜 놈들이 뭔가 저지른 걸까？！%b
b4c20c6dd3	우리 형은\n엄청 머리가 좋아.%b
a43f1f4df2	이가의 시노비한테\n수행하러 갔어.%b
8f3abedc70	분명, 지금쯤은 최강의 시노비,\n츠키구미에 들어갔을걸.%b
e87a5047d6	요전에 몰래 호쇼인에\n숨어들어갔었는데,%b
4f39d3ffcb	그놈들 고죠 대교에\n뭔가 손을 대고 있더라！%b
aa12ae7f44	사람이나 괴물한텐 약점이 있다더라.%b
4fec55a7ab	똑똑하게 싸울 거면\n약점을 노려야 해.%b
13b42d5b4e	머리 써야 남는 장사예요.%b
e4fb062bae	이거, 사실은, 형한테\n주워들은 거지만, 아하하.%b
e8876f02bb	평화와 함께,\n더욱 발전하는 고죠를 보고 가세요.%b
276e8cd5c9	안 돼, 고죠 마을이\n엉망진창 돼버리잖아！%b
016823492e	고죠는 야마타이 최대 도시,\n시골엔 없는 가게도 있어！%b
0014adcae3	이 마을엔 투기장이 있어.%b
6635d16ab4	투기장 싸움에 참가할 수 있는 건\n두 명까지지만,\n죽지는 않아.%b
779cdfee5e	가볍게 싸움에 참가해서\n실력을 갈고닦으면 좋겠어.%b
68adf4d278	울고만 있어선 강해질 수 없잖아\n이가의 시노비처럼 강해질 거야！%b
e4b565d38b	으이, 얍, 타아앗！%b
106403504d	시노비는 언제나 냉정해야 돼.\n이 정도로, 평상심, 평상심.%b
c7a89c78fb	난 아직 어린애라\n투기장엔 못 나가지만,\n크면 꼭 출전할 거야.%b
a2c1ee117f	그래서 강해지고 싶어！\n강해져서, 모두를 지키고 싶어！%b
baee5ab682	내가 강했다면 카달 놈들로부터 모두를\n지킬 수 있을 텐데.%b
2780db39e6	왜 난 이렇게 어린 걸까.\n빨리, 어른이 되고 싶은데・。%b
7aa8855abf	평화라는 게, 참 좋네요.%b
41de04c510	덕분에 장사도\n그럭저럭 잘돼요.%b
cd0a0ce1bc	에헤헤,\n이거 아빠한테서 주워들은 거야.%b
061a997aa0	어어어, 큰일 났다,\n어떡하지, 큰일 났다.%b
dbd2166e67	남자와 여자 사이엔, 깊고 어두운\n강이 있다고 하죠.%b
084a4e753c	그만큼, 서로 모른다는 얘기죠.%b
08728bcfcc	에헤헤.\n이것도 우리 아빠한테서\n주워들은 거야.%b
d902c26af9	사람이라도, 도구를 쓰면\n특정 공격에 내성을 가질 수 있어요.%b
813d557ad4	강력한 기술을 쓰는 적과 싸울 땐,\n이걸 이용하는 게 낫지 않을까.%b
ec83960817	에헤헤.\n이거, 우리 아빠한테서\n주워들은 거야.%b
b252e7eeea	도구는 쓰기 나름,\n칼도 살인 도구가 될 수 있고,\n맛있는 요리를 만들 수도 있어요.%b
6430b33f76	그러니, 도구 쓸 땐 조심해야 해요.\n사람을 위해서 도구는 써야 해요.%b
f0a9c3fc1f	이상하네.\n용기사가 카달을\n해치웠다고 들었는데.%b
635e8d0694	요즘 시라나미가 일을 안 하네요.\n어디, 다른 데로 가버린 걸까요.%b
e7912955a1	으엥, 으엥, 무서워.%b
cf2df99338	지금, 고죠에서 화제라면 뭐니 뭐니\n해도 여자 의적 시라나미죠.%b
65b6073c02	시라나미는, 나쁜 짓 해서\n돈 버는 놈들한테서 훔쳐서\n가난한 사람들한테 나눠준대요！%b
e862724fb8	나도, 시라나미처럼\n나쁜 놈들을 혼내주고 싶어요.%b
b40d9917bc	크면,\n훌륭한 도둑이 될 거야！%b
69e0091f55	뭐랬더라 시라나미는,\n리그로드에서 온\n용기사의 동료가 됐다던데.%b
667db53fb9	역시 영웅은 영웅을 알아보나 봐.\n리그로드 용기사도 괜찮은 데가 있네.%b
c33b0a6924	용기사가 카달을\n해치웠다고 들었는데.%b
a0bd45a807	아스카는 언제쯤\n날 신부로 삼아줄까.%b
c0ae371c65	큰일 났다, 큰일 났다 하고\n다들 말하는데,\n뭐가 큰일인 걸까？%b
536b4e91bd	여기서만 하는 얘긴데,\n나, 사실, 아스카의 신붓감을 목표로\n신부수업 중이야.%b
44f4546d03	이래 봬도, 진흙 경단 만들기라면,\n고죠에서 제일이야！%b
ad48b70c0d	이제, 언제든 시집갈 수 있어.%b
288cd2ddbf	지금, 조금 무시했지？%b
37cfccaffa	카달 놈들을,\n누가 좀 쫓아내주지 않으려나・。%b
0307c49e4e	마음 편히 소꿉놀이도 못 해.%b
4e3fd71d68	우후.\n이가의 아스카 알아？%b
01fa1734b9	이가 최강 츠키구미의 우두머리야.%b
292906915f	%H%m1%V100［%m0점주%m1］%V0%m0\n
993985e257	어서 오세요～☆\n꿈과 희망의 카지노에 오신 걸 환영！%b
1c0b7283d4	그럼 바로 판을 시작할까요？\n아니면, 설명을 들으실래요？\n저기, 어느 쪽으로 할까요？%b
f24d0ba70b	먼저, 돈을 카지노 전용 코인으로\n환전해두세요.\n안 그러면, 게임엔 참가 못 해요.%b
5a4152eaf4	다음으로, 게임 난이도를 정해주세요.%b
38ce17efbf	게임 자체는, 트럼프 포커예요.\n높은 패로 이길수록, 배당이 커져요.%b
c255894a57	간단히 설명했는데, 이해되셨나요？\n원하시면, 다시 설명해드릴게요？%b
86352eb979	게임에 참가하려면,\n전용 코인이 필요해요.%b
4bab44359c	어머, 코인이 없으신 것 같네요.\n환전해주세요, 부・탁・해・요・☆%b
3b878ed3ac	얼마나 환전해드릴까요？%b
f7fae6012b	코인 바꾸실래요？%b
af6c804517	게임 등급을 정해주세요.%b
b2ec4ceb7c	그럼, 카드를 나눠드릴게요.%b
08d2c887e8	카드 교환은 하시겠어요？%b
9bbefeb166	교환할 카드를 골라주시겠어요？%b
d8124556b0	승부는 운에 달렸어요.\n이기든 지든 원망은 없기예요.%b
b37d8d3a6c	거실 코인 매수를 정해주시겠어요？\n물론, 승부를 포기하셔도 돼요.%b
ab908d2de0	・그래요, 도망치시네요.%b
041cd22da4	아쉽네요, 졌어요.%b
b261fe222e	후후후, 뜨거워지네요.\n자, 승부는 지금부터예요！%b
f17e11a6d0	우후, 나쁘지 않은 승부였어요.%b
b944c7c7bc	코인을 경품으로 바꾸시겠어요？%b
64707551d9	그럼, 이 목록에서 골라주세요.%b
e53c048cda	【아이템명】이군요.\n이걸로 괜찮으신가요？%b
25b120359d	네, 여기요.%b
b99bbf1b98	그게 아니군요.\n그럼, 뭐랑 바꾸시겠어요？%b
01a2c9c9fa	어머, 코인이 부족해요.%b
d56f66b78e	교환 안 하시는군요.\n그럼, 또 오세요～☆%b
ab91e31dcf	%H%m1%V100［%m0경비%m1］%V0%m0\n
335a56d1f1	고죠 대교는 카달 군에 의해\n부서지고 말았습니다.%b
3d591da491	고죠 대교는\n현재 폐쇄돼 있습니다.%b
a7e2cda9cb	어서 오세요.\n뭘로 하시겠습니까？
66ca0c07e9	그러신가요, 마음에 안 드셨나\n보군요. 다른 용건 있으신가요？
0e792b3137	무기를 찾으십니까.
34b60fc333	파실 물건이 있으신가요.
d940247b53	또 오세요.%b
bad4030ab4	\n자, 어느 걸로 사시겠습니까？
fc21832673	\n자, 어느 걸로 파시겠습니까？
0f032f48cf	\n파실 물건이 없으신 것 같습니다만.
199c30c0b0	「%nS」시군요.\n사시겠습니까？
30c6640cd2	이 이상은 못 지니실 것 같습니다.
0a9c8198b9	소지금이 부족하신 것 같습니다.\n필요한 금액을 마련하고 와주세요.\n저희도 장사라서요.
67b57d4aef	감사합니다.\n다른 것도 사시겠습니까？
139925dd0c	「%nS」를\n팔아주시는 건가요？
642f0d6c73	감사합니다.\n다른 것도 파시겠습니까？
17743b8c8b	어서 오세요.\n무슨 용건이십니까？
e7290849d1	마음에 안 드셨는가 보군요,\n아쉽습니다. 다른 용건 있으십니까？
1efa2e91e5	여기 방어구라면, 뭘 사시든 결코 후회는 안 시켜드리겠습니다.
dd39e9b763	오오！\n팔아주시는 겁니까.
89e48d3c63	그러십니까.\n또 와주시겠습니까.%b
5eb123ec4c	\n뭘 사시겠습니까？
12205962ae	\n뭘 파시겠습니까？
85f7f2dac3	파실 물건은 없으신 것 같습니다만.
116850ae94	「%nS」시군요.\n정말로 사주시겠습니까？
59ecd6a671	허허허, 그렇게는 못 지니십니다.\n무리는 안 하시는 게 좋을 겁니다.
9063779346	허, 돈이 부족하신 것 같습니다만.\n연세 탓인가요.
7c756136e2	감사합니다.\n다른 것도 사시겠습니까？
86642326be	「%nS」를\n양도해주셔도 괜찮으신지？
c316d3b9c0	감사합니다.\n다른 것도 파시겠습니까？
2836e7fb7f	어서 와.\n천천히 보다 가.
fcaad05cb5	아니, 관두는 거야.\n다른 건 없어？
866bd06768	천천히 보다 가.
bbba391299	뭔가 팔러 왔어？
89edb75a27	그런가.\n그럼, 또 들러.%b
955a47d986	\n어느 걸 사줄 거야？
1cdb664ab6	\n어느 걸 팔 거야？
9357187a9e	어, 팔 게 없는 것 같은데？
f29dd99bc4	「%nS」로 되겠어？
7a7ecba7cf	아하하, 그렇게는 못 들지？\n짐이 가벼워지면, 또 와.
5e26db356b	아이고. 아쉽지만, 돈이 없으면 못 팔지.
6b7af5f908	고맙다.\n다른 것도 살 거야？
132be7758e	「%nS」를 팔아도 되는 거지？
84b3baff0c	고맙다.\n다른 것도 팔 거야？
8bd8918cba	예, 오세요.\n무슨 용건이신지？
f4024a644b	어, 관두시는군요.\n다른 건 어때요？
975a412771	우리 방어구는, 뭘 사가시든 손해는 안 봐요.
85565568c9	그래요！\n팔러 오신 거군요.
8ec854c331	그렇습니까.\n또 오세요.%b
949c75de4c	\n어느 걸로 사실래요？
ef1ea2978e	\n어느 걸로 파실래요？
16d5bb31bb	팔 만한 건 안 가지고 계신데요.
2f2f72ba3f	「%nS」시군요.\n사주시겠어요？
0cfeb82cbb	그렇게는 못 드시는데요！？\n무리하지 마세요.
216da43b3f	돈이 부족한데요.\n돌아가세요.\n가난한 사람한텐 볼일 없어요.
294f0e2754	고맙습니다！\n다른 것도 사요？
150f15b0dc	「%nS」를\n사면 되는 거죠？
191421fd84	고맙습니다！\n다른 것도 파요？
89d300118e	예, 어서 오세요.\n어떤 용건이신지？
c467c19a16	관두시는군요.\n그럼, 다른 용건 있으신가요？
78214e038c	천천히 보고 가세요.
191c11a8aa	필요없어지신 물건을\n인수해드릴게요.
9d295b789e	다음 이용도 기다리고 있겠습니다.\n감사해요, 고마워요.%b
0240a0fdfd	\n뭘 사시려고요？
1e33530e46	\n뭘 파시려고요？
2055e40627	어머？\n파실 물건이 없으신데요.
274763e54a	「%nS」시군요.\n사실래요？
132345d92b	어머？\n짐이 가득 찬 것 같은데요.\n다음에 다시 오시는 게？
a3425eb6a2	어머？\n안타깝게도 돈이 부족하신 것 같아요.
c535c110d2	감사해요, 고마워요.\n다른 것도 사시나요？
0609ff2db4	「%nS」를 팔아주셔도 괜찮으신가요？
2e0888e013	감사해요, 고마워요.\n다른 것도 파시나요？
a134657c0c	예, 오세요.\n뭘로 하실래요？
ea609a6210	뭐야, 관두는 거야？\n다른 볼일은 있어？
3dfe6e0e32	무기 안 살 거야？
7cf33e02a4	팔러 온 거야？
7be532af32	진짜, 또 와.%b
f47006c7d3	\n그럼, 뭐 살래？
5d151b624e	\n그럼, 뭐 팔래？
fa7d7ce63d	팔 만한 것도 안 갖고 있잖아.
3a1f357cd4	「%nS」냐.\n살 거냐？
d847e856cc	뭐야, 그렇게는 못 들잖아.\n관둬, 관둬.
ac98d0bde9	야, 돈이 모자라잖아.\n이쪽도 장사야.\n돈 없으면 돌아가.
bf100d7611	고맙다.\n다른 것도 살 거냐？
9b4fe5b8e1	「%nS」를\n팔 거냐？
ca769bcffa	고맙다.\n다른 것도 팔 거냐？
716c114036	설명 듣기
87f0cd5e89	참가한다
31c713c54a	나가기
3f60f73544	어서 오세요.\n여긴 영광의 지름길, 투기장이죠.%b
8968c037ec	싸울 상대를 고르고,\n１０턴 안에 쓰러뜨리면%b
cc93a11a0e	적의 강함에 걸맞은 상품을\n받을 수 있어요.%b
46f52e50c4	대신, 말하기 좀 그런데,\n잘못하면 목숨을 잃을지도 몰라요.%b
a360491667	자기 실력을 시험해보는 게\n어때요？%b
77fa46060b	아앙, 또 지진～？\n아, 진짜 짜증나！%b
7258966045	얘들아！\n익시즈 수리를 서두르자！%b
a74b19432b	나가시겠어요？
fbcd5915eb	술집
9103a53d3f	평화로워졌으니,\n슬슬 조용히 놔두자고.%b
26c39d5046	지금은 주인을 놀릴 때가 아니야.%b
42a15dc52c	뭐, 장사 잘되는 것 같네.%b
b96be77d4f	그 일 아직도 신경 쓰고 있구나.%b
0056fa222f	그렇지.%b
4ecffbae07	볼일도 없으니,\n이대로 돌아가자.%b
23c49e5612	어서 옵쇼.%b
9df5d8ec67	・！！%b
7c1057396b	아, 일단, 차로 할게.%b
4e8eca96fe	알겠습니다.\n차로 괜찮으신가요？%b
5b3375098c	인원수대로 부탁해.%b
9e6dcef2cb	허, 이게 술집인가・。%b
def353ec0a	왠지 어른이 된 느낌이야.\n가슴이 두근두근해.%b
ca76a68b36	아, 진짜다！\n뮤 가슴이 두근거리고 있어！%b
27cfc93d59	러스티・그 손은 뭐야？%b
0caca71c8d	어라？%b
6ef17292c8	러스티・。\n・코에 뭔가 묻었어？%b
206a5b108c	어, 뭐？\n코에 뭐？%b
817210ec86	안면 편치！%b
8b9ca20575	으억！%b
f5f92b25e6	그렇게 될 걸 알면서\n쓸데없는 짓을 하니까 그렇지・。%b
5ba7597c1c	흠, 젊음이란\n때로 무모한 법이지・。%b
a51ef2e342	오래 기다리셨습니다.%b
5bfed9443a	자, 일단,\n차라도 마시고 마음을 가라앉히자고.%b
c1cd00a6e9	그럴게, 인 거야.%b
7bf7e1a049	잘먹겠습니다～☆%b
495525730b	응, 맛있어.%b
cf26195321	흐음, 특이한 맛이 나네.\n마을에서는 못 마셔본 맛이야.%b
0ac0e0ec26	이게 도시의 차인가？%b
0a54c82366	음？\n이건・！%b
835826d27e	뮤, 러스티, 나즈나 마시면 안 돼！%b
ec6cf36adb	뮤, 러스티 마시면 안 돼！%b
ff32622513	엣？！%b
bf7bb48790	아, 맛있었어・。%b
9483be8fe4	그릉～。%b
aacf38d8e4	러스티는 갑자기 잠들었다.%b
1f83e54a37	자, 잠깐, 러스티！？%b
b5ad9bbc64	아・왠지・갑자기・\n졸음이・。%b
54550125fa	뮤는 잠들었다.%b
541f1a01e5	다들 왜 그래, 인 거야？%b
c6ef27d65b	・어, 어라・？%b
d4f005e727	나즈나도・졸려・\n졌어・인 거야.%b
4d2fade28c	나즈나는 잠들었다.%b
acb77f04a8	다, 다들！\n왜・이・。%b
7ffa648466	음・,\n약・인가・。%b
851aaa2ca0	카무이는 잠들었다.%b
a061ed53d1	젠장！%b
0ccdd9ba47	역시 수면제가\n들어 있었나・！%b
db1964e4d6	저희 가게 특제 양념입니다.%b
e0ba018762	무슨・속셈・이냐！%b
ee2c31f4d2	당신들한테 원한은 없지만서도,\n카달 군한테서 수배서가\n돌고 있어놔서요.%b
9a80562350	산 채로 잡으면\n꽤 짭짤한 상금을 받거든요.%b
197811df9b	배신・자・め・！%b
9b42b7be41	싫지만, 별수 있나요.%b
ab02165196	아스카는 잠들었다.%b
ecac25d06d	여기까지 버티다니！\n역시 이가 최강의 시노비구먼.%b
db89dc7c84	자, 그럼,\n카달 놈들한테 넘겨줄까.%b
850207d75d	아이고, 아직 젊은데,\n분명 죽임당하고 말겠지.%b
48c4281d54	귀신이 돼서 나오지 마.%b
19e6f8c347	예, 어서 오세요・。\n앗！%b
a34e5d6952	이 자식！！%b
a92e206c2b	뻔뻔스럽게, 이런 데서\n장사나 하고 있었냐！%b
2db535817b	히이이이잉.\n제, 제발, 목숨만은 봐주세요！%b
bf93d8c51e	목숨만은, 이라고！？\n네놈 때문에, 우리는！%b
357d20c6b8	아～짱, 기다려！%b
5a0798fd60	이것도 이 난세가 나쁜 거야.\n의적이었던 나는 알아・。%b
b587497bdc	쌀 한 줌을 사는 데도 다툼이\n일어나・。 이 상황을 생각해줘！%b
4468580cc9	맞아.\n이런 상황을 만든 건, 카달이야！%b
4b6c167708	약자가 강자한테 휩쓸리는 건 어쩔 수\n없어. 나도 겪어본 일이야・。%b
90acde1079	우릴 속이긴 했지만,\n이렇게 무사했고,\n시라나미짱이랑도 만났잖아.%b
974d5b53c3	그런 거지.%b
a62ce124d5	그러니까, 응, 아～짱,\n용서해주자・。%b
477868f1bc	시라나미！\n아스카한테 붙지 마～！%b
15f2b1cc98	알았어, 알았어！\n알았으니까, 좀 떨어져！%b
e151cf3eea	목숨 건진 줄 알아！%b
4f39699e89	하지만, 한 번 더, 이런 짓을\n하면, 그땐, 관 속에 처넣어주마！%b
c1d11b3173	알았냐！%b
8716efc406	가, 감사합니다！\n정말 감사합니다！%b
8e5f2ad6a3	그럼 됐고.\n두 번 다시 까불지 마.%b
2574a278a9	예, 예.%b
f297eb9587	또 이용해주시길\n기다리고 있겠습니다.%b
02f925ba48	제법이네.%b
44976205eb	어때, 착실히 하고 있냐？\n제법 장사 잘되는 것 같은데.%b
2ccf29fa88	봐, 저기！%b
a685acad5a	마음을 고쳐먹고\n제대로 일하고 있는 것 같네.%b
b943c42282	・정말이네.%b
7519b2e3ec	・볼일도 없고, 방해하면 미안하니까,\n이대로 돌아가자.%b
96198eef65	고죠 대교는\n현재 이용할 수 없습니다.%b
303d7784e0	여기가, 야마타이 최대 도시,\n고죠야.%b
84bb00f8a6	허, 지금까지 지나온 마을보다,\n확실히 크네！%b
4a23a79109	퀸즈랜드나, 드래군도\n꽤 크다고 생각했었는데,\n다른 데도 이렇게 큰 마을이 있구나.%b
acd15ab0b6	나즈나는 마을보다 초원이 좋구나.%b
dd449da780	분명 훌륭하긴 하지만,\n역시 내가 익숙한 곳이,\n제일 편안하네.%b
0a786a6b7e	이렇게 큰 마을이니까,\n분명, 우리 동료가 돼줄 사람이\n있는 게 틀림없어！%b
e63d817c39	그러면 좋겠구먼.%b
dc88408ba0	읽기
cdb15a4959	안읽음
cdd156fdde	이런 곳까지, ７인위원회의 영향이.%b
654658a876	도서 정리 중이라\n출입금지입니다.%b
fb1f9a82b8	공개할 예정은 없습니다.%b
cef60af551	%H%m1%V100［%m0관장%m1］%V0%m0\n
5251e073d3	앙주！\n대체 어딜 그렇게 쏘다니는 거냐！%b
e3f3673e5d	정말이지 넌 왜 이런 애냐！%b
36eabe3331	７인위원회에 반항하고,\n감옥에서 빠져나오고・。%b
1651c68939	이 알렉트리아 대도서관의\n무투사서관으로서 자각은 있는 거냐！%b
d384f7024d	저는 제가 옳다고 생각한 일을\n할 뿐이에요.%b
1a87178d11	네 얕은 지혜로는,\n위원회의 뜻을 이해 못 할 거다.%b
b97597a167	모든 건 대사 위한 소사일 뿐이야.%b
592db0da55	제 일은 제가 정해요.%b
1d8ef443c6	그래서, 그쪽 분들은？%b
711fbb1226	드래군의 뮤예요.%b
86bf44087b	앙주 님한텐,\n위험할 때 도움을 받아서・。%b
a1c6710e46	・앗！\n너는！%b
787c2dfec1	무슨 일이죠？%b
52be2a62cd	아니, 아, 아무것도 아니오.%b
ae4b41c2a0	앙주랑 탈주했다는 이야기를\n들어서 말이지.%b
bd05d6646a	그렇다면 잘됐네요.\n여쭤보고 싶은 게 있는데요.%b
c50686f73c	무슨？%b
08dc207352	야마타이의 게텐성에서,\n갈자드가 작동시킨\n이상한 장치에 휘말렸어요.%b
754bd51e97	정신을 차려보니,\n전혀 모르는 곳에 있었죠.%b
ef127c545c	그건 대체, 뭐였을까요？%b
b1425e2911	그건, 카오스게이트라 불리는 것이다.%b
3ce495de66	카오스게이트는 마법 전이장치다.%b
8e465ea898	순식간에, 다른 장소의 카오스게이트로\n이동할 수 있지.%b
bb98b135e1	카오스게이트 이동엔,\n게이트키라 불리는 아이템이 필요하다.%b
b75b3f9ef8	게이트키가 없으면, 작동하지 않아.%b
b75063f529	그렇군, 그래서 뮤가 사라진 뒤,\n그 이상한 장치 위에 올라타도,\n아무 일도 없었던 건가.%b
859c816ca1	게이트키인가・。%b
66c86bac87	그건 그렇다 치고.%b
c1bb585c66	앙주, 애들 같은 영웅놀이는\n이제 졸업해라.%b
d98e1cff15	넌, 이 알렉트리아 대도서관을\n이어받아야 한다.%b
7eae307618	관장으로서 필요한 것들을\n배우기 시작할 시기라 생각하는데,\n어떠냐？%b
770c8c34b0	저는,\n이런 곰팡내 나는 책들과 함께,%b
7fb873d847	어두컴컴한 서고에 갇혀 지내는 건\n사양이에요.%b
ae5abf51da	지식은 세상의 빛이다！%b
dab7f94d38	몇 세기 걸쳐,\n고생하며 온갖 문헌 조사하고,\n해독하고, 분류했다.%b
7755585551	그렇기에, 우리 마도왕국 카달은,\n다른 어떤 나라보다도 뛰어난\n마도문화를 쌓아올릴 수 있었던 거다！%b
7a12f7b993	그게 어쨌다는 거죠？%b
a26efd1704	이번 리그로드・야마타이 제압은\n분명 ７인위원회의 폭주예요.%b
b8e2cf0d24	그걸 막지도 못하면서,\n무엇을 위한 지식인가요！%b
cb3b4bc832	무엇을 위한,\n알렉트리아 대도서관인가요！%b
e923ec97f8	애초에, 알렉트리아 대도서관은,\n과거의 지식을 보존함과 동시에,%b
e0c8ac1db1	폭주를 막는 억제력으로서\n조직된 독립기관이어야 해요！%b
139ad1fc40	그런데, ７인위원회가 시키는 대로면,\n선인들 볼 낯이 없잖아요！%b
9bedcf749a	이런！%b
aa51daca22	딸이라 생각해 오냐오냐 했더니,\n건방지구나！%b
83258ee465	・이제 됐다.%b
eca3d5b626	너 같은 어린것한텐,\n아무것도 할 수 없단 걸,\n몸소 뼈저리게 깨닫게 해주마.%b
b32c6c6654	오늘부로, 알렉트리아 대도서관\n무투사서관 지위를 박탈한다.%b
d04ac02233	어디든 가서,\n헛소리나 지껄이고 있어라！%b
134489531e	후회하실 텐데요, 아버님？%b
369d0f931b	내가？\n바보 같은 소리 마라.%b
30d6902974	자, 냉큼 나가라！%b
ae1b9ba5a2	두 번 다시 관장실엔\n못 들어온다 생각해라！%b
94843d2fcb	알렉트리아 대도서관 관장 자리도, 너\n말고 다른 누군가가 앉게 될 거다！%b
923d0914d3	나가라！%b
827cb12f1c	아니면, 다른 무투사서관 불러,\n힘으로 쫓아내주길 바라는 거냐！？%b
fbb8c6769d	아버님, 아니 관장님.%b
f5d597de06	저를 힘으로 쫓아낼 만한\n실력자가 계신가요？%b
bf8e278d6e	닥쳐라！\n됐으니 나가란 말이다！！%b
6175ad19af	・후우.%b
ce21b11c4e	앙주・。%b
6f7c030f1f	이봐, 사과할 거면 지금이 기회야.%b
f70a3b8982	사과라니 아버님께？%b
dd775d2600	그래.%b
f8124aa4b8	뭐, 솔직히 말해서,\n네 아버지가 하는 말은 마음에 안 들어.%b
10fa629037	하지만, 그거랑 가족은 별개야.%b
84c064da4f	앙주,\n가족을 가진 사람으로서,\n충고해주지.%b
04f0e69a1e	후회하기 싫으면,\n가서 사과하고 와.%b
753d71cc4b	난 말이야, 싸우고 싶어도\n가족 같은 게 없거든.%b
1eb6d1033c	그렇지, 아～짱.%b
3709da3d12	아, 그랬었지・。%b
387f3bf1ba	나즈나도,\n뿌리 없는 외톨이인 거야.%b
c3556c9006	뭐냐, 나즈나！\n칙칙한 얼굴 하지 마.%b
68cd1f52e7	우리가 있잖아！%b
70ea199842	・아스카・。%b
a9ac82780c	아앗！\n뭐야, 뭐야, 둘만의 세계 만들고！%b
b32be7fcc6	아스카・。%b
2742519cb6	응？%b
4d91f00586	나즈나, 쓸쓸한 거 인 거야.\n그러니까・。%b
761b8c0d27	왜？%b
94a47bdb8b	신부로 삼아줘 인 거야.\n애 잔뜩 낳고 대가족 사는 거야！%b
e8a16b9ac3	그럼 쓸쓸함 안 느껴 인 거야！%b
4a0e0b1c66	앙？%b
3f18d4d154	이놈！\n사람이 가만있으니까 우쭐대고 있어！%b
4726910a03	도둑 주제에 몫을 넘보다니,\n가소롭기 짝이 없다니까！%b
2bc27678ef	아스카는 내 거야！！%b
650186e2ac	뭔 헛소리를 하는 거야, 인 거야！\n나즈나 거인 거야！%b
5e71760469	아스카, 시라나미 괴롭혀 인 거야～☆%b
611faaa494	아스카아, 나즈나가 심술부려어.%b
41c559da02	됐어, 안 들을 거다！\n하나도 안 들을 거야！%b
782ffe449e	흥！\n사랑 따위 시시해요.%b
18df891234	뭔가, 갑자기？%b
6d83dadba8	시시해요.\n시간 낭비예요.%b
04a9fa3c4f	너도 언젠가 알게 될 때가 올 거야.%b
6eb9b85f02	지식보다 소중한 게,\n이 세상엔 있다는 걸.%b
917fe5a8af	그게 사랑이라 말씀하고 싶은 건가요？%b
336d54952f	그렇게 딱 잘라 말 안 해도 되잖아？\n일부러, 그 단어는 안 썼는데.%b
7523b08478	어머, 어째서죠？%b
691c7e7297	・부끄럽잖아.%b
a51f29ff82	카무이 씨는・。%b
c1482f3f38	겉보기엔 좀 무서워 보이는데,\n실은 정말 귀여운 분이시네요？%b
9dd09066fa	연하 여자애한테\n귀엽다는 말을 들어도 원・。%b
4b6378a7dd	후후후☆%b
61bbada42c	・하아.\n히바리는 잘 지내고 있는지 원？%b
4cad33a9c3	괜찮을 거야！\n나이에 비해 야무진 애였으니까.%b
b2661a0507	그러면 좋겠는데요.%b
6b32405f32	아버님이랑 이런 다툼을 하는 건\n늘 있는 일이에요.%b
7e992c3ec7	다들 걱정 끼친 건\n죄송하지만요.%b
d517b19dbf	며칠 지나면,\n먼저 물러서실 게 뻔해요.%b
53f14bf7df	애정이 시키는 일이란 건가？%b
82a49b7d4c	그렇네요.\n그 표현, 마음에 드네요.%b
b930d259c3	이 알렉트리아 도서관에서\n정보를 얻길 기대했는데・。%b
ab669e9c73	이 상황으론,\n문헌 조사는 무리 아닐까？%b
da95c2c961	괜찮아요.%b
ca99c3bd36	문헌이 쌓여 있는 곳은\n관장실만이 아니거든요.%b
679b3cdcae	지금도,\n관장실 말고는 둘러볼 수 있어요.%b
9159676781	그럼,\n관장실 말고서라도, 조사해두자.%b
ad854dbd94	앙주 아버님이 만나줄 리 없을 텐데\n・까？%b
5889eafc3d	부자싸움은 개도 안 먹는다잖냐.%b
caf1a98e6e	그건, 부부 싸움 아니야？%b
583fe83cf2	어, 그런가？%b
147cde9477	그래！%b
6c14c988b3	뭔가 분한가 보네. 아스카랑 시라나미\n사이좋게 싸우는 거네！%b
6f08336df9	아스카는 잡혀 사는 타입이구나.%b
a9fae723e2	너도, 그리 멀지 않은 미래에,\n아스카랑 같은 처지 되는 거 아니냐？%b
60e0ed0117	역시, 그렇게 생각해요？%b
a61c11f12f	뭐, 나도\n나이를 헛먹은 건 아니거든.%b
8afa985b37	・하아.%b
7e660fa4cc	응, 뭔 얘기？%b
1efd56d509	아무것도 아니야.%b
c61067d586	그보다, 조금 더 시간을 두고,\n서로 머리가 식을 때까지\n기다리는 게 좋겠어.%b
1114b6f43e	다들 사이좋아서 좋네요.%b
03506047ea	뭐, 확실히, 어떤 의미로는,\n사이좋다고 못 할 것도 없겠지만.%b
51622bb726	조금 더 시간을 두자.%b
248b5f240a	서로 머리가 식을 때까지\n기다리는 게 좋지 않을까.%b
7eefc9526e	관장님？%b
c0fda22cca	안 들리시나？%b
ffed1f307d	그럴 리 없어요.\n관장님！%b
af05f04791	있잖아, 문 열려 있는 것 같은데？%b
860e78bbea	드디어 제 생각을\n인정해주신 걸까요？%b
84cbbe63ea	아무도 없는 것 같네.%b
e8b939e858	이상하네요.%b
6b2958cb05	관장실엔 중요한 서류도 많은데\n문이 안 잠겨 있다니・。%b
1541183035	그러고 보니 가끔, 이런 식으로\n아무도 없을 때가 있었어요.%b
0821171de9	어김없이, 뭔가 무거운 걸\n끄는 듯한 소리가 난 뒤였죠.%b
e522f3850a	어딘가에,\n뭔가 장치가 있는지도 모르지.%b
1191290218	뭐가 됐든 잘됐네요.\n이 틈에 안을 조사해봐요！%b
49a1b8bf1b	확실히, 흔치 않은 기회야！%b
2dde38003e	７인위원회가 찾던 정보가,\n발견될지도 몰라.%b
84828263b5	근데,\n제멋대로 조사하다가, 혼나지 않을까？%b
2efc4d01e5	문 잠그는 걸 잊은 쪽 잘못이에요.%b
d4795218a2	다만, 필요 없는 물건엔, 되도록\n손대지 않도록 해주세요？%b
613883260d	역시 아무도 없는 것 같아.%b
2aaebef2a5	이상하네요・。%b
7887e2a6d4	제멋대로 조사하다가,\n혼나지 않을까？%b
1bd363032f	어쩔 수 없어요.%b
8d512d0f8c	일단, 관장님한테\n인사부터 드리고 하자.%b
4dcdcb1163	지하열람실 들어가시겠어요？
a3058503e5	움직인다！%b
df3fbcfbf7	지하 계단을 발견했다！%b
c8c105c98e	이건！%b
befe6af5f2	어디로 이어지는 걸까？%b
28ea408e75	앙주, 뭔가 알아？%b
2ffdcfe67b	이런 게 있다니,\n저도 처음 알았어요.%b
7c57df2795	어쩌면, 소문의 지하열람실로\n가는 입구인지도 모르겠네요.%b
c5d5bf3e7d	그걸 알아보는 제일 빠른 방법은．．．\n직접 들어가보는 거지.%b
e1fbc6284f	위험은 없을까？%b
f90ffd55ed	글쎄, 어떨까？\n여기 정치는 좀 복잡한 것 같으니까.%b
a4c0222203	들어가보지 않으면 모르는 건가.%b
f0d937fa51	읽으시겠어요？
677d8cc071	카달은 세계 남쪽 대륙입니다.%b%h
9636f59e2e	다른 대륙보다 떨어져 있어서인지,\n교역이 그리 활발하진 않습니다.%b%h
edaf40b80d	「좋은 꿈, 여행 기분～카달편」１%b
48a2c558eb	카달은, 과거 번영했던 고대마법문명의\n중심지라고 소문이 있습니다.%b%h
97c9dfdcc9	그런 만큼, 각지에\n유적이나 전승이 많이 보입니다.%b%h
9008da41c7	「좋은 꿈, 여행 기분～카달편」２%b
ab74235d4c	카달은 예로부터, 마법력이 높은\n자가, 요직에 올라왔습니다.%b%h
950ba59420	카달을 다스리는 최고기관은,\n７인위원회라 불리는 정부기관입니다.%b%h
31dc5667a6	「좋은 꿈, 여행 기분～카달편」３%b
730ebc9b45	카달에서는, 그 독특한 발전을 보인\n문화풍토 탓에, 지식을 무엇보다\n중시합니다.%b%h
385a35eedd	７인위원회와는 별개로\n「알렉트리아 대도서관」이란\n독립된 문화행정적 기관이 있습니다.%b%h
ef631acfb0	「좋은 꿈, 여행 기분～카달편」４%b
1808bca70a	카달엔, 나라에서 가장 우수한\n마도사들로 이뤄진, ７인위원회라\n불리는 정치기관이 있습니다.%b%h
737092225b	이 ７인위원회 권한은 절대적이라,\n타국 원수에 상당한 권한을 가집니다.%b%h
c516f5fe00	이는, 고대마법문명 시대까지,\n근원을 거슬러 오를 수 있을 만큼,\n오래전부터 이어진 정치형태라 합니다.%b%h
1ed541cb0f	「뻗어나가는 카달」１%b
6e910d663e	７인위원회는,\n공동으로 국가 정치뿐 아니라,%b%h
e801005ed4	군사나 사법 등을 처리할 수 있어,\n국내에 큰 영향력을 가지고 있습니다.%b%h
73350ab689	하지만, 이는 어디까지나 국민 여러분\n더 나은 생활을 지키기 위한 것이며,%b%h
02fe33b3a3	결코, ７인위원회 구성원들의\n사리사욕을 채우기 위함이 아닙니다.%b%h
3077a0507d	「뻗어나가는 카달」２%b
6b0c129740	카달의 정치적 중심기관으로서,\n７인위원회는 활동하고 있습니다.%b%h
c96b67f291	하지만, ７인위원회를 비롯한, 모든\n정치적 기관으로부터 독립한 존재로서\n알렉트리아 대도서관이 있습니다.%b%h
f918522a79	양자「지식이 유능한 결과를 만든다」,\n「유능한 결과서 지식이 생긴다」로서,\n서로 감사역으로 기능하고 있습니다.%b%h
b4a3938725	「뻗어나가는 카달」３%b
29097a2588	오래전 번영해, 어느 날 갑자기\n멸망한 전설의 문명이 있었다.%b%h
54e0c49a8a	흔히 고대마법문명이라 불리는 문명은,\n지금 우리가 쓸 수 있는 신비의 힘,%b%h
6f5d21e226	즉「마법력」을\n만들어낸 사람들의 문명이다.%b%h
d533388ab1	팔코 저\n「오버테크놀로지스」%b
e96050377e	고대마법문명 멸망 원인은 불명이나,\n어떤 거대한 초자연적 힘에 의해%b%h
64b5cb8bbe	천재지변이 일어난 것은 아닌가\n하고 추측되고 있다.%b%h
edf8774800	하지만 상상의 영역을 못 벗어난다.%b%h
ce38bdd989	지금, 카달에 존재하는 태고의\n유적은, 한때, 고도의 마법과학이\n존재했다는 실증에 다름 아니다.%b%h
896cdc167c	이들 모두, 이 고대마법문명의\n흔적이라 할 수 있다.%b%h
be418c194a	카달에서,\n７인위원회와 맞먹을 만큼 중요한 지위를 차지하는,%b%h
d23c9ded2a	알렉트리아 대도서관을 관리하는 것이\n무투사서라 불리는 강자들이다.%b%h
9fb35e5659	「무투사서 취직록」１%b
185553eaaf	알렉트리아 대도서관의 무투사서는,\n그 지식과 마법력을 융합시켜\n사서무투법이란 독자 기술 만들어냈다.%b%h
4be6e5876d	「무투사서 취직록」２%b
5a0bec2d3a	사서무투법은, 정령의 힘을 빌려\n자기 모습을 바꾸는 정령주법과\n통하는 부분이 있다고 한다.%b%h
4db09ed269	하지만, 그게 사실인지 아닌지\n실증한 자는 없다.%b%h
50c870f80e	「무투사서 취직록」３%b
98cfe5e94b	잊혀진 도시 그래비티 앞바다 해저에\n고대마법문명 유물 배 가라앉아 있다.%b%h
dec48d5af6	고대마법문명 붕괴 후,\n그곳은 인근 주민들 손에,%b%h
c99a5f0a58	해저신전이라 불리는 신앙 대상이\n되어, 지금에 이르렀다.%b%h
ee539eaa06	해저신전에 안치된 성스러운 제단은,\n가라앉은 배의 기동장치다.%b%h
1ee2dffecb	・라고, 전해지지만,\n실제로 확인한 자는 없다.%b%h
ccd2a849bc	왜냐하면 고대마법문명 유산인\n마법구슬이 필요하다고 여겨져서다.%b%h
d9970a2845	나는 위스코.\n한때, 운해의 현자라 불리던 마도사.%b%h
74adb0d590	마법이란 힘을 가진 사람으로서,\n그 힘의 근원 되는 부분을\n내 나름대로 밝혀내고자 한다.%b%h
316565c829	위스코 저,\n「마법과학 입문」%b
78269660bb	양과 음, 암흑과 빛이 겹칠 때,\n큰 힘을 만들어내듯이,%b%h
d6a03527ba	마법력의 근원은, 이 세계를 구성하는\n속성과 다른 자질을 지니고 있는 듯이\n느껴진다.%b%h
141e3e618f	나는, 마법력의 근원이라는 것에\n관해, 다음과 같이 추측해보았다.%b%h
5ab344b951	우리가 속한 이 세계완, 속성이 다른\n세계에 근원을 둔 힘이 있다.%b%h
0ca3471f14	마법을 행사한다는 것은,\n곧, 그 사람의 정신력을 매개로,\n이계의 힘에 작용함으로써,%b%h
3b16ea5696	우리가 속한 이 세계에서,\n물리적인 영향력을 행사하는 것,\n그 이상도 이하도 아니다.%b%h
c4d5f3e0e1	위스코 저\n「마법과학 입문」%b
d01e4d36da	익시즈가 날 수 있게 되면,\n이 이야기를 떠올려주면 좋겠다.%b%h
2bebfe3018	야마타이에 있다고 한다면,%b%h
d025fef494	익시즈로 서쪽・동쪽으로 가면\n머잖아 리그로드에 이를 것이다.%b%h
ef12e47dc0	북쪽・남쪽 가면, 카달에 다다른다.%b%h
50bf3169ca	카달에 있다고 한다면, 서쪽으로 가면\n리그로드에, 동쪽으로 가면 야마타이에\n이를 것이다.%b%h
070b4551e5	그리고, 리그로드에 있다면,\n동쪽이나 서쪽으로 가면 야마타이에,%b%h
c95d0fbbb5	북쪽이나 남쪽으로 가면 카달에\n다다를 것이다.%b%h
34f888578f	그래비티 장로 저\n「그래비티 장로 어록,\n만약 익시즈로 하늘 날 수 있다면」%b
201d81ca9b	보름달은 창백한 빛 화살이 되어,\n우두커니 선 검사를 비춘다.%b%h
dfdf8b85a1	희끄무레한 모습을 드러낸 검사는,\n모래시계처럼 호를 그리는 몸의 곡선과\n풍성한 검은 머리를 지녔다.%b%h
8d2d938eba	검은 머리 여검사, 뇌광의 아야라고,\n그녀는 불렸다.%b%h
03b607d062	벨세타 저, 모험활극 검호전\n「미소녀 검사, 검은 뇌광」제１화.%b
5c1aa25795	문득, 아야의 무방비한 등을 향해,\n살기가 밀려들었다.%b%h
89f87f7fe5	달빛에 눈을 번뜩인 수상한 그림자가,\n아야에게 흰 칼날을 번쩍였다.%b%h
c727f986d7	하지만, 아야는, 입꼬리를 살짝 치켜올리고,\n소리 없이 씩 웃었다.%b%h
5caaf722ab	그것은, 고양잇과 맹수 연상시키는,\n위험한 표정이었다.%b%h
4b339d7dd7	벨세타 저, 모험활극 검호전\n「미소녀 검사, 검은 뇌광」제２화.%b
c745bb01b6	바람을 가르며, 흰 잔상과 함께\n덮쳐드는 검을, 작은 동작으로\n피하고, 매끄럽게 몸을 바꿔넣는다.%b%h
4c95838e3c	눈에도 안 보일 속도로 허리춤 검을\n뽑자마자 코등이가 울리고, 검은 이미\n칼집에 있었다.%b%h
a4a728de09	「잊지 마라, 내 이름은\n뇌광의 아야.%b%h
54c187cf8c	네깟 놈의 검으로는,\n나를 쓰러뜨릴 수 없다」%b%h
e9e81a5391	아야의 목소리가,\n칼처럼 밤을 갈랐다.%b%h
b07a9df310	남자는 말없이 쓰러졌다.%b%h
ea7a82b728	벨세타 저, 모험활극 검호전\n「미소녀 검사, 검은 뇌광」제３화.%b
e382dd3330	「말도 안 돼, 살아있었나！」\n아야 목소리에 공포가 섞였다.%b%h
b7424387a3	그 남자는, 분명 그 보름달밤,\n자기 손으로 쓰러뜨렸을 터였다.%b%h
732eea11d9	「분명, 그때, 내 손으로・」%b%h
923a1d2f19	하지만, 아야의 말 뒷부분은,\n꾸르륵 하는 소리가 되어,\n목구멍 깊이 걸려버렸다.%b%h
097ae4691a	남자의 뼈만 남은 손이, 아야의 목을 파고들고,\n인적 없는 심야 거리에,\n아야의 목뼈가 삐걱대는 소리가 울렸다.%b%h
b2250236a8	남자가 귀에 거슬리는 웃음소리 내며\n젖혀지자, 암흑 로브 후드 벗겨지고,%b%h
de80d28e6b	뼈와 가죽뿐인 얼굴 드러났다.%b%h
b5fdc84472	벨세타 저, 모험활극 검호전\n「미소녀 검사, 검은 뇌광」제４화.%b
19ae8e1e4b	남자는, 레이스로 변해 있었다.\n죽으면서 살아가는 언데드・。%b%h
4c4052fd48	희미해져가는 의식 속에서, 아야는\n물었다 그 불사의 이유를.%b%h
d9f8e3add3	남자는 의기양양히 얘기했다.\n「나는 마제께 불사술을 받았지.%b%h
691ea51dac	나를 쓰러뜨릴 순 없다.\n밤의 어둠 속에 있는 한은！」%b%h
3d7c9d72bb	그 한마디야말로, 아야가,\n목숨을 걸고 기다려온 한마디였다.%b%h
609b49d393	아야는 입꼬리를 살짝 치켜올리며,\n늑대 같은 송곳니를 드러냈다.%b%h
aaadf9798e	「뭐가 우습냐！」\n레이스가 된 남자가 외쳤다.%b%h
6161f26ca9	그 목소리엔 순전한 광기가 있었다.%b%h
19e0393e37	벨세타 저, 모험활극 검호전\n「미소녀 검사, 검은 뇌광」제５화.%b
0a575ea8b1	「내가, 왜 뇌광이라 불리는지,\n그 이유를 가르쳐주지・」%b%h
40df49c4a8	대지 프라나를 흡수해, 등줄기 따라\n프라나를 차크라로 흘려넣는다.%b%h
79c80216ea	아야는 떨리는 손으로 남자 이마\n붙잡고, 차크라로 증폭한 빛의\n프라나를 손바닥에서 방출했다.%b%h
64cecff426	남자 몸에 전류가 흐르고,\n절규와 함께 눈부신 빛에 휩싸여,\n증발했다.%b%h
1be0e8abca	「이것이 아버지께 물려받은 오의,\n천무광륜참」%b%h
279e92faff	지쳐 쓰러지는 아야를,\n밝은 태양이 감싸안았다・。%b%h
83b5260afd	벨세타 저, 모험활극 검호전\n「미소녀 검사, 검은 뇌광」최종화.%b
1dba76d9eb	%H%m1%V100［%m0사서%m1］%V0%m0\n
73fed5b7a4	알렉트리아 도서관 환영합니다.%b
a1ef8e0fd4	각지에 전해지는 전설과 전승에\n숨겨진, 수수께끼 연구자료들은,%b
79e0adbccc	중요한 세계적 자산으로,\n인정받고 있습니다.%b
1488cfdb07	저희 도서관이 자랑하는,\n풍부한 서적들을,\n꼭 둘러봐주십시오.%b
2feecce6e2	책상 위에 편지 같은 게\n놓여 있어.%b
c8ef163ce9	사서가 말한 게, 저건가.%b
b667138232	수신인이 적혀있네？%b
ad866fbad0	앙주에게, 인가.%b
ade5e6f2c6	봐, 멀뚱히 있지 말고,\n읽어봐, 앙주！%b
c762e7b892	어, 네.%b
69054b9424	이, 이건！%b
20a18725ea	뭐라고 쓰여 있어？%b
998918f45d	・앙주에게.%b
868663f724	알렉트리아 대도서관 관장이자,\n네 아비인 이 몸은,%b
250b175119	７인위원회의 수장임을,\n고백한다.%b
df9407173f	뭐라고！！%b
4c3e8becb9	아, 앙주 아버지가,\n７인위원회 수장이라고！%b
b282fbf282	어떻게 된 거야！？%b
4c4d8e1805	어쨌든, 계속 들어보자.%b
c4ec0d48da	７인위원회의 진짜 목적은,\n미지의 세계 카칼클랜과,%b
efe0e631ee	그곳에 있는 힘,\n카오스를 연구하는 것이었다.%b
d113f7614b	그래서？\n그래서 어떻게 됐어, 앙주？%b
6ad42b47f4	우리 ７인위원회는, 우수한 두뇌와\n풍부한 문헌이 모여 있는%b
09423e99f1	알렉트리아 대도서관을 손에 넣고,\n수수께끼 해명에 나섰다.%b
d379054693	나는, 도서관장에 취임해,\n카칼클랜과 카오스 힘의\n수수께끼 해명에 몰두했다.%b
edd6a3abc3	연구는, 지극히 곤란했다.%b
77d179a4d1	때론 막혀서, 애써 쌓아올린 것을\n전부 무너뜨리고, 처음부터 다시 하는\n일도 적지 않았다.%b
3768c72b51	어렵기는 했으나, 학자로서 나는,\n무엇보다도 연구를 사랑했다.%b
ddc4297b58	어느 날, 여느 때처럼 연구하다가,\n문득 정신 차려보니 몇 시간 지났다.%b
2fe8ed363b	처음엔 졸았나 싶었다.%b
901f6606f0	하지만, 점차,\n내 안에 또 한 사람의 내가 있음을\n깨닫게 되었다.%b
415a6e37b7	또 한 사람의 나는 악이 지닌 의미를\n그대로 형상화한 인물이었다.%b
7b56f86189	그의 마음은, 지배・정복・전쟁・파괴에\n더없는 기쁨을 느꼈다.%b
3fb6b7ad28	하지만, 그것도 이것도, 나라는\n인간의 또 하나의 민낯일 따름이다.%b
9fb1f5a879	내 안에 숨겨져 있던 시커먼 욕망이,\n카오스 힘 연구로 표면화됐을 뿐이다.%b
ee74c85974	스스로 못 다룰 힘 탐해선 안 된다.\n카오스 힘 그 자체로 강한 마력이다.%b
f3867740ce	너무 강한 힘이기에,\n그걸 손에 넣은 인간이%b
7b31ce28c2	자신의 욕망을 위해 쓰려는 것을,\n막기란 어려울 것이다.%b
395b29cc41	나는, 나 자신을 멈출 수가 없다.%b
2b1c3a0ad5	카오스 힘의 유혹은,\n나를 둘로 갈라놓고 말았다.%b
b1eb2574ef	마침내, 카오스의 힘을 얻기 위해,\n카달의 군대를 각지에 파견했다.%b
2190adbf53	먼저 야마타이를 침략해,\n겐유사이 전설을 이용해,%b
d32b860ebe	차원의 문이 잠든\n리그로드 대륙을 함락시켰다.%b
47ff27dbe2	리그로드 대륙에서는,\n전력상 위협이 되는,%b
e3b2cfa4fa	드래군과 퀸즈랜드를\n기습으로 함락시켰다.%b
24cb1a1b69	나로 인해 흘린 피는 너무나도 많아,\n이 세상 사는 것도 용납 못 한다.%b
7110900743	잘 있어라, 딸아.\n내 삶은 스스로 막을 내린다.%b
f55d7b916c	알렉트리아 대도서관 관장 자리는,\n앙주, 너에게 맡긴다.%b
7bc628aa43	부디, 두 번 다시 나 같은 잘못을\n저지르지 않도록 사람들을 이끌어다오.%b
98aeeee1f9	이건, 카오스 힘에 대해 적힌\n책이다. 이 책 처분을 부탁한다.%b
153098e6b9	・나 같은 자도,\n죽으면 평안을 얻을 수 있을까.%b
1f40384d6d	내 영혼은 더럽다.%b
c09f6ecc98	나는, 불꽃과 마그마로,\n내 죄를 씻어내겠다・。%b
bf2362f4dd	・그럼, 이번엔 정말로 작별이다,\n내 사랑하는 딸아.%b
00f975636f	늘 사랑한다, 너에게・。%b
287fc13e51	７인위원회의 폭주엔,\n그런 사연이 있었던 거네・。%b
235a2d652f	・안 돼요.%b
631ac9adab	죽음으로 매듭지으려 하다니,\n그런 건, 용납할 수 없어요！%b
c5a8047c3e	죄는 죄로, 잘못은 잘못으로,\n속죄를 해야 해요！%b
1f35cfe150	그렇게 말해도・。%b
0da573535d	맞아, 관장님이 어디 있는지,\n알 수가 없잖아・。%b
a279a51a16	아뇨, 저는 알아요.%b
444dfda645	불꽃과 마그마로, 스스로에게 결말을\n짓는다, 라고 있어요.%b
59a92b7ac8	・아버님은, 지하통로에 계세요！%b
6bcc30e1ad	무슨 일 있어도, 막아야 해！%b
0f1fc38bb3	알았어・。\n가자, 다들！%b
9eb9d8d919	아, 앙주 님！\n과, 관장님 책상 위에・！%b
da6054f293	뭔가요・？%b
42f3498400	어쨌든, 봐주세요・！%b
e0ee3e5cbb	가자！%b
63f9588583	후우, ７인위원회 탑을 빠져나왔네요.\n자, 이제 어떻게 할까요？%b
aa07dffa76	동료들이, 날 쫓아서,\n분명, 여기까지 와줄 거야.%b
71cd1b44f1	배로 오신다면,\n항구도시 포포론에 도착할 거예요.%b
8990e3aab1	카달의 바다 관문이니까요.%b
20283e78ea	항구도시 포포론인가・。 그게, 어느\n방향으로 가면 되는 걸까？%b
bae86536e4	걱정하실 것 없어요. 포포론 근처까지\n저도 함께해드릴 테니까요.%b
6a3dc5d13f	나즈나도 수상했어 인 거야！%b
2cf511a6df	７인위원회의 방식에 반감을 품고,\n저희 활동을 지원해주시는 분들이\n포포론엔 많이 계시거든요.%b
28c45eec19	약속으로는, 서로 협력하는 건\n여기까지 라는 얘기였죠.%b
294c74f9da	저로서는, 앞으로 있을 산길을 지나\n포포론에 도착할 때까지,%b
3eafa6ab44	일시적인 약속을 이어가는 데\n인색하지 않을 생각이에요.%b
0f360966b3	어어, 그러니까 그건 즉・\n조금 더 협력하자는 얘기？%b
d29e5c8ab7	쉽게 말하면 그렇게 되겠네요.%b
95b2e66a04	설마 목숨의 은인인 저를\n이런 곳에\n내버려두시진 않겠죠？%b
26a745b18d	성격 한번 좋으시네, 정말・。%b
94ea0ca655	다들 그렇게 말씀하세요.\n이것도 인덕이겠죠.%b
4a3d3b51c4	그럼, 갈까요.%b
6559bc25b3	・예예.%b
94f7d0b656	생각보다 만만찮네요.%b
13c0b91906	여기서 우물쭈물할 순 없지만,\n조급해하면 안 돼.%b
75bf41c2b0	태세를 가다듬고, 다시 도전하자.%b
d988a240d4	동감이에요.%b
de22d97d80	용케 빠져나왔나 보네.\n무투사서, 강하구나.%b
901c88e44e	당신도, 제법 실력자네요.\n뭐, 저만큼은 아니지만.%b
9cdf265b79	・이제 어떻게 할 거야？%b
5f3d0498ed	일단, ７인위원회 탑에서 얻은 정보를\n포포론의 동지에게 전해야겠어요.%b
47de47dffb	그 후에, 당신 동료 찾기를\n도와드려도 좋고요.%b
bc56b367c3	물론이죠.%b
9b8c6bedb7	자, 갈까요.\n포포론은, 동쪽에 있어요.%b
1582114759	가자, 포포론으로！%b
c9321c91db	그럼, 저는, 여기서 잠시 실례해서,\n동료들에게 사정을 보고하고 올게요.%b
297559926d	나중에, 이 자리에서 만나요.%b
2f8ca62650	응. 그럼, 나중에！%b
2de4bbbb22	앙주가 동료에서 빠졌습니다.%b
7439f2e123	뮤！\n누가 있어！%b
6b8ab13789	누굴까・？%b
e2f9f80798	뮤！\n한참 기다렸어요.%b
ca8897e1c2	아무래도, 동료들과는\n합류하신 것 같네요.%b
1ec06066ed	앙주！%b
4c5129cb85	얘들아, 이쪽은 앙주.\n７인위원회 탑에서 같이 빠져나왔어.%b
95da38a09e	알렉트리아 대도서관\n무투사서 앙주라고 해요.%b
d4c3899505	다들, 잘 부탁해요.%b
7820f9760a	그래서, 이제 어떻게 하실 건가요？%b
b2650ca2b6	응, 먼저 갈자드와 결판을 낼 거야.%b
9f2ec587db	갈자드도, ７인위원회의 야망도,\n누군가는 부숴야만 하는\n위험한 것이니까.%b
e709902366	・반대는, 없겠지？%b
c8eefe8a6b	뭐, 그 누군가가,\n우리라 해도,\n불만은 없겠지.%b
b5ed208fa7	고마워.\n그렇게 말해줄 거라 믿었어.%b
edc2420311	용기사의 힘이 나한테 주어진 건,\n７인위원회나 갈자드 같은\n적을 쓰러뜨리기 위해서라 생각해.%b
f2e546aa19	나도 너희와 알게 된 뒤로,\n줄곧 생각해왔다.%b
fb0dacd2d8	이렇게 함께 여행하게 된 데는,\n뭔가 신비한 이끌림이 느껴져.%b
7ae8a439e6	그 이끌림이, 싸우라고 명하는 게 아닐까？%b
4fa397de99	숙명・,\n혹은 운명이란 놈인가.%b
257d8c94ba	운명의 실은 우리 사이를\n끊을 수 없는 깊은 인연으로\n이어주고 있어！%b
fa4b744e59	그치, 아～짱！%b
3cd8840f96	아스카는 나즈나 거인 거네！%b
04c69aee21	그럼,\n아～짱한테 물어보자니깐！%b
2abb2233ee	있잖아, 있잖아, 내가 더 낫지？%b
bc24cdad10	아스카, 어때, 어때？%b
4ef0543be0	상관없어.%b
a957099007	응, 뭐야, 심술쟁이！%b
a1b5b40165	・근데,\n그런 점도・\n좋아☆%b
9652bb3abc	아, 어수선한 틈에\n달라붙지 마, 인 거네！%b
d49986b259	왜, 난, 이런 꼴을\n당하는 운명인 거냐～？%b
b647df2121	토호호～・。%b
1bd069a8db	・그건 그렇고,%b
c5a492993b	우리가 하려는 일은\n마치, 사가 같네.%b
337466ae17	봐, 리그로드 대륙을 무대로 한\n전쟁이 여러 번 있었잖아.%b
bee171169f	그중에서도, 우리 선조,\n아서 님 일행이 싸운 전쟁을%b
91de60c0cb	특별히 리그로드사가라던가\n리그로드 전역이라 부르지.%b
753a232efe	우리도, 어떤 의미론, 전설에 남을\n만한 전란 속에 있는 거 아닐까？%b
98dd3c0713	그렇구나・。%b
6ab53ab3af	리그로드사가・인가.\n좋아, 불타오르는데！%b
a6cedfa37c	다들・고마워.%b
301bd76372	저도 ７인위원회에는\n생각하는 바가 있어요.%b
68d2b7197e	그 점에선, 여러분과 이해관계가\n일치한다고 할 수 있겠네요.%b
af43d07e9e	그럼, 저도 여러분의 「운명」의\n고리에 끼워주시지 않겠어요？%b
0d49976aff	・어？\n그거, 우리 동료가 된다는 얘기？%b
b9c58afe0f	알기 쉽게 말하면, 그렇게 되네요.%b
4961adce27	환영이야！\n같이 ７인위원회 쓰러뜨리자！%b
1d8696b2be	감사할 것까진 없어요.%b
2183b93a7f	뭐라 해도, 저희는,\n「운명」으로 맺어진 동료니까요.%b
30bf02af43	근데, ７인위원회 쓰러뜨린다 해도\n어디로 가면 되는 거야？%b
cc9fcd1dc5	저희가 도망쳐 나온,\n７인위원회의 탑이에요.%b
e39b80bfc3	근데, 그거,\n적의 본거지 아니야？%b
ee0c7bbcb9	하이랜드라는 마을에서\n정보를 모을 수 있을지도 몰라요.%b
be6314fbca	７인위원회 탑 바로 근처에 있어요.%b
6248a0b483	안성맞춤이군,\n일단 그곳부터 노려보지.%b
8909755b89	여기가 ７인위원회 탑이에요.%b
d86ae3fa00	갈자드와 ７인위원회는\n여기 있을 거예요.%b
c2106aba57	좋아 다들！%b
449e095168	결전 대비해\n일단 여기서 휴식하자！%b
ab07ef64ab	전에 왔을 땐, 붙잡힌 몸이었지만, 이번엔 이쪽에서 쳐들어간다！%b
2ba6fbaaf2	드디어 결전이란 거네.\n불타는데！%b
9de725884b	근데・괜찮은 거야, 뮤？\n싫으면, 그만둬도 돼.%b
b704759b73	이봐 이봐, 여기까지 와서 그건\n아니지？ 우리 고생은 뭐였던 거냐？%b
69b3789209	이건 리그로드를 구하기 위해서도\n필요한 일이잖아？！ %b
a0a64660e0	응・근데, 나, 걱정돼.%b
21297c9c28	뮤는 자기 마음을 억누르고, 많은\n사람들의 평화를 위해 싸울 거야.%b
2cb5619e04	하지만, 아무리 마음이 강해도,\n아무리 검 솜씨가 뛰어나도,\n뮤는, 그저 여자애일 뿐이야.%b
d98b69299d	세계 평화 같은 건,\n보통 여자애가 짊어질 만큼\n가벼운 게 아니야.%b
673404f5a8	하지만, 그건 스스로\n그러기로 선택하신 것 아닌가요？%b
4068fa6b50	그럼, 어느 정도 무리도 필요해요.%b
98074dd534	무슨 말이야！%b
77794c691d	세계 평화 같은 거창한 걸,\n짊어지고 싶다고 짊어질 바보가\n어디 있어！%b
0f08776ad1	그런 안일한 걸론 곤란해요.%b
ff4cf84d8d	몇만, 아니 더 많은 목숨을\n짊어지고 있는 거잖아요？%b
ed50914458	그럼, 어느 정도 자기희생은\n어쩔 수 없는 일이에요.%b
a6937948ed	아무리 하찮은 인간이라도,\n남의 희생양이 되는 게 당연하다는\n건 절대로 없다니까！%b
b49949b72d	그만해, 둘 다.\n내 일로 싸우지 마.%b
7649231206	난 스스로를\n희생하고 있다곤 생각 안 해.%b
7ed6973bdc	근데, 무리하고 있잖아？%b
439d1103e5	・그야,\n조금은, 어쩔 수 없지.%b
e29c73d9d1	그게 남 위에 서는 거라고\n나도 생각해.%b
a12107e9ff	확실히, 뮤가 혼자 짊어지기엔,\n리그로드나 야마타이나, 또는%b
d95b6141fc	카달 사람들의 운명은,\n너무나도 무거운 짐이겠지.%b
29da737fc8	하지만, 혼자선 짊어질 수 없는\n것도, 누군가와 함께라면, 짊어질 수\n있지 않을까？%b
c3970e18c9	뮤가 세상을 짊어진다면,\n네가 뮤를 지탱해주면\n되지 않을까, 러스티？%b
5578b111f6	그리고, 너랑 뮤를,\n우리가 지탱해주자.%b
2cf964cd66	우리는, 동료니까.%b
44e9190c6f	거참, 말 한번 잘하는군！%b
dc2bd046bf	맞아, 혼자선 못 할 일도 다 같이\n힘 모으면 할 수 있는 거지.%b
a8575bd0d8	우리, 동료잖아요.%b
2923ab14df	새가 날려면 바람 필요해.%b
34246f46b7	뮤, 네가 날기 위한\n바람이 되자, 우리가.%b
39c9ffab10	뮤, 날래？\n좋은 바람이 불어오는 것 같은데？%b
4af021f7c8	응！\n그 바람에, 탔어！%b
e92106caf5	그럼 정해졌으면 시라나미！%b
f1ca032fad	엣？！\n뭐, 뭐？%b
639c16fa68	새는 난다고 말하지.%b
4e4419cbe9	우리, 바람이 저마다 다른 방향으로\n불면, 새로서도\n날기 힘들 것 같은데, 어때？%b
ec1803bb89	아・응・\n그런가・그렇겠네.%b
c44d0c916c	앙주, 미안, \n심한 말 해서.%b
3022e97673	저도 지나쳤어요.%b
75a085ea31	이 이야기 이어서는, 세상이\n평화로워지면, 다시 꺼내서,\n웃음거리로 삼도록 해요.%b
e5bd61f155	자, 러스티,\n이런 결말인데, 어때？%b
06936da346	응, 나쁘지 않네.%b
ca07ffe312	나쁘지 않다니,\n러스티 주제에 건방지구나！%b
dddc13dbd6	저, 가능하면,\n그런 난폭한 애정 표현보단,%b
bf82bccfc0	키스나 포옹 쪽이\n더 좋다고, 할까요・。%b
20d413182d	키스하거나, 안거나・？%b
e4a11207bd	그런 건 평화로워지면\n얼마든지 해줄게！%b
e3f7d7997b	호호？%b
d995b8bd51	흠, 젊다는 건 멋지구나.%b
e4d82827b1	역시, 뮤도 러스티를・。%b
9e46857cbb	응？\n혹시 러스티는 뮤를\n좋아하는 거니～？%b
73d860532d	그건 전부터 알았잖아？\n반대야, 반대！%b
3652121bbc	・반대니～？%b
9fceda6513	그럼,\n뮤는 러스티가 싫은 거니～？%b
2438f8aed7	아니야.%b
97b40b2e8e	하하하,\n찬스다～제, 러스티！%b
58e545e10b	사내라면, 확 밀어붙이는 거다～제,\n확！%b
427b3e22f2	아, 아니라니까！\n그런 뜻 아니고, 그러니까・。%b
f4421d57a3	뮤, 뮤・。%b
e1fabc2cdd	뭐, 뭘 눈물 그렁해지고 그래！？\n말이 그렇다고！%b
3717442212	아무튼！\n가자, 다들！！%b
82dd3ae70b	열쇠가 필요한 것 같아.%b
03a7ce86d7	이런 데 자물쇠씩이나 채우다니,\n대체 어느 놈이야！%b
1df63ac11c	자물쇠가 걸려있다는 건,\n두 가지 의미가 있어.%b
961fb74f7d	하나는, 이 유적이\n아직 아무한테도 손 안 탔단 거.%b
fcf23a076b	또 하나. 이 유적엔,\n중요한 게 보관돼 있다는 거.%b
d36726e94b	어딘가에 열쇠가 있단 거네.%b
52e943670f	엣？\n어딘가라니, 어디？%b
8236b01e6d	그걸 알면\n고생 안 하지！%b
95371f26d5	・뭐, 그렇지.%b
db4c6b0827	어딘가서 그럴싸한 열쇠를 발견하면,\n다시 한번, 여기 와보자.%b
ecf68290ea	후우～.\n아이고, 힘들었다, 힘들었어～제！%b
7ed69162d7	내 이름은, 킹이다～제！%b
8ef118354c	전설의 마도사와 어깨 나란한\n마도 달인인 것이다～제！%b
5f71f62cb7	어머！\n전설의 마도사라니！%b
25e88249b5	그게 뭔데？%b
fabb4c8717	전설의 마도사라 하면,\n전설로 전해지는 최강의 마도사예요.%b
343fedf3a3	시대마다 그 당시 최강의 마도사에게\n주어지는 칭호 같은 거예요.%b
ce035f9e17	최근 예로는, 운해의 현자 위스코가,\n전설의 마도사라 불렸어요.%b
d2ea0587a7	오, 그쪽 언니는,\n지식이 강해져 있는 것이다～제！%b
a13e6e80d0	그렇다～제！%b
ef8e0d958f	나는 위스코의 재래라고까지 불린\n대천재인 것이다～제！%b
8251a1fd9f	그 천재가 왜\n이런 데 갇혀 있었던 거야？%b
1b1995de03	너희가 쓰러뜨린 괴물은, 꿈을\n조종하는 능력 지녔던 것이다～제.%b
8907f7890d	나는 실력 시험 삼아 그놈을 쓰러뜨리려 했는데,\n반대로 놈의 능력에 의해\n꿈의 세계에 갇혀 있었던 것이다～제！%b
07308e8521	허나 이렇게 자유로워진 지금,\n나는 그야말로 세계 최강 마도사인 것이다～제！%b
22cee4f19a	근데, 내가 잠든 사이, 대체 세상은\n어떻게 되어 있는 것이냐～？%b
19af8b6749	강력하고 사악한 마법 파동이,\n찌릿찌릿 전해지는 것이다～제！%b
2e98ba9e98	실은・。%b
b852f89a0d	뮤는 자초지종을 이야기한다.%b
578c8332bb	뭣이라고！%b
99440031f0	내가 잠든 사이, ７인위원회란 게\n날뛰고 있었던 것이다～제！%b
4875e81f93	너희는, 어느 편이냐～제？%b
743f99226e	물론, ７인위원회의 음모를\n저지하려고 움직이고 있어.%b
dbe14882f2	좋다, 내가, ７인위원회의 야망\n저지를 도와주는 것이다～제！%b
86e727e0c3	와, 정말！%b
2c769720b3	나는 거짓말과 양파가 정말 싫은\n것이다～제！%b
2cae5475b6	내 가입으로, 전력은 단숨에\n강해져 배가되는 것이다～제！%b
4926de3185	이봐, 뮤, 괜찮은 거야？%b
bc164958d0	난 내 직감을 믿거든.%b
07e4a060bc	이 사람은, 분명 우리 싸움에\n도움이 될 거라 생각해！%b
79895c1ea9	확실히 말해,\n도움이 되는 것이다～제！%b
c683123f7c	알았다, 알았어.\n뮤가 정한 거니까.%b
85d80f6212	반대는 안 하겠어・하지만,\n그 말투 어떻게 안 되나？%b
248b2d132d	듣는 이쪽이 짜증 나네.%b
62e5e57c11	내가 어떻게 말하든\n내 마음인 것이다～제！%b
8538260d37	알았다, 알았어.%b
c292535a85	저건！\n카칼클랜에서 본 마법구슬！%b
92bc81f8e7	아버님 남기신 책에도 기록이 있어요！%b
5886213cfb	저것이야말로 카오스의 힘을 제어하는\n마법장치이자,\n카오스 힘의 순수결정이에요！%b
88c14a9e9f	이게 익시즈인가！%b
ca0f691365	허・。%b
fa12b65b40	바다에 뜬 배 같은 걸\n떠올렸었는데・。%b
ab7a98cfe2	조금 특이하네！%b
b410e9c015	조금 정도가 아닌 것 같은데.%b
db428eec6b	그런가？\n꽤, 귀엽다고 생각하는데.%b
cad7b75f9e	귀, 귀엽다・？%b
eb30b78efc	아무튼, 드디어, 이걸로\n리그로드 대륙으로 돌아갈 수 있어！%b
1ff263e52a	다들, ７인위원회 야망을\n무너뜨리려고, 세상에 평화를\n되찾으려고, 나한테 힘을 빌려줘！%b
c070c80aea	응.\n나도 같은 마음이야, 뮤！%b
b63fbd0565	마음껏 날뛰어주겠어！%b
4d31683bd3	당연히, 나도 함께야,\n그치, 아짱.%b
0b6c4f00fd	음ー.%b
09923def90	나즈나면 충분한 거네！\n그치, 그치, 아스카아～.%b
bbc3df35bf	카무이코탄의 황신이여,\n지금이야말로, 힘 빌려주세요.%b
2d12089632	부디 저희에게 인도를！%b
8eb76aaf3b	알렉트리아 대도서관 무투사서로서,\n７인위원회의 폭주를\n용납할 수 없어요！%b
ede43aa83f	쿠리카라만의 문제 아니여.\n세상의 위기여.%b
397242aa1d	히바리・오빠는 힘낼 거여.%b
07f5ccfd3a	나만큼 훌륭하게 강해진 마도사를,\n드림 래버린스 따위의%b
707aef0c11	초라한 곳에\n가둔 죄는 무거운 것이다～제！%b
450d6f8b3b	나를 가둔 건,\n마술사였지만,%b
49afb8c5e8	놈을 조종한 건,\n분명 ７인위원회일 것이다～제！%b
692ac14621	쾅 하고 두들겨 패서,\n찍소리 못 하게 해주는 것이다～제！%b
f66cb21762	여기가 알렉트리아 대도서관이에요.\n탈옥 얘기 아버님께 전해졌을 거예요.%b
23a7d53450	지금은 아버님과 마주치고 싶지\n않아요. 포포론으로 갈까요？%b
b44c41941c	그래・。\n그럼, 항구도시 포포론으로 가자.%b
2c9deeb16e	감사드려요.%b
da474ab1da	여기는 알렉트리아 대도서관이다！\n관계자 외엔 들어올 수 없다.%b
5e5afb1d90	자, 가라, 가！%b
567c7b7f0c	저를 누구라고 생각하는 거죠！%b
acf3d06606	아！\n앙주 님.%b
5e483f9813	실례했습니다.\n어서 지나가십시오.%b
83b6cb0653	그런데, 아버님・아니,\n관장님이 찾고 계셨습니다.%b
310b93b698	관장실에 들러주세요.%b
fe84f56513	앙주 님, 아까는 실례했습니다.\n어서 지나가십시오.%b
c50828e4e6	그런데,\n관장님이 찾고 계셨습니다.%b
92fc3e82a0	요즘, 관장님 상태가 이상하다고,\n관내서 소문이 자자해요.%b
fb8980ea71	가끔, 사람이 달라진 듯한\n언동을 하실 때가 있다던가.%b
a76c6023f2	분명, 앙주 님 일이나\n공무로 지치신 걸 거예요.%b
5e8df8b76b	앙주 님도,\n슬슬 도서관 일에 본격적으로 나서서,\n아버님을 안심시켜드리는 게 어때요？%b
013a44c0de	카달 병사가, 이 주변을\n어슬렁대게 됐어요.%b
5496b3e54e	관장 기행 다음은 카달.\n안 좋은 일은 겹치는 법이구먼.%b
5e3adafc9d	관장님 상태가 이상해지고,\n다음엔 카달 병사가 나타나고,\n관장님이 사라졌다.%b
31e2cd9540	생각건대, 관장님은 포포론 숙정\n이야기를 알고서, 마음에 담아두신 게\n아니었을까？%b
a6129ba43f	%H%m1%V100［%m0문지기%m1］%V0%m0\n결국, 카달 병사한테 입막음당했지・。%b
86f83d9977	%H%m1%V100［%m0문지기%m1］%V0%m0\n아, 앙주 님！%b
d7c87be6b5	%H%m1%V100［%m0문지기%m1］%V0%m0\n지금 건 그냥 추측이었어요.\n관장님은 분명 잘 계실 거예요.%b
33d3da8d4f	앙주 님！\n무사하셨군요！%b
2a64f77642	관장님이 행방불명인 지금,\n당신마저 사라졌나 싶어서,\n도서관 앞날을 걱정하고 있었어요.%b
30c5a8b93f	어쨌든,\n무사하셔서 다행이에요！%b
5e377ee6a5	이거 앙주 님！\n자, 어서！%b
b78238a028	요즘 지진이 계속돼서,\n도서관도 장서가 선반에서 떨어지고\n난리예요.%b
468bbec4c5	대체\n어떻게 되고 있는 걸까요.%b
ec39d54d80	뭔가의 전조가 아니면 좋겠는데요.%b
04a8304173	탑으로 돌아갈 필요는 없어요.\n포포론으로 서두르죠.%b
ac68f0c910	７인위원회 탑에 들어갈까요？
7643af75b1	모처럼 빠져나왔는데,\n돌아갈 필요는 없어요.%b
e558ef582c	그쪽은 탑 뒷마당이야.\n지금은, 갈 필요 없어.%b
184bcab05f	산길을 지날까요？
7e16042fae	지금은 이런 데서\n시간 낭비할 때가 아니지.%b
8990853121	하이랜드로 가기 전에, 저는\n알렉트리아 대도서관에 들러서,\n아버님 심기를 살펴야만 해요.%b
d6c37064e5	죄송하지만,\n다들 함께해주셨으면 해요.%b
96ade991d8	・중요한 싸움 앞이라,\n아버님을 만나뵙고 싶은 거지？%b
8084b7c122	・네.%b
e120c50b94	하이랜드로 가기 전에, 저는\n해야만 할 일이 있어요.%b
78bbb563f2	알렉트리아 대도서관에 들러서,\n아버님 심기를 살펴야만 해요.%b
b51281d5bf	그, 알렉트리아 대도서관이란 데,\n어떤 책이 있는 거예요？%b
1a9e646423	고대마법문명에 대한\n문헌도 있다는 것 같은데요.%b
8b92b379c6	아버님・아니,\n관장 외엔 열람할 수 없어요.%b
63fa003763	근데, 앙주한테 부탁해\n문헌을 보여받을 수 있으면,%b
bb75f691c5	７인위원회가 노리는 고대마법문명에\n대해 뭔가, 알 수 있을지도 몰라！%b
c966a20f8b	하이랜드에 들어갈까요？
e64fc6e6ed	포포론에 들어갈까요？
72ef20a82b	세이브할까요？
a5459bc75a	싸우러 갈까요？
861c815d60	도서관 들어갈까요？
a1ed357ce5	사막을 지날까요？
9e7034d716	드림 래버린스에 들어갈까요？
50b2117161	드림 래버린스는,\n내가 갇혀 있던\n장소인 것이다～제！%b
e1be923e6b	드림 래버린스 입구는\n모든 침입자를 거부하듯이\n굳게 닫혀 있다.%b
9b18162d05	여기서 익시즈 동력원,\n갈만오브를 손에 넣었었지. %b
7996720e7e	다른 눈에 띄는 거,\n뭔가 있었나？ %b
3a3d2c134b	으응.\n없었던 것 같아.%b
d0ca500c40	그렇다는 건,\n여기 단서는 없다는 거네.%b
90bae9ecaa	다른데 찾자.%b
4df2793246	갈만오브가 잠든 장소란 게,\n여기 아닐까？%b
2b193a5d1a	고대 열쇠 사용했습니다.%b
dabf7df0f2	열렸다！%b
78a2e569a3	좋아, 그럼, 들어가보자！%b
ccafc2ec04	이시스 피라미드에 들어갈까요？
15bd0af637	마법구슬 손에 넣었으니\n해저신전으로 서두르자！%b
712ed41b79	들어갈까요？
a5cf79b4a2	지하통로를 지날까요？
6549065b68	그래비티에 들어갈까요？
9bc5bb4575	익시즈가 튀어나온 탓에,\n입구가 막혀 있네.%b
03b130406b	뭔가 있을까 싶어 왔는데,\n이래선, 조사할 수가 없겠는걸.%b
efd4710786	어쩔 수 없지, 다른데 찾자.%b
18f152ea23	익시즈가 발진했을 때 충격으로\n해저신전 입구는 막혀버렸네.%b
8f3a3592d5	그래비티 사람들한텐,\n소중한 장소였던 것 같은데・。%b
1ac85d7596	뭐, 익시즈를 손에 넣었잖아.%b
321f28e511	못 들어가게 됐어도,\n문제없지 않을까？%b
0d33a8bc21	으, 으음・。\n뭔가 다른 것 같은・。%b
0f4dce5024	뭘까・여긴？%b
c3635e7a28	섣불리 쳐들어가느니, 근처 마을에서\n정보를 모으는 게 좋겠어.%b
4ca1972169	여기가, 해저신전이군요.%b
1ef76cf918	여기보다\n먼저 가야 할 곳이 있을 거예요.%b
3bcdfe48d9	해저신전 들어갈까요？
a01c19c6f4	앙주가 동료에 합류했다.%b
6b7baa2a51	엇？%b
aaa598eb14	킹이 동료에 합류했다.%b
ebdb671280	나가시겠어요？
1137c49966	여기가, 포포론인가.%b
97d5a5dee5	왠지, 리그로드의 오르트마랑 분위기가 비슷해・。%b
b4db30897b	뮤！%b
9f9435cb00	그 목소린・！%b
74a063faf4	러스티！\n게다가・다들！！%b
d1b69a8a91	하하하！\n역시나！%b
c924dc576c	넌 죽여도 안 죽을 여자란 걸 알고\n있었지.%b
5aa506dcd7	뭔 뜻이야！？%b
e80e097dd0	괜찮았어？\n험한 꼴 안 당했어？%b
fb0c938dcc	괜찮아！%b
5ec2900a39	음, 무사해서 다행이다.%b
33a44661fd	%H%m1%V100［%m0디아네%m1］%V0%m0\n
e376fe2cd7	생각보다 팔팔해 보이네.%b
e247179651	디아네 씨까지！%b
59043a4561	당연하지.%b
b981c7fec2	내가 없으면,\n여기까지 올 수 있었겠어.%b
bf21e4ff3e	다들 고마워.\n걱정 끼쳐서 미안.%b
d32f5c665f	뮤・무슨 일 있었어,\n너답지 않게.%b
23c3e1a917	그렇게 순순해지니・。%b
e47fa0831c	그게, 만나자마자 할 소리야！%b
97eaf0ef70	안색도 나쁘지 않고,\n딱히 문제는 없어 보이네.%b
a2270bcb41	정말, 무사해서 다행이여.%b
f3872c5ba4	그래서, 게텐성에서 사라지고 나서\n어디서 뭘 하고 있었어？%b
8316f9d4d6	정신 차려보니\n갈자드한테 붙잡혀 있었어.%b
e01c300613	그래서 앙주와 힘을 합쳐,\n탑을 도망쳐 나온 거야.%b
6a76672f76	앙주？\n그게, 누군데？%b
e559352b1f	같이 ７인위원회 탑에 붙잡혀 있던\n알렉트리아 대도서관 무투사서관인데,\n사서무투법이란 무술을 쓰는 여자애야.%b
1103f95be4	・휴.\n여자애구나・。%b
37251eb25d	우린 ７인위원회 탑이란 데에\n붙잡혀 있었어.%b
7abd707f91	・７인위원회？%b
e5a2adb6c0	분명, 게텐성에서 갈자드 그놈이\n입에 담았던 이름이었지.%b
e4c14d21dc	뭐하는놈들이지？%b
e78c7a0b74	앙주 말로는,\n이 카달을 통치하는 집단이래.%b
973688baed	리그로드나 야마타이 침공을 결정한\n것도 그 ７인위원회라는 것 같아.%b
bdc406db28	대체 그건 뭘 위해서일까？%b
b8855d697e	리그로드나 야마타이보다, 카달 쪽이\n문명적으로는 앞서 있는 거 아닐까？%b
2ab6a9ea81	아무래도, ７인위원회 놈들은,\n전 세계 인간을 몰살하고,%b
40a7942403	자기들만의 이상향을\n만들려 한다는 것 같아.%b%h
edff5c7011	젠장！\n말도 안 돼！%b
b840613feb	뭐래도, 그놈들은 그러기 위해%b
e06c93725e	「고대마법문명」시대\n잃어버린 기술을 부활시켜서,%b
39e3e7e171	야망을 실현하려 한다는 것 같아.%b
794ce2a186	고대마법문명이라니・？%b
ee60867712	그거, 리그로드 대륙에 남아있는,\n수정기둥 같은 걸 만든 사람들이 쌓은\n선진 마법문명 아니야？%b
362b08e621	갈자드를 쓰러뜨리면,\n그걸로 이번 전쟁은 끝날 거라\n생각했는데・。%b
f1c0427350	그리 쉽게는 안 되는 것 같네.%b
98398fe26a	그래서,\n이제 어떻게 할 거야？%b
772be4bdb2	이대로 내버려둘 순 없어！\n７인위원회의 야망을 막아야 해！%b
6fc4e7bdd0	그렇게 말할 줄 알았어.\n난, 뮤를 따라가겠어.%b
b9d7f16b42	나도 함께야！%b
f65666210c	아스카, 러스티・。%b
5dedca7f3f	아짱이 간다고 하면,\n당연히 나도 같이 갈게！%b
7808486e80	나즈나도 함께인 거야！%b
8c41806e08	나도 갈 거여.%b
749bb1cf92	물론 나도 함께다～제～！%b
d86188a4bc	다들 마음은 같다, 뮤.\n함께 세상을 지키기 위해 싸우자.%b
1569c5ee4b	다들・,\n고마워！%b
47b9ba3715	이야기는 정리된 것 같네.%b
251c385950	자, 미안하지만, 난,\n먼저 실례할게.%b
3dcc67faf3	・엣？\n실례한다니, 어디로？%b
9ada2d1d0b	뻔하잖아.\n그리운 고향, 오르트마.%b
f055ed2631	거기엔\n친구니 뭐니가 남아있어서 말이야.%b
07b7834979	걱정되거든.%b
46166108c1	그렇군.%b
6d8e584edb	그럼 이만.%b
6b3e44a1b2	다들 데려다줘서 고마워요,\n디아네 씨.%b
a730670115	됐어.\n청승맞은 건 싫거든, 나는.%b
64a595dd61	자, 갈 테니.\n너희가 성공하길 빌게.%b
ba917d4e50	우리도, 가자！\n싸움은 이제 막 시작이다.%b
8c992b3f73	７인위원회 명에 따라,\n허가 없는 배의 출항을 금지합니다.%b
5edfac0aac	항구도 활기를 되찾고 있다.%b
8e130290c4	항구는 살기등등하다.%b
1b86f7b984	항구는 활기가 넘친다.%b
0ff907f256	항구엔 사람 그림자도 없이,\n그저, 바람만 불고 있다・。%b
5268d9dcbd	여긴 영광의 지름길,\n투기장이야.%b
52d77baa26	적 강함에 맞는\n근사한 상품을 받을 수 있지.%b
504dd70163	까딱하면 저승행, 그래도,\n살아남으면 일약 영웅이란 거지.%b
f2bc489e8e	운 시험해보는 게 어때？%b
74903185a0	시끄럽게 울려 퍼지던 관중들 환호도\n선수들 함성도 없이, 넓은 투기장을\n정적이 지배하고 있었다.%b
6c14e5bd6b	어이, 어서 와.\n뭘로 할까？
141aa9f466	뭐야, 관두는 거야.\n다른 볼일은 있어？
948fa809fe	무기 안 살 거야？\n
cf4bc2a262	팔러 온 거야？\n
1daa7e1ddf	또 와.%b
1eabc134b1	자, 어느 걸 살래？
895df23cbf	자, 어느 걸 팔래？
457b2375d3	팔 만한 것도 없잖아.
252d69a987	「%nS」구만.\n살 거야？
d0b7a9a62e	어이 어이, 그렇게는 못 들어.%b
f3d3e002a6	돈이 부족한가 보네.%b
383fc6998f	고맙다.\n다른 것도 살 거야？
463b943e3a	「%nS」를\n팔 거야？
ee37bb70a5	매번 고맙다.\n다른 것도 팔 거야？
e1e2a2fda9	예, 어서 와.\n무슨 일로？
f00cc6702c	관두는 거야.\n다른 건 있어？
f3370548f4	우리 방어구는,\n뭘 사도 손해는 안 봐.\n
afbe7fa54b	그런가！\n팔러 왔구나.\n
e1a53e17f9	그런가.\n또 와.%b
c1b00e4ff5	어느 걸 사줄 거야？
6237cd53e8	어느 걸 팔 거야？
4da3fe2482	팔 만한 게 없잖아.
e0d07ac13e	「%nS」구나.\n사시겠어요？
1ec9cf0841	그렇게 많이 들 수 있어！？\n무리는 안 하는 게 좋아.%b
d1501e2a55	돈이 부족하잖아.%b
6d14fc515f	고마워！\n다른 것도 살래？
b74b53105d	「%nS」를\n사면 되는 거지？
6529a8477e	고마워！\n다른 것도 팔래？
00a381b1be	활기차던 주인 모습은 없고,\n정돈됐던 가게 안은 흔적조차 없다.%b
10a1e4f1d6	어서 오세요.\n어떤 용무신가요？
c3be03cbf0	관두시는군요.\n다른 건 있으신가요？
c9a637b5a9	천천히 둘러봐주세요.\n
c4ec06fc65	필요 없어진 물건을,\n매입해드릴게요.\n
b0eb6728b6	다음 이용도 기다리고 있겠습니다.\n감사합니다.%b
f499a85c47	뭘 구하고 계신가요？
0ef693d329	뭘 파실 건가요？
7418a8a9ce	어머？\n파실 게 없으신 것 같은데요・。
baac5a6e4f	「%nS」시군요. 사시겠어요？
97e85b366f	어머？\n짐이 가득하신 것 같아요.\n짐을 줄이고 와주세요.%b
56b522ed94	어머？\n안타깝게도 돈이 부족한 것 같아요.%b
e00f020f87	감사합니다.\n다른 것도 구매하시겠어요？
05b7e696eb	「%nS」를 매입해드려도 될까요？
b2ee6c54fd	감사합니다.\n다른 것도 파시겠어요？
b1831a4d7e	가게 주인 모습은 없고,\n가게 안 참상이 모든 걸 말해준다.%b
1888ee7519	한때의 휴식을 즐기던\n사람들 소란은, 이제 안 들린다.%b
e7180c8c80	나간다
22c591ff4e	카달 국민 전부가 ７인위원회 행동에 찬성하는 건 아니야.%b
4467779f72	마법 공격력은,\n높이가 다르면 꽤 변한다는 게\n사실인가？%b
4caedcb290	적 중엔, 방어력은 굉장하지만,\n마법엔 영 약한 놈도 있다는 얘기야.%b
13bfcd633f	좀처럼 못 쓰러뜨릴 땐\n공격 방법을 생각해보는 거지.%b
fc30172ee8	슬픈 사건이었지만,\n언제까지고 슬퍼만 하고 있으면,\n발전이 없으니까.%b
1244a67060	이렇게, 돌아온 거야.%b
5302e1922d	대체 어떻게 되는 걸까・。%b
022bdcf90e	７인위원회가 쓰러졌다더라.%b
f0ba3929ab	증오가 풀렸다기보단\n왠지 서글퍼서 말이야.%b
04f751e5b6	그야, 그렇잖아？%b
e7172437bb	７인위원회는 진짜 평화를\n알지 못했으니까.%b
d8ae6ecfd7	아무도 없어・。%b
a54d2d48e4	알렉트리아 대도서관엔,%b
4b3566b41d	고대마법문명 시대부터의 문헌도\n모여 있다는 것 같아요.%b
5c3e966180	전설의 마도사란 건,\n전해오는 이야기 같은 거예요.%b
29afe46431	전설에 이름 남길 만큼\n실력뛰어난 마법사란 거예요.%b
52bfc424ad	예전엔, 반인반마 수인종,\n켄타우로스족 중 대단한 천재 있었다.%b
545ce64039	전설의 마도사라 불린 최신 예시죠.%b
2f1ece88a5	요즘 소문 못 들었지만요.%b
7a91f31a84	바로 그게 나다～제！%b
460459d008	설마요！\n농담을 좋아하시네요.%b
7072451cb1	거짓말이죠！\n농담을 좋아하시네요.%b
31a1f630a7	７인위원회는 밉습니다.%b
a1dc1ded39	하지만, 그들을 우쭐하게 만든 건,\n우리 카달 국민이니까요.%b
16cac89c6e	일방적으로, 그들을 미워한들,\n잘못을 되돌릴 순 없어요.%b
c03e9a0070	우리 사명은,\n두 번 다시 이런 일이 없도록\n하는 거겠죠.%b
5cc23fa8c0	대체, 무슨 일이 벌어지는 걸까요？%b
c009911c25	평화는 좋네요.%b
07bff42731	뜻을 못 이루고 세상을 떠난 벗에게,\n맛보여주고 싶었는데요.%b
7a598f72f9	지금의 ７인위원회 독재 정치로는,\n７인위원회와 그 행동에 반대하는%b
76743501b7	정치적 그룹이 나타나는 것도,\n무리는 아니라 할 수 있겠죠.%b
6e298d9a5c	그들 자신은 반체제운동이라던가\n레지스탕스라던가 부르지만,%b
712308c053	소문으론, 레지스탕스와 그 협력자를\n일제 검거한다는 얘기예요.%b
fde2e17975	전설의 마도사가,\n어딘가에 갇혀 있다는 것 같아요.%b
009952ea3f	몸을 대신하는 부적은,\n죽을 뻔하면 몸을 대신해\n준다는 것 같아요.\n
f06e26a307	정말인가요？%b
27510d86ad	레지스탕스 검거 때문에,\n이 마을 주민도 많이 바뀌었어요.%b
9ed3cca4fb	우리한텐 안식이 허락 안 될까요.%b
6ca5deb935	평화의 소중함이,\n뼈저리게 느껴지네요.%b
083ba1250e	그리고,\n다툼이 얼마나 무의미한지도요.%b
bff9533552	７인위원회에 의한\n야마타이・리그로드 침략행위는,%b
7c23c79b44	７인위원회의 폭주라 불릴 만큼,\n국민의 불만을 모으고 있어요.%b
1fc1bae75b	지도자의 폭주를 막을,\n정치기관이 아무래도 필요하겠네요.%b
63c650b35c	알렉트리아 대도서관이,\n적임이라 생각하는데요・。%b
cb507da0b1	이 세상은 멸망하는 걸까요.%b
ea576a650e	７인위원회가 실권을 쥔 뒤로\n맛볼 수 없었던,\n평화라는 걸 곱씹고 있어요.%b
ef4abf09b0	１번 창고.%b
8de6c2698a	지금 창고지기 모집 중！！\n성질 급함・머리 나쁨 사절.%b
b3631975d7	２번 창고.%b
bf3bf99a14	지금 창고지기 모집중！！%b
5c51323bfc	주의：짐은 밀 수는 있지만\n당길 수는 없습니다.%b
91992a6d96	선장 집
80e8c3fc70	%H%m1%V100［%m0선장%m1］%V0%m0\n
f44feb674a	７인위원회 명령으로,\n허가 없이 배를 낼 수 없어.%b
bf2f8117e1	７인위원회의 방식은 잘못됐다. 우리는\n단호히 항의활동을 계속해나간다.\n　　　　　　　　　　　　　（헤네시）\n↑일점돌파, 전면전개！ 권력에 의한\n횡포를 용납 마라！\n　　　　　　　　　　　　（포로즈）\n출두명령. 헤네시, 및, 포로즈는,\n지정 일시에 ７인위원회 탑으로 출두할\n것.\n　　　　　　　　　　　　　（７인위원회）%b
0658a4a922	빈집 있습니다.\n　　　　　　（포포론 자치회）%b
27c5a3e0ba	자택에서 나오지 마시고,\n헛소문에 귀 기울이지 마시고\n침착하게 행동해주세요.\n　　　　　　　　　　　（포포론 자치회）%b
97eecb7ca2	지금야말로 시민 힘으로 정치정화！\n　　　　　　　　　　　（포포론 자치회）%b
17c5f4513a	７인위원회에 대한 반역죄로,\n마을 주민은, 수용소로 보내졌습니다.\n　　　　　　　　　　　　　（７인위원회）%b
bb9bb6d94d	뒤에선 간판을 못 읽습니다.%b
2d1b6d8161	어라？\n다른 것도 뭔가 쓰였네.%b
aa4c0bd79f	밝고 즐거운 레지스탕스 활동에\n당신도 참가해보지 않겠습니까？\n・란다.%b
07a1c90791	%H%m1%V100［%m0%s0%m1］%V0%m0\n밝은 활동・이라.%b
f0f54b8fd0	「밝고 즐거운 레지스탕스 활동에\n당신도 참가해보지 않겠습니까？」\n・래.%b
442fecdf76	알렉트리아 대도서관 사서는,\n특수한 무투법을 익히고 있다더군.%b
875b010174	뭐래도 책이 가진 특수한 힘을\n끌어내서 공격한다더라고.%b
4d226bf6f8	레지스탕스 숙정으로 도망친 사람들도,\n하나둘 돌아오고 있어.%b
a2ff8fa9f4	대체, 뭐냐고！%b
d5ecfd1dd3	이게 우리가 그렇게 기다리던 평화란\n건가. 좋은 거구나・。%b
665bcf4ee7	여긴 마도왕국 카달.%b
1404373d19	건국 이래, ７인위원회라는\n정치조직에 의해 통치되고 있습니다.%b
f85c671d41	여긴 포포론.%b
48aa91dcf8	레지스탕스 검거 이후\n한동안 쇠퇴해 있었습니다.%b
ef26a4ba5f	하지만, ７인위원회가 없는 지금,\n자유 항구로서 되살아나고 있습니다.%b
8999c2fb3c	언젠가는 리그로드나 야마타이와도\n교역을 시작하고 싶습니다.%b
5a52524609	７인위원회가 없는 지금,\n자유 항구로서 되살아나고 있습니다.%b
85e688bf0e	하지만, 요즘 계속된 지진으로,\n부흥이 조금 더딥니다.%b
c55aaab65d	저희는,\n어디까지 시달려야 하는 걸까요.%b
9ed6cbad24	소소한 행복조차\n허락되지 않는 걸까요・。%b
2049d65982	세상을 떠난 동지들에게,\n이 평화를 보여주고 싶었네요・。%b
4ae72d3e77	７인위원회란 건, 그 이름 그대로,\n일곱 마도사에 의한 정부야.%b
909cf59bbd	정치뿐 아니라, 군사나 사법 등\n폭넓은 권력을 갖고 있어.%b
5258207944	사막에 잠든 피라미드 안엔,\n다양한 함정이 있다는 얘기야.%b
55ac948371	마을엔 활기가 돌아오기 시작했지만,\n잘 보면, 사람들 마음의 상처는,\n아직 안 사라졌다는 걸 알 수 있어.%b
8a96a23595	설마, ７인위원회가 부활했다든가・。\n그, 그럴 리 없겠지.%b
ef062eeefc	지도자에게 권력을 줄 땐,\n그걸 통제할 방법을,\n반드시 마련해둬야 해.%b
d04a0a3858	알렉트리아 대도서관은\n지식의 전당이라 불리고 있어요.%b
174cb4d175	카달에서 ７인위원회의 지배를\n안 받는 유일한 독립기관이에요.%b
96bda3615a	꿈의 미궁이라고 알아요？%b
e1064c1340	드림 래버린스는, 가까이 가면 안\n되는 금단의 장소예요.%b
8f8a1d1242	목숨이 아까우면\n가까이 안 가는 게 좋을 거예요.%b
06e76e7c08	알렉트리아 도서관의 자치독립권도\n결국은 ７인위원회를 다루진\n못했어요.%b
1a02eaa4ca	어떻게 하면 사람들 뜻을 정치에\n반영할 수 있을까요.%b
9ed51a5241	이건 대체 누구 짓일까요？%b
e96f914a92	하늘이 파랗네요.%b
12c5cd6edb	이런 날은 근사한 사랑과\n만날 것 같은 예감이 들어요.%b
ee9c374678	７인위원회는 건국 이래 제도예요.%b
e98fbfebbb	하지만 요즘은, 국민 뜻과 동떨어진,\n독단적인 정치를 하고 있어요.%b
7e743327c2	국민 사이엔 불안・불만이 퍼져요.%b
bdc555a258	책은, 도구점에서 팔고 있어요.%b
44af6a0e14	마을에도 활기가 돌아왔네요.%b
8054be7357	저희는 행복해지는 게\n허락되지 않는 걸까요？%b
4c664ed147	마을에 웃음이 돌아왔어요.%b
205461787d	갈자드는,\n７인위원회 직속 장군이야.%b
a9d8f0dfd8	무력은 뛰어나지만,\n마력은 뒤떨어져.%b
b4d2689189	마찬가지로 장군인 라그로스는\n갈자드랑 반대야.%b
224b341cf0	마력은 뛰어나지만,\n무력이 뒤떨어져.%b
5369555908	서로, 어떻게든 상대를\n밀어내려 하고 있어.%b
51c80afa49	７인위원회는, 임무에 맞춰서\n둘을 가려 쓰는 것 같아.%b
99d66ed0ca	사막엔,\n개미지옥이란 몬스터가 있어.%b
944d6aaea8	땅을 자유롭게 파고 들어가서,\n이쪽 발을 묶는다더라.%b
35ae205d1c	그래놓고 습격해온다니까,\n조심하는 게 좋을 거야.%b
902a321307	마을에 사람이 돌아왔어.\n오랜만이네, 이런 활기는.%b
891a09c736	이대로 세상은 멸망해버리는 걸까？%b
5d0c981c0d	날씨 좋네.%b
14ec80d906	７인위원회도 쓰러졌다고 하니,\n이제 안심하고 살 수 있겠어.%b
6b19a34a88	조심하는 게 좋을 거야.%b
bb0dd326ca	특수마법 확률도\n높이 차로 변한다나 봐.%b
c33f1c4056	그런 일이 있었다는 게\n거짓말 같아.%b
0b59b385f4	세상이 멸망할 전조란 걸까？%b
6521ddb543	７인위원회란 나쁜 씨앗은 제거됐어.%b
7403aa2499	앞으론, 평화로운 나라를 만들어가야,\n희생된 사람들한테 면목이 서겠지.%b
bdc3d7ec08	７인위원회는 무서운 사람들이라던데.\n진짠가・。%b
dbb3b7ced0	와아, 와아.%b
440ac25571	무서워ー.%b
771ee4c097	아무리 놀아도 안 혼나다니,\n거짓말 같아ー！%b
84caf6f08e	아빠한테 들었는데,%b
01eedc91f1	검 같은 공격은, 높이 차가 크면\n안 닿는다더라.%b
07f9ad5098	알았어？%b
d853176edb	또 친구랑 놀 수 있게 돼서 기뻐.%b
a5c761b545	으에엥, 우리 다 죽는 건가・。\n무서워ー.%b
f4e01ae809	와아, 와아, 와아.%b
6ab5ac047e	여행의 잡학 상식,\n각 대륙의 관계를 알려드릴게요.%b
bccd5836c4	먼저, 여러분이 야마타이에 있을 때,%b
3b75ff18f4	바다로 서쪽・동쪽 가면\n머잖아 리그로드에 도착해요.%b
38162caba2	그리고, 북쪽이나 남쪽으로 가면,\n카달에 다다르죠.%b
3ea68315a6	다음으로, 여러분이,\n지금처럼 카달에 있다면,%b
e005745137	서쪽으로 가면 리그로드에,\n동쪽으로 가면 야마타이에 도착해요.%b
dbce9ce03d	그리고, 리그로드에선,\n동쪽・서쪽으로 가면 야마타이에,%b
425e91d1a7	북쪽이나 남쪽으로 가면 카달에\n다다르죠.%b
0bc777d86b	아, ７인위원회가・%b
f9a25ac46f	저건！？%b
c144492d39	정신 차려！\n대체 무슨 일이 있었던 거예요！%b
51be134916	아, ７인위원회가・%b\n레, 레지스탕스 검거를・%b
94f81720da	무차별・살・%b
e2341b12c7	７인위원회가, 레지스탕스 검거를！？%b
d31f4ffc82	우리 활동과 관계없는\n사람들까지 해치다니・。%b
95f42cb32f	７인위원회・\n용서 못 해・。%b
a81db3a793	근데, 이거 참・。%b
e0466939c7	이 상황이면,\n리그로드로 배를 타고 건너려 해도,%b
de0bc2e6b8	선원도 배도 없잖아？%b
f2b1a86850	이럴 줄 알았으면 디아네 씨한테\n기다려달라 할 걸 그랬네・。%b
51467bf930	어떻게 할래, 뮤・？%b
ad95bf3941	으음・。%b
c0ca2ca46d	맞아요！%b
6a1a8ef985	분명, 이 카달에는, 하늘을 나는\n배, 익시즈가 잠들어 있다고 들은\n적이 있어요！%b
6bbacd1a60	익시즈・？%b
4a3f2c1f21	네.\n광익선 익시즈・。%b
6ed0e87219	고대마법문명 기술로\n만들어졌다는 하늘을 나는 배예요！%b
0d1f19cbcc	그게 있으면,\n리그로드로 건너갈 수 있는 거네！%b
ee5f5c24a6	・그래서, 그건 어디 있는데？%b
eeba38c7da	그건 모르겠어요.%b
339f730fcf	막막하군.%b
35fa45fca7	・아직 포기하긴 일러요.%b
fc585bd375	알렉트리아 대도서관엔\n고대마법문명에 관한 문헌이 많이 있거든요！%b
4e0688aa39	게다가, 지하열람실엔\n공개 안 된 귀중한 문헌이 있다.%b
3f6e0abab1	그런 소문이 있어요.%b
4445cf5bce	근데 앙주 씨는\n아버님이랑 싸우는 중 아니에요？%b
3b85a7a12b	이 중대사에,\n부녀 싸움 따위 상관없어요！%b
911b232bc7	지하열람실이 사실인진 몰라도,%b
287dd4a205	만약 고대마법문명 문헌이 있다면,\n그건 알렉트리아 대도서관 말곤\n생각할 수 없어요.%b
4283d912a3	알렉트리아 대도서관이라면,\n분명 익시즈에 대해,\n뭔가 알 수 있을 거예요！%b
b675fb50f3	좋아, 그럼,\n알렉트리아 대도서관에 가보자！%b
9ea29bef17	%H%m1%V100［%m0%s3%m1］%V0%m0\n카달로부터 몸을 숨긴\n마을 사람들은 무사할까・。%b
ba53231f4c	%H%m1%V100［%m0%s0%m1］%V0%m0\n그렇게 걱정되면,\n다들 상태를 살펴보는 게 어때？%b
a34ad7afb9	%H%m1%V100［%m0%s3%m1］%V0%m0\n그래야지.%b
eb7992af4b	이러고 있으면,\n카달의 침략이 있었다는 게,\n꿈이었던 것처럼 느껴져.%b
329a6fad7b	카달이 없어졌나 싶었더니,\n이번엔 대체 뭐야！%b
6753ad730d	아스카 님,\n언제쯤 이가로\n돌아오시나요？%b
6e7deb50af	최강 시노비 집단 츠키구미 부활을\n바라는 이 적지 않아요.%b
50d527b934	너희한테 할 말 같은 건 없어！%b
b479461248	처음엔 의심했지만・。%b
89d3d4d4e7	역시 내가 생각했던 대로,\n누명이었던 거네！%b
0e6be1c416	스스로 누명을 벗다니,\n역시 이가 최강의 시노비네！%b
fafe72a9a0	여러분도 감사했어요！%b
22706ff6f2	나즈나 굴이라고 알아？%b
b8d009cbab	바다를 사이에 두고 이 마을 동쪽에 있는\n동굴인데, 거기엔, 식신 나즈나가\n잠들어 있다는 전설이 있어.%b
09d3ff61a1	전설 같은 게 아니야, 인 거네！%b
a94b792d6d	꺅！%b
137d0e15f6	카무이코탄엔, 독특한 종교가 있어서,\n대자연 모든 것에 신이 깃든다고,\n생각한대.%b
58fc481ce0	카무이코탄 족장은,\n그런 대자연 신들의 힘으로,\n곰이랑 매로 변신할 수 있다더라！%b
bda16dc0ba	대자연엔 신들이랑 정령이 가득한,\n그런 당연한 걸 모르다니・。%b
2fd61cbbc4	카달 놈들은, 같은 인간이라곤 도저히\n생각 못 하겠어.%b
bafe3d56a3	들은 얘기론, 어느 마을에선,\n인질로 여자랑 아이를 내놓게 해서,\n반항심이 안 생기게 한대.%b
79271538c8	끔찍한 얘기네.%b
b60ca474e2	그 일이라면, 드래군의 용기사랑\n비조 아스카가 해결했어.%b
723b772498	악이 번영할 순 없단 거지.%b
45668d7e95	고죠서 화제인 여자 의적 시라나미는,\n카달을 상대로 일하고 있다더라.%b
978cfa8cc9	멋지네ー.\n나, 동경하게 돼！%b
f0e2995542	그렇대, 시라나미.%b
d4274f3103	에헷☆%b
31eccf815b	어？\n너・설마・？%b
079c334770	아스카 님, 세상은 평화로워졌잖소.%b
bbfca0ac2a	어슬렁어슬렁 떠돌지 말고,\n땅에 뿌리를 내리고,\n자기 인생을 살아보는 건 어떻소.%b
3ad7bbf4e9	나이는 먹고 싶지 않구먼,\n이 정도 일로 평정심을 잃다니・。%b
da3c0f45c8	워어, 큰일이여, 큰일이여ー！%b
b8995b8ac6	아스카 님, 잠깐, 거기 앉아서\n이 늙은이 얘기 좀 들어보시게.%b
1e304f9c3a	언제까지고 떠돌지 말고\n이제 그만 정착해서\n어머님을 안심시켜드리시게.%b
aef87f85f6	너랑은 할 얘기 없다.\n나가주지 않겠니.%b
bce38b59c6	평화로워져서 다행이구먼・。%b
e429718765	허나, 아직, 아스카 님 실력은\n무사시 님께는 못 미치겠지.%b
93acf4579b	마을 정면에 보이는 게 야마타이 제일\n산 영봉 후지일세.%b
6056365cd2	놈들이 오기 전엔,\n영봉 후지의 결계동을\n자유로이 드나들 수 있었는데.%b
871eab1f58	영봉 후지를 관통하는 게,\n결계동이란 이름의 동굴이지.\n카달 놈들이 동굴에 결계를\n쳐서 이 이름이 붙었어.%b
470603ef29	속야마타이 지방으로 이어지는\n유일한 길이었는데.%b
eba7001ed0	지금은, 그 결계 탓에\n못 지나가게 됐지.%b
29a00914c3	결계동을 지난 곳의 속야마타이엔,\n항구도시 히가타랑,%b
8b50e0ab92	역대 겐유사이의 거처였던\n게텐성이 있어.%b
bb23c6d555	지금은, 그 게텐성도,\n카달 놈들한테 빼앗겼다고,\n들었어.%b
f1395f7a6e	전설의 시노비, 무사시 님이라면,\n그놈들 해치우는 건\n식은 죽 먹기일 텐데 말이지.%b
57923c95b6	카달 놈들은, 게텐성을 본거지로 삼고\n있다는 얘기야.%b
1ef8328601	거기엔, 터무니없이 강한 무장이\n있다고, 도 들었어.%b
e93b4a0c74	만약, 자네들이,\n놈들한테 싸움을 걸 생각이라면,\n충분히 힘을 기르고 나서 하게.%b
5ff5572d7b	결계동에 들어간 곳에\n기둥 세 개가 있다네.%b
523e886889	그 기둥 세 개에\n뭔가를 끼울 듯한 구멍이\n있다네.%b
a2e51e8a11	놈들이 만든 결계를 깨려면,\n그 기둥에 있는 구멍이 열쇠일 텐데.%b
3c949838e7	뭘 끼우는지, 어디 있는지,\n아무도 모른다네.%b
e8aa51b251	항구도시 히가타는, 야마타이 바다\n관문이라고도 불릴 만큼, 해운이\n번성한 마을이었는데・。%b
4e95ca0bab	지금은 어떻게 됐을지・。%b
71c4ac1450	결계동을 넘어, 속야마타이 쪽으로 갈\n수 있다면, 항구도시 히가타에 가보는\n게 좋을 걸세.%b
3826127e91	세상엔, 기술과 기술 조합해서,\n새 기술 만드는 오의 있다고 들었네.%b
6519c716f2	그걸 찾는 것도, 좋을 걸세.%b
a975edda74	와아, 아스카 오빠다！\n어서 와！！%b
d01b1e230c	있잖아, 나쁜 놈은 해치운 거지？%b
b0570892c6	나쁜 놈 해치우고, 한가해지면,\n나한테 닌자술\n가르쳐준다는 약속 기억해？%b
87ffb35bf4	아스카 오빠,\n세상이 멸망한다는 거 정말이야・？%b
64e742a857	아, 아스카 오빠,\n요모기 일은\n나한테 맡겨줘.%b
b837d7a8d5	나, 꼭 요모기를\n행복하게 해줄게.%b
4908e1c13c	헤헤헤,\n형이라고 불러도 돼？%b
7c1cba4b40	미안해, 아스카 오빠.%b
fdbc6cb437	할아버지가 아스카 오빠랑\n얘기하지 말라고 하셨어.%b
434f14719e	나, 크면\n아스카 오빠 같은\n훌륭한 시노비가 될 거야！%b
8725c61d86	얍！\n그림자참！！%b
1fbe57931a	・멋있다～！%b
53eb666e09	닌자저택에서 동료를 구해냈을 때\n얘기 들려줘！%b
925e31d21c	무사시 님이라면 이가 마을 영웅이지！\n분명, 아스카 오빠의 조상님이야.%b
2af26e1b92	나도 언젠가 훌륭한 시노비가 돼서,\n무사시 님이나 아스카 오빠처럼,\n크게 활약할 거야！%b
cd06119eb4	장난치면 자주 엄마한테,\n겐유사이한테 끌려간다고,\n혼나.%b
041f70524c	인술은, 체술 극한까지 익힌\n닌자 익히는 기술이야.%b
c45fd6a01c	베거나, 던지거나 여러\n가지를 할 수 있대！%b
9106158636	카무이코탄이란 마을이,\n여기 이가에서 동쪽 관문을 넘은 곳에\n있대.%b
66db3319d6	그 카무이코탄이란 마을엔\n사람에서 짐승으로 변신하는 종족이\n산대.%b
5cb5ea23b8	카무이코탄 주민이라고 해서,\n누구나 되는 건 아니지만 말이야.%b
325dec2900	허, 아저씨, 아는 게 많네！%b
3bdfb39e1b	소문은 들었어,\n카달 놈들을 해치웠다며？%b
0338443e81	내가 １０년만 젊었어도\n가만 안 뒀을 텐데！%b
263d3d2516	그래서, 어떤데,\n슬슬 정착할 마음이 생겼어？%b
82d1d4093f	언제까지고 떠돌면 안 돼！%b
e9b38a8a56	아니 뭐야, 뭐야,\n대체, 어떻게 되는 거야！%b
28ee465482	세상은 평화로워진 거\n아니었어！%b
cca93d3f00	저리 가！\n자, 빨리 나가란 말이야！%b
355c4aa1f0	정말 잘해줬어.%b
19e3c04b14	아스카 아버지는 전사했다는데,\n그 나이에 이가 최강 시노비 집단\n츠키구미 우두머리 된 거야.%b
3df01aa9ce	어린데도 야무져서, 츠키구미 결속은,\n다른 어떤 시노비들보다도 단단해.%b
ea320a1b3c	근데 수라 같은 격렬함을 가졌으니까,\n가끔, 터무니없이 무모한 짓을 해.%b
27beb6c811	지금, 아스카한테 제일 필요한 건,\n인생 지탱해줄 반려자겠지.%b
fae6d70971	아줌마가 조금만 더 젊었으면,\n입후보했을 텐데 말이야.%b
ffe8a6966f	그만해！%b
00c79fb88f	어머, 진심이야.\n우후후・☆%b
e93095b308	아스카한텐, 어머니랑 여동생이 있고,\n아스카는 여동생을 무척 예뻐해.%b
a2e5bd5efa	뭐, 하나뿐인 여동생이니까.%b
dfca11df72	이가의 시노비한텐, 그 인술의\n계보나, 모인 사람들의 차이에 따라,\n몇몇 집단이 있어.%b
1ba3151d59	그중에서, 이가 최강의 시노비 집단,\n그게 츠키구미야.%b
164c35d0bb	츠키구미는, 무사시가 시조인\n이가류 인술직계야.%b
c30b18aa3e	이가 최강이란 건,\n리그로드 전역에서도 증명됐지.%b
01ed7b2cb0	요즘, 고죠 마을을 떠들썩하게 하는\n건 여자 의적 시라나미라던데.%b
b403e60360	뭐래도, 나쁜 놈한테서 훔친 돈을\n가난한 사람들한테 주고 있대.%b
b30128bea8	훌륭한 마음가짐 아니야！%b
451a302e70	내가 할 수 있는 방법으로\n나쁜 놈 혼내준 것뿐인데,\n이렇게 얘기 들으니, 왠지 부끄럽네.%b
f06a763911	게텐성에 카달군 높으신 분이\n있다더라.%b
32813e32b4	이름이 뭐였더라・,\n그・저・그・。%b
27fdaf6ac4	안 돼, 기억이 안 나.%b
2c5f17bbf0	왜 그럴까.\n요즘 지진이 잦다고 생각 안 해？%b
f9bc13c497	이제야 평화로워졌다 싶었는데,\n이래서야 마음 편히 잠도 못 자겠어.%b
d32c804e4b	오, 아스카 님！%b
09815c7889	이 늙은이를 불쌍히 여기신다면,\n부디 돌아와주십시오.%b
c3452d9571	이런 일로 마음이 흔들려서야,\n시노비로서 실격이오！%b
e751002a25	이 이변을 수습할 수 있는 건,\n아스카 님밖에 없습니다.%b
1108f47096	지금이야말로, 이가 최강이란 말을\n증명해 보일 때입니다！%b
347add2471	아스카 님・,\n그렇게 많은\n여인들에게 둘러싸여 계시면서,%b
48c636ee42	설마 아직도 정착할 생각이 없다는\n말씀은 아니시겠지요？%b
a4ab3cb9b5	마을 사람들은\n아스카 님이 카달에 붙었다고\n생각하고 있습니다.%b
07cf7100d3	이 누명을 벗으려면,\n닌자저택을 직접 쳐서,\n부하를 구해내는 수밖에 없습니다.%b
cc2e1252c3	닌자저택은 이가 서쪽에 있습니다.%b
8791274a86	이상한 장치가 잔뜩 있다고\n들었습니다. 조심하는 게 좋습니다.%b
8bc94d9576	아스카 님！\n무사하셨군요！%b
94f5459700	역시 누명을 벗으셨군요！%b
7cbc8d3e9f	아스카 님은, 이 마을,\n아니, 이 나라 영웅이십니다！%b
192f89ebf0	여러분도 아스카 님과 함께\n영웅으로서, 오래도록 전해지겠지요.%b
99581eb56b	서쪽 관문을 넘으면,\n고죠 마을, 호쇼인 방면으로,\n갈 수 있습니다.%b
48dc1102ab	동쪽 관문을 넘으면,\n카무이코탄, 호라이산 방면으로\n갈 수 있습니다.%b
dda17da01a	거기엔 정령의 힘을 빌려\n짐승이 될 수 있는%b
e6d535945f	원야마타이인이 산다고\n소문이 나 있습니다.%b
1d7435a04f	소문이 아니다.\n정말 있다.%b
a76db44cb3	내가 그 증거다.%b
617aea9741	서쪽 관문을 넘어, 남하한 곳에,\n오보로 계곡이 있습니다.%b
aae6cc688e	오보로 계곡 더 안쪽엔, 포술이\n뛰어난 이니시에라는 기술자들 마을,\n쿠리카라가 있다는 얘기입니다.%b
7d8d23a740	이런 식으로 화제가 되다니,\n이야, 부끄럽구먼・。%b
4c0fba6e25	하지만, 오보로 계곡엔,\n이상한 여자 산적이 나와서,\n나그네 앞길 막는다고 합니다.%b
0a344fd8a4	어서 와.\n뭘로 할까？
a5fdab7c2c	어머, 관두는 거야.\n다른 볼일은 있어？
b97dbc2194	무기 안 살 거야？
f00412f0be	팔러 온 거야？
bc5822d599	또 와줘.%b
8c49e94779	\n자, 어느 걸 살래？
ec1f4bbfcb	\n자, 어느 걸 팔래？
0065048e59	이런, 이 애 좀 봐！\n팔 만한 게 하나도 없잖아.
6fdbd8ab9d	「%nS」구나.\n살 거야？
0eec840fb8	어머나, 그렇게는 못 들지.\n관둬, 관둬.
e95cca4a72	이런, 돈이 부족한가 보네.\n이쪽도 장사니까.\n서운해하진 말아줘.
6a8d354f98	매번 고마워～.\n다른 것도 살래？
2dccc2f3b0	「%nS」를\n팔아주려고？
80c7603bbf	매번 고마워～.\n다른 것도 팔래？
66e660439c	뭘 하겠다는 거야？
176879f380	관두는구나, 그래그래.\n또？
8d6282af82	무기 산다고？
ab35493b9c	팔러 왔다고？
ed490926ba	이제 오지 말아줘.%b
b36735330f	\n어느 걸 살 거야？
fc822fc58a	\n어느 걸 팔 거야？
a9a44cb2e1	팔 만한 것도 없는 주제에.\n배신자에 거짓말쟁이라니！
4b89ac51f9	「%nS」구나.\n사겠다고？
9e4329a2b3	그렇게 많이는 못 들어.\n정말, 욕심도 많아라.
2160363a27	돈도 없으면서 쇼핑이야？\n이쪽도 장사니까.\n얼른 돌아가주겠어？
3e8c60f953	다른 거 살래？
598b62a05f	「%nS」라・.\n마음 바뀌기 전에 사둘까.
28ada7ef37	다른 거 팔래？
18336a879d	어서 오세요！\n무슨 용무시죠？
544a94400c	우리 방어구라면,\n뭘 사든 손해는 없어요.
139d2f9a77	그런가！ 팔러 왔구나.
05d98b3d6e	\n어느 걸 사주려고？
a206f2eec2	\n어느 걸 팔려고？
7040674444	팔 만한 건 없는 것 같은데.
b89ac385c5	그렇게는 못 들 텐데？\n무리는 안 하는 게 좋을 거야.
f2f2ae5278	돈이 부족한 것 같군.\n미안하지만, 이쪽도 생계가 걸려서.
d27cfbc58b	무슨 용무지？
bd39db13e5	다른 건？
93f054dd07	배신자한테 팔 방어구는 없어.
91c2ea5246	팔 거냐？
b686bc655a	냉큼 나가줘.%b
f99891a9c0	\n・어느 걸 살래？
4f17c08d49	\n・어느 걸 팔래？
fce76a8d52	흥, 팔 만한 것도 없잖아.
b1fd6a4192	「%nS」냐.
6b85f9cc3e	그렇게는 못 들 텐데？\n정말, 욕심이 하늘을 찌르는군.
b9228bb63a	돈이 부족하군.\n이쪽도 장난삼아 하는 일이 아니라서 말이야.
3b8e246b90	다른 것도 살 거야？
f33c74a5bd	「%nS」를\n사주면 되는 거지？
01f84377f7	다른 것도 팔 거야？
067c76ab55	어서 와.\n느긋이 둘러봐줘.
f6bd9038b3	어라, 관두는 거야・。\n다른 건 있고？
5e9e402102	느긋이 둘러봐줘.
29a6965c07	이런, 뭔가 팔러 와줬는가？
5c37ca6f11	그런가.\n또, 들러줘.%b
86466cfdb2	\n뭘 사주려는가？
ead84c9d30	\n뭘 팔려는가？
4083bca710	팔 게 없는 것 같은데？
070834e34c	「%nS」면 되겠는가？
c190e18ea7	이런, 그렇게는 못 들 텐데？\n짐이 가벼워지면, 또 오시게.
a1c0d29fe6	이런.\n돈이 부족한 것 같아, 아쉽지만 팔 순 없다네.
86f80823e1	고맙네, 고맙네.\n다른 것도 살 텐가？
ffaecac979	「%nS」를 팔아도 되겠는가？
013072e1c2	고맙네, 고맙네.\n다른 것도 팔 텐가？
39539ccc13	어서 오게！\n・뭐야, 너희였나・。
a0b4ebeac9	보기만 해라.
066fd58c12	뭔가 팔러 왔나？
30f81023ef	그런가.%b
2bbfe9e990	\n뭘 사겠나？
53b9726763	\n뭘 팔겠나？
b0b7f51000	팔 게 없는 것 같군.\n사람 바보 취급하고 말이야.
bedd8efd95	「%nS」인가？
9b33e55b02	그렇게는 못 들 텐데？
774e5bbf49	돈이 부족한 것 같군.\n정말, 헛수고만 시키는군！
f9a50c5e81	「%nS」를 팔겠다고？
d14704757c	다른 것도 팔 거야？
120e8812fb	아스카가 카달군을 해치웠대！\n　　　　　　　　　（야차조 야카츠）\n↑꺄악, 아스카 님, 멋져！\n　　　　　　　（하나조 쿠노이치 일동）\n↑우오ー, 아스카 님, 최고예요！\n　　　　　　　　　　　（츠키구미 일동）%b
92d6ef5597	천재는 잊힐 때쯤 찾아온다.\n　　　　　　　　　　　（호시조 오야치）%b
b76a960e09	오빠아.\n무사히 돌아와줘！\n　　　　　　　　　　　　　　　（요모기）%b
cf2c2cfb04	아, 간판 뒤에 뭔가 쓰여 있어？%b
d4e82a3fc2	이건, 시노비 문자다.\n근데, 글씨가 서투르네.%b
7eeee4a6b1	뭐지뭐지・。%b
dc1739a069	「간판은 앞면부터 볼 것」인가.\n애 낙서구먼, 이거.%b
8fa0a3363a	지진이 잦습니다！ 자기 전 불씨랑\n장롱 위에 둔 물건 확인을！ 　　　\n　　　（이가 마을 자치회）%b
d0a4a922d2	이가 최강 시노비라면 츠키구미지만,\n아무래도, 츠키구미 일당인 듯한\n시노비가, 닌자저택에 붙잡혀\n있다더라.\n　　　　　　　　　　　　（야차조\n야카츠）
ff86662bac	↑오빠아가\n동료를 저버릴 리 없잖아！\n　　　　　　　　　　　　　　　（요모기）%b
7b5147db87	츠키구미 두목, 비조 아스카가,\n리그로드에서 온 놈들이랑,\n어울린다더라.\n　　　　　　　　　　　　　（유키조\n카토오） ↑나도, 그런 것 같은\n놈들이랑 같이 있는 아스카를 봤어.\n　　　　　　　　　　　　　（하나조\n아오이）%b
7f06aa8434	닌자저택에 붙잡혀 있던 츠키구미가,\n아스카랑 리그로드에서 온 놈들한테\n구출됐다더라.\n　　　　　　　　　（야차조 야카츠）\n↑이가 최강 시노비, 아스카랑 동료들\n해냈구나！\n　　　　　　　　　（뇌음조 히데지）\n↑역시 두목！\n조속한 귀환, 기다리겠습니다！\n　　　　　　　　　　　（츠키구미 일동）%b
0082ea09df	비조 아스카 그놈,\n리그로드에서 온\n미녀랑 같이 있다잖아！\n신은 참 심술궂어어어어！\n　　　　　　　　　　　　　（유키조 카토오）\n\n↑질투 부리지 마！\n　　　　　　　　　　　　    （츠키구미 일동）\n↑오빠아 바보！\n더러워. 싫어！\n　　　　　　　　　　　　　　　（요모기）%b
5769d4dac9	관문에 카달 놈들이 진 치고 있어！\n조심해！\n　　　　　　　　　　　（호시조 오야치）%b
e6d4b69651	고죠 대교가 누군가한테 부서졌어ー！\n무모한 놈도 많다니까ー！\n                            （하나조 이세）\n↑그걸 한 건,\n분명, 우리 두목일 거야！\n                            （츠키구미 일동）\n↑오빠아.\n무사히 돌아와줘！\n　　　　　　　　　　　　　　　（요모기）%b
4d308a5031	폭탄이란 건, 떨어진 곳에서 터지니까\n편리하지.\n　　　　　　　　　　　　（야차조\n야카츠） ↑그렇지. 생각보다 먼 곳도\n공격할 수 있잖아. 같은 사거리라도\n배 정도 거리는 닿는 거 아니야？\n　　　　　　　　　　　　（뇌음조\n히데지）%b
4da0dfe587	아스카, 확실히 말해두겠는데.%b
08b1ace57d	언제까지고 떠돌지 말고,\n슬슬 정착하는 게 어때！%b
62ffc2c942	요모기가 불쌍하잖아.%b
c6c75bf445	꺅 지진이다아아아아앗！\n그거 세로흔들 가로흔들, 랄랄랄라ー.%b
52ea2b8857	뭐야, 동료를 팔아넘기다니,\n실망했어！%b
6134d65e68	아무래도, 아스카가 배신했단 얘긴,\n오해였던 것 같아.%b
7b94f87a24	미안해, 심한 말 해서・。%b
5084575a06	이 마을 동쪽에 나즈나 굴이 있어.%b
f87e147803	거기엔 주인 없는 뿌리 없는 식신이\n잠들어 있다는 전설이 있어.%b
29521c7790	운명의 사람을 만나기 위한,\n외톨이였던 거야, 인 거네！%b
cd76eda4d9	알았다, 알았어・。%b
afded00475	얘기는 들었어,\n아스카라면 분명, 세상을\n구해줄 거라 믿었거든.%b
d68d6db4cb	근데, 있잖아, 슬슬 세상을\n떠도는 일은 졸업하고,\n이가로 돌아오는 게 어떨까・。%b
1e1a94b88f	다들, 네가 돌아오길 기다리고 있어.%b
6f8c685018	대체 어떻게 된 걸까,\n세상은 어떻게 되는 거야！？%b
bff0acbad4	너한테 할 얘기 따위 없어.%b
9f0b693499	미안해.\n나, 널 오해했었나 봐.%b
3d7165e6fd	은신 도롱이 재로 모습을 지우면,\n적 공격 같은 건 스치지도 않아.%b
f3e29d8bae	역시 마법 공격은\n맞긴 하지만.%b
581fe93ada	매혹 기술은,\n이성한테 잘 먹혀.%b
03da770e39	그러니까, 매혹에 걸릴 것 같으면\n동성을 앞에 세우고 싸우면 좋아.%b
258273364a	・뭐, 가끔 다른\n취향인 사람도 있지만.%b
3d6891fa6c	아, 아스카 오빠다！%b
b207a94a59	나, 아스카 오빠 같은\n시노비가 될 거야！%b
01b871640a	있잖아, 꿈에서,\n커다란 구슬 같은 게 보였어.%b
e232551849	그게 엄청 싫은 느낌이야.%b
874d183d74	살아있는 걸 전부 싫어해서,\n무너뜨리려 하고 있어.%b
3b737e4292	아스카 오빠 바보！\n우릴 배신할 셈이지！%b
9748c298d0	아스카 오빠, 나, 믿었어,\n절대로 우릴 배신하지 않는다고.%b
0ff1a4fb71	할아버지한테 옛날얘기로,\n뿌리 없는 식신이 이가 동쪽 동굴에\n잠들었다고 들은 적 있어.%b
1cce071c02	그거, 귀여운 나즈나 얘기구나！%b
e84a4824f8	와, 식신을 데리고 있다니, 대단해！\n역시 아스카 오빠야！%b
fc25ead027	뭐래도 진짜 용기랑 실력을 가진\n사람을 고르려고, 괴물이 어슬렁대는\n동굴에, 스스로를 봉인했대.%b
9bb8d045b6	와아, 아스카 오빠다！\n카달을 해치웠다는 거 진짜야？%b
12275585f0	다음에, 그때 얘기 들려줘！\n남자와 남자의 약속이야！%b
b672227f56	세상은 없어져버리는 걸까・？%b
c39ba81e52	커다란 문어 타고 하늘 날 수 있으면\n좋겠다고, 생각하는데, 무리려나？%b
6c534020e5	그래서, 빨간 가면 쓰고,\n정의를 위해 싸우는 거야！%b
7c623d8dbd	할 얘기 같은 거 없어！%b
f804584495	혼자서 닌자저택에 쳐들어가\n동료를 구해내다니, 완전 대박이야！！%b
7884783db8	역시, 이가 최강의 시노비네！%b
ffc5e02330	새는 참 대단하지.%b
aa46b0ab6c	왜냐면, 우리가 떨어질 만한 곳도\n자유롭게 오갈 수 있잖아.%b
643c62ed96	나도 하늘을 날 수 있으면・。%b
5ee9d55a1e	꺄ー, 아스카잖아용.%b
eb8c062492	카달은 벌써 해치웠떠용.%b
27bcfc8930	언젠 여행 그만두고,\n여기 돌아온다구용.%b
b6f5f5fa5b	땅이 화나 있떠용.\n누가 세상을 더럽히려 하니까그렁용.%b
bb485c6180	흥, 여자 언제까지고 기다리게 하고,\n나쁜 사람이라구용.%b
4e30e80562	아스카 따위 싫어용.%b
63a04d0718	색시로 안 삼아줄 거니까용！\n메롱, 이다.%b
984dbafcee	역시 아스카는 동료를 배신할\n남자가 아니라구 생각했떠용.%b
8ea8aaa2bf	흥.\n내가 색시가 돼줄게용～.%b
5b4e47317b	전에 있잖아, 간판을 뒤에서\n읽으려는 사람이 있었떠.%b
366d03ce64	그래서, 간판 뒤에 시노비 문자로\n주의를 써놨떠용.%b
87ef3e559c	칫！\n또냐！ %b
6ca1e9c9be	잠깐만 기다려,\n아직 마을 사람들 상태를 못 살폈어.%b
0e8665c758	・무슨 소리야？\n이 마을은 아스카 고향 아니야？%b
01fbd00691	왜 그리 말들 하는 거야？%b
fccd42732f	이 마을에선,\n난 배신자 취급이야.%b
914cba5fff	가자, 동료를 빨리 구하고 싶어.%b
5242f03224	뭐야, 관두는 거야.\n다른 건？
de825699d1	으・응・。%b
4cdd45dd8e	이제 어떻게 할래？%b
74a40d70a3	지금 우리 적은,\n７인위원회란 걸 알고 있어.%b
125c7bc755	부탁이야, 다들！\n드래군의 안부가 걱정돼.%b
53506f2588	난 드래군에 가서 내 눈으로 아버님\n안부를 확인하고 싶어！%b
3e41124a89	괜찮지 않겠어？%b
26c1f5a83b	７인위원회를 쫓아오긴 했지만,\n놈들이 어디 있는지는 모르겠어.%b
30a9e3e2d9	적당한 데부터 알아보자고.%b
0b53a3026c	그저,\n그게, 드래군이란 것뿐이지.%b
3f7b81f69d	아스카・。%b
2f02991634	사양할 것 없어.%b
188a4c1919	원래 따지고 보면,\n뮤 나라를 돕기 위해 왔던 거잖아.%b
c5830d3200	시라나미・。%b
2ca122fd0f	너답지 않잖아, 뮤.\n평소 그 기개는 어디 갔어？%b
69e547f578	우리는, 널 따를 뿐이다.%b
dc8f437aa9	고마워, 다들！%b
a57adc4d88	미안해.\n익시즈・。%b
6e4d41f249	우릴 위해 애써줬는데.%b
a874d1b034	가자,\n우리 싸움은 아직 안 끝났어.%b
4c4df85521	・그랬었지.%b
622afa0667	여기서 익시즈 바라보고만 있어도,\n아무것도 시작되지 않아・。%b
14de4e1851	뮤, 가자,\n드래군성 사람들 안부가 걱정돼.%b
c9a158df75	응.\n가자, 드래군으로！%b
72ff2abf81	아, 볼 때마다 원통함이 밀려오네요.%b
cd76e71199	고대마법문명 마도기술의 정수를 모은\n익시즈가 이런 곳에\n버려지다니・。%b
788ea464df	그렇게 고생해서 손에 넣은 배인데.%b
7e7298a53b	아쉽지만,\n여기 두고 갈 수밖에 없어.%b
d42593fad8	언젠가,\n고칠 방법을 찾을지도 모르지만.%b
bffcadd281	우리 적, ７인위원회！\n지금은 놈들 쓰러뜨리는 게 먼저야.%b
47b22e9195	우리 적, ７인위원회！\n지금 놈들 쓰러뜨리는 게 먼저야.%b
de8c50fe83	익시즈를 고치려면,\n호크아이 동생, 팔코를 찾아야 해.%b
243aac03c4	드래군성에 들어갈까요？
332378bf94	여기가, 드래군성인가・。%b
9ef3cd0139	응.\n자, 가자, 다들！%b
0ab328d3f0	조급한 마음은 알겠지만, 뮤.%b
ff42d129c1	여기 오는 길에 보였던 마을,\n분명 자르마라고 하는 마을이었지？%b
a2d180aba6	거기서 정보 알아보는 게 어때？%b
7e77ac34d6	그, 그건・。%b
5f9e57bac1	뭐야, 둘 다 우물쭈물하고・。%b
d22ef07b26	그다지 가고 싶지 않다는・그런.%b
6bc7a2ae5c	・으, 응.\n아버님 일도 걱정되고.%b
cbb36ead0f	어이어이, 제정신이야？%b
601718394c	드래군이 카달 놈들한테\n점거된 건 틀림없어.%b
c6a75a6fa8	그렇다면, 성 안에는\n손이 가해져 있을 거야.%b
ff17168a00	알아보지도 않고\n쳐들어가겠다는 거야？%b
6d48381db6	%H%m1%V100［%m0%s5%m1］%V0%m0\n나도 아짱 말에 찬성이야.%b
654ac76327	%H%m1%V100［%m0%s5%m1］%V0%m0\n가까이에 마을이 있는데,\n아무것도 안 알아본다니,\n그건 자살행위야！%b
597bde0df0	아스카 말도, 일리 있어. 뮤, 동료\n목숨을 위험에 빠뜨릴 셈이야？%b
ea3c3c34cf	・알았어.\n그럼, 자르마 마을에 가보자.%b
36e5e9f243	그걸 알아보지도 않고,\n쳐들어가겠다는 거야, 뮤？%b
db86aae30c	아스카 말도, 일리 있어. 뮤, 동료\n목숨을 위험에 빠뜨릴 셈이야？%b
8dd9d003d5	드래군성・내가 태어난 곳.%b
166fba3294	근데, 지금은 아버님이랑 성을 모시던\n사람들이 카달한테 감금돼 있어・。%b
ca5a627685	가자, 뮤！\n왕을 구하러！%b
a088c12353	외톨이・인가・。%b
19388cbcba	더는, 날\n걱정해줄 사람이 없어・。%b
134d1b78d4	그렇지 않아,\n우리가 있잖아！%b
2159641686	위로는 관둬.\n난, 가족을 전부 잃었어！%b
a2f0d59bab	이참에, 말하게 해줄게,\n불행한 건 너뿐만이 아니야, 뮤.%b
cc1b01b8f0	카달한테 상처 입은 사람들은\n리그로드에도, 야마타이에도,\n카달에도 있어.%b
83d9327a92	실제로, 카달의 항구도시 포포론에선,\n레지스탕스가 죽임당했잖아！%b
c28b5d2991	지금 자포자기해서 뭘 어쩌겠단 거야！%b
1eade2f861	뮤！\n정신 차려！%b
e6ce1b58c8	넌 혼자가 아니야！\n뮤는・내가 지켜！%b
0b078e18bb	・러스티・。%b
80a61308cb	언젠가 얘기했었지만,\n너 혼자 다 짊어질 필요는 없어.%b
cd9f410134	그게 책임이든, 슬픔이든,\n마찬가지야.%b
8eb52886e2	널 지탱해줄 손이 바로 곁에 있단 걸\n잊지 말아줘.%b
f35b9aa013	그러기 위해,\n우린, 이렇게 함께 있는 거야.%b
f850d7b4bb	고마워, 카무이.\n다들 고마워・。%b
fe272e19f2	싸울 거야！%b
5a6d377ad2	７인위원회를 쓰러뜨리고,\n평화를 되찾을 거야！%b
0247af05a2	그리고 아버님 뜻 이을 거야！%b
6863393064	다들, 그러기 위해, 힘을 빌려줘！%b
35182fa527	물론！%b
76cb40746e	나도 힘 보태주지！%b
5985f5ff2a	아짱이랑 함께라면, 어디든 갈게！%b
422f9952af	나즈나 빌려줄게, 인 거야！%b
c6bf0ef4ab	나도 있어여！%b
776c6505e0	이 나라는 천재가 있으면,\n카달의 얼간이들쯤이야\n박살일 것이다～제！%b
4d16118b58	자국 지도자가 타국에\n민폐를 끼치고 있다면,%b
cf8991cd79	그걸 바로잡는 것도, 알렉트리아\n대도서관 무투사서의 임무예요.%b
12fbd851fd	그리고, 두말할 것 없이, 나도,\n다들과 같은 마음이야, 뮤.%b
b9f8c9c8d0	고마워.\n난, 외톨이가 아니야.%b
69c2234149	아버님, 지켜봐주세요・。%b
6a67e64515	그렇다면, 어서,\n７인위원회 놈들을\n혼내주러 가자고！%b
89bd27d1d4	응.\n가자, 다들！%b
4479e17b65	지금은 아직 성 재건할 시기 아니야.%b
0e4ea8ac83	７인위원회를 쓰러뜨리기 전까진\n우리한테 안식은 없어・。%b
a48e24f578	지금은 아직 재건할 상황 아니야.%b
7c75f8b24f	세상이 정말로 평화로워졌는지,\n확인해야 해！%b
30912ab937	이, 이건！\n퀸즈랜드가・내 고향이！%b
3e80857783	응,\n게다가, 무지개색 벽도 없어졌어！%b
58d1bd3dc2	대체, 어떻게 된 거지？%b
7796e3a827	여기엔, 러스티의 고향,\n퀸즈랜드로 가는 길이 있었어.%b
11016afa3e	게다가, 카달군이,\n리그로드 대륙 동서의%b
629e71a7b5	교통 차단하려고\n만든 것 같은 무지개색 벽도 말이야.%b
bbc82700f6	그런 거, 흔적도 없잖아？%b
55740a58fe	응, 그게 이상한 건데・。%b
74489a25f0	뮤 얘기로 보면,\n그 무지개색 벽이 없다는 건,%b
f7d6385117	카달군에 의해 리그로드가\n거의 제압됐다는 걸\n나타내는 게 아닐까？%b
9103b93137	내 고향이・。%b
ed0ae35259	이, 이건！%b
bf3a2c8c20	가자, 러스티！%b
f1f24cc940	리그로드가\n어떻게 됐는지 확인해야 해！%b
55624af8b2	퀸즈랜드로 가는 길이・。%b
e65408fd00	지금은 못 하지만\n７인위원회 쓰러뜨리고\n반드시 원래대로 돌릴 거야.%b
abcb4437a9	응.\n러스티・。%b
9c73591c8b	７인위원회는 쓰러뜨렸지만\n지금은,\n길 원래대로 되돌릴 여유는 없네.%b
14d00362c7	언젠가 반드시 원래대로 되돌릴 거야.%b
8962bac2c8	드래군은 그쪽이 아니야, 뮤.%b
4172baff86	오르트마에 들어갈까요？
086739336b	지금은, 퀸즈랜드로 서두르자！%b
9a8d3638f4	・음.%b
d60ca669d7	%H%m1%V100［%m0매인%m1］%V0%m0\n
3e31488051	눈을 뜨신 듯하오.%b
a00a2a8a9d	어라・여긴・？%b
39faa1fe0f	항구도시 오르트마 앞이외다.%b
edfdf409b0	엣！%b
cd81256628	그럴 리가！%b
5782b86eb2	분명 적 쓰러뜨렸을 텐데！%b
dc1b5af9cd	적이 보인 환각에\n홀리신 것이외다.%b
e0554304ca	아차, 이 몸이 실수를 하다니！\n그건, 환상의 안개였어！%b
f7c9e1421b	그럼, 눈앞에 있던,\n그 적을 쓰러뜨린 것도,\n환각이었다는 거야？%b
43188ad71a	아.\n잘 만든 환상 현실과 다르지 않지.%b
adfbad1680	실제로, 그놈들한테 받은 상처는,\n우리 몸에 남아 있잖아？%b
82b972f1c8	그 말대로외다.%b
1a0af485c6	대지의 외침을 억누르는 적은,\n제법 지혜로운 자이외다.%b
03f2516742	제 손을 더럽히지 않고,\n적을 배제하려고,\n환상 보이는 안개를 쓰는 것이외다.%b
a867deb66a	그런・뭔가 방법이 없어！？ 아스카,\n시노비 술법으로 어떻게 안 될까？%b
277e3cd1a8	미안해,\n이것만큼은 방법이 안 떠올라・。%b
d85e95f759	・그래도・。\n이런 데서 끝날 순 없어！%b
adbb785e2a	설령, 함정이라 해도,\n끝까지 포기 안 해！%b
f295ae73ad	카달한테 습격당해\n드래군에서 도망쳤던,%b
627c85c3d2	그때처럼,\n더는, 도망치는 거 싫어！%b
d557707651	이렇게 된 이상, 힘닿는 데까지,\n싸우고, 싸워서, 끝까지 싸울 거야！%b
8d42420932	기사의 긍지를 걸고, 용의 피를\n걸고, 더는, 도망치지 않아！%b
a760eabf01	나도, 적한테 등을 보이는 것만은,\n참을 수가 없거든.%b
944fca65e8	싸우고, 싸워서・,\n선 채로, 죽어주마.%b
3868d0ee7e	아버지도 그러셨어.\n나라고 못 할 거 없지.%b
393b64b6aa	훌륭하오！\n소인 감격했소이다！%b
ab7b3758a7	그러고 보니, 당신은 대체・？%b
0ce89833b6	소인, 호크아이라 하오.%b
982089b7e5	동생을 카달군에 납치당해,\n그 행방을 쫓던 중,%b
c046eb449f	대지의 외침을 앞두고, 방책에\n고민하던 차 귀공들 나타난 것이외다.%b
b9fd5041b1	충고를 드리기 전에 들어가버리셔서,\n황급히 뒤를 쫓아온 것이외다.%b
8a1d959786	・그런가・。%b
e9d8885a13	위험한 순간에 도와줘서\n정말 고마워.%b
332e47a65f	난 뮤.\n드래군의 용기사.%b
091fbab233	오오, 드래군의 공주님이셨소이까！%b
8e6d236be6	공주란 말은,\n조금 안 어울리지만.%b
16339e5b63	아스카！%b
8d8e37a04d	일행은 서로 소개했습니다.%b
a7381cca85	그나저나, 왜 그리\n야마타이 무가 말투를 쓰는 거야？%b
6e1005ddc5	무구는,\n야마타이 상인한테 들여오는 것이외다.%b
134ece17e8	그래서, 저희 집안은,\n평소부터 이런 말투를 쓰는 것이외다.%b
a3a0ca8d8c	게다가, 매인이 이런 말을 쓰면,\n만난 사람한테 잊지 못할 충격을 줘,\n장사 번창하는 것이외다.%b
772c61643a	확실히, 그 얼굴에, 그 말투면\n잊으려야 잊을 수가 없겠다.%b
697a7e866b	어떻겠소,\n소인을 여러분의 동료로\n넣어주지 않겠소？%b
58972e6796	소인, 이래 봬도\n어느 정도 무도 소양이 있소이다.%b
6dafb41303	짐이 되지 않을 자신이 있소이다.%b
35337f82c2	게다가 소인 아니고서는\n못 할 도움이 있소이다.%b
a81a1df3c1	대지의 외침을 점거한 적 대장은,\n보시다시피, 환상으로 저희 공격을\n막아버리는 것이외다.%b
ef8d6c2111	하나, 오르트마의 저희 가게에 비장한\n【진실의 반지】를 쓰면,\n그 공격을 무효화할 수 있소이다.%b
ad97495ea1	그런 게 있으면,\n우리 도움 같은 건 필요 없잖아.%b
96916a7061	적 환상을 무효화할 순 있다지만, 그\n수로는, 소인 혼자로는 벅차오이다.%b
48809002d3	확실히 그렇군.\n어떻게 할래, 뮤？%b
d8b2e256a8	동생을 찾기 위해서라도\n넘어야 할 곳이외다.%b
b366de347b	부디 동료로 넣어주시오.%b
7682b2a9b1	응, 이보다 반가운 도움은 없지.\n잘 부탁해, 호크아이.%b
2479e43bef	하하, 감사한 일이오.%b
3338649ad8	그럼, 오르트마로 돌아가서,\n소인 오두막으로 안내하겠소이다.%b
1b85461898	대지 외침에 들어갈까요？
9da2b20260	왜 그래？%b
dcd22cf8af	여기 길이 있었을 텐데\n이런 큰 균열이 생겼어.%b
cb8f690ee7	게다가, 다리가・？%b
849dcad438	이것도, ７인위원회 짓인가！%b
5de2ac9413	그렇다면, 조심하는 게 좋겠어.%b
6a3127d149	그래.\n신중히 가자고.%b
a811660d37	아까는 방심했지만,\n이번엔 안 져！%b
b4f61c0fbc	그 말대로외다.\n괘씸한 악당들을 퇴치합시다！%b
596165e038	잠시만！！%b
2bec4ac462	오르트마 저희 가게 비장한\n【진실의 반지】를 쓰지 않고서는\n그 환상 무효화할 수 없을 것이외다.%b
ab50048b02	우선, 무뢰배들로부터 오르트마를\n구하고, 【진실의 반지】를 손에 넣는\n게 급선무일 것이외다.%b
6b65831bf3	그럼, 먼저 오르트마에서\n카달 병사를 쫓아내자！%b
d33c7718a6	먼저, 오르트마로 가서,\n【진실의 반지】를\n손에 넣는 게 급선무일 것이외다.%b
8d74f4d606	그럼, 우선은 오르트마로 가자.%b
d4ca6bc2cf	고대유적 들어갈까요？
bedd0dca5a	여기가 고대유적이야.%b
9845be50e4	그러고 보니, 카달에 의해\n고대유적에 학자들이 모여 있다고\n들었소이다.%b
e758ab21a8	혹시 동생도 여기 있는 게・？%b
af6546e160	근데 자물쇠가 걸려 있는 것 같아.\n시라나미짱, 어때？%b
703283f5d2	응, 확실히 자물쇠가 걸려 있어.\n이건 내가 못 열겠어.%b
807da18d1b	자물쇠가 걸려 있단 건,\n어딘가에 그 열쇠를\n가진 놈이 있다는 거잖아？%b
c444ce0a00	그럼, 열쇠 가진 놈을 찾아서\n그다음에 하면 되잖아.%b
0f36b5674d	그러고 보니, 분명, 여기 열쇠는\n아버님이 다셨다고 들은 적 있어.%b
404e18539c	그럼, 퀸즈랜드에 있는 거네.%b
fab31565e3	어떻게든, 문을 여는 방법은\n없는 것이외까？%b
be50504f0a	혹시나, 동생이\n이 안에 갇혀 있을지도 모르오이다.%b
4e10a3043f	마음은 알겠지만, 이 경우는,\n기책보다 정공법이 확실할 거야.%b
57e5ed6ee9	급할수록 돌아가라잖아.%b
3e401276ba	그건 그렇소이다만・。%b
be2fed63c6	어느 쪽이든, 여기서 논의를 계속하는\n게 훨씬, 시간 낭비야！%b
0615410d20	・알겠소이다.%b
c170f23c79	여기는 고대유적이야.%b
7320684746	혹시나, 동생이 이 안에\n갇혀 있을지도 모르오이다.%b
4b9316821a	드디어, 로군, 그려！%b
9507e0480d	그 열쇠를 쓰면,\n안에 들어갈 수 있소이다.%b
cfea8787dd	그럼, 동생 소재도 확인되겠지요.%b
d9cdaefe68	응.\n가자, 다들！%b
e88aa8d8b0	라그로스 탑에 들어갈까요？
81c7edccc0	퀸즈랜드 궁전이・。%b
ec2ecd91ed	・카달군에 점령됐다 듣고,\n각오는 했지만・。%b
ee8082f770	이렇게 변해버린 모습이\n될 줄이야・。%b
553bae98f4	하지만, 여기 라그로스가 있다는 데\n틀림은 없어・어떻게 할래, 러스티？%b
9f058aa6ff	・결판을 내주마, 라그로스！%b
2926629735	그런데, 뮤,\n그거 대체 뭐야？%b
7e7ee4b6d3	아, 이거？%b
fecb0d0fde	이건 【애로우스톤】이라고 해서,\n익시즈 수리에 필요한 물건이야.%b
d5973b8389	허, 그 소문의 하늘배 말이지.\n그럼, 그게 있으면 고쳐져？%b
7acf4948d4	팔코한테 맡겨두면\n괜찮을 거야, 분명！%b
34382d5aa2	뮤, 부탁이 있는데 말이야・。%b
f9c50080a0	뭔데？\n내가 할 수 있는 거야？%b
cb4cdee663	그・。%b
295103ba6c	익시즈란 놈을,\n보여줄 순 없을까？%b
1d89efee77	뭐야, 그런 거！？\n좋아, 실컷 봐.%b
c991336a70	그게・,\n될 수 있으면 태워줬으면 하는데・。%b
3700b8d6ce	아, 하하, 하하하하,\n나도 참 뭔 소릴 하는 건지.%b
a107217917	들떠버려서,\n영 볼썽사납네.%b
f35154dd41	그렇지 않아！%b
546e62d6ee	타기만 하는 게 아니라, 가능하면\n조종을 부탁하고 싶을 정도야.%b
e21ff4a923	저, 정말이야！？\n정말로 조종해도 되는 거야？！%b
9e817c591d	디아네 씨가 조종해주면 적어도 제대로\n착륙은 될 것 같으니까.%b
626e0295b7	응.\n부탁드려요, 디아네 씨！%b
632d9ff394	좋아, 그럼 정해졌으니,\n오르트마로 전속 전진이야！%b
c46aac960a	여긴 자르마 마을이다.%b
3ab627f47f	여기서 드래군에 대한\n정보를 얻을 수 있을지도 몰라.%b
e4a55273ef	다들 뭐 하는 거야！\n자, 가자！%b
be4324a605	대체 왜 저러는 거야, 뮤 그 녀석.\n억지로 밝은 척하고.%b
3049bf5bbf	괜찮아？%b
07e2381f34	・응・괜찮아.%b
1f5b088f9e	당당하게 가자고, 뮤！%b
8541b0f96b	우린, 이 세상에\n평화를 되찾기 위해 싸워왔어.%b
3aa84527c7	작아질 필요 같은 거 없어.%b
82855efb0a	서쪽 숲에 들어갈까요？
f1ca59f1a2	동쪽 숲에 들어갈까요？
26a2bc81f2	사모사 들어갈까요？
4ca42d53da	차원문에 들어갈까요？
d1b0ae0f4e	퀸즈하트 마을에 들어가시겠습니까？
f30bad5b8a	코르베에 들어갈까요？
b886f9a8f8	바트람에 들어갈까요？
0b6e266361	익시즈에 다가갈까요？
7eaf4fa723	다가감
e69769561c	안 다가감
3f04ae93a8	이제 볼일은 끝났어？%b
b3bdc75169	오르트마로 돌아가고 싶으면,\n말해줘.%b
c627edb088	오르트마 돌아갈까요？
6cb902a669	오르트마로 가는구나.%b
7ff4b8ef53	그럼, 냉큼 출발할게！\n자, 탔지 탔지！%b
022b1a8573	그래.\n그럼, 난 여기서 기다릴게.%b
c7dcd63583	끝났나・？%b
8b65720998	뭔가 걸리는 거라도 있어, 뮤？%b
64c04bf5cb	뮤는, ７인위원회와의 싸움 직전에\n그림자 같은 게 떨어져나간 걸\n모두에게 이야기했다.%b
5ec0cba32c	그런 일이 있었을 줄은,\n몰랐어.%b
6c697c077c	하지만, 싸움은 이제 끝났어\n그렇지？%b
da05e67e4d	응. 근데, 찜찜한 느낌이 가슴에서\n안 가셔.%b
a7e4841f9f	７인위원회가 마지막에 한 말,\n혼이 되어도 자기들은 목적을 이룬다,\n는 듯한 발언도 있었으니까.%b
cccb8c023a	%H%m1%V100［%m0%s6%m1］%V0%m0\n그럼, 이렇게 하면 어떨까？%b
b210d07590	어쩌겠다는 거야？%b
c59e66e7c6	우리끼리, 세상을 돌면서,\n불안한 요소가 없는지,\n확인해보는 건 어때？%b
3f42de6d24	다행히, 우리한텐 익시즈호가\n남아 있기도 하니까.%b
5ec002967f	좋은데, 그거！\n나, 한 번 여러 나라를\n여행해보고 싶었어！%b
f722e9f48a	놀러 가는 게 아니야！%b
5f366d227b	알고 있어！%b
1f6d8a244d	그러시다면, 저는,\n카달의 알렉트리아 대도서관에\n들러주시길 제안드리겠어요！%b
80ba8ea90d	카달의 알렉트리아 대도서관에？%b
a9aadc92c9	네.%b
81a0c9f2d9	아무래도, ７인위원회는,\n알렉트리아 대도서관을 통해%b
df4108447b	카오스 힘에 관한 지식을\n모았던 거겠죠？%b
8d46119145	그렇다면, 알렉트리아 도서관에,\n카오스 힘이나 카칼클랜에 관한\n정보가 남아 있을 거예요！%b
f8dd089ddf	그렇겠네.%b
e890c658df	나도, 세상이 정말로 평화로워졌는지,\n내 눈으로 확인해두고 싶고.%b
6bcdb45864	그럼, 카달의\n알렉트리아 대도서관을 시작으로\n세상을 돌아보자！%b
f2abc8c55a	어서 와.\n뭘로 할까？
6541df1f9c	아쉽네.\n다른 볼일은 있어？
e3272df8c5	팔러 온 거야.
2e1154d5f9	또 와줘.%b
b129bb0d78	\n자, 어느 걸 살래？
43e9b52ba5	\n자, 어느 걸 팔래？
e83a3f6a31	「%nS」인가.\n바로, 살래？
056ff2330b	그렇게는 못 들지.\n무리하지 마.
187674f60f	돈이 부족한가 보네.\n이쪽도 장사니까.\n또 돈 모이면 와줘.
cf81680d14	매번 고마워.\n다른 것도 살래？
9819c49119	예, 어서 와.\n무슨 일로？
1650f0b9ef	뭐야, 관두는 거야.\n다른 볼일은 있어？
99972b582c	우리 방어구라면, 뭘 사도 절대 손해 안 봐.
7b51bd8b4d	그래！\n팔러 와줬구나.
27afe06e7c	그런가・。\n또 와줘.%b
c4157f6852	\n어느 걸 사줄 거야？
0942ac682a	\n어느 걸 팔 거야？
ca18713acf	팔 만한 게 없는 것 같은데？
d2e7652a40	그렇게 많이는 못 들 것 같아요.\n무리는 안 하는 게 좋아요.
8f4b305aca	돈이 부족한가 보네.\n돈 형편 되면, 또 와줘.
e3acc6eca8	매번 고마워！\n다른 것도 살래？
21192d6b64	「%nS」를\n팔아주려고？
9562f378b2	매번 고마워！\n다른 것도 팔래？
4b1b578f81	어서 오세요～☆\n어떤 용무신가요？
3ac5e67bfd	관두시는군요.\n다른 용무는 있으신가요？
849ad07baf	천천히 둘러봐주세요～☆
5b34e5c375	필요 없어진 물건을,\n매입해드리고 있어요.
552aa0982d	다음 이용도 기다리고 있을게요☆\n감사합니다～☆%b
6a02e1d95e	\n어느 걸 구하세요？
1bfd8cd882	\n어느 걸 파실래요？
dffc456376	어라옹？\n파실 게 없으신 것 같아요☆
6a6edd2946	「%nS」시군요.\n사주시겠어요？
5b66a51e37	어라옹？\n짐이 가득하신 것 같아요.\n다음에 다시 오시는 게？
fbd92eb9cf	어라옹？\n안타깝게도 돈이 부족한 것 같아요.
8d33832664	감사합니다～☆\n다른 것도 사시나요？
261dfa104e	「%nS」를 팔아주셔도 될까요？
36995d5f22	감사합니다～☆\n다른 것도 파시나요？
407f0b8efb	타타라가 드디어 카달을 쓰러뜨렸대！\n　　　　　　　　　　　　　　　（아즈사）\n↑난 이런 날이 올 줄 믿었어！\n　　　　　　　　　　　　　　　（츠루기）\n↑오빠, 축하해！\n　　　　　　　　　　　　　　　（히바리）%b
257d658b70	재해에서 우리 마을 지키자！\n　　　　　　　　　　（쿠리카라 자치회）%b
ebf039a79f	화약 사고에, 조심합시다.\n　　　　　　　　　（쿠리카라 자치회）%b
8de2d9874a	간판 뒤엔 「히바리 최고」쓰여 있다.%b
670e4f1a8e	그럼, 나도 써놓을까.%b
d6c7e76b4b	바보 아니야？%b
b98fb26900	으으・。%b
eccc2b8b3c	카달군 놈들이, 우리 마을 기술에\n눈독 들이고 있는 것 같아. 다 같이\n협력해서, 놈들한테 저항하자！\n　　　　　　　　　　　　　　　（아즈사）%b
1064b01f4a	화약고 화재는, 카달군 짓이라는 것\n같아. 수상한 사람 그림자를 봤단\n사람이 있어.\n　　　　　　　　　　　　　　　（아즈사）\n↑아, 그거 나도 봤어. 용서 못\n해, 카달 놈들.\n　　　　　　　　　　　　　　　（츠루기）%b
f2a31e84cf	마을 전체 기술 향상에 이바지한\n이니시에한테 주어지는 만보 기념상은,\n타타라한테 수여됐습니다.\n　　　　　　　　　　　　　　　（아즈사）%b
bd50c2ef13	마을 제일의 이니시에, 타타라가\n카달 토벌을 위해, 리그로드에서 온\n용기사 처녀의 동료가 됐대.\n　　　　　　　　　　　　　　　（아즈사）\n↑괜찮으려나.\n그 녀석, 포술 실력은 확실하지만,\n・이래저래 고생할 것 같아.\n　　　　　　　　　　　　　　　（츠루기）%b
8e48881d98	리그로드란 대륙에서 왔다는,\n용기사 처녀가, 이 마을을 방문했어.\n　　　　　　　　　　　　　　　（아즈사）\n↑나, 그 처녀 봤어.\n좀 기가 세 보이던데,\n아즈사보다 귀엽지 않아？\n　　　　　　　　　　　　　　　（츠루기）%b
5fad890a64	%H%m1%V100［%m0주민%m1］%V0%m0\n
4a01a33f73	요즘 지진이 잦으니까,\n지금까지보다 더 화약고를 조심해야지.%b
5e05d05099	떨어뜨리기만 해도 터지는 것도\n안엔 있으니까.%b
a06b16341e	타타라, 세상도 평화로워졌으니,\n고향에 돌아오는 게 어때.%b
fb0d9fdc12	히바리를 안심시켜줘.%b
30466fb17a	대체 어떻게 된 거야？%b
9b8e9c91d2	카달인가 뭔가 하는 군단이,\n우리 기술을 내놓으라고 요구해왔어.%b
cd1c3c8f51	뭐래도, 갈자드란 사령관이\n힘으로 이니시에 포술을\n손에 넣으려 한다는 것 같아.%b
a1998c7bb2	그런 놈들 말을\n누가 듣겠어.%b
08962cb338	오보로 계곡엔, 예로부터,\n여자가 우두머리인 도적 일파가\n살고 있어.%b
ff2bab6a7e	우리한텐, 좋은 은신처고, 그놈들은,\n우리한테 화약 원료를 팔아서 생계를\n이어가고 있지.%b
19c02cb7df	그놈들 대대로 독 강한 체질인가 봐.%b
630a2288e2	독안개가 발생하는 곳에서만 채취되는\n귀중한 원료를 캐다줘서 큰 도움 돼.%b
01fac60473	장사에 관해선 나름 신용할 수 있지.%b
87954f06db	이런 곳엔, 나그네도 좀처럼 안 오니까,\n도적질 벌이론, 생활이 안 될 텐데 말이야.%b
cb638238d4	카달 놈들, 결국 힘으로\n우리 기술을 뺏으러 왔어.%b
9256910b3b	아무튼, 대포 만들 수 있는 건,\n우리 이니시에뿐이니까.%b
bb1115cb19	화약고에 불을 지른 건,\n카달 짓이라던데.%b
5ee32932b4	만약, 화약고가 터졌으면,\n이 마을은 전멸했을 거야.%b
c746c64c9c	아차, 잊을 뻔했네.%b
e83e73aaa2	당신들도, 화약고 소화를\n도와줬다며.%b
b17f0707ea	고마워！\n너흰 마을의 구세주야！%b
11c4020ce8	우린 이니시에라고, 도래계 기술자야.%b
6995421fd3	화약을 써서 쇠구슬을 쏘아내는\n대포라는 무기의\n제조와 조작 기술을 가지고 있지.%b
551ae639e9	이 마을서 제일 솜씨 좋은 이니시에는\n뭐니 뭐니 해도, 타타라지.%b
c6781a2239	이야・,\n그런 말 들으니, 쑥스럽여.%b
766b8c6b8b	%H%m1%V100［%m0여자애%m1］%V0%m0\n
0c2662d45b	으~음.\n역시 무겁네・。%b
287a8bfec4	물 나르기 도와줄까요？
9208e9d455	돕는다
09b496b03d	안 돕는다
8b46e4fc30	힘들겠다・。%b
c17c5f8db8	그래！\n우리가 도와줄게.%b
536ee865d4	어디로 옮기면 돼？%b
3fba8224d4	정말！？%b
8557310921	그럼, 마을 나가 서쪽\n화약공장이 있어요.%b
74736682c7	화약공장 안쪽에 큰 물통이란 게,\n물을 담아두는 큰 통이 있으니까,\n거기까지 물을 옮겨주세요.%b
76ecd561bd	으음, 으음.%b
a230f15a73	어, 왜 그러니, 대체？\n배라도 아파？%b
50ab2dd997	오빠가\n이 물을 옮겨온 거예요.%b
e67f0c290a	근데, 새로운 대포 구조를\n생각해냈다면서,%b
f20ba603e3	물 나르던 도중에,\n작업장에 틀어박혀버렸어요.%b
71433e4e0c	근데, 이 많은 물을 어디다 써？%b
2ac573c76f	화약 쓰는 공장에선,\n불이 났을 때를 대비해서\n물이 많이 필요해요.%b
0efead51dd	그거 안 옮겨두면\n만에 하나 있을 때,\n큰일 나는 거 아니야！%b
db16c1f893	아니요.%b
dfc2228ded	이건 보급용이라서,\n지금 당장 곤란한 건 아니에요.%b
e8e6d28464	근데, 이런 데 놔두면\n다른 사람한테 민폐잖아요？%b
919a5c1e64	그래서, 아까부터,\n애쓰고 있는데・。%b
c56abe4100	저한텐,\n좀 무거운 것 같아・。%b
1f1711f5a4	정말 고마워요.%b
c1d8e7daa2	대단한 건 못 해드리지만,\n뭔가 답례를・。%b
fca8b608c9	맞다！\n괜찮으면 우리 집에 묵고 가주세요.%b
f152fd0db6	그렇게 신경 안 써도 돼.%b
31c5551bab	・에헤☆%b
7077a26fec	사실은, 오빠가,\n한동안 작업장에 틀어박혀서\n혼자 심심해요.%b
c248a53e08	그렇지,\n혼자만큼 심심한 건 없지.%b
b31b67b4fd	잠깐, 아짱・。\n그 애한테 유난히 다정한 거 아니야？%b
065a8f28d1	허, 아스카가\n애들한테 다정하구나.%b
17235c5fc2	이 애 분위기가,\n여동생 요모기랑 왠지 닮아서.%b
c8a79d22d4	그렇구나・。%b
1a021ec694	왠지 남 같지가 않아.%b
49034d41d6	그런데, 작업장에 틀어박힌\n네 오빠는 어떤 사람이야？%b
d652331935	%H%m1%V100［%m0히바리%m1］%V0%m0\n
122e41aab1	미안해요,\n저, 제 이름도 안 말했네요.%b
29b458eb5e	제 이름은 히바리,\n오빠는 타타라라고 해요.%b
fe37204dea	오빠는, 이 마을에서도\n제일가는 실력을 가진 이니시에예요.%b
5a8bf2a996	근데, 일에 열중하면,\n다른 건 내팽개쳐버려요.%b
80e5fc67f4	허, 이 마을 제일 실력이라・。\n동료가 돼준다면,\n든든하겠는데・。%b
1ced5d0969	근데, 그 전에,\n우리 있는 동안 모습을 보일지・。%b
4d3ff5f4f0	뭐, 일단, 히바리네 집에\n하룻밤 재워달라고 하자.%b
6e06d0cd2f	와, 정말！？%b
d3682b9e0d	・이런, 큰일 났네！\n이런 데서 서서 얘기나 하고.%b
0a5fbb1cd5	다들 피곤하시죠？\n어서, 들어와서 쉬세요.%b
2c221f7bf3	어서 와, 오빠.%b
f38e327945	이제 아무 데도 안 가지？%b
d2f380ca2c	쿠리카라 마을에\n돌아와주는 거지？%b
93b33c8932	・무슨 일이야？%b
a23c3d6c81	미안해여, 히바리.%b
d718b6921d	나한텐,\n전부 끝났다고는 생각 안 되여.%b
a2839bd497	히바리・。%b
ad5e9288ae	조금만 더,\n오빠 고집을\n허락해줬음 좋겠여.%b
22412016f6	・알았어.\n원 없이 다녀오면 되잖아.%b
ff9c6b135d	이제, 오빠 걱정 안 해줄 거야！%b
2d8d6c7675	・히바리・。\n미안하여.%b
955aa7d5bc	대체, 무슨 일이 일어나는 거야・。%b
7327503c9a	안엔 아무도 없나보다.%b
184d2e012c	오빠, 무사히 돌아와.%b
8bcd8fca23	분명 돌아올 거여.\n그때까지, 잘 집 보고 있을 거여.%b
d5a979f370	안엔 아무도 없는 것 같네.%b
0e99afcb4b	그런가？\n안에서 무슨 소리가 들리는데.%b
86d9f4a4d1	죄송해요・。\n귀찮은 일을 부탁드려서.%b
5c2d18908f	아니, 괜찮아.%b
cf14071939	우리가 먼저 하자고 한 거야,\n그렇게 신경 쓰지 마.%b
dbdf77f126	무리하지 말고,\n위험해지면 도망쳐！%b
d4774a86c8	큰일 났어！\n화약공장에 불난 것 같아！%b
83ca7f4b23	만약 화약에 불붙으면,\n이 마을은 흔적도 없이 날아갈 거야！%b
2102fe8b8b	자, 다들 빨리 도망쳐！%b
5e53859a5f	넌 어떻게 할래？%b
918896e3ec	화약공장 진화를 도우러 가야 해！%b
790dfbae43	그렇게 위험한 곳에,\n보낼 순 없어.%b
68c35d8d7a	그래, 우리가 갈게！%b
93bc632e29	뒷일은 우리한테 맡겨.%b
534f81be18	뒷일은 우리한테 맡겨줘.%b
14a7e656b6	・알겠습니다.\n그럼, 부탁드릴게요.%b
ca13768219	・근데, 아무래도, 이상한데.%b
b307454f50	화약공장의 위험성은,\n이 마을 사람이라면 누구나 알 텐데.%b
9695cc1d05	혹은, 이 마을 사람이 아닌 자가\n관여했을 가능성도 있는 거 아닐까？%b
f921cfb008	설마・。\n놈들 짓인가！！%b
297fe69471	위험했여.\n덕분에 마을은 살았여.%b
e92a68e6f8	오빠！\n무사했구나！%b
9facd65857	정말！！\n작업장에 없어서, 걱정했잖아！%b
ba25ce5c5a	오, 히바리, 무사했느냐여？%b
b083503a8b	이 사람들 덕분에\n다들 살았여.%b
b9fe49fc23	아, 언니들！\n다행이다, 무사했군요！%b
931113cba8	아는 사이냐여？%b
6f0b0fb441	오빠가 내팽개친 물을\n옮겨줬어！%b
3ddd09517b	불났을 때도, 날 도와줬고.%b
065ee2de05	오빠보단,\n훨씬 믿음직스럽다니까！%b
851ddf71d1	그, 그거 신세 졌여.\n고맙여.%b
2246357493	그런데,\n이거 저절로 불붙은 거 아니지？%b
afe34439c5	명백히 누군가 방화한 거여.\n아마, 카달 놈들일 거여.%b
d3c8af316c	이니시에 기술을 내놓으라고\n명령받고 있었는디,\n내가 거절했으니까요.%b
ff8dd38973	카달한테？%b
081ea5d791	그렇여.%b
e8c2bbabfa	놈들한텐 이 빚 반드시 갚아서,\n찍소리 못 하게 해줄 거여.%b
531527e663	그럼, 같이 안 갈래？%b
5261a9bbbd	우리도 카달 놈들한테\n한 방 먹여줄 참이야.%b
07220336c6	좋여, 힘을 빌려줄 거여.%b
2216a7e780	엣！\n오빠, 어디 가버리는 거야？%b
a025ef7f14	그럼, 나도 오빠 따라갈래！\n있잖아, 되지？%b
d6ccdaf7d6	그건 안 되여.\n엄청 위험한 여행이여.%b
78e4cebce9	싫어, 싫어！%b
385d557e3f	오빠한테, 무슨 일 생기면,\n나, 외톨이가 되잖아！%b
8f8add72a2	더는, 가족이 없어지는 거 싫어！%b
0417b7e2eb	괜찮여, 오빠는 강하여.\n그렇게 쉽게 안 당하여.%b
f1795e1fe4	・정말？%b
25ef7f482f	네가 안심하고 지낼 수 있게,\n나쁜 놈들을 해치우고 오는 거여.%b
d46599608b	오빠가 돌아올 때까지,\n혼자서 집 볼 수 있겠지여？%b
d0fd1b04da	절대, 절대, 절대！\n무사히 돌아와, 약속이야.%b
8194c8924f	거짓말하면 바늘 천 개 삼켜！%b
fb39aa095a	약속하여.%b
914d50f6a4	・그럼,\n다녀오세요, 오빠！%b
3aac4c66fe	조심해・。%b
d7b54b0c54	그럼, 여러분,\n잘 부탁드리여.%b
bd05edabd9	타타라가 동료가 됐습니다.%b
3eb108230c	어머, 타타라잖아.%b
8f9b9d5368	들었어, 대단하네,\n세상에 평화를 가져오다니・。%b
1499745c89	난 알고 있었어,\n너는 뭔가 해낼 남자란 걸.%b
f756f7f817	어떻게 된 거야？\n세상은 평화로워진 거 아니었어！？%b
d62ab38c34	오의서는 도움이 됐으려나？%b
91421fcddc	고마워, 살았어.%b
181a1a5495	답례랄 것까진 없지만,\n대대로 우리 마을에 전해지는\n기술 오의서를 받아주겠어？%b
39504c908b	너희라면, 분명 잘 써먹을 수 있을\n거라 생각해.%b
32205c6215	나, 좀 좋은 물건 가지고 있거든.%b
3b8d7b2eeb	근데, 너희가\n그걸 잘 다룰 수 있을지・。%b
603bc5de76	그 부분이 문제란 말이지.%b
9af61b0990	타타라잖아！\n어서 와！%b
f2915adbb8	벌써 히바리짱은 만났어？\n분명 기뻐할 거야.%b
23d700e204	이런 일 지금까지 없었어.\n대체, 무슨 일이 일어나는 걸까！？%b
d8f433adf6	마을 자랑 뭐니 뭐니 해도 타타라지.%b
86ab8abe1f	타타라 덕분에\n다양한 무기랑 기술이 발명됐어.%b
ef4aa1e9ea	이번엔,\n어떤 무기를 생각해낼까.%b
ca02ce04df	이야・,\n그냥 정신없이 일했을 뿐이여.%b
3e2c8a491c	나는, 그냥,\n일이 좋을 뿐이니까여.%b
1fc134e3a6	화약공장 발화 지점 근처에서,\n카달병 무기가 떨어져 있었대.%b
087b434bcd	역시 카달 짓이었구나.%b
e3689217b5	카달 놈들, 정말 용서 못 해！%b
cc139182cb	타타라, 그놈들\n찍소리 못 하게 해줘！%b
ed68a63f1a	아, 타타라다！\n어서 와！%b
00fad915a2	있잖아 있잖아,\n나한테 이니시에 가르쳐줘！%b
01104ef49a	으앙, 무서워ー.%b
1acc849e86	이니시에란 건,\n비의정통자란 뜻이래.%b
45e912d8b1	그래서, 비의란 게,\n포술을 말하는 거래, 대단하지！%b
942ed3e98b	카달 놈들이 습격해와도,\n나, 안 울었어.%b
04d0677e5a	나도 타타라처럼\n훌륭한 이니시에가 될 수 있을까？%b
037c1657f7	어서 와, 타타라.%b
85ecbb80f5	집 비운 동안, 히바리짱이,\n타타라 얘기밖에 안 했어.%b
32f22d1aca	헤헤헤, 사랑받고 있네.%b
a8edaa5867	으와앙, 무서워ー.\n엄마아ー！！%b
dbbb5e6436	애들은, 순진해서 좋겠네,\n이니시에다 비의다 하면서 좋아하고.%b
f50cf2f274	그런 것보다, 소꿉놀이가\n훨씬훨씬 재밌는데・。%b
cbbc5baff9	히바리짱 일은,\n나한테 맡겨둬！%b
91b2483066	그러니까, 걱정 말고,\n실컷 날뛰고 와.%b
53d055a67e	히바리가 걱정이여.\n무서워하지 않고 있으려나・。%b
2de0820a3f	나무 조각상에, 뭔가 쓰여 있다.\n「포술 마을 쿠리카라 어서 오세요！」%b
53ea3c709f	이건 대포라고, 포술에 쓰는 무기여.%b
226ff67bc5	하기야, 이건 그냥 나무 조각상이라,\n대포론 못 쓰지만서도여.%b
317a26d7b4	말하자면, 예술작품인 셈이여.%b
4fae4e8906	화로가 붉게 타오르고 있다.\n무심코 다가가면 델 것 같다.%b
e1c3c35253	그 이상 가까이 안 가는 게 좋여.%b
54e9c159ca	엄청난 온도니까여,\n데는 정도로 안 끝날 거여.%b
556b67d463	저희 쿠리카라 이니시에가,\n대포 만드는 기술을 가진 건,\n저 화로를 발명한 덕분인 거여.%b
9f33646194	이 화로 쓰면, 그 금속 가공할 수\n있는 거 아니야！？%b
9f4d464ad7	어？\n무슨 얘기여？%b
d81d231b49	이런！\n이거야, 이 금속！%b
0b699229f3	아, 이건！\n【히히이로카네】아니여！！%b
b6eab351ca	근데, 아쉽지만서도여,\n양이 적여・。%b
0a2db009c5	그렇군.\n기껏해야 카타나 한 자루 정도려나.%b
b94900aed5	나, 카타나 같은 건 못 만들여.%b
352fc9fdce	실력 좋은 카타나 장인이 있으면 좋을\n텐데. ・나한텐 짚이는 게 없네.%b
bf25d2c109	그럼 여긴 일단 미뤄두자.%b
d705b61d24	【히히이로카네】를 다룰 좋은 카타나\n장인이 있으면 좋을 텐데.%b
3a984b585c	・그놈들이 방에 틀어박힌 지\n벌써 사흘인가・。%b
5e5c669944	드디어 됐여！！%b
c96c230396	%H%m1%V100［%m0켄이치%m1］%V0%m0\n
f2ca6cc376	됐다, 내 최고 걸작이！%b
004f959ee4	이 카타나・！\n대단해, 너무 대단하잖아！！%b
89096714d2	약속대로, 그건, 너희\n거야.%b
793820e341	후・좋은 꿈 꾸게 해줬어.\n그럼, 잘 있어.%b
9fbb5d8747	타타라 집
0775dadbdc	여긴, 잊혀진 도시, 그래비티.\n다른 곳에선 사라진 전승을\n지금까지 남기고 있습니다.%b
2c79a62562	그중에서도, 가장 전승에 밝은 건,\n저희 장로님이세요.%b
41457b9765	장로님이 가진 열쇠는,\n이 카달 어딘가에 있는,\n건물 문을 여는 열쇠라던데요.%b
5e63511a63	전승에 따르면, 뜨거운 죽음의 모래,\n밟고 가야 한다, 라고, 있어요.%b
d781690d8c	근데, 뜨거운 죽음의 모래가,\n대체 어딜 말하는 걸까요？%b
563b0afe8a	７인위원회를 쓰러뜨린 여러분이시죠.\n진심으로 감사드려요.%b
ed95d28a58	고마워요.\n세상이 구원받았어요.%b
0a06a400ac	이건 자연히 일어난 게 아니야.\n설마, 카오스의 힘・？%b
1fe0f3944c	익시즈에 관한 거라면,\n장로님한테 물어보시면 좋을 거예요.%b
8f3f58dafd	뭔가 묻고 싶으면\n장로님한테 물어보면 돼.%b
9a9b2393ee	뭐든지 잘 아시니까.\n나도 이런저런 상담을 받고 있어.%b
ec544f3c8c	장로님 댁은,\n마을 안쪽에 있는 훌륭한 저택이야.%b
8cc1c8b85a	죽음의 사막엔 출구가 두 개 있어.%b
568028bcc4	한쪽은 드림 래버린스로,%b
c41a141b13	다른 한쪽은 이시스 피라미드로\n이어진다는 전승을 떠올렸어.%b
e88a213d0d	분명, 이시스 피라미드엔, 뭔가\n오브가 있다는 전승이 있었던 것도\n같고 없었던 것도 같고・。%b
39c6f2faf5	스몰을 유용하게 쓰고 싶으면,\n공격력 강한 놈을 목표로 하면 좋아.%b
9369e7934b	반드시 도움이 될 테니까.%b
bef79f6309	너희 덕분에,\n평화롭게 살 수 있어.%b
c4e68ba7e0	고마워！%b
2657af44e3	세상은 이대로 무너져버리려나？%b
696e5c1d7a	장로님은 뭐든지 알고 계시지.%b
ce522543c8	분명, 익시즈에 관한 책을\n쓰셨다고, 전에, 들었지.%b
6766baa8b3	어딘가에 잠든 신비 보물, 파워앵클.%b
1ba3cfb16b	이걸 착용하고 수행하면,\n민첩함이 쑥쑥 오른다더라.%b
41e5bfc96b	이야,\n그렇게 놀란 얼굴 하면 쑥스럽네.%b
8f77f044bc	엣, 다른 거 뭔가 아냐고？%b
a846603b40	그럼,\n완력대라고, 알고 있어？%b
cc4c69d752	신비한 힘으로 쑥쑥 힘이 붙는대.%b
9934419682	이 마을 나가 해안 따라 남쪽 가면,\n해저신전이라 불리는 유적이 있어.%b
6ca62af9b4	거기엔, 위대한 보물이 잠들어 있다고\n전해지고 있어.%b
ae93df0dd7	해저신전은, 이 마을 주민한테 자랑거리야.%b
591e019fb1	실제로, 굉장하다고 생각하지！？%b
78275c1eb7	전설의 마도사라고 알아？\n전설에 남을 만한 마도사란 거지.%b
4dd7683cd5	운해의 현자라 불린\n위스코 님이 유명하지.%b
35d4f6ca54	전설의 마도사라 불린 사람들 중에서도\n가장 실력이 뛰어난 게,\n천재 대마도사 킹이야.%b
feec0c501b	뭐래도, 킹이란 건 켄타우로스족,\n즉, 말 다리에 인간 상반신을 가진\n반인반수 종족이었다더라고.%b
b58aadb481	이거 희귀하네！\n켄타우로스잖아！\n이미 멸종한 줄 알았어.%b
de043b903c	평화는 좋은 거지.\n역설적이게도,\n금방 그걸 잊어버리지만.%b
34a6963b95	이 천재지변이,\n자연의 힘으로\n일어났다고는 생각 안 돼.%b
dde397f2d4	근데, ７인위원회가 없는 지금,\n대체, 누가 이런 짓을・？%b
6a5528d897	그 후, 익시즈 상태는 어때？%b
ecfe8cd333	이 마을 사람한텐,\n그 하늘을 나는 배는 자랑거리야.%b
08f677857a	장로님한테 들은 바로는,\n이 마을 남쪽 해저신전에%b
fbec3b8bf1	７인위원회 놈들이 들어와서,\n안을 어지럽혀놨어.%b
1b0d26cd1b	지금은, 괴물들이 자리 잡고 있어서\n도무지, 안쪽까지 못 들어가.%b
6ad997048a	죽음의 사막 너머에 있는\n이시스 피라미드엔,\n엄청난 보물이 잠들어 있단 얘기야.%b
ec4b0e65b7	방어의 【마법장벽】은, ＭＰ를\n소비하는 대신, 모든 마법공격을\n무효화하는 힘이 있다.%b
83781be81f	그러니까, 쓰기에 따라선 편리해.%b
2eb856844e	익시즈호를 써서,\n세상에 평화를 가져온 용사들과,\n이야기할 수 있다니 감격이야.%b
bc563b7182	노스페라투스 예언에 있듯이,\n대마왕이 하늘에서 내려온 건가！？%b
8838eb4b8b	세상은 멸망해！%b
4c7afd0e5f	고대마법시대에 만들어진\n【히히이로카네】라는 금속이 있습니다.%b
bd712755f1	쇠보다 단단코 깃털보다 가볍다\n고 알려져 있었지만,%b
03fc3ca798	지금은, 그 금속이 존재했다는 것조차\n알려져 있지 않습니다・。%b
6e37f59670	위험한 드레스라고 들어본 적 있어？\n이 넓은 세상 어딘가 있다고 들었어.%b
28b7253ba6	꺅ー！\n아스카 씨ー, 멋져ー！%b
9462eb665c	카무이 씨도 근사해에에에！\n꺄ー꺄ー꺄ー꺄ー！%b
7f04c3cf2f	세상이 멸망해！\n분명 멸망할 거야！%b
aca9e0bd6c	일단 비명이나 질러둘까요.%b
b168c078df	꺄ー꺄ー꺄ー꺄ー！%b
f6430d523d	고대마법문명은,\n왜 멸망해버린 걸까・。%b
697bbc73b1	７인위원회는, 우리 성스러운 장소,\n해저신전에서\n신보 갈만오브를 훔쳤어！%b
1ade24c6c9	용서 못 해！%b
17e2df3bfe	죽음의 사막을 넘은 곳에,\n드림 래버린스라는 미궁이 있어.%b
4aebfa04d8	드림 래버린스에 들어간 자는,\n두 번 다시 못 나온다더라.%b
d2aa55c2de	아, 세상이 이렇게나 아름답다니,\n지금까지 생각도 못 해봤어！%b
da1b7d4be0	이상하잖아,\n７인위원회는 쓰러졌잖아！%b
8fb9a0d387	그럼, 왜,\n이런 천재지변이 계속되는 거야！%b
ee319f5f71	이런 폐쇄된 마을엔\n좋은 남자도 없고,%b
72361d3342	부모는 결혼, 결혼 시끄럽고\n정말, 지긋지긋해.%b
b5a5b73f36	푸른 진주라는 보석이 있어.%b
d61eb9cbe3	아주 희귀한 보석이야.%b
b3f3403c59	가게에 가져가면, 꽤 비싸게\n사준다더라.%b
4ce7774335	이 정도 지식은 장로님에 비하면\n일반상식 같은 거야.%b
829f44170d	대단하지, 장로님 말이야.%b
4d06e403aa	드림 래버린스엔,\n전설의 마도사가 잠들어 있다더라.%b
10084e7db0	전설의 라고 할 정도니까,\n상당히 실력 있는 마도사겠지.%b
940b585f05	전승이 사실이라면,\n성격에 좀 문제가 있다더라.%b
2054c4ada1	어, 이게 그거야？%b
462dd23433	아, 성격이 나쁘다는 건,\n어디까지나 전승이야.%b
13863aef42	해저신전이란 게,\n익시즈호랑 관계 깊은 곳이야.%b
f7868f1c8c	익시즈호를 부활시키려면,\n갈만오브가 필요하대.%b
412eb76fda	살아있다는 건 멋져・。%b
879c83d699	인생이란 고생의 연속이네・。%b
9c3d7fd0d4	근데, 그걸 이겨내니까\n사람은 강해질 수 있는 거야.%b
e36f5a4920	뭔가, 좀, 설교 같았네.%b
a18799ce36	괴물한텐 약점과 내성이 있어.%b
0a8c12ed55	약점을 잘 찌르면,\n엄청난 피해를 줄 수 있어.%b
03192236c8	근데, 내성 있는 공격을 가해도,\n큰 피해는 못 줘.%b
9c096010e6	예를 들면,\n고스트계 몬스터한텐,\n평범한 무기나 공격으론 못 쓰러뜨려.%b
6f10ebc07a	신성 무기나 마법으로 쳐야 돼.%b
b47a74499b	고대유적엔, 망자의 잠을 지키려고\n그런 고스트계 몬스터가\n배치돼 있어도 이상하지 않지.%b
dceac08d29	현자 위스코를 비롯한,\n강력한 마법 사용자는,\n「전설의 마도사」라 불리고 있지.%b
f420bda9f3	「전설의 마도사」란 호칭은,\n그 시대에서, 가장 힘 있는\n마법사한테 주어지는 명예야.%b
f82a96a0bb	벽 관통 기술은 거의 마법 기술이야.\n물리 기술로는, 불가능하거든.%b
9721a04f32	익시즈호를,\n이 세상을 위해 써줘서\n정말 고마워.%b
952200fd09	큰일이다！%b
115966438e	이런 데 있을 수 없어,\n어쨌든 도망치자！%b
9c4bf0383a	익시즈엔 두 종류 광물이\n중요한 역할을 하고 있어.%b
4d0b68eb8a	그 둘 중 하나라도 없으면,\n익시즈를 정상적으로\n움직일 수 없거든.%b
53d80cc0a4	어라・？%b
bc7a44953c	특급 정보인데,\n별로 안 놀라네・？%b
911dda9c9c	다친 자가 없으면,\n신성마법을 못 쓴다고 착각하고 있는 거 아니냐？%b
2cbc16a359	아무도 안 다쳤어도,\n신성마법을 쓸 순 있느니라.%b
85df35ae6f	신성마법엔,\n피해를 주는 강력한 마법도 있다.%b
6b283d1393	ＭＰ에 여유가 있다면, 일부러\n신성마법을 써서 새 기술 습득에\n힘쓰는 게 좋을 거다.%b
d8a3c63965	해저신전은,\n바닥이 오르내리는 함정이 있어서,%b
7d7cd2aa02	이걸 돌파하지 못하면,\n제단에 다가갈 수 없느니라.%b
ee67c3eb6c	기합, 연기는, 다음 공격 위해 힘\n모으는 기술이니라.%b
826caf2bf7	기회가 있으면 계속 써나가시게.%b
cca6b04ddf	리그로드 전설 영웅들에게, 건배일세.\n으이, 히끅.%b
6a522b1779	허허허, 나이를 먹으면,\n웬만한 일엔 안 놀란다네.%b
f38b6c14df	사람은 나면 죽는 법.%b
dc779a283a	그런 당연한 것이,\n실감으로 이해되니까 그렇다네.%b
885e0e67fd	이 늙은이한테 말 걸어줘서 고맙네.%b
9c81bbafce	그 배려에 감사하며,\n오늘이란 하루를\n힘껏 살아보겠네.%b
38099b536c	요즘 젊은이는 배려가 없다지만,\n의외로, 자네들 같은\n마음씨 좋은 젊은이도 있구먼.%b
59b3951be5	인간도, 아직 버릴 게 못 된다\n는 거로군.%b
161a3b4b3f	어서 와요, 그래비티에.%b
a9dcdd7821	아직 장로님 안 만나봤으면,\n꼭, 만나보고 가요.%b
527a409914	장로님한테 들었어요,%b
eaa6ea47b4	당신들도 큰 곤경에\n말려들었네요.%b
d3dff13e85	맞다, 이시스 피라미드란 데에,\n뭔가 굉장한 보물이 잠들어 있다고,\n얘기 들은 적 있어요.%b
8fe324b627	이시스 피라미드란 게,\n분명 사막 너머에 있을 거예요.%b
e46811a262	당신들 모험의 성공을 비는 사람이,\n세상 한구석에 있다는 걸,\n잊지 말아줘요.%b
8367b4cb29	이야, 다들 덕분에,\n이렇게, 지금도 술집을 열고 있어요.%b
1768be9d40	고마워요.\n수고했어요.%b
4c057a932f	아무래도,\n당신들 성공을 빌게 될 것 같네요.%b
3253ea07e2	부탁해요.%b
37814199b4	역사란 게 신기한 거예요. 아무 일\n없는 몇 세기 이어지나 싶으면,%b
47a2b618e1	이런 식으로 온갖 게\n한꺼번에 일어나기도 하죠.%b
bb657cc121	장사로 치면,\n아무 일 없을 때가 낫지만\n그리 말할 수만도 없나・。%b
6598426a12	뭘까, 이거？%b
464d8d8f26	분수 같은데？%b
33591f5a56	봐！\n물의 힘으로 돌을 띄우고 있어！%b
b72732c19b	아무래도, 이 마을엔,%b
1b0760f5e0	우리론 이해 못 할 고도 기술이\n잠들어 있는 것 같아.%b
92b5d39d7f	이것도 익시즈랑 마찬가지로,\n고대마법문명 산물인 걸까？%b
68a02f14d6	%H%m1%V100［%m0장로%m1］%V0%m0\n
0f1f85897f	오오, 손님이 찾아오다니,\n참으로 오랜만의 일이구먼.%b
2f324f9a15	어서 와요, 잊혀진 도시 그래비티에.%b
d11108dfa0	잊혀진 도시？%b
336f39be74	그렇다네.%b
5e54559b13	우리 땅 찾는 자는 끊이질 않고,\n그 존재조차 사람들한테 잊혀 있다네.%b
1030a65fd9	다, 빛나는 날개 지키기 위함이라네.%b
5e6189b62f	빛나는 날개・？%b
2a4c19565f	혹시, 익시즈호를\n알고 계신 건가요？%b
dc24a90855	날개 힘 악용하는 자 없도록,\n지키는 게 우리 사명이라네.%b
68ca0e4be7	부탁드려요.\n익시즈호를 쓰게 해주세요！%b
d8e1f39429	７인위원회가 세계정복에 나섰습니다.%b
1ea79f9868	그들은 리그로드로 가서,\n고대마법문명 힘을 써서\n대숙정을 벌이려 하고 있어요.%b
04cf6d050e	７인위원회를 막으려면,\n아무래도 익시즈의 힘이 필요해요.%b
e4eccf84e5	으음・。%b
3fe73be9a7	부탁드려요,\n리그로드만의 문제가 아니에요！%b
d2b1c15466	부탁해！\n빌게！%b
0daa32ebd7	그럼 그대들에게 날개 맡기지.%b
4117cabfd5	라고 말하고 싶은데 ７인위원회에 의해\n성스러운 신전 파헤쳐져 빛나는 날개는\n하늘을 날 수가 없다네・。%b
378ff87fc6	무슨 말씀이세요？%b
843e76305e	빛나는 날개를 하늘에 띄우려면,\n방대한 마법력이 필요하다네.%b
ddea1af173	그러기 위해,\n먼 옛날 마법구슬을 사용하지.%b
ea106d4b7e	마법구슬은 갈만오브라고도 불린다네.%b
8b20e17582	원래 제단에 바쳐져 있던\n갈만오브는, ７인위원회한테\n빼앗겨버렸다네.%b
88a35d7e3b	갈만오브, 즉 마법구슬은,\n고대마법문명 시대에, 여럿 만들어진\n마법력의 결정이었다고 하지.%b
e0b8ab60ed	이런 마법력의 결정 덕분에,\n고대마법문명 시대엔,%b
b03c3974d8	우리 상상 못 할 만큼 고도의 마법이\n쓰였다고 전해지지.%b
c3adff9ac4	그럼, 그 갈만오브가 있으면,\n익시즈는 부활하는 거예요？！%b
1c4ec4571b	음.%b
56205d85b9	전승에 이르길. 빛나는 날개 제단에\n보주를 바쳐야 한다.%b
f5c1b05912	그래서, 그 갈만오브란 게\n어디 있는 건가요？%b
1506e03c24	그게 어디 있는지는,\n우리도 자세히는 모른다네.%b
c1ee788031	다만, 전승에 따르면 뜨거운 죽음의\n모래를 밟고 가야 한다, 위대한\n보물이 잠든 성을 향해.%b
5c13f11ba9	%H%m1%V100［%m0장로%m1］%V0%m0\n・라고 있다네.%b
023ee3f14b	그렇다네.%b
78dd89f8ac	갈만오브가 잠든 곳의 열쇠 라고\n대대로 전해지는, 이 열쇠를 주지.%b
2049803b5d	고대 열쇠를 손에 넣었다.%b
f12bacf7dd	그대들이라면,\n분명 그 열쇠가 필요할 곳을\n찾아낼 것이야.%b
3bb729f6d4	전승에 이르길,\n빛나는 날개 제단에\n마법구슬 바쳐야 한다.%b
2f00114fcf	허나 ７인위원회에 의해\n성스러운 신전 파헤쳐지고,\n원래 마법구슬 빼앗기고 말았다.%b
b5bdeb56ce	마법구슬, 즉 갈만오브\n라 불리는 것의\n
50ad4d4b2a	행방은 우리도 자세히는 모른다네.%b
d07bd2e9ff	전승에 따르면 뜨거운 죽음의 모래를\n밟고 가야 한다, 위대한 보물이 잠든\n성을 향해.%b
2855ff7023	우리로선 확실히 모르나,\n그대들이라면 분명 그곳을\n찾아낼 것이야.%b
c5af23e4cb	오오, 이것이야말로, 갈만오브！%b
5a435a3ad4	자, 해저신전으로 가시게. 그리고\n빛나는 날개 하늘로 돌려보내주게！%b
f7ba827f47	마음껏 빛나는 날개를 써주시게나.%b
f3a448ec3e	만약 이 메시지가 뜬다면, 그건 버그.\n메시지 블록은 CHOUROU_MES_31이다.%b
3bb83b5c31	만약 이 메시지가 뜬다면, 그건 버그.\n메시지 블록은 CHOUROU_MES_32다.%b
69a6e9b3fc	오오, 여러분！ 우리 지보, 빛나는\n날개, 익시즈호는, 그 후 어떻게\n됐습니까？%b
b538024f81	그게, 실은・。%b
0b1d32c8b5	자초지종 말했습니다.%b
433a10d805	오오・이럴 수가・。\n빛나는 날개가 추락했다고！？%b
81e249f34b	죄송해요・。%b
085957741d	형태 있는 건 언젠가 부서지는 법・。\n부서진 건 고치면 되느니라.%b
4762cfb8fc	・네.%b
8f19625525	그래서 수리에 필요한 걸 찾던 중\n알렉트리아 도서관에서%b
eb063f3ec6	「익시즈 구조론」을 읽고,\n장로님 찾아뵈어야겠다고 생각했어요.%b
5e1718cd04	그렇군, 「익시즈 구조론」을\n읽어주셨다니 얘기가 빠르구먼.%b
433fafa5ea	익시즈는 원래 이 땅서 만들어진 것.%b
5c30430f19	「익시즈 구조론」에도 썼지만,\n익시즈엔 두 광석이\n중요한 역할을 하고 있느니라.%b
4426c0d166	하나는 말라카이트.%b
b501eda151	그 알렉트리아 대도서관 지하통로엔,\n말라카이트이 숨겨져 있다고도 들었다네.%b
1d6e98174c	이것이야말로, 익시즈의\n선체를 이루는\n광석이라 전해지고 있다네.%b
0e3f0d5f8d	우선, 말라카이트을\n손에 넣어보는 게 어떻겠나？%b
159d77f064	네！%b
b3ad6f0d02	또 하나는, 애로우스톤이라고 해서,\n이건 리그로드 동북쪽에 뜬 작은 섬\n사모사섬에 숨겨져 있다고 들었다네.%b
9242724070	자세히는 모르지만,\n리그로드 항구도시에서라면,%b
d5028b469c	사모사로 건너갈 수단\n찾을 수 있을지도 모르지.%b
4bfda4027a	익시즈 수리에\n도움이 됐으면 좋겠구먼.%b
420ed659f4	정말 감사했습니다.%b
a115d52068	알렉트리아 대도서관 지하통로엔,\n말라카이트이 숨겨져 있다고\n들은 적이 있어요.%b
c1857ff0c8	그것이야말로, 익시즈를 이루는 것.%b
24961c7159	그러고 보니, 지하통로에서,\n발견했는데요・。%b
1ea9e0ccbe	뮤는, 말라카이트을 보여줬다.%b
f8a9237502	오오, 이것이야말로,\n익시즈 선체를 이루는 광석\n말라카이트！%b
c9ee218b66	이걸 입수했다면, 얘기가 빠르구먼.%b
4b91e855df	익시즈 수리에 필요한 또 하나 광석은\n애로우스톤이라고 해서,%b
9290dd198a	이건 리그로드 동북쪽에 뜬 작은 섬\n사모사섬에 숨겨져 있다고 들었다네.%b
67b7e4e285	자세히는 모르지만,\n리그로드 항구도시에서라면,%b
ed32a31538	하나 더 괜찮겠나.%b
6b97218918	익시즈가 날 수 있게 되면,\n이 이야기를 떠올려주면 좋겠다.%b
e2751a77e0	야마타이에 있다고 한다면,%b
c84cb93997	익시즈로 서쪽・동쪽으로 가면\n머잖아 리그로드에 이를 것이다.%b
15916a30f2	북쪽・남쪽 가면, 카달에 다다른다.%b
407a030e51	카달에 있다고 한다면, 서쪽으로 가면\n리그로드에, 동쪽으로 가면 야마타이에\n이를 것이다.%b
04be8f6fc9	그리고, 리그로드에 있다면,\n동쪽이나 서쪽으로 가면 야마타이에,%b
b7658322d4	북쪽이나 남쪽으로 가면 카달에\n다다를 것이다.%b
2fdc5d27c4	이건 이미 입수했었지.%b
eda2336c21	오오！\n익시즈는 그 후 어떻게 됐는가？%b
6f4231db4f	애로우스톤을 발견해서,\n원래대로 수리됐어요.%b
af26529aab	허허허, 그거 다행이구먼.%b
1dd3a7e672	그렇게, 전에 말했던 걸\n기억하고 계시나？%b
f4eba7d9e9	혹시 몰라 다시 한번 반복해줄까.%b
5147c3e478	・그런 얘기니라.%b
db83f38ed3	이런 곳이지만, 가끔은 떠올려서,\n놀러 와주게나.%b
83cd8e0603	이제 그게 제일 큰 낙이라네.%b
1b1a3c084c	다들 덕분에 세상에 평화가 돌아왔다.\n고마워, 고마워.%b
2a4c46b354	그래비티가, 오랫동안 사람들 기억에서\n잊혀져 숨겨져 온 건,\n바로 이날을 위해서였겠지.%b
577591c681	분명히,\n이 천재지변은 누군가에 의해\n일어난 것 같구나.%b
ff40c9416b	허나・７인위원회가 없는 지금,\n대체 누가, 이런 재해를 일으킬 만한\n힘을 지녔단 말인가・。%b
b88c24630b	이런 곳까지, ７인위원회가\n차원의 문 봉인을 연 영향이！%b
ff7b5117f6	천천히 둘러봐주세요～☆\n
02a1b773dc	필요 없어진 물건을,\n매입해드리고 있어요.\n
bf082ff803	어느 걸 구하세요？
a93b6b180e	어느 걸 파실래요？
8e9cc7725a	어라옹？　파실 게 없으신 것 같아요☆
c03b6807b9	「%nS」시군요. 사주시겠어요？
697835294d	어라옹？\n짐이 가득하신 것 같아요.\n다음 기회에 하시는 게？
3e5c3ea0f5	감사합니다～☆\n다른 용무는 있으신가요？
e15e85ac4d	술집나간다
cb454a7197	장로 집
d89afaa185	그래비티를 나가시겠어요？
865960dded	큭！\n또 흔들리는군！%b
0efa5dc2d1	드래군의 용기사가,\n카달 놈들을 무찔렀단 얘기야！%b
9479040bcb	어이어이, 어떻게 된 거야,\n세상이 평화로워진 거 아니었어！%b
ae0d518c9e	카달 놈들이 사라져서\n드디어 리그로드와의 교역이\n재개됐어.%b
37f54b6a9c	근데, 그 리그로드도\n카달한테 눌려있었단\n얘기잖아.%b
c3c7280c1e	뭐, 그것도 이미\n야마타이를 구한 놈들이\n해결했단 얘기야.%b
6ad8dc90af	참, 기특한 놈들도 다 있네.%b
1da9b31185	게텐성엔 갈자드가 이끄는\n카달군이 주둔하고 있어.%b
1c77e7724f	갈자드는,\n게텐성에서 사라졌단 얘기야.%b
c01cf408b1	어차피 이럴 거면, 카달 놈들이\n전부 사라지면 좋겠어.%b
41a67e04f0	리그로드 만세！\n드래군 왕가 만세！%b
dc451103b7	끝이다 세상 멸망하는 거야！%b
784d86aef9	결국,\n갈자드가 겐유사이였던 건가？%b
c8a0883d10	요즘, 그게 머리서 안 떠나서.\n넌 어떻게 생각해？%b
1f7b747adf	게텐성은, 역대 겐유사이가\n거성으로 삼은 걸로 유명한 성이야.%b
14205d968d	겐유사이란 건, 결국,\n폭력으로 세계지배를 꾀하는 독재자야.%b
0824d8591b	아무도, 그 정체는 모르지만, 몇\n세기, 혹은, 더 짧은 간격으로,%b
d0915ff98c	몇 번이나 야마타이 통일하고,\n타국을 침략한다.%b
1eb0899a9d	그런 겐유사이가 지은 게텐성도\n지금은, 카달군의 거성이야.%b
62db5a8340	세상일이란 건 알 수 없는 거네.%b
c97b230fb5	너 들었어？%b
28c0af1c62	뭐라던가, 리그로드 대륙에서 온\n용기사랑 그 일행이,%b
93318de3e9	게텐성에서 갈자드를\n쫓아냈다더라.%b
7a64631e91	소문엔, 구름 닿는 거대한 놈으로,\n팔이 여덟 개에 이빨이 여섯 개래.%b
b55f70ca4c	평화란 게 좋구나.\n계속 이어지면 좋을 텐데.%b
757bfdd207	평화로워졌다니,\n역시 거짓말이었네.%b
3c3775eb39	카달이란 나라를,\n아직 본 적 없어.%b
f7e73eb5e2	한번 가보고 싶어.%b
7d9bebcf1f	카달이란 게,\n여기서 아득히 남쪽에 있는 섬나라래.%b
e90250cadb	마법에 관해서는,\n리그로드나 야마타이보다\n앞서 있대요.%b
27f75b8b13	어째서, 야마타이나 리그로드를\n침략하는지, 이해는 안 되지만.%b
e08f31df75	예전엔 리그로드의 오르트마까지\n교역로가 이어져 있었는데,%b
b551acbd37	리그로드가 카달에 점령된 뒤론,\n그게 안 되게 됐어.%b
06ceb62533	\n자, 뭘 살 텐가？
88bc5b1039	\n자, 뭘 팔 텐가？
a0695a1c26	우리 방어구라면, 뭘 사도 손해는 없어.
9f7fc025aa	그런가！\n팔러 왔구나.
1988e800c6	어허\n돈이 모자란 모양인데,\n아쉽지만 팔 순 없구먼.
f981e1d9d0	안심하고 일할 수 있다는 건,\n좋은 거네.%b
cab7c10281	세상은 어떻게 되어버리는 걸까.%b
51e5b7da97	이 지진이 계속돼서,\n창고 안 짐이 자꾸 무너져서.%b
d6e3bc1ba4	짐 싣고 내리는 게,\n꽤 손이 많이 가.%b
e2b1457520	숨겨진 금광 소문 알아？%b
3d9a8bddab	항구 뱃사공 중에,\n금광이 있다는 곳까지\n데려다주는 사람이 있을 거야.%b
d7d9aff025	카달군, 첫 부대가 온 뒤로\n그 후, 보급받은 낌새는 없어.%b
de92be8f34	이 히가타를 거치는 것 말고는,\n다른 나라서 사람이나 물자 옮길 방법\n없을 텐데 대체 어떻게 된 건지.%b
f47e3050e1	평화 따윈, 다신 안 온다고,\n포기하고 있었는데・。%b
4666d7e9dc	들어보니 리그로드 용기사가\n세상을 구했다는 얘기잖아！%b
d5ad2a8951	감동적이네.%b
c79092e26a	세상은 어떻게 되어가는 걸까.%b
cc553f7450	아니, 그전에,\n전국의 친구랑 지인들은 무사할까.%b
6a8e180db5	숨겨진 금광 소문이 퍼지고 있는데,\n나라면, 그런 얘긴 안 믿어.%b
3abc5eaf94	그런 꿈같은 얘기가 있을 리 없잖아.%b
3272673168	기껏해야, 옛 광산 흔적이 있단 게\n고작이야.%b
69bb60f5fe	리그로드도 카달한테\n상당히 당했다는 모양이더군.%b
1ba8d674c5	저쪽엔 아는 사람도 적잖아서,\n걱정이야.%b
5e4c17dba4	그럭저럭 이 마을에도\n평화가 찾아왔어.%b
448f22e97e	카달을 무찔러 준 놈들한텐\n말로 다 못 할 만큼 감사해.%b
8a8c119dca	이래선 일이 안 되잖아！%b
c8c44c089a	숨겨진 금광이 있단 얘기,\n진짜일까.%b
02c94cdf76	진짜라면,\n놀고먹을 만큼 재산이\n생길 텐데 말이야.%b
d708af069c	야마타이는 예로부터\n내란 끊이지 않는 나라였으니까.%b
b73324050c	뭉쳐서 맞서는 게\n안 되는 거야.%b
a2a1491032	그러니, 겐유사이 같은 악당도,\n무력만으로 통일할 수 있는 거야.%b
f882a0dab0	%H%m1%V100［%m0선원%m1］%V0%m0\n
4e267ce68c	옛날 도적인지 뭔지가 숨겼다는 보물이\n잠들어 있단 전설이 있는 곳 아나？%b
1af1931b2a	정확한 곳은 모르지만,\n여기 아닐까 하는 소문난 섬으로\n데려다줄까, 어때？%b
e29a7242cb	단, 아무것도 없었다고 불평은\n안 받아줘.%b
c8c00d0b8a	배에 탈까요？
a8a1e6a2e0	탄다
5c8e0c1e62	안 탄다
6aafa11e2c	그럼, 배에 타！%b
325a050ffc	그런가・ 아쉽군・。%b
68c89ff75f	너희가 갈자드를\n무찔러 준 거지？%b
ad8e05eab4	덕분에 항구서 병사가 사라져서,\n난 배를 되찾을 수 있었어！%b
f86eeaed51	・어라, 뮤가 안 보이네？\n대체 무슨 일이야？%b
dab084d4a9	실은・ 사라졌어.%b
0952b401de	사라졌다・ 고？%b
171a7bb541	응, 갈자드가 작동시킨\n마법 장치에 발을 들여서,\n사라져버렸어.%b
c5fad1c550	아무래도 카달로\n가버린 모양이야.%b
e06f77efff	뭐？\n뮤 혼자만？%b
7571d41f5c	그래.%b
1d34058085	그래서, 어떻게든 카달로\n가려고 하는데・。%b
1d0d22a492	어, 그 이상은 안 말해도 알겠어,\n뮤 구하러 가겠단 거지？%b
a9b4327568	알았어, 나한테 맡겨！%b
8d5b2673be	아, 고마워요오오오.%b
27811e73e2	사내자식이 훌쩍대는 거 아니야！%b
d9caf4ad49	잠깐 기다려, 카달이란 데는,\n배로 몇 달씩 걸리는 곳이잖아？%b
fe82817dd9	어떻게 해결할 셈이야？%b
c556aca5f1	뭘, 좀 특별한 장치가,\n내 배엔 있거든.%b
418550b82b	옛날, 옛날, 아주 옛날 배는,\n하늘을 날았다지만.%b
c230cdaad0	내 배에 달린 장치는,\n그걸 훨씬 간단히 한 거래.%b
9ca246231f	아는 학자가, 그 하늘 나는 배에\n관한 연구를 하다가, 그 도중에\n시작해본 거야.%b
0def2181b3	시작품이라 해도,\n배 속도를 몇십 배로 해줘서,\n결정적일 때 필요한 속도를 낼 수 있어.%b
87b85dd3c3	허어, 그래서, 배를 접수당한 거지？%b
596b8e2759	뭔가, 카달 마법사가\n엄청 흥미를 가져서,\n배를 산산조각 낼 뻔했어.%b
81d52e4eee	근데, 그 장치 만든 학자는 머리\n좋은 게 화근이 돼서, 카달 놈들한테\n붙잡혔단 얘기야.%b
feb05969d4	좋아,\n그럼, 뮤 구하러 출발이다！%b
bd113848da	그럼, 난 먼저 가서\n배 준비해둘 테니까.%b
e5d42a2c25	준비되면, 선착장으로 와.%b
44f146e368	어이, 사람이 다가온다.%b
18602c0899	어라, 러스티잖아！%b
e3e7b63092	혹시, 너희가\n갈자드를 무찔러 준 거야？%b
57ec2f61fb	덕분에 항구서 병사가 사라져서, 난 배를 되찾을 수 있었어！%b
42014978a9	어라・ 뮤가 안 보이네？\n대체 무슨 일이야？%b
6aa5d7c27f	그럼, 난 먼저 가서\n배 준비해둘 테니까.\n준비되면, 선착장으로 와.%b
c8231e1355	준비 됐어？\n됐으면 출항할게？%b
4019a65ad0	출항할까요？
693ddb0892	출항한다
a7545dec70	취소
15a055aa35	그럼, 조금 더 기다릴게.%b
e3d024e688	조금 더 기다리겠지만,\n나도 그렇게 느긋한 편은 아니야.%b
872815a7fa	뮤 구하러 갈 거지？\n빨랑빨랑 끝내고 와！%b
4f2f20e222	뭐 하는 거야, 답답하네！\n얼른얼른 해치우고 와！%b
2195bfea1f	그런 걸로,\n정말 뮤를 구해낼 수 있는 거야！？%b
7aa64ca806	그럼, 출항할게.\n출항 준비！%b
b51234cef7	리그로드에서 온 용기사가,\n카달 놈들을 무찔렀단\n소문이 진짜일까.%b
9c7b9806eb	뭐 확실히, 평화로워지긴 했지만.%b
11a258fc19	역시 평화란 건\n오래 안 가는 건가.%b
61c5b61c69	카달 다음은 천재지변이다.\n참, 마음 편할 새가 없네.%b
738e8e2acf	꽤 옛날 지도에는,\n토란이란 마을이 있는데,%b
7b078c0f97	그 마을에 가본 사람은\n아무도 없어.%b
621e9bc6d4	게텐성엔 카달 놈들이 주둔하고 있어.%b
2054462ca5	예로부터, 저길 근거지 삼는 놈치고\n제대로 된 놈은 없었지.%b
4d124b9a63	겐유사이도 그렇고,\n카달도 마찬가지고・。%b
225da6cb56	게텐성에 쳐들어가\n성을 되찾은 놈들이 있다더라.%b
ebd8830030	뭐라던가, 리그로드에서 온\n용기사라나・。%b
76708c9745	와하하하하！\n리그로드 만세！\n드래군 만세！%b
d2678f03b3	이렇게 경사스러울 수가,\n이걸 마시지 않고 배기겠냐고！%b
c373bddd11	히이이익,\n이런 건 이제껏 본 적도 없어.%b
fffd196e49	이런 무서운 때는,\n안 마시고 못 배겨.%b
9286effa42	여긴, 항구도시 히가타\n야마타이 바다 관문이라 불려.%b
6860640e72	천연 좋은 항구와 알맞은 조류 덕에,\n여러 나라 배들로 붐비고 있어.%b
f6c9ed807f	그러고 보니, 여선장 디아네가\n이 마을에 왔었대.%b
417e3a1e26	디아네란 건, 대단한 솜씨 선장이래.%b
96a2cf193e	게다가, 이게 또,\n선장 시키기엔\n아까울 만큼, 미인이래.%b
5361dca850	봉긋봉긋 글래머러스한 느낌이래.\n으흠~, 한번 만나보고 싶네.%b
fc06c6fa6b	전엔, 여선장 디아네가\n이 마을에 왔었는데,\n요즘은 안 보이네.%b
a4b688dcd1	고향 오르트마로 돌아간 걸까？%b
bb20bbd658	카달군은 아무래도 진 모양이야.\n악당 세상은 오래 못 간다더니.%b
e350fd85c7	헤헤헤,\n내가 말해도 설득력이 없네.%b
179454b92f	카달군 다음은 천재지변이냐.\n아주 지긋지긋하다！%b
37bfadbdc5	토란이란 마을 전설을\n들어본 적 있어？%b
6c54594f3c	뭐라던가, 거기엔,\n시련의 미궁이란 게 있대.%b
25f1fde044	시련의 미궁이란 게,\n실제 어떤 건진 모르지만.%b
273da94d4d	카달 만세！\n갈자드 님 만세！%b
4351a5f369	자, 너희도, 같이 어때？%b
937bd20b1d	헤, 헤헤, 헤헤헤.\n카, 카달 놈들 따위한테,\n이 야마타이서 큰소리 못 치게 해.%b
d135840dc7	야마타이・ 마, 만세・。%b
7db1394025	・야마타이에 있으면서\n카달 편들었던 건\n실수였네・。%b
67cb779a09	카달을 물리친 건,\n드래군 용기사래.%b
f87fcd30ef	게다가, 어린 계집애라잖아.%b
29c761ccd2	어쨌든, 평화가 돌아와서 다행이야.%b
648fa93beb	히이익, 살려줘어.%b
82e72d97a8	리그로드 용기사는,\n용으로 변신할 수 있다며？%b
f1ed7602ac	그럼, 그거네,\n변신할 때마다 홀딱 벗는다\n이거네・ 이히히히히히.%b
93458263d0	영봉 후지의 결계동에 쳐진 결계가\n깨졌다더라.%b
b9fb8c06f7	영봉 후지에 쳐진 결계를 깬 건,\n게텐성에 쳐들어간 놈들이래.%b
ff29cc923c	그 정도 실력자란 건, 분명, 구름\n닿을 듯한 거한들일 거야.%b
945bd335bc	카달 놈들은\n리그로드 용기사한테 졌다고 하고,\n평화가 최고다.%b
a737ab40bc	무서워어.%b
d80dce040f	전설검【사쿠라후부키】.%b
8be59c1eae	이야기 속에서만 전해지는 그 예리함은\n상당한 모양이네.%b
cdd23c6cc8	뭐, 옛날이야기가 다 그렇듯,\n어차피 그런 카타나는 없겠지만.%b
509eabf2d2	게텐성에는, 다른 대륙으로 순식간에\n이동하는 장치가 있다더라.%b
c8c173f5dc	그게 있는 덕에, 카달 놈들은,\n병사를 쉽고 빠르게 보급한대.%b
9ca291e223	어이쿠, 이건 비밀이다.%b
97ae1ef279	게텐성에 있는,\n대륙을 순식간에 이동하는 장치는,\n카오스게이트라 불렸다더라.%b
4834f56ef4	카오스게이트를 이용하려면,\n특별한 도구가 필요했다더라.%b
b34199f083	%H%m1%V100［%m0아케미%m1］%V0%m0\n
a967f6f525	부탁이야,\n그 사람한테 이 편지를 전해줘.%b
b05485817b	꼭, 전해줄게.%b
c2b2682ecf	내 사랑하는 사람이,\n리그로드로 간 뒤 안 돌아와.%b
5cca4accd4	리그로드도 카달 놈들한테\n제압됐다고 하니까,\n혹시, 거기서 무슨 일이 있었는지도.%b
1bc2dbd796	누구, 그 사람한테 내 편지를\n전해줄 사람 없을까・。%b
5d3dc1325d	맡아줄래？
00ae8cb724	맡는다
0b028d643b	안 맡는다
beb9f87dcd	나라도 괜찮다면,\n편지 전해줄게！%b
2998f821f7	어머, 정말？%b
058c189ab3	내 이름은, 아케미.\n그 사람 이름은, 타카오라고 해.%b
7653e32989	그 사람은, 리그로드에 있어.\n어디 있는진, 모르지만・。%b
aee3b5293a	부탁이야, 그 사람한테 이 편지를\n전해줘. 그리고 전해줘・。%b
cd32c1c9d2	・사랑한다고・。%b
62ab8f207b	꼭, 전할게.%b
f0d8285340	누구 없을까・。%b
21c93bbb9d	어머, 어쩌지.%b
67eade4af2	이대로 세상은 멸망해버리는 걸까・。%b
016e8905ef	마지막 정도는,\n좋아하는 사람과 있고 싶었는데・。%b
7853288bc6	설령 세상이 평화로워져도,\n그 사람 행방은 알 수 없어・。%b
8cadfa251a	이 상황이라면, 리그로드로 향하는\n배가 뜨는 날도 머지않았어.%b
7e2d04ba44	그렇게 되면, 제일 먼저, 그\n사람한테로 떠날 거야.%b
2b1bddda9a	리그로드도 카달 놈들한테 제압됐다고\n하니까, 혹시, 거기서 무슨 일이\n있었던 걸까.%b
d87508cc8c	타카오는・？%b
9c968fe152	아무래도, 다쳐서 못 움직이는\n모양이야. 편지 맡아왔어.%b
c045dffa97	뮤는【타카오의 편지】를\n아케미에게 건넸다.%b
9df282f504	아・ 확실히, 그 사람 글씨야.%b
31be48992f	고마워요, 여러분・。%b
6a38844597	편지엔, 다친 상태가 적혀 있었어.%b
f2f4539797	아, 날개가 있다면・,\n지금 당장 리그로드로 날아갈 텐데.%b
53143d1323	내가 쟁취한 게 아니니까,\n아직 평화가 실감이 안 나.%b
2ee34a5dac	남한테 받은 평화란 건,\n쉽게 남한테 빼앗기니까.%b
a8123bccec	지금껏 살아오면서,\n이런 일은 처음이야.%b
1bcfab3655	대체, 세상은 어떻게 되는 건지.%b
08cf4df1fd	사랑하는 사람과 떨어져 있는 건,\n괴로운 일이야.%b
2cee66d5c1	너희한테, 혹시, 조금이라도\n친절한 마음이 있다면,\n아케미 얘기 들어줘.%b
1e02d17370	아케미 부탁을 들어준 게,\n너희라며？%b
b0e5275230	그 애 대신 고맙다고 할게.%b
05d79794dc	뭐, 지켜봐.%b
af3ff893ee	카달 놈들이 큰소리치는 것도\n지금뿐이야.%b
d60a8af0a6	놈들은 모르겠지만, 게텐성이란 건,\n거길 거성 삼는 놈들을 오래 못 살게\n하는 성이야.%b
4d992d7f74	예로부터 그런 사연 있는 곳이야.%b
caf779d43b	들었어？%b
985e546f81	게텐성에 있던 카달 놈들,\n리그로드에서 온 용기사가 이끄는\n일행한테 쫓겨났다더라.%b
0d95c01174	생각한 대로,\n그 성은, 사연 있는 곳이네.%b
9df95ed1be	세상은 평화로워졌다는데,\n나는 불행해.%b
9ff85cf8f9	언젠가 만날 왕자님이\n아직 안 나타나거든・。%b
99d6679820	나는 불행해.\n이대로 사랑도 모른 채 죽을 거야.\n미인은 명이 짧단 게 사실이었네.%b
1482befaa1	나는, 불행해.%b
b502fdb544	이런 비린내 나는 항구도시에 갇혀서\n어디도 못 가.%b
d422b1985b	아아・。%b
400044dff4	어딘가 날 여기서 데려가줄\n멋진 왕자님은 없을까・。%b
47c8a024ea	디아네란 선장 알아？\n여자인데도, 솜씨 좋은 선장이야.%b
9381773891	지금, 이 히가타에 있다는데,\n이번엔 어디로 여행을 갈까・。%b
865db5fc76	아아, 나도, 그렇게\n자유롭게 살아보고 싶다・。%b
1d024f5a65	항구에 가면, 숨겨진 금광 같은\n곳으로 데려다준다는 뱃사공이 있어.%b
3aa0339528	아아, 나도,\n꿈을 좇으며 살아보고 싶다.%b
75bb179f55	오르트마로 돌아가는구나.\n그럼, 얼른 출발할게！\n자, 타 타！%b
11bf640630	%H%m1%V100［%m0카달병사%m1］%V0%m0\n
85eb93f04e	항구 주요부는, 우리 카달이\n관리하고 있다.%b
babefc4c4f	이 앞은, 외부인 출입 금지다.%b
4a98807dd2	어라, 벌써 오르트마로 돌아가？%b
badc7ac877	내가 좋은 거 알려줄 테니,\n듣고 가야 돼.%b
9889736efc	알겠나, 우선 너희가, 지금처럼\n야마타이에 있다면,%b
a5e9d78de7	바다를 서쪽・동쪽으로 가면\n머잖아 리그로드에 닿을 거야.%b
794c885b3c	아니면, 북쪽이나 남쪽으로 가면,\n카달에 다다른단 얘기지.%b
727e13fc27	그리고, 너희가\n카달에 있다고 치면,%b
6bba29aba5	서쪽으로 가면 리그로드에,\n동쪽으로 가면 야마타이에 닿는 거지.%b
10debb87e9	또, 너희가 리그로드에 있다고 치면,\n바다를 동쪽・서쪽으로 가면\n야마타이에,%b
0b0a05e8f6	북쪽이나 남쪽으로 가면 카달에\n다다른단 거야.%b
ee05a1bdd8	어때, 도움이 됐지？%b
f5c3a8e929	갈자드의 실패로,\n용기사 계집애를 놓치고,%b
91743133d4	그로 인해,\n우리 계획에 어려움이 생겼다・。%b
5ec1866aa0	어차피, 마력등급 ２등의 낙오자,\n그놈한텐, 짐이 너무 무거웠나 보군.%b
b8cdf380e4	죽은 자 얘기는.\n내버려둬라.%b
7943a49122	보라, 지금이야말로,\n차원의 문 봉인을 여는 때.%b
1f677f1f1a	우리는, 이제부터 차원의 문으로 향해, 그 봉인을 푼다.%b
0c68563143	그런 뒤, 카칼클랜으로 간다.\n라그로스, 뒷일은, 맡기겠다！%b
1c27dab3ae	멈춰！%b
d2b41d292a	여긴 저한테 맡기시죠！%b
5a14f80019	음.\n부탁한다・。%b
e5720ebc27	방해자는 용서 못 한다！%b
6b9d4d4383	라그로스ー！！！%b
65cb962bba	호오, 이거 러스티 왕자.%b
3e99d6348b	네 부모한텐 실망했었지.%b
4086e1c34f	눈앞에서 궁전 시종들을\n괴롭혀줬더니,%b
6c0ceb2788	울면서 애원하더군,\n상관없는 자들은 살려달라고.%b
ce6fe32908	의연하게 부하의 죽음에 맞서야\n지배자의 위엄이 서는 법이지.%b
d9c09f61f0	난, 진심으로 실망했지.%b
5090a740cf	그만 나도 모르게 퀸즈랜드 왕 부부를\n죽여버릴 만큼 말이지.%b
08153b88bf	라그로스으으윽！！！%b
fa36cdc57e	난, 지금껏, 이렇게까지,\n누군가를 미워한 적 없어.%b
897c21b2ff	아버님, 어머님, 그리고,\n퀸즈팰리스 사람들이 받은%b
e03d9e0c09	굴욕과 고통을,\n１０배로 갚아주마！%b
9b11dd0b9b	겁쟁이 왕자가 얼마나 성장했는지,\n똑똑히 봐주지.%b
c76b13e611	기다리세요！%b
8b6baf4343	기다리시오！%b
126cea4bc4	기다려, 여！%b
fe61b4d968	멈춰 인 거야！%b
eebe7edf8c	멈춰 인 것이다～제！%b
cfe77642c5	부디, 이 자린 저에게 맡겨주십시오.%b
2a5b54d718	그리고, 우리 야망의 실현을 위해,\n어서 가주십시오！%b
e52d22e435	음, 부탁한다・。%b
2708cba450	나답지 않게 방심했군.\n하지만, 이걸로 이겼다곤 생각 마라.%b
a876be3b1a	７인위원회는, 대체,\n뭘 하려는 거냐！%b
a1d85f4fc7	좋다・ 알려주지.%b
828cde03f2	７인위원회는, 유현의 숲에 있는\n차원의 문 봉인을 풀고・,\n이세계 카칼클랜으로 향하신다.%b
25fbfe6ec8	카칼클랜이라고요！%b
ae19a28d3d	그런 짓을 하면,\n엄청난 일이 벌어질 거예요！%b
61eff495af	고견을 들어・\n감사하군.%b
17a21887e4	허나, ７인위원회는・\n카오스 힘을 제어하는 법을 알아냈다.%b
f5752e2452	그런 건, 물리적으로 불가능해요！%b
bf24768dbf	・아니, 불가능하지 않다.%b
0553f4b93e	・갈만오브가 있다면！！%b
21aa605c90	허나, 고대마법문명에 관한 지식은,\n거의 사라졌을 텐데요.%b
a0ec6b9b88	그런 지식을 대체 어디서・？%b
89cf097668	・알렉트리아 대도서관.%b
83fc1687ad	거기엔・ 우수한 두뇌와,\n・세계 굴지의 장서가 있지.%b
5b50696b51	알렉트리아 대도서관에・\n・자치독립이 인정된 건,\n그런 뒷사정이 있었기 때문・。%b
5b42584937	아, 아버님은 그 사실을\n알고 계셨단 거예요！？%b
80602c39a1	알고 자시고・ 뭐고・,\n그 지식을 발굴한 게 네 아버지야.%b
a93865d19a	그리고, 그 지식과 맞바꿔,\n・알렉트리아 대도서관의\n안전을 얻었던 거니까・。%b
b26eb2b250	그, 그런, 그런・。%b
871af1a32d	큭큭큭・ 큭큭.\n어른이 된다는 건・\n괴로운 일이지・。%b
10178247d2	쓸데없는 의문을・\n품지만 않았어도・,\n모른 채 넘어갔을 텐데・。%b
9a2ea0cca7	카오스 힘을 써서 뭘 할 셈이냐！%b
9cea8bf314	７인위원회에 의해・,\n・모든 게 통제되고,%b
1226173fd4	진정으로 우수한・ 선택받은 자만이,\n세상을・ 지배하고,\n・구축・하는 거다！%b
cd51715237	그리고・\n・세상은 영원히,%b
ea58900c00	７인위원회가 이끄는・ 카달이\n・지배한다・！%b
5204d0e280	・아쉽지만,\n난, 그걸 볼 순 없겠지만・。%b
d108e20757	・아・ 형님・。%b
f1bc3dec94	・갈자드 형님.\n마중을・ 와준 거야・。%b
daa43ac2fd	난・\n형님이・ 부러웠어.%b
4fb0a2c949	마법력도・ 무력도・ 인망도・ 뛰어난・,%b
f7be98abe2	뭐든지・ 다 가진\n・갈자드・ 형님.%b
df3c25772b	내가・ 형님한테서・\n마력을 빼앗은・ 건,%b
1ed83b4347	형님을・ 조금이라도\n・따라잡고・ 싶었을\n뿐・이었는데・。%b
5356b82c8c	%H%m1%V100［%m0라그로스%m1］%V0%m0\n・여긴・ 어둡고・\n너무・ 추워・。%b
68bda5666f	죽었나・。%b
9de52af356	・응.%b
95f24f3b6b	우왓！%b
a20c73d257	뭐 뭐야 저거！%b
4ed7af4927	%H%m1%V100［%m0루나%m1］%V0%m0\n
547cf04d5e	전, 유현의 숲 수호자,\n숲의 요정, 루나예요.%b
7ff5ef096c	저는 지금까지,\n유현의 숲과 함께,\n차원의 문을 지켜왔어요.%b
0b9235d8fe	허나, ７인위원회라\n칭하는 놈들 때문에,\n유현의 숲 결계가 풀려버렸어요.%b
1c31f74a7d	그리고, 차원의 문 봉인도,\n풀리려 하고 있어요.%b
db6b64545d	그들 생각은 사악해요.%b
9d39289245	모든 생명을,\n숲을, 물을, 공기를,\n뜻대로 하려 하고 있어요.%b
29e27aeb99	부탁이에요,\n저희를 도와주세요.%b
a24233857c	그리고, 모든 자연과,\n거기 사는 모든 생명을\n지켜주세요.%b
b6ef8d7cff	지금, 그걸 할 수 있는 건,\n당신들뿐이에요.%b
d156d629d0	근데, 어떻게 하면・？%b
a030b3b346	당신들, 하늘 나는 배를 갖고 있죠？%b
92b0e8261a	근데, 지금 망가져서,\n도저히 날 수 없어.%b
527d18456c	허나, 하늘 말고는\n유현숲에 들어갈 길이 없어요.%b
cbc821ab9f	어떻게든, 하늘 나는 배를 고치세요.\n전, 이제 돌아가야만 해요.%b
52479a5114	지금도, ７인위원회가,\n차원의 문에 걸린 봉인을\n풀려 하는 게 느껴져요.%b
cd0124f987	저에겐, 아니, 이 세상 전체에,\n시간이 없어요.%b
fa35080b58	카오스게이트를 쓰면, 리그로드,\n야마타이, 카달 사이를,\n순식간에 오갈 수・。%b
c70333ef19	사라졌다・？%b
95c244eba1	있잖아, 뮤, 라그로스가\n이런 거 가지고 있었어！%b
17b14a28be	이건, 갈자드가 가졌던 것과\n같은 물건인 모양이군.%b
7f5b650a08	그럼, 이「게이트키」를 쓰면,\n카오스게이트를 이용할 수 있는 건가？%b
447f4c7a14	이쪽 열쇠는\n어디 열쇠일까요？%b
260460f04e	아버님이・,%b
549ea91a11	아버님이 고대유적에 채웠다는\n열쇠 아닐까？%b
a1909335a1	고대유적서\n아우 소재도 확인하리다.%b
adeef31004	주제넘은 말인 듯하나,\n소인의 아우 팔코는, 고대마법기술,%b
86443bde1c	특히, 하늘을 나는 배에 관해선\n대륙 굴지의 학자이외다.%b
63bcda81ff	아우 팔코를 찾아내어,\n하늘을 나는 배를 재건하는 것이,\n가장 지름길이라 사료되옵니다.%b
a3add9540e	부디, 결단을 내려주소서.%b
81fa545b16	내 목숨도, 이제 여기까지・。%b
0fbd8a89ff	마지막으로, 우리 목적을 알려주지.%b
d499dbc037	이제 너희가\n그걸 막을 순 없을 거다.%b
7c3b75d349	카오스 힘을 제어할 방법이 없으니\n세상 멸망한다고 말하고 싶은 거겠지？%b
9c2cefafd7	그런 건 불가능하다,\n라는 너희 마음의 외침이 들리는군.%b
b9888429b1	・결코, 불가능하지 않다.%b
bd7a4ca611	고대마법문명에 관한 지식을・\n우린 알렉트리아 대도서관에서 얻었다.%b
b582c5e464	알렉트리아 대도서관 관장은,\n그 지식과 맞바꿔,%b
bac975d99b	・알렉트리아 대도서관의\n안전을 얻었던 거다・。%b
5cce6c86d5	필요한 걸・ 배운 우리는・\n카오스 힘을 써・,%b
748c0dac82	７인위원회에 의해・,\n・모든 게 통제되고,%b
0efeb4e7f8	진정으로 우수한・ 선택받은 자만이,\n・구축하고・ 지배하는\n세상을・ 만드는 거다！%b
3ad6e2d3ce	・죽었・。%b
e94a012b65	죽은 것 같네.%b
0c30d94004	돌아가신 모양이네요・。%b
9edfa6d408	죽어버린 것 같네・。%b
e310691e23	・죽었나・。%b
e162144183	죽었구려・。%b
a25ccba1f4	죽어버렸네여・。%b
7525aec25b	죽은 거야, 인 거네・。%b
ca028e5739	죽은 모양이다～제.%b
54c139b019	뭐죠！？%b
e588d0a2d5	꺄악！%b
197b568ddf	・우옷！%b
139eb2cfbe	무엇이오！%b
5898b8f055	꺄악 인 거야！%b
3097d70839	뭐냐～제？%b
7a67f88328	뭐？%b
87420f8e4a	뭐냐？%b
a3d94d667f	뭐야？%b
d012c97295	뭐, 저거！%b
e04f564e36	뭘까？%b
3b8eece581	뭐여？%b
f8104d2755	뭐야 인 거야？%b
225c3d6ade	응・。%b
65e4809c67	근데, 지금, 망가져서,\n도저히 날 수 없어.%b
69d9d18f5c	네・。%b
ea62d98a77	근데, 지금, 망가져서,\n도저히 날 수 없어요.%b
85bdb91b1f	아・。%b
737540a362	허나, 지금은 망가져서,\n도저히 날 수 없다고.%b
9797c90bcd	확실히・。%b
0dd6eaeeb3	근데, 지금은 망가졌어요,\n도저히 날 수 없어요.%b
928fc1bb7f	그건 그렇지만・。%b
79a7090bfd	근데, 지금은 망가져서,\n도저히 날 것 같지 않아.%b
541973c15a	확실히 갖고는 있지만・。%b
60a70b2824	허나, 지금은 망가져서,\n도저히 날 수 없다.%b
eef4c43707	그렇소만・。%b
32c1a5ce5e	허나, 지금은 망가져 있어,\n도저히 날 수 없소이다.%b
7057074c5b	갖고 있여・。%b
09f8e928b3	근데, 지금은 망가졌여.\n도저히 날 수 없여.%b
61557a4ac0	갖고 있어, 인 거야・。%b
812009af6a	근데 지금 망가진 거야, 인 거야.\n못 날아, 인 거네.%b
e046e98944	갖고 있는 것이다～제！%b
e080fb1d4b	근데 지금은 망가진 것이다～제！\n날 수 없는 것이다～제！%b
9a7a79c06b	그래도, 하늘 말고는\n유현숲에 들어갈 길이 없어요.%b
818c28a20f	루나가 문득 사라졌다.%b
575ab2cd3f	【게이트키】와,\n【고대유적의 열쇠】를 찾아냈다.%b
db4c12900e	이쪽【게이트키】는,\n갈자드가 갖고 있던 것과\n같은 물건인가 보네.%b
69567a1bc9	그렇다면,\n이【게이트키】를 쓰면,\n카오스게이트를 이용할 수 있는 걸까？%b
7eb12085da	게다가 이쪽은【고대유적의 열쇠】인가.%b
a72ade741c	러스티 얘기로는,\n이게 있으면 고대유적의 문을 열어서%b
fbdb7c80b9	호크아이 동생 팔코의 소재도\n확인할 수 있다는 거다.%b
7a61f9960c	호크아이한테 들은 바로는,\n동생 팔코는, 고대마법기술,%b
46228f9d8e	특히, 하늘을 나는 배에 관해선\n대륙 굴지의 학자였다던가・。%b
90a33a296c	호크아이 동생 팔코를 찾아내면,\n익시즈를 재건하는 것도,\n꿈이 아니야！%b
dda84226cf	이쪽【게이트키】는,\n갈자드가 갖고 있던 것과\n같은 물건인가 보다.%b
17ffeacb95	그렇다면,\n이【게이트키】를 쓰면,\n카오스게이트를 이용할 수 있단 거？%b
a49cd8a3e9	게다가, 이쪽은【고대유적의 열쇠】다.%b
428c5f5eac	이게 있으면 고대유적서\n호크아이 동생 팔코의 소재도\n확인할 수 있어！%b
850215a1f1	특히, 하늘을 나는 배에 관해선\n대륙 굴지의 학자였다니까.%b
8ab7d817ce	호크아이 동생 팔코를 찾아내면,\n익시즈를 재건하는 것도,\n꿈이 아니네！%b
8fefbcbbec	이쪽【게이트키】는,\n갈자드가 갖고 있던 것과\n같은 물건인 모양이군.%b
275011c316	그렇다는 건,\n이【게이트키】를 쓰면,\n카오스게이트를 이용할 수 있는 건가.%b
f9c46a2924	호크아이 동생 팔코의 소재도\n확인할 수 있다고 들었어！%b
c1fcbf9183	특히, 하늘을 나는 배에 관해선\n대륙 굴지의 학자였다니까.%b
49be0f9284	호크아이 동생 팔코를 찾아내면,\n익시즈를 재건하는 것도,\n꿈이 아니야！%b
03876f64f5	이쪽【게이트키】는,\n갈자드가 갖고 있었다고%b
2378dc3426	들었던 것과\n같은 물건인 모양이네요.%b
ed52c94a30	그렇다면,\n이【게이트키】를 쓰면,%b
7a54f38b83	카오스게이트 이용할 수 있는 거군요！%b
8489b90896	게다가, 이쪽은,\n【고대유적의 열쇠】네요.%b
c5648b76ac	러스티 얘기로는,\n이게 있으면 고대유적의 문을 열고%b
4cd23d761d	호크아이 동생 팔코의 소재도\n확인할 수 있대요！%b
ff44ebc103	호크아이한테 들은 바로는,\n동생 팔코는, 고대마법기술,%b
3604c5b630	특히, 하늘을 나는 배에 관해선\n대륙 굴지의 학자라던데요.%b
381ac87c39	호크아이 동생 팔코를 찾아내면,\n익시즈를 재건하는 것도,\n꿈이 아니에요！%b
8750220eed	이쪽【게이트키】는,\n갈자드가 갖고 있던 것과\n같은 물건인가 보네.%b
f46c8f2afb	게다가, 이쪽은【고대유적의 열쇠】네.%b
4e49c8ef37	호크아이 동생 팔코의 소재도\n확인할 수 있단 거야！%b
a965ee52e0	호크아이 동생 팔코를 찾아내면,\n익시즈를 재건하는 것도,\n꿈이 아니네！%b
d95d13f893	이쪽【게이트키】는,\n갈자드가 갖고 있던 것과\n같은 물건인 모양이다.%b
2f7a67c395	그렇다는 건,\n이【게이트키】를 쓰면,\n카오스게이트를 이용할 수 있단 건가.%b
6f45c18cab	게다가, 이쪽은【고대유적의 열쇠】다.%b
212172ba20	특히, 하늘을 나는 배에 관해선\n대륙 굴지의 학자였다더군.%b
c496d1169e	호크아이 동생 팔코를 찾아내면,\n익시즈를 재건하는 것도,\n꿈이 아니란 거다！%b
d507b297b4	이쪽【게이트키】는,\n갈자드란 자가 갖고 있던 것과\n아무래도 같은 물건인 듯하오.%b
392a3d2ba1	카오스게이트를 이용할 수 있다\n는 것이오？%b
61b05bae72	게다가, 이쪽은,\n【고대유적의 열쇠】이외다.%b
cbeda037b1	이게 있으면 고대유적서\n아우 소재도 확인하리다.%b
e6d4f1e163	아우 팔코를 찾아내어,\n하늘을 나는 배를 재건하는 것이,\n가장 지름길이 되리다.%b
38ae5980f3	이쪽【게이트키】는,\n갈자드가 갖고 있던 것과\n같은 물건인 것 같여.%b
9f0c0afcd2	그렇다는 건,\n이【게이트키】를 쓰면,\n카오스게이트를 이용할 수 있는 거여.%b
a2af21f003	게다가, 이쪽은,\n【고대유적의 열쇠】여.%b
5f85e7b34b	호크아이 동생 팔코의 소재도\n확인할 수 있단 거여.%b
182ae40ef2	특히, 하늘을 나는 배에 관해선\n대륙 굴지의 학자였다더여.%b
be75b73ac8	호크아이 동생 팔코를 찾아내면,\n익시즈를 재건하는 것도,\n꿈이 아니여！%b
50b307752e	이쪽【게이트키】는,\n갈자드가 갖고 있던 것과\n같은 물건 같은 거야, 인 거네.%b
f8e544e243	그렇다는 건,\n이【게이트키】를 쓰면,\n카오스게이트를 이용할 수 있는 거네.%b
5ad4317474	게다가, 이쪽은,\n【고대유적의 열쇠】인 거네.%b
7a858aef56	호크아이 동생 팔코의 소재도\n확인할 수 있단 거야, 인 거야.%b
d85a762ea6	특히, 나는 배에 관해선\n대륙 굴지의 학자인 거네.%b
49fcaccfb2	호크아이 동생 팔코를 찾아내면,\n익시즈를 재건하는 것도,\n꿈이 아니란 거야, 인 거야！%b
3400ed711a	이쪽【게이트키】는,\n갈자드가 갖고 있던 것과\n같은 물건인 것이다～제！%b
af127ef560	그렇다는 건,\n이【게이트키】를 쓰면,\n카오스게이트 쓸 수 있는 것이다～제！%b
1f759aa34b	게다가, 이쪽은\n【고대유적의 열쇠】인 것이다～제！%b
fd2657862d	호크아이 동생 팔코의 소재도\n확인할 수 있는 것이다～제！%b
77280e57af	특히, 나는 배에 관해선\n대륙 굴지의 학자인 것이다～제！%b
7f5851a3a2	호크아이 동생 팔코를 찾아내면,\n익시즈를 재건하는 것도,\n꿈이 아닌 것이다～제！%b
801f6ab2b5	러스티, 진정해.%b
722ea0e065	하지만・\n그놈만은 용서 못 해！%b
4b0d7e8b1e	익시즈에서 내릴까요？
7a08e47414	내린다
c193eb97cf	안내린다
28d0d7f40d	아야야・。%b
ed8a5bf493	여긴・\n리그로드 대륙이다！%b
1db26efc8d	리그로드로 돌아왔어！！%b
c277185fea	・아！\n들떠 있을 때가 아니야！%b
9ac904232c	다들, 괜찮았어？%b
2d7e22ab3f	아, 아아, 난 괜찮아.\n괜찮아, 시라나미？%b
900fac3c36	・윽！%b
f784c29cd9	이, 이봐 괜찮아！%b
cf0282400b	나・ 이제 틀린 것 같아・。\n부탁이야, 날, 안아줘.%b
28dfdcd790	정신 차려！\n괜찮아, 내가 있잖아.%b
cf9f8f3970	・잠깐, 야.\n얼굴이 웃고 있잖아・。%b
67e0c31004	・그치만,\n아~쨩이 다정하게 대해줘서\n기뻤단 말야.%b
da978d98d2	다른 애들은, 괜찮아？%b
cd8b5075ee	그래, 괜찮아.%b
ae2196d824	저도, 괜찮아요.%b
aea3758d4b	아웃！%b
c92f9319c5	괜찮아, 나즈나！%b
838b9248eb	비켜, 아~쨩！%b
367d57fdec	나즈나, 정신 차려！\n내가 있잖아！%b
56857ae42f	시라나미ー！%b
9acdcfbda1	자기만 아스카랑 알콩달콩하고,\n치사한 거네！%b
2523437938	거기다 나즈나 러브러브 작전을\n방해하다니, 너무한 거야, 인 거야！%b
ed44184307	뭐가 러브러브 대작전이야！\n내 흉내 내는 것뿐이잖아！%b
e4b4abaa11	야, 인마・。\n적당히 좀 해라, 너희들.%b
d55d2adb01	적당히 해야 할 건 아스카 쪽이야！\n대체 나랑 나즈나 중 누굴 고를래？%b
16dd1c585f	그런 거네！%b
47ec69ebbb	아스카가 확실히 안 하니까\n이런 일이 벌어지는 거네！%b
dbbe8bada7	알았어.%b
ddbc779560	그렇게까지 말한다면,\n확실히 해두자고.%b
250ffc85ed	허나 지금은 안 돼.%b
b92cfc7219	이 싸움 매듭지을 때까지는,\n대답을 기다려줘.%b
b214d52e82	・좋아.%b
336d0fedb0	・알았어, 인 거네.%b
df22934a70	이 자리서 확실히 할 수도\n없을 텐데・ 힘들겠군, 아스카.%b
1da4405264	있잖아, 알려줘, 카무이.%b
23a1851ca1	누군가가 누군가를 좋아하는 게,\n그렇게 중요한 건가？%b
8f6f7e17af	・흠, 그렇군・。%b
4384727b9a	묻겠는데 강해지고 싶냐, 아스카？%b
13aeafbaca	뭐야, 갑자기・。\n그래, 누구보다 강해지고 싶어.%b
455a959d74	근데, 나한텐 아직 힘이 부족해・。\n그게 뭐？%b
09e95f300c	그럼, 힘이란, 뭐냐, 아스카？\n뭘 위해 힘이 필요한 거지？%b
787a1a237d	그야 소중한 사람들 지키기 위해서지.\n근데 그거랑 이게 무슨 상관이야.%b
1ae1f34409	소중한 사람을 지키고 싶은 마음이\n힘이 된다.%b
1a1a7e25df	시라나미 일행이 네 마음을\n확인하고 싶어하는 것도,%b
75ef4290d3	너와 함께 싸우고, 힘이 되고,\n돕고 싶다고 생각해서지.%b
0ce7b6fff8	난, 얘들한테\n지켜달라고 할 생각 없어.%b
c3281f95c5	그렇게 말해도,\n아가씨들 마음은 안 변해.%b
bcbf0e74e5	쳇, 도통 모르겠어, 연심이란 거.\n나한텐.%b
5ad6934b1f	그럼, 좋은 기회잖아.\n곰곰이 생각해보는 게 좋겠군.%b
eed5a2d029	당신은 아는 거야, 카무이？%b
7da090e006	나도 모른다.\n혹시 답을 찾으면 알려줘.%b
7bc8fbb823	치사하다！%b
4c7d1c6ff0	（그나저나, 앙주 님,\n예쁘여・。）%b
d54e0a07aa	이 마력의 요동은, 뭐냐～제？%b
532405112b	그 갈만오브 상태는,\n대체 뭐였을까요・？%b
f390523093	７인위원회랑 관계없으면 좋겠는데・。%b
51b496d626	그건 그렇다 치고,\n익시즈는 어떻게 하실 건가요？%b
b5c1bc8c1a	미안해・ 익시즈.\n우릴 위해 애써줬는데.%b
82a13be095	%H%m1%V100［%m0팔코%m1］%V0%m0\n
b772f872d2	누오오오옷！%b
0414f6d45c	고대마법문명 기술과 지식 전부가,\n지금 여기에！%b
988756fea6	아우야,\n정말 이걸 고칠 수 있는 게냐？%b
bcb2529de7	섭섭하오이다！%b
b110f4871e	소인, 형님이 검을 휘두르는 동안,\n학술에 힘썼사옵니다！%b
b0076c42f9	그럼, 고칠 수 있네！%b
ee35a012d0	분부 받들겠나이다\n공주님.%b
24f4685a89	이번 익시즈 추락은,\n갈만오브의 힘이 어떤 원인으로\n무효화된 탓이옵니다.%b
57726047b6	그래서 원인이란 건？%b
27390f23c6	７인위원회이옵니다.%b
700e4f8f73	그놈들이,\n유현숲을 지키는 봉인을 풀었사옵니다.%b
4ce4b2047b	유현의 숲에 걸린 봉인을\n풀었을 때, 그 강대한 마법력으로,%b
7df1f109d9	갈만오브가 불안정해져,\n본래 위력을 발휘 못 하게 됐사옵니다.%b
a2b8c3d4e9	그럼 대체 어떻게 하면 되는데？%b
ef2f1d13f0	하오면, 카달의 알렉트리아 대도서관에\n가시길 청하옵니다.%b
9818937cd7	카달의 알렉트리아 대도서관？%b
e5e8b1db12	소인의 기억이 확실하다면,\n알렉트리아 대도서관 지하열람실에,%b
e44fc6ea3e	그래비티 장로가 쓴\n「익시즈 구조론」 책이 있사옵니다.%b
8e7c977ba9	공주님께서는,\n이「익시즈 구조론」을,\n한번 읽어주셨으면 하옵니다.%b
cc66343cb5	그리하면, 익시즈 수리에\n필요한 물건에 대해,\n확실히 알 수 있을 것이옵니다.%b
499bc2bca5	그러면, 다시 익시즈호는\n하늘을 날 수 있게 되는 거네！%b
387c5dec6f	그래서, 그쪽은 어찌할 텐가？%b
0168c61670	아무래도 문제 있는 건,\n갈만오브뿐만이 아닌 듯하오.%b
f14ea7c200	선체 보수, 출력장치 조정・。%b
355a51cf38	그렇군, 우리가 익시즈 재생에\n필요한 걸 모으는 동안, 그쪽은,\n그 외 부분을 보수하겠다는 것이군.%b
d216979fbd	역시 형님, 명찰이시옵니다.%b
fb3a369ed3	하오면, 뮤 공주님,\n아우 의견을 한번 고려해주소서.%b
455048cf50	근데, 어떻게, 카달의\n알렉트리아 대도서관에 가면 될까.%b
b2baa269d3	라그로스탑에 카오스게이트 있사옵니다.%b
6039ea1491	거길 지나면, 카달이나 야마타이로\n눈 깜짝할 새 날아갈 수 있사옵니다.%b
6cabe97266	알았어, 라그로스탑이지.\n다들, 가자！%b
9352ed36f3	이야, 뮤 아니야.%b
ee3d994d75	디아네 씨！\n어라, 배 수리도 하는 거야？%b
9c0fc69e6f	그렇지.%b
f7051d3dd7	팔코한텐 힘쓰는 일이\n안 맞는 것 같아서.%b
2b7587cd43	그것도 그렇네.%b
b171e4eab2	디아네 님, 무슨 일이시오？%b
6d718958d4	어이쿠, 공주님！%b
2b0c01552a	그래서, 그 후, 진척은,\n어떻소？%b
1aafc72e4a	그게・。%b
6c32866085	그렇군, 생각대로는 안 되는가 보오.%b
601e651941	부디 신경 쓰지 마시길.%b
67df7728f3	필요한 물건을 가져다주시면,\n반드시 익시즈를\n부활시켜 보이겠어요.%b
9294900b3e	오오, 이거 공주님！\n그래서, 진척은, 어떻소？%b
af6d7e2291	필요한 물건을 가져다주시면, 반드시 익시즈를\n부활시켜 보이겠어요.%b
4ea91dadd6	오오, 이건 말라카이트 아니오！%b
5074944e93	바로 이거,\n익시즈 수리에 필수적인 물건.%b
8ce31346fd	근데, 우리가 알아본 바로는,\n이거 말고 애로우스톤이란 광석이\n필요한 것 같아.%b
4e9f121f68	애로우스톤・。%b
5efb5143b4	확실히 그렇소.%b
c28acbec3e	말라카이트만으로는,\n익시즈를 수리할 수 없소이다.%b
40743c2933	애로우스톤은,\n아무래도 사모사에 있는 것 같은데,\n어떻게 하면 사모사에 갈 수 있을까？%b
942d037e49	흐음・。%b
a5ac2893bf	오르트마로 향하시는 게\n어떻겠소.%b
79317e8a56	오르트마・？%b
4fe20a93fa	그렇소.\n오르트마는, 리그로드의 손꼽는 항구.%b
439a08d681	사모사까지 태워다줄\n뱃사공이 있을 것이오.%b
9c92b0e59d	좋아, 그럼, 오르트마로 가서,\n사모사까지 태워줄 사람을 찾아보자.%b
4647c144bd	오오, 바로 이거요！%b
93d23d1f49	이거야말로, 바로 익시즈 부활의\n열쇠를 쥔 중요한 물건이오.%b
de1812fcae	・라고, 기뻐만 하고\n있을 순 없소이다.%b
8b2150d3ef	말씀드리기 송구하나,\n익시즈 부활에는,\n한 가지 더 필요하오.%b
d6e51ee766	말라카이트라는 물건이오.%b
43761b9ffc	말라카이트구나,\n알았어, 꼭 찾아내 보일게.%b
899e4b2f02	부탁하오！%b
78eeea7496	익시즈 부활에는,\n한 가지 더 필요하오.%b
d41b16a5a3	어이쿠, 이거 공주님！\n진척은 어떠하시옵니까？%b
3293e91d76	완벽해！\n봐봐, 이거！%b
916611f2f7	오옷,\n애로우스톤 아니오！%b
531db7cec7	이걸로 드디어,\n익시즈 수리에 필요한%b
ab9bf3c117	말라카이트와 애로우스톤이\n갖춰졌구려.%b
47e03d869e	이 둘만 있으면 반드시, 다시 한번,\n익시즈를 하늘에 띄워\n보여드리겠소.%b
fc5b56ae1e	・허나,\n작업엔 조금 더 시간이 걸리리다.%b
0fb33ffd25	송구하나, 소인에게 시간을 주소서.\n길게 안 걸리게 전력을 다하겠나이다.%b
0e65e97b44	알았어.\n부탁할게, 팔코.%b
96e3609b54	넷！\n목숨을 걸고서라도！%b
3b55db74f7	공주님！\n드디어, 드디어 완성했사옵니다！%b
01c50dae55	광익선 익시즈,\n언제 출발할 수 있사옵니다！%b
810b987c35	해냈다아！\n고마워 팔코！！\n고마워 디아네 씨！！%b
054aae3ea5	자, 뮤, 타 타！%b
1c04b0dd47	아무래도, 운명의 신인지 뭔지는,\n나한테 너희 운반역을\n시킬 속셈인가 보네.%b
25f954fc98	내 이름은, 고대 리그로드어로,\n나룻배란 뜻이야.%b
de4d1ac53d	난, 너희가 필요할 때를 대비해,\n숙명이란 놈이 준비한 나룻배인 거지.%b
20f5d2e1c3	그렇소이다.%b
d977b66266	소인도, 디아네 님도, 공주님 싸움엔\n동행할 수 없는 몸.%b
5dcdf565ae	허나, 저희는,\n공주님이 최상 상태로 싸우게,%b
8f5630077a	상황을 정비한다는 대임을,\n숙명 지어진 몸.%b
961272691c	%H%m1%V100［%m0팔코%m1］%V0%m0\n부디, 공주님.%b
6940399dde	%H%m1%V100［%m0팔코%m1］%V0%m0\n설령 그 자리에 없더라도,\n저희도 함께 싸우고 있음을,\n잊지 말아주소서.%b
3bfbb6589c	고마워, 디아네 씨.\n고마워, 팔코.%b
4a9bb25c79	자, 공주님,\n익시즈호, 발진 명령을！%b
ef45da9395	응.\n・뭔가 쑥스럽네・。%b
6519598b2b	리그로드 대륙 중앙\n차원의 문을 향해%b
3e13afcf1c	광익선 익시즈, 발진！！%b
efc91669a8	어떻소, 공주님！%b
87f3bf4334	응, 엄청 좋아！%b
c57669241a	공주님, 부디 이걸 받아주소서.%b
e39fa146b5	뮤는,\n【바람의 메달리온】을 입수했다.%b
71dd83567c	【바람의 메달리온】이라는 물건이오.%b
d20b74826e	저희를 불러내기 위한 물건이오.%b
146c596495	이걸 쓰면, 뮤 공주님 곁으로,\n소인과 디아네 님이 익시즈를 몰아\n반드시 마중 가겠사옵니다.%b
522d149a7d	부디, 지니고 계셔주소서.%b
12e20204ec	응, 알았어.\n정말 고마워.%b
0f1d9bc0b2	다들, 괜찮아！？%b
2677f6931a	괜찮은・ 것 같아.\n큰 부상은 없는 것 같아.%b
6cdb66982c	그래・ 다행이다.%b
bb9bde19d4	익시즈는 무사하오！？%b
462e7f8ad7	안심해, 팔코.\n흠집 하나 안 났어.%b
da9e1842a3	・일단은 한시름 놓았구려.%b
1a8882b840	허나, 지금껏 없이\n규모가 큰 지진이었구려・。%b
f77ded8cc6	대체 무슨 일이 벌어지는 걸까？%b
1e20ffcd48	설마, 이것도 ７인위원회 짓이야？%b
afd5ba1776	뮤・ 뮤・。%b
525adaeff0	누구・？%b
26e50e6817	저예요・。\n차원의 문을 지키는 루나예요.%b
be313496e1	루나？！\n무슨 일이야？！%b
926cc34f4f	대체 무슨 일이야？%b
3f9f7d695b	여러분！\n큰일이 벌어졌어요.%b
73ca8264d2	７인위원회한테,\n결국 차원의 문 봉인이\n풀리고 말았어요.%b
fbe4c46aef	뭐, 뭐라고요！%b
0646dc533b	저도, 필사적으로 저항했지만,\n역부족으로, 그들에게 문이 열리고 말았어요.%b
b75f018259	그들은, 갈만오브를 갖고,\n카칼클랜으로 향했어요！%b
d87c81ac71	한시라도 빨리, 당신들이\n７인위원회를 막아주지 않으면\n큰일이 벌어져요.%b
502214469a	저는, 동쪽 유현숲\n차원의 문에서 기다릴게요.%b
a57b397e5e	어서 와주세요！%b
7aaaf669fa	미안해, 익시즈.\n금방 고쳐줄게.%b
a055f8feae	%H%m1%V100［%m0%s3%m1］%V0%m0\n마을 사람들은,\n날 완전히 배신자라 여기겠지.%b
52a3fb402a	%H%m1%V100［%m0%s3%m1］%V0%m0\n그런 것보다,\n내 부하들은 무사할까.%b
a77d5258dc	이렇게 된 이상,\n아스카 동료들을 구해야겠네.%b
486956b36c	서둘러 닌자저택으로 가자.%b
9515cd5ae2	젠장！\n생각보다 불길이 빨리 번지네！%b
9cbde7c44b	이대로면, 마을이 위험해！\n이대로 돌진할게！%b
1de7223666	여긴・？%b
7a85e1ba21	결계동이야.\n그렇게 불리게 된 건\n카달 놈들이 온 뒤부터지만.%b
c3ad46da0b	옛날, 몇 대인가의 겐유사이가\n만든 거로,%b
2a1548f04f	원래는 게텐성으로 통하는 길이자,\n게텐성을 지키는 요새이기도 했어.%b
04150ad19a	게텐성은 대대로 그 시대\n겐유사이의 거성이었으니까.%b
8e8ab32386	게텐성 가기 전에,\n여기서 적을 묶어두기 위한\n장치인 셈이지.%b
0c794be103	나즈나는 동료가 됐고,\n이제 여긴 볼일 없지？%b
58a6311348	아앙~.%b
9bb5f37df5	아스카랑 추억의 장소인 거야.\n달콤한 추억에 잠기는 거야！%b
319a7b4c7c	자！\n돌아가자, 아~쨩.%b
ec45a5056e	으으~.\n시라나미~, 방해되는 거네.%b
f4c5e57e95	여긴, 나즈나동이다.%b
1d6bc6fff0	으엑,\n뭔가 나올 것 같은,\n으스스한 곳이네.%b
49dfe2e9a8	마을 소문으론\n여기 식신이 잠들어 있다더라.%b
da4eb208d2	좋아.\n안에 들어가보자！%b
674d346cd9	다들！\n다시 한번 들어가보자.%b
fa0bd291f8	그래.\n이 정도로 나가떨어지면,\n적이랑 제대로 못 싸우지.%b
b55aba0b39	그 기개다！%b
c5ce935b13	뭔가 안 좋은 예감이 들어.\n혹시, 여자의 감・？%b
bfbbb23008	성릉곽 들어갈까요？
e8a182c627	좋아, 그럼, 이 멤버로 가자.%b
233822f64f	근질해！%b
a7cac51ceb	애들은 다른 방에 있는 모양이군.%b
b4e8b6018b	이제 양동작전이고 뭐고 없군.%b
d7e0319844	이번엔 다같이 돌입하자.\n총력전이야.%b
aadf53c537	바라던 바야.%b
1bc86c92ea	다들 먼저 마을로 돌아가있어,\n아이들은 반드시 구해낸다.%b
4e36d72216	호라이산 괴물은,\n오르며 막 쓰러뜨렸으니까.%b
590433d51f	너희만은 돌아갈 수 있겠지.%b
8a6b06ceaa	여인들은 아이 구출을 카무이에게\n부탁하고 마을로 돌아갔다.%b
10af9a38c1	자, 내 목적은 이뤘다.%b
c8978a727c	너희한테 도움받은 답례를\n하고 싶은데・。%b
38124b988b	답례라니, 그런・。%b
0078f19946	이것저것 돈 드니 받아두는 게 어때？%b
11fd343edb	한심한 소리 하지 마.%b
e1fe74f9cf	돈이나 물건 받으려고\n한 게 아니니까.%b
f71781c3cd	미안하지만, 돈도 물건도 없다.\n대신, 너와 싸우는 걸로 답례할게.%b
9cf0d6f464	・필요 없다고 해도\n어차피 따라올 거잖아？%b
13bfd3f0bf	난 포기 몰라.%b
fc6662e985	알았어.\n그럼, 사양 않고 힘을 빌릴게.%b
743f70a964	잘 부탁해.%b
17de440db6	카무이가 동료가 됐습니다.%b
cd0734caca	도착했다, 여기가 성릉곽이다.%b
3fe6f8fb3e	여기 인질이 붙잡혀 있단 건가.%b
864bbf577d	그래.\n근데, 어디 있는진 몰라.%b
64f9d83e27	여긴 나한테 맡겨！%b
f854e54c66	시라나미가？%b
bde0585b7f	뮤, 시라나미라면 괜찮을 거야.%b
64ebb34629	그럼, 시라나미, 부탁할게.\n근데, 위험한 짓은 하지 마？%b
622b4da813	뭣하면 이대로 안\n돌아와도 되는 거야, 인 거네~.%b
f6650d5727	어이어이.%b
cfa7f54b0e	반드시, 무사히 돌아와줄게ー！%b
e5b26b4b87	힘내라.%b
c594282a00	고마워.\n그럼, 잠깐 다녀올게~.%b
7b8aa78d80	맡겨줘！\n그럼, 잠깐 다녀올게~.%b
66d29b1b1c	그럼, 이렇게 하지,\n내가 정면에서 「미끼」로 들어간다.%b
6701ded292	그 틈에 나머지는 뒷문으로\n침입해 인질을 풀어준다.%b
0904056add	이걸로 어떨까, 뮤？%b
1d62a2e18f	미끼가 될 사람을 늘리지 않으면,\n양동작전이 안 되겠네.%b
8ebf7c7e38	그럼, 구출대는 ２명으로 하고,\n나머지는 미끼로 정면에서 들어가자.%b
f04f2d0255	그래, 그게 좋겠어.%b
293c5ba051	근데, 양동이든 구출이든,\n전력을 나누는 거야,\n인선 잘못하면 전멸할 수도 있어.%b
ddb604d2fd	그러네.\n잘 생각해야・。%b
4038dc22b7	기다렸지.%b
756fc28aaa	괜찮았어？%b
2c64b7afc2	괜찮아, 여의적이란 이름이 괜히 있는\n게 아니야. 실수 안 해.%b
989965ba48	그래서 안은 어땠어？%b
085befaf81	카무이코탄에 파견한 병사가\n안 돌아온다고,\n꽤 신경질적이었어.%b
c05edfe80b	그래서, 인질 중 몇 명을\n본보기로 처형한다고 했어.%b
fce1fee1f8	근데, 이거, 점점 심각해지네.%b
d475d7f9c7	서둘러 행동 안 하면,\n돌이킬 수 없는 일이 벌어져.%b
b398fe1980	좋아, 여긴 내 차례군！\n시노비의 기술을 보여주지.%b
0515b1bfb6	그럼 아스카, 조심해.\n부탁해！%b
80e2b29f9f	아스카.\n죽으면 안 돼, 인 거네~.%b
77da17a161	어이어이.\n재수 없는 소리 하지 마.%b
c1c43d5d17	맡겨두라니까！%b
39edbe0a79	기다렸지！%b
37d5b4f65d	식은 죽 먹기지.\n이가 최강 시노비 이름값 하지！%b
da151c49b6	그래, 꽤 심각해.%b
5522f61f43	카무이코탄에 파견한 병사가\n안 돌아온다고,\n꽤 신경질적이었어.%b
73ed57075c	그래서, 인질 중 몇 명을\n본보기로 처형한단 얘기야.%b
c337a2b8a7	서둘러 행동 안 하면,\n돌이킬 수 없는 일이 벌어져.%b
0dbf4a3152	여기가 닌자저택이다.%b
93983983f7	여기 네 부하가 붙잡혀 있는 거지？%b
11a959cd05	날 믿고, 목숨을 맡겨준 부하들이,\n여기서 카달한테 붙잡혀 있어.%b
32e89356eb	기다려라！\n금방 구해줄 테니까！%b
bd33201978	꺄앙~, 멋있는 거야, 인 거야.\n역시, 나즈나의 미래 신랑감인 거네！%b
bdb01337e5	야, 인마・。%b
5081c0dc22	하나만, 물어봐도 될까？%b
4b584baae7	그래.\n근데 뭔데？%b
dbbd49cf1e	어째서 아스카 부하가\n붙잡힌 건가 해서・。%b
7bb7fb2e6e	실수한 거야.%b
02c4653f8a	실수？%b
73f55f702c	카달이 처음\n야마타이에 침공해왔을 때,%b
2fff64279b	놈들 실력을 얕본,\n멍청한 두목이 있었지.%b
9c97b01f1b	결과, 그 멍청이는 실수해서,\n부하들과 함께 카달군에게 붙잡혔다.%b
8d96b060ce	근데, 카달군은,\n부하를 인질로 잡은 채,\n두목만 무사히 풀어줬어.%b
771c4204e5	그놈이 시노비를 배신하고,\n카달한테 붙었다고 여기게 하려고.%b
d5789237ab	그럼, 이가 마을에서 카달군 놈들한테\n권유받고 있던 건・？%b
c1ef0c1675	뭐, 그건 내가 응하지 않을 걸\n알면서도 한 계략이지.%b
5bbec92f44	실제로, 내 대답이 어떻든,\n이가 마을에 있던 놈들은,%b
5a83eaa5b8	내가 카달이랑 내통한다고\n믿어버렸어.%b
f1028f244b	혹시라도, 우리「츠키구미」가\n카달군에 가담했다면,\n엄청난 전력증강이 됐을 테니까.%b
d9507eacf2	어느 쪽이 되든,\n놈들 이득이 되는 셈이지.%b
e4eeb3e46d	다들！다시 한번 가자！%b
003cf39cbb	역시 멋있는 거야, 인 거야.\n역시, 나즈나의 미래 신랑감인 거네！%b
e2754d5016	・야, 인마.%b
67dee7f3d1	날 믿고, 목숨을 맡겨준 부하들이,\n여기 있어.%b
ec072bb103	이걸로, 고죠 마을로\n갈 수 있겠군！%b
b36d75f614	고죠라면, 요즘,\n여의적 시라나미란 게 출몰한다더라.%b
6f6baedd57	여의적 시라나미ー！？\n혹시, 아스카 아는 사이인 거야？%b
755bb2c8ee	야, 나즈나・。\n지금 얘기에 대항심 불태우지 마.%b
a066d1b27e	나즈나, 기뻐~, 인 거야！%b
fd1bf9da89	뭐야 뭐야？%b
b22e75279d	즉・슨・☆%b
0bbd7aa6a2	다른 여자에 대항심 갖지 말란 건,\n내가 좋아하는 건 나즈나뿐이란\n뜻인・거・지・☆%b
7b5d2b174b	꺄~, 부끄러운 거야ー, 인 거야☆%b
238f64f78f	내가 더 부끄럽거든.%b
c77e63c1d7	여의적이라, 멋있다ー！%b
70b2fe6bd2	어쨌든！\n모처럼 지날 수 있게 됐으니,\n
481710a823	먼저 나아가자.%b
316b74950d	이걸로 관문 자유롭게 지날 수 있어！%b
6c52c6e9ad	이걸로 카무이코탄도 갈 수 있어.%b
8e6426c11e	이 앞 카무이코탄에는,\n수인 일족이 산다는 얘기야.%b
be7a2b9b86	혹시, 협력해준다면,\n든든한 아군이 되어줄 거야.%b
ed0acca85c	수인이란, 대체, 어떤 종족이야？%b
aec7edd5df	뭐, 얘기하면 길어지는데,%b
75edd8f77a	야마타이에 선조가 이주해오기 전부터\n있던 사람들을 원야마타이인이라 해.%b
7b00afa16e	지난 리그로드 전쟁에서,\n무사시 할아범 같은 이랑%b
2510cfe465	함께 활약한 수면전사들이\n대표적인 원야마타이인이라 하지.%b
5079232288	카무이코탄 사람들은,\n그 원야마타이인의 피를\n이어받았다고 하지.%b
0929d96415	아무래도, 카달군한테\n마을이 제압된 모양이네.%b
26447853f7	들키지 않게 하면,\n마을 안을 돌아볼 수도 있겠어.
fc87a00ac4	어라, 뮤,\n거기다 러스티까지！%b
de652d58c8	무사했구나.%b
17e169b3c1	다행이다, 나 걱정했었어.\n어라, 이쪽 분들은？%b
5302baf65f	나랑 같이 싸워주는 동료들이야.%b
d381d67979	그렇구나.\n여행은 잘 되어가는 것 같네.%b
327f11c631	디아네 씨는 무사했어요？%b
9e27af5381	아니・ 실은 그렇지도 않아.%b
bfab599b8f	너희를 리그로드로 보내려고,\n이 히가타서 기다리려 했지.%b
38bea7831c	근데, 카달 놈들한테\n배를 접수당해서,\n게다가, 마을에서 쫓겨나버렸지.%b
8fb9fb37d4	어떻게든, 카달 놈들 빈틈을 노려\n배를 되찾으려는데,\n감시가 많아서.%b
82f315448d	지금도 기회를 노리며\n이 근처를 어슬렁대던 참이야.%b
523908feae	그래서, 그쪽은 앞으로\n뭘 할 거야？%b
7ab2aeec5d	우린, 이제 게텐성에 쳐들어가서,\n갈자드랑 결판을 낼 거야.%b
bab3e40fbb	그렇구나！%b
83c4790434	너희가 이기면, 카달군도, 이런 항구\n마을 제압할 때가 아니겠지.%b
c1f185ec3b	좋아, 갈자드 그놈 쓰러뜨리면\n여기로 와.%b
6bec4a450a	내가 리그로드까지 태워다줄게.%b
c360939fa0	응, 잘 부탁드려요.%b
03cb6c7b53	어이쿠, 그럼,\n난 선원들한테 돌아갈게.%b
c30f249e3a	힘내라！%b
3eb78b47f4	고마워요, 디아네 씨도 조심해요！%b
2745251e43	이가 마을은 이 앞이 아닌 것 같네.%b
61d6578e3c	근데, 뭘까？ 여기？\n뭔가 관문 같네.%b
61c723fb4a	・관문인가・。%b
b3a7507147	뮤！\n카달 병사가 있어！%b
afe112e02c	여기 있는 건, 닌자저택에 있는\n카달군 병사군.%b
8c64826050	지금은 방어가 견고해서,\n돌파 못 할 것 같아.%b
342b09c10d	닌자저택을 치면, 놈들도 동요해서\n방어가 허술해질 텐데 말이지.%b
dd0ba4d8f2	뮤・,\n그쪽은 이가 마을이 아닐 것 같아.%b
f7084ef94e	이가 마을이란 건,\n요컨대 사람 사는 곳이잖아.%b
f75722cc6d	거긴 동굴이야！%b
c5a6fff0ea	알고 있어.\n잠깐 들여다본 것뿐이잖아.%b
759bec841f	뮤・,\n뭔가, 점점 인가에서 멀어지는 느낌인데・。%b
abdb86f30e	・이가 마을은,\n이쪽 아닐까？%b
3f9d953578	한번, 돌아가자.%b
a414003de8	지금은 이런 데\n신경 쓸 때가 아니야.%b
ceaf36af92	그러네. 근데, 그럼, 앞으로 어떻게\n할 거야？%b
3f7690cad2	이가 마을에서, 카달군한테 둘러싸여\n있던 시노비 소년이, 신경 쓰여.%b
e355b3f218	우선, 그를 구해야 하지 않을까？%b
a7766035f4	큭・,\n수가 너무 달라, 압도적이야.%b
9b6d6d8db3	일단 퇴각한 게 정답이었군.%b
e1280043e5	태세 재정비해서 다시 갈게！%b
2ea83c2c5a	칫！\n중과부적이란 게, 이거였나！？%b
4dbe85eecd	이번은 태세를 재정비해,\n다음 기회를 노리자！%b
e3259eaf53	관문 지나갈까요？
496b36c1c6	성릉곽 인질 구출도 중요하지만,\n준비도 필요하네.%b
28a1f68092	이가 마을 들어갈까요？
bd7a89b1e4	어라？\n이상한 입구네？\n어디에 자물쇠가 걸려있는지 모르겠어.%b
5a0cf51263	이게 시노비 집인 걸까？%b
759113da86	못 들어가는 건 확실하네.\n어쨌든, 이가 마을로 가자.%b
c5aa1a50c3	닌자저택 들어갈까요？
1a0d3b6f19	나즈나동 들어갈까요？
67acebef99	결계동 들어갈까요？
5598fa9d8c	고죠 마을에 들어갈까요？
6255a84d64	고죠대교를 지나갈까요？
42054d85c6	호쇼인에 들어갈까요？
e3154ed496	어이쿠, 이쪽은 그냥 창고 모양이다.%b
6721effd71	화약공장 들어갈까요？
c670776c5c	마을사람 나타났다.%b
7f42e7ac0c	뭐냐, 너희는！\n여기서 뭘 하는 거냐！%b
4e2deb47b1	물을 나르고 있는데・。%b
7b032cb49f	음, 어디 보자・。\n과연, 확실히 물인 모양이군.%b
ad36f348c2	요즘, 수상한 놈들이\n주변을 어슬렁대는 것 같아서 말이지.%b
3b1adf7e64	그만 신경질적이 돼버려서.\n실례를 했군.%b
cb26eae147	그 물 담을 통은, 창고 가장 안쪽에\n있다. 그럼, 부탁하네.%b
c52fd28381	마을 사람은 떠나갔다.%b
859fa919aa	뭐냐・！\n아, 너희인가.%b
4e47d04513	마을사람 떠나 있었다.%b
e630b4fcdc	쿠리카라 들어갈까요？
2d54bf3651	오보로계곡 들어갈까？
4193a3ec8d	카무이코탄에 들어갈까요？
4a4a036892	이 길은・？\n산 정상까지 이어져 있는 것 같은데.%b
7c2a1b7ce6	저 산은, 호라이산이군.%b
3172937039	카무이코탄 사람들에게,\n성스러운 산으로 모셔지고 있다.%b
eec8a41462	그 땅의 신성한 곳에,\n무단으로 들어가는 건 안 좋을 수도.%b
b5d2039ef5	그럼, 우선\n카무이코탄 마을을 향해 가자.%b
7f0d8fb8af	호라이산에 들어갈까요？
e5c02550fa	지금은 뮤 구하는 게 우선이잖아！\n돌아갈 시간 없어！！%b
0e0d3cd5fa	게텐성에 들어갈까요？
2e941c27a3	히가타에 들어갈까요？
a80c53b0a0	동굴 들어갈까요？
de2663fabd	토란마을 들어갈까요？
e7179e17d6	닌자저택 가는 산길이야.%b
8e60679157	밖의 적에 대비해,\n여기 말고 길은 안 만든 거야.%b
13197b2681	틀림없이,\n적이 기다리고 있겠지.%b
5ed4ad7338	어쨌든 그러려 만든 외길이야.%b
304a67aaee	좋아, 그럼, 조심해서 가자！%b
7983edf243	이가 산길 들어갈까요？
3215d01328	여기서 이러고 있어봤자 소용없어.\n하물며 죽은 사람이 살아나는 것도 아니고.%b
7ebf1e52f1	우린, 우리가 할 수 있는 걸 할 뿐이다.%b
0b4af795d2	・응・。%b
96c0f387a0	쿠리카라 마을이, 사라졌어！\n・무슨 일이 있었던 걸까？%b
093b2f4232	흐음, 이 흔적으로 보면,\n화재인지 뭔지 있었던 것 같은데・。%b
b9394d05b5	정말로, 화재인 걸까・？%b
89a28532cb	마을사람들은 어떻게 됐을까？%b
a8471f70f7	어딘가로 도망쳤으면\n좋겠는데・。%b
37b0167d63	이 불탄 자린・？\n여기서 무슨 일이 있었던 걸까？%b
3dce8fba07	볼일 끝난 건가？%b
5846f18fc3	히가타로 돌아가고 싶으면, 말해줘.%b
3892210edd	히가타 돌아갈까요？
36f57c7a35	히가타로 돌아가는군.\n그럼, 출발할게.%b
7e78697a88	그런가.\n그럼 조금 더 기다릴게.%b
468ede9042	지금까지 내용을 기록해둘까요？
202852177f	기록한다
c160774aab	안 한다
d11976abc4	좋아 그럼, 항구도시 히가타로 가자.%b
8b6363f61d	히가타 바로 저기다！%b
a1d39f3baf	어서 다들！%b
48aac17886	여긴・ 오보로 골짜기 앞이잖아！%b
58231eaaf9	수상한 안개 탓이야！%b
9dd3db6095	근데, 지금 그 수수께끼\n풀고 있을 틈은 없군.%b
b7fe2d8691	오오, 오오, 카무이 님！\n잘 돌아오셨습니다.%b
11ecedf4f7	이제 어디도 가지 마시고,\n이 마을을 지켜주소서.%b
0a88847d01	대지가 분노로 가득하옵니다.\n무섭구먼・。%b
b005be9690	카무이 님은 우리 카무이코탄 일족을\n이끄는 족장이시라네.%b
a534a9e76d	유카리 님은 카무이 님 약혼자시라네.%b
705a4011d1	우리는, 다들,\n그 두 분을 좋아한다네.%b
d584437570	그게 이런 일이 되어버려서・。%b
ed16576825	카달군은,\n이 마을 북쪽 호라이산 정상,%b
1af60ed923	성릉곽에 있다네.%b
eebe0443d6	신들이시여,\n카무이코탄의 황신들이시여,\n저희를 구해주소서・。%b
bd384fff2e	정말이지 너희한테는\n어떻게 감사를 해야 할지.%b
dad1fdba04	이 늙은이가, 카무이코탄의 신들께,\n여정의 무사를 빌겠네.%b
b9d3f04843	그런데,\n이 늙은이 젊었을 적 소문으로 들은\n토란이란 숨겨진 마을을 아는가？%b
b0fe945dbb	뭐라던가, 그 마을에는\n시련의 미궁이란 게 있어서,\n도전자를 기다리고 있다더구먼.%b
ab5704b292	카무이 집
bfbadef38f	%H%m1%V100［%m0유카리%m1］%V0%m0\n
8c7dd00c36	카무이！\n어서 와요！%b
7c83e626e2	소문은 들었어요.\n세상을 지켜줘서, 고마워요.%b
bc25a66806	이제 계속, 여기 있는 거죠？%b
157defa02e	・아니, 세상이 완전히 평화를 되찾았는지, 확인하는 여행을\n조금 더 계속하고 싶은데.%b
06836ad931	・그래요.\n좋아요, 마음 풀릴 때까지 다녀와요.%b
7e16ab2aa0	근데, 바람만은 용서 안 해요！%b
7e1a6e4d42	카무이！\n・대체 어떻게 된 거야？%b
890f1e7129	카무이, 부탁이야, 다들 구해줘・。%b
71ef7fff49	이걸로 예전처럼 다들 평화롭게\n살 수 있겠어.%b
3019eda6aa	카무이, 내 걱정은 하지 마.\n떨어져 있어도, 마음은 안 변하니까.%b
737dd1db2b	그러니까, 맘껏 날뛰고 와！%b
09965bb917	매일 들려오는 건 안 좋은 소문뿐.%b
99a0eee27f	카달군이\n영봉 후지 동굴에 결계를 쳤다던가.%b
45ef7ab221	게텐성을 거성 삼아,\n대체, 뭘 하려는 걸까？%b
5d58f78ea1	야마타이에서 카달을\n몰아내주셔서 진심으로 감사드려요.%b
37ebc0c71c	정말 감사합니다.%b
7215b6e338	카무이・。%b
6ae0be8951	이번엔 당신이,\n뮤나 러스티를 도울 차례예요.%b
fc978a5f43	모든 게 끝났을 때・。%b
ef04379d88	어서 와요 라고 할 수 있게\n준비해둘게요.%b
8257212f1f	떨어져 있는 건 저도 힘들지만,\n몸조심하고 다녀와요.%b
8a37c56a83	유카리・。%b
dd4a22c738	카무이！\n여행은 끝난 거야・？%b
9b5de62948	유카리・ 미안해.\n조금만 더 기다려줘.%b
4582e40f9b	・알았어요.\n다녀와요, 당신.%b
6ce224b222	어서 오십시오.\n뭘로 하시겠는가.
c896dbfda2	그만두시겠는가.\n다른 볼일은 있으신가.
8679e8df6e	우리 가겐 방어구도 취급하고 있다네.
24581ed5c0	팔러 와주셨는가.
8af01453b9	또 와주시게.%b
8f228194c6	\n어느 걸 사시겠는가？
829f1cfbbe	\n어느 걸 파시겠는가？
5e72bb639b	팔 만한 건 안 가지고 계신 듯한데.
4320cc075f	「%nS」인가.\n사시겠는가？
6362fdbf6d	허허허,\n그 이상은 못 들겠지.\n젊어서 저지른 실수인가.
745b1ebf28	돈이 모자란 모양이구먼.\n돈을 마련한 뒤, 와주시게.
582e997855	고마운 일이구먼.\n다른 거 뭐 사겠는가？
e81ee34f61	「%nS」를\n팔아주시겠는가？
8b824576bc	고마운 일이구먼.\n다른 거 뭐 팔겠는가？
da08484444	어서옵쇼！\n어떤 용건이신지？
7457f53949	그만두시는군요.\n다른 볼일 있으십니까？
f9f3c3b3d0	천천히 둘러봐 주십쇼.
50537cbc2c	필요 없어진 물건을,\n받아드리겠습니다.
dd4531d8ca	또 이용해주시길 기다리겠습니다.\n감사합니다.%b
cf41bf4ef5	\n어느 걸 사려 하십니까？
19c7286411	\n어느 걸 파시겠습니까？
1587dd2e53	어라？\n파실 물건이 없으신 듯한뎁쇼.
789d9f9955	「%nS」시군요.\n사시겠습니까？
639242b091	어이쿠.\n짐이 가득하신 듯합니다.\n짐 정리하고 와주십쇼.
ecd5a7726a	어이쿠！\n아쉽지만 돈이 부족하신 듯합니다.
30e81bca76	감사합니다.\n다른 거 뭐 사시겠습니까？
967cbd4863	「%nS」를 매입해도 괜찮으시겠습니까？
ca03a8a72d	감사합니다.\n다른 거 뭐 파시겠습니까？
5029043c6d	러스티는 괜찮아.\n지금은 지쳤을 뿐, 푹 자고 있어.%b
2ed0aba8fd	유카리 씨・ 였나？\n그녀는 어때？%b
b6a36bc2c5	그녀도 지금은 자고 있다.%b
a12c52b578	좋아.\n그럼, 사정을 설명해줄래？%b
6c5efdade0	난 카무이.\n이 카무이코탄 마을 족장이다.%b
0e63559ec8	어째서 유카리 씨를\n카달군에 넘기려 했던 거야？%b
110750caad	카달군이 왔을 때,\n이 지방은 순식간에 점령됐다.%b
bbf17ec743	놈들은, 이 마을 북쪽, 호라이산\n정상에 있는 성릉곽을 점령하고 있다.%b
b5e8947fcf	거기 마사는,\n마을을 습격 안 하겠다고 약속해줬다.%b
ec5d5f2bad	허나, 그 대신,\n성릉곽에 여자와 아이들을\n인질로 내놓으라 했다.%b
ff9e4559f5	우린 하릴없이\n여자와 애들을 성릉곽에 보냈다・。%b
e45601a6bd	칫！\n무사안일주의 겁쟁이들이.%b
2d1dadd2b7	아~쨩은, 그렇겠지.\n그런 건 절대 용서 안 하겠지.%b
3bb997cea6	근데, 다들 그런 강함을\n가진 건 아니잖아.%b
da0e46ad14	근데, 다들 그런 강함을\n가진 건 아니라고 생각해.%b
8cb1691a49	그래서, 카무이, 그 후 어찌 됐어？%b
afbe866d61	얼마 뒤,\n또 여자와 아이들을 내놓으라 했다.%b
7e519ee445	물론 항전을 주장하는 자도 있었지만,\n난 마을을 지키려 인질을 내줬다.%b
e43fdf6a6c	그렇게 몇 번 인질을 요구받는 사이,\n마을서 여자와 아이들이 사라져갔다.%b
1fc38cb8a6	그리고, 유카리가 이 마을,\n마지막 여자가 되어버렸다・。%b
1c1cbaf34d	할 수만 있다면,\n내가 대신 가고 싶었다.%b
375dbccaec	허나 난 카무이코탄 마을 사람들을\n버릴 순 없었다.%b
d4a1f6e5ce	여자・애 인질은 반란 방지용이지？%b
0ce250d74b	근데, 인질을 연행하려\n파견한 병사가 안 돌아오면,\n곧바로 군대가 오지 않을까？%b
ee48ac7ede	그럼, 마을 사람들에게 말하고,\n지금 바로 마을서 도망칠 수밖에・。%b
96508b49d7	인질로 잡힌 여자와 아이들은\n어떡할 건데？%b
6cc3241302	버릴 거야？%b
9eb42e2345	그럴 순 없다・。%b
868cc4d593	대체, 난 어떻게 해야 하지・？\n어떻게 해야 하는 거지？%b
d02bcea586	카무이, 인간이 살아가는 데,\n중요한 게 뭔지 생각해봐.%b
5fde466431	그러면, 답은 나올 거야.%b
38af75c973	살아가는 데, 소중한 것・？%b
e9f37d79cc	너, 러스티가 한 거 못 봤어？%b
3a6a551214	뭐 못 느꼈어？%b
8e895665d5	러스티가,\n그걸 보여줬잖아！%b
988cb7f1b6	인간이든, 식신이든,\n살아있는 건 다,\n소중한 뭔가를 가진 거야, 인 거네.%b
706f684c07	사람이 살아가는 데\n소중히 여겨야 할 건,\n긍지를 잃지 않는 거야.%b
6025475b47	・큭큭큭큭.%b
6de17c71e8	하하하하・\n와하하하하하！%b
b4862d08e7	야, 왜 그래？\n정신이 이상해진 건가？%b
9af82fb9b6	그런 건 아닌 것 같아.\n봐, 눈빛이 아까까지와는 달라.%b
b843b820cd	그런 게 아닌 모양이다.%b
cf89460580	봐, 눈빛이 아까까지와는 다르다.%b
06ddcb4e25	그런가, 난 뭘 망설였던 거지！\n내 안에 잠든 짐승의 본능이 외친다！%b
2791204598	소중한 이를 지켜야만,\n카무이코탄의 족장이다！%b
bdbf65c1cf	작은 이들의 미소를 지켜야만,\n수왕 카무이다！%b
62df576abf	고맙다, 난 결심했다.%b
268ed38042	성릉곽에 가서,\n인질이 된 사람들을 구해낸다.%b
5f881e4f25	도와드릴게요.%b
a99209a659	아니, 이건 내 싸움이다.%b
5d487c0afc	게다가, 은인인 너희를 위험한 꼴\n당하게 할 순 없다.%b
ac71a26206	바보 같은 소리 하지 마！%b
a9a26bde45	너 혼자 갔다간\n개죽음당할 뿐이야.%b
b9c46e8ead	적어도 한칼은,\n먹일 수 있겠지.%b
f2f4b5eaf1	그렇게 죽고 싶다면,\n내가 도와줄게！%b
3e618cfa70	매섭구나・。%b
b717c885f3	미안해요.%b
902b22d2c6	건방진 말 하려던 건 아닌데,\n혹시 당신한테 무슨 일 생기면・。%b
ed6cd57b00	유카리 씨가\n얼마나 슬퍼할까 생각하니・。%b
fb0936a55a	정말이야！\n러스티 노력이 헛수고가 되잖아.%b
9308b79718	그럼, 러스티가 불쌍한 거네.%b
577801b0b6	그렇군・。%b
132eaa3106	인질과 마을과 날 구하기 위해,\n지금은 너희 호의에 순순히 기대겠다.%b
3ebd2e1854	오늘은 늦었다, 내일 일찍 출발하자.\n성릉곽까진 내가 안내한다.%b
b34488b8e5	해냈구나, 카무이！%b
10d8dee3e6	얘기는 여기에도 전해졌어.\n카달 놈들을 무찔렀다며.%b
e669378e77	카무이코탄의 황신도,\n분명, 기뻐하실 거다.%b
793c7ca534	카무이코탄 황신이시여！\n저희를 지켜주소서！%b
73ec5f4c09	카달 놈들이 성릉곽에 진 치고\n마을 사람을 인질로 잡고 있다.%b
86b9c2cbfb	마을을 위한다고 생각해 따라왔지만,\n우린 정말 옳았던 걸까？%b
ba5e359ece	혹시 호라이산을 오른다면,\n절벽에서 떨어지지 않게 조심할 것.%b
788a681127	뜻밖의 큰 부상을 입게 된다.%b
e58cc07d75	이건, 카무이코탄\n전사들에 전해지는 기술 오의서다.%b
b8d5d0f363	이걸 가져가면\n분명 도움이 될 거다.%b
f0aa9f6785	진짜인지 모르지만,\n호쇼인이랑 고죠대교가\n누군가한테 파괴됐다더군.%b
e3186eeace	이가를 넘은 곳에 서쪽 관문이 있다.%b
3e9687d67d	관문을 넘으면,\n야마타이 최대 마을 고죠로\n갈 수 있다.%b
a0263989a7	고죠의 호쇼인은,\n오랜 역사를 가진 사원인데,%b
4e1d805e15	카달한테\n짓밟혔다고도 들었다.%b
77c855817b	뭐라던가 들은 바로는,\n쿠리카라가 카달한테 습격당했다더군.%b
44b263d8e2	고죠 남쪽에 오보로계곡이 있고,\n오보로계곡을 넘으면\n쿠리카라라는 마을이 있다더군.%b
a5d7aec95b	그 쿠리카라 마을에는,\n이니시에라 불리는 기술자들이\n산다고 들었다.%b
733b7e6933	이니시에는, 포술이란\n무섭도록 공격력 강한 공격법을\n다룰 수 있다더군.%b
d6a571770c	그중에서도 타타라란 이니시에는,\n상당한 실력자라더군.%b
10fe7c8b2e	왜 내가 이렇게 잘 아느냐면,\n실은, 친구가 떠돌이 상인이라서다.%b
6f6a6d1cf4	친구란 건, 고마운 존재구나.%b
e009e616b4	요즘 지진에 다쳐서 그게 원인으로\n죽어버린 친구가 있다.%b
037f063ae8	아, 나한테서 슬픔이 사라져,\n진심으로 웃을 수 있는 날이\n언제쯤 올까？%b
b5b36352d9	친구를 잃는다는 건 슬픈 일이다.%b
de01d384eb	이야, 카무이！\n소문은 여기에도 전해졌어.%b
2b7f496824	세상도 평화로워졌으니,\n슬슬 자리 잡는 게 어때.%b
84d9574215	유카리 씨를,\n언제까지고 혼자 두는 건\n불쌍하잖아.%b
f74f6bb5d1	카무이코탄 황신 분노가 느껴진다.\n거대한 악이 세상 더럽히려 한다！%b
1a15805df6	카무이 힘은, 신의 힘.%b
d623c57dac	정령의 힘을 빌려 새 등으로\n변신할 수 있는 거야.%b
338fa54dd8	새로 변신해 상승 중일 때,\n떨어뜨려지면%b
48ff00d5c4	큰 피해를 입으니\n조심해.%b
d557524ac4	카무이 님, 어서 오세요.%b
8938d3c50a	저희 마을 사람들 모두,\n돌아오시길 기다렸어요.%b
c3d47b63a4	대지의 정령이 탄식하고 있어요.%b
e7dce2238a	이건 자연재해가 아니에요.\n누군가가 만들어낸 인재예요.%b
43ffb4bcfa	위험한 순간 구해주셔서,\n감사했습니다.%b
7cd0d5cfaa	부디 아이들도 구해주세요.%b
86d5c8600d	감사했습니다.\n덕분에 살았어요.%b
2567810c7d	카무이 님,\n유카리가 기다리고 있어요.%b
affa983a29	꼭 무사히 돌아와주세요.%b
af744bb46b	여러분의 무사를\n카무이코탄 신들께 빌게요.%b
3379af6c79	유카리가 얘기하는 거라곤,\n카무이 님 얘기뿐이라・。%b
03140fa0b6	유카리 얘기를,\n하면 안 돼요.%b
c84c457ac6	신들 분노가 느껴져요.%b
d3af1ba389	・근데, 신들은 뭐에\n분노하시는 걸까요・。%b
187ba48285	부탁이에요.\n아이들을 구해내주세요！%b
479d698e5b	카무이코탄 신들의\n인도가 있기를・。%b
b2c4517324	카무이 님이다！\n카무이 님 오셨다！%b
b8484aa25d	계속 이 마을에 있는 거지？%b
65167d7be2	무서워~, 무서워~・。%b
40cbdc6d0a	카무이 님, 저, 안 울었어요.\n남자애가 울면 안 되니까요.%b
2c3dc68f72	이제 다들 같이 살 수 있는 거죠,\n카무이 님！%b
1cc06f7715	빨리 다들 같이\n살 수 있게 되면 좋겠어요\n카무이 님.%b
b7beead3a8	어서 오세요, 카무이 님.%b
e53e6affe4	유카리 언니가, 걱정했어요.%b
ad5ccf9a66	남자애들도 참, 영 칠칠맞지 못하네.\n이 정도로 소란 피우고.%b
b33c66a81d	우리는, 성릉곽에 있던 큰 생물을\n할아버지라 불렀어.%b
3ff3af6a7a	할아버지는,\n우리한테 아주 다정하게 대해줬어.%b
e1104025fd	할아버지, 잘 있으려나・。%b
1354ebc288	난, 예전에, 카타나 장인이었어.%b
653fa68514	계기는, 그래,\n어릴 적 봤던, 카타나 한 자루・。%b
fe2c786f04	【히히이로카네】란\n특별 광석으로 만드는 카타나야.%b
0b557b3edb	내 스승의 스승 되는 분이,\n만든 명검【사쿠라후부키】・。%b
2cb4ac2155	그 아름다움에 매료되어, 오로지,\n카타나를 계속 만들었지만・。%b
c1ea11dbd9	역시, 【히히이로카네】가 아니면,\n그 명검을 만들어낼 순 없어.%b
4aac6ac20f	허나, 【히히이로카네】는\n거의 못 찾는 환상의 금속.%b
70a51d70c7	그런 이유로, 지금은,\n일할 마음도 안 든다는 거지.%b
32d8c580a0	아아, 어디선가,\n【히히이로카네】가 안 들어오려나.%b
4c02c192b8	그러면, 그 명검을\n재현해 보일 텐데.%b
40224c9104	이, 이봐！%b
97601ef8f4	너희가 가진, 그거・,\n【히히이로카네】 아니야！？%b
b7c20791fe	어째서, 그런 걸 아는 거야？%b
80b8f1570c	난, 카타나 장인이었어.%b
ac9c090d89	그 아름다움에 매료돼 오로지,\n카타나를 계속 만들었지만・。%b
c83284373a	역시, 히히이로카네가 아니면,\n그 명검을 만들어낼 순 없어.%b
41e1a0f9f4	슬슬, 카타나 만들기도\n포기할까 생각했었어.%b
b327fa6e20	그게 있으면,\n내 꿈이 이뤄져・。%b
8e719b2ee1	부탁이야, 그걸 나한테 줘.%b
641089d116	완성된 카타나는,\n너희한테 줄 테니까！%b
c3a3556bd0	만든 카타나 준다는 거, 잊지 마！%b
8e99f5803d	고맙다！\n・이, 이건！%b
92a3aa8887	왜 그래？%b
e513d09f7d	확실히, 【히히이로카네】긴 한데,\n이대로는 못 써・。%b
48b41fe04b	열을 가해야 하는데,\n우리 화로로는, 이걸 다룰 만큼\n온도를 높일 수가 없어.%b
eabc8b1f94	젠장・ 어떻게 하면 좋지.%b
d5d9ca0dce	【히히이로카네】에\n열을 가해야 하는데,%b
dd489195d9	우리 화로로는, 이걸 다룰 만큼\n온도를 높일 수가 없어.%b
99778f249f	그렇여！\n쿠리카라 마을 광로를 쓰면 되여！%b
8a590e95c1	아, 그렇구나！\n바로 안내할게요.%b
84171492e4	따라와！%b
35c51198eb	【히히이로카네】 가공하는 화로는,\n찾았나！？%b
7199d9ea14	응！바로 안내할게.%b
837caf905c	카타나는 무기가 아니야.\n그건, 쥔 자 영혼 비추는 거울이야.%b
4c8fe6ea4e	대지가 분노에 떨고 있다・。%b
8ff5b9d118	음！\n또 지진인가.%b
66b3a708ca	이, 이 지진은 대체！？%b
77d8084785	마을 나가요？
c600c856d7	오, 어서 오게.\n뭐가 필요한가？
f2f34d0dc8	그만두는 건가.\n그럼, 다른 거 있나？
bce2dd2afb	천천히 둘러보고 가게.
8d9c94ab18	필요 없어진 물건을,\n받아주지.
cc9d6a9540	뭘로 할까？
7d8a5a4cc4	어느 걸 팔 텐가？
fc2f6a6620	어라？\n팔 물건이 없는 모양이군.
1f04dfb38c	「%nS」구나.\n그걸로 할 텐가？
3b94fd50d9	어라？\n짐이 가득한 모양이군.\n다음 기회에 하는 게 어때？
95863a3ea4	어라？\n아쉽지만 돈이 부족한 모양이군.
31264a717a	「%nS」를 사들여도 될까？
c7fa170245	어서 오세요.\n뭘로 하실래요？
66c645eb83	어머, 아쉽네요.\n다른 볼일 있으세요？
f23b236a1f	무기를 사시겠어요？
56e7990fda	팔러 와주신 건가요？
2a73bd6ffa	또 와주세요.%b
d99b6ce61b	그래서 뭘로 하실래요？
e0e0fd53ce	그래서, 어느 걸 파시겠어요？
8ba63b27c7	파실 게 없는 것 같은데요？
92d3fb1cf1	「%nS」시군요.\n사시겠어요？
4e583a8548	어머나, 그렇게 많이는 못 드시겠죠.
56496a79da	돈이 부족한 것 같네요.
d14b6c6c0d	매번 감사합니다.\n다른 거 뭐 사시겠어요？
6c3d327330	「%nS」를\n파시는 건가요？
54fcdf8994	매번 감사합니다.\n다른 거 뭐 파시겠어요？
cbe20d8d3b	매번 고마워！\n다른 거 뭐 살래？
7cb8849d71	매번 고마워！\n다른 거 뭐 팔래？
044649533b	세상이 평화로워져서 다행이야.%b
d6ba2dfee1	대체 어떻게 되는 건지, 이 나라는.%b
2e8cffc977	고대유적 알아？\n이 마을 남서쪽에 있어.%b
ddf6ea469e	예전엔 고대마법문명 유산 잠들었었어.%b
9102909b03	그래서 고대유적이라 한다는데,\n지금은 아무것도 없을 텐데.%b
f6f2fd61f8	근데, 카달 놈들,\n유적서 사람 모아 뭔가 찾는 듯해.%b
cb79b7949a	뭐라던가 고대마법문명 연구하는\n마도사랑 학자들 모은다는 얘기야.%b
de20e20382	고대유적 들어가려면,\n【고대유적의 열쇠】\n필요하다더라.%b
c77936e74e	【고대유적의 열쇠】는\n선대 퀸즈랜드 왕이 가지고 있었다고%b
673ac6e522	누군가 소문으로 들은 것 같은데,\n진짜일까？%b
12f3b2b6f6	카달 놈들이,\n리그로드서 사라졌어！%b
38b50e17ce	너희 활약 덕분이야！\n어쨌든 경사스럽다！%b
2293041e63	어서 와！\n너희지？%b
4722484909	카달을 몰아냈다는\n새 영웅이！%b
beb6ebbeab	새 전설과\n젊은 영웅들과,\n그리고 이 가게의 미래에 건배다！%b
f4e87c570d	자, 편히 있다 가.%b
2aa494d812	드래군 뮤 공주님도 애용하시는\n코르베츄어사를 잘 부탁드립니다.\n　　　　　　　　　　　（코르베츄어사）%b
99ab123ca4	급한 도주에도,\n코르베츄어사를 부탁드립니다.\n　　　　　　　　　　　（코르베츄어사）%b
022659bb58	신뢰・실적 １００년 전통을 자랑하는\n코르베츄어사를 이용해주세요.\n　　　　　　　　　　　（코르베츄어사）%b
ea7b098627	새 영웅과 새 전설이 탄생했다！%h드래군의 뮤 왕녀 일행이\n걸었던 발자취를 당신도 걸어보지 않으실래요？%h신뢰와 실적으로 １００년 전통을 자랑하는\n코르베츄어사를 꼭 이용해주세요.\n　　　　　　　　　　　（코르베츄어사）%b
03f5207fbd	코르베츄어
6b328b63ee	%H%m1%V100［%m0점원%m1］%V0%m0\n
e4520e79a5	평화로워진 덕에\n아주, 신났어요.%b
668d1376b1	도망치는데\n굳이 여행사 같은 걸 쓰는\n사람은 없겠죠.%b
d5abbdac19	죄송합니다.%b
6212e33d81	지금은, 카달군의 통제가 엄해서,\n자유로운 여행은 어렵습니다.%b
263e93132a	뭘요, 곧,\n드래군의 뮤 왕녀가,\n카달 놈들을 무찔러줄 거예요.%b
d5f6f53739	들으셨어요？！%b
7f1ce39feb	뮤 왕녀가,\n카달 장군 라그로스를 물리쳤다던데요！%b
18315616d0	아뇨, 이건 비밀인데요.%b
ee27739d88	전, 뮤 왕녀의, 은밀한 여행을\n안내해드린 적이 있어요.%b
3cc481a29a	그게, 정말,\n엄청난 미소녀였어요.%b
e2468bcb38	당신도 아름다우시지만,\n뮤 왕녀 앞에서는 평범해요, 평범.%b
a554be7092	한번 보면, 절대 못 잊어요.%b
fb106d2efa	아, 이렇게 눈을 감기만 해도,\n뮤 왕녀의 아름다운 모습이\n눈앞에 떠오른답니다.%b
d6cac050a5	실례했습니다.\n완전히 정신을 잃어버려서.%b
fd66e998f0	그래서, 오늘은,\n어떤 용건으로 오셨나요？%b
ed38075267	어이쿠, 그전에, 우선, 성함부터\n여쭤봐도 될까요？%b
c493f55358	내 이름은, 뮤.%b
9239a4698a	드래군의 용기사이자,\n드래군의 왕녀・。%b
996423277c	근데, 널 본 적은 없는데.%b
dcef01ca36	・・・・・・네！？%b
d681b0d32c	노, 노, 노, 농담이시죠？%b
c26497b794	이런 시골에\n뮤 왕녀님이 오시다니.%b
211436716a	그런・ 설마・。%b
69a1a62a2c	농담이라도 드래군 왕녀 이름을,\n사칭했다간,%b
94a2b98c5f	어떻게 될지,\n모르는 건 아니겠죠？%b
8564cbadfa	이, 이, 이, 이거 실례했습니다！！%b
7b79179ef2	설마 진짜가 이런 시골을 찾으실 줄\n꿈에도 몰라, 실례했습니다.%b
56fdd4ec1c	부디, 제발, 제발 용서를！%b
462a47d633	으음, 어떡할까？%b
6111d7018d	있잖아, 앙주, 이런 경우,\n다른 나라에선 어떻게 해？%b
ebabab9b02	당연히 체포・투옥・고문・사형이에요.%b
8ee3515176	뭐, 확실히,\n왕족이랑 아는 사이란 거짓말했으니.%b
6eff7f2a52	부디, 목숨만은, 목숨만은ーーー.%b
d98307e590	늙으신 부모님이랑 가축들이,\n제가 돌아오길 기다려서요.%b
ce57e0687d	아직 결혼도 안 했는데,\n죽고 싶지 않아・。%b
44c154060c	뭐, 됐어.\n딱히 피해 본 것도 아니고.%b
91ec1a0708	네？\n요, 용서해주시는 건가요？%b
78f98e7be2	용서해주시는 거군요！！%b
7e94d98a89	감사합니다아아아.%b
61bc932299	그 대신, 앞으로는,\n아무리 작은 의뢰라도, 성심성의껏,%b
5221c6b97d	손님 마음에 남는\n멋진 여행을 도울 것！%b
8b5dda8d7e	알았어！？%b
0da6a029fb	넷！\n목숨을 걸고서라도！！%b
f6a6151492	있잖아・。%b
3fb0005fc3	뭐, 뭐죠！？%b
9ac83d1445	혹시, 내가 결혼하면,\n그때는, 신혼여행 싸게 해줄래？%b
d7e0215d4e	・네？%b
4c680fea84	몇 번 말하게 하지 마.%b
06cf55b9e6	아, 아아, 네네네,\n물론이죠, 물론이고말고요.%b
9481c20d6f	자, 이걸로 일단락！%b
ae5066fc18	이거 이거, 뮤 님！%b
03edec1aed	뮤 님 말씀대로, 성심성의껏,\n일을 하고 있습니다.%b
1db67aa194	그거 다행이네.%b
12c9bdaf49	・그런데 뮤 님.%b
33a0be941d	그 신혼여행 건 말인데요,\n아직, 그 예정은 없으신가요？%b
434790d202	아, 으, 응, 아직・。%b
5409998f71	마음에 둔 분이 계신가요？%b
1b9fb9a802	어・ 아니・,\n그게, 저기・。%b
cfe5ec75ed	안 되지요.\n뭐든 밀어붙임이 중요하죠！%b
52b87a43a8	여자라서라든가, 왕녀라서라든가,\n그런 건 상관없습니다.%b
bee214c3d3	뭣하면, 제가 적당히, 팔팔한 남자로\n골라다 드릴까요？！%b
39ce751aad	괜찮아요！\n제 짝 정도, 제가 찾을게요！%b
af951ecac1	네, 넵・ 그런가요.%b
2325cb0ee2	참, 엄청난 상대한테\n엄청난 소리를\n해버린 것 같네・。%b
49982b7f55	세상이 평화로워져서 다행이야.%b
baeb852b0e	코르베츄어사 투어로,\n느긋하게 여행이나 해볼까.%b
e5f14364ca	히에엑！\n이래선 여행이고 뭐고 없어！%b
8525ae03f8	이 마을은 정말 아무것도 없지만,\n여기 주민들은 다들 착한 놈들뿐이야.%b
3e4db176e2	카달군 놈들,\n리그로드에 전해지는 전설을\n연구하는 모양이야.%b
190305428f	카달군이 모은 학자 중엔,\n매인간이 있었다더라.%b
3f153c2fd5	코르베츄어사 알아？%b
c6746668a9	신뢰・실적 １００년 전통 자랑하는,\n이 마을 자랑 여행사야.%b
8b879757e8	너희도,\n한번 들러봐.%b
6cc8adf85b	이 마을 자랑이야！%b
7e412e017c	카달군이 퀸즈랜드 수도\n퀸즈하트 마을을 점거하고,%b
42a5c1b85d	퀸즈랜드 성을 허물고\n탑을 세웠다더라.%b
6a32a067f9	라그로스탑이라 부른다더라.%b
2b9f7d9777	이 마을 남쪽엔, 고대유적이 있어서,\n아서왕이 싸운 리그로드 전쟁에서는,%b
a72d4a2da4	거기서 갈만오브란\n마법 아이템을 손에 넣었다고\n전해져.%b
1a31451a5f	지금은, 아무래도 카달한테\n점거당한 모양인데,\n저런 데서 뭘 하는 걸까？%b
c401cf31e2	이 마을 서쪽에는,\n퀸즈랜드 수도\n퀸즈하트가 있어.%b
598150204d	리그로드 전쟁에서,\n아서왕을 비롯한\n리그로드의 영웅들은,%b
3d877760c6	유현의 숲에 봉인돼 있던\n차원의 문을 지나,\n카칼클랜으로 향했다고 들었어.%b
13700ea0e7	유현의 숲이란 건,\n호수를 사이에 두고 퀸즈하트 남쪽에\n있는 광대한 숲이래.%b
6c96bcf727	평화는 좋네요, 평화는！%b
e0f23785e3	잠깐만요ー,\n평화로워진 거 아니었어요！%b
bd31f5b097	이런 걸, 유행어로,\n하레하레갓콘이라 하죠.%b
4f6f760bca	정말, 하레하레갓콘이네요.%b
6a8c0a5dbc	요즘, 이 근처서,\n하레하레갓콘이란 말이\n유행이에요.%b
1cf6683d70	하레하레갓콘은\n싫을 때 쓰는 말이에요.%b
6780468733	・지금 잠깐, 절\n바보라고 생각했죠？%b
182b92e4d4	퀸즈하트는,\n지금은 카달의 라그로스한테,\n점령당했어요.%b
985df663bd	뭐라던가, 마법력은,\n같은 카달 장군 갈자드보다\n강력하대요.%b
32eb44f0e1	알아요？%b
294705d6b0	세상에 평화를 가져온 건,\n드래군 공주님이래요.%b
7c7f4dc402	꺄ー,\n완전 하레하레갓콘！！%b
8cc0786e81	퀸즈랜드 성은\n언제쯤 재건될까요.%b
7bf0814373	조금이라면\n도와줘도 되는데.%b
69487b2232	있잖아 너 믿을 수 있어？%b
7ea8a5b7fb	도적의 금화투격 기술은,\n금화를 던져 공격하는 기술이래！%b
7ce24200ab	나도 써줬으면 좋겠다~.%b
64190107bd	평화로워진 덕에,\n코르베츄어사도 활기가 도네요.%b
93b94b8727	이제, 세상도 끝인 건가요！？%b
c4a0e31137	코르베츄어사는,\n전통 있는 여행사예요.%b
3e37883fc5	여기 마을 사람들한텐,\n몇 안 되는 자랑거리예요.%b
e51fd9bb60	퀸즈하트를\n점령한 카달군은,%b
c986837859	리그로드 전쟁의 영웅,\n헥토르의 상을 부쉈다더군요.%b
9e692795c6	아서왕, 엘리제 왕비를 선조로 둔\n퀸즈랜드 왕실은\n상당히 엄한 처분을 받은 모양이에요.%b
ee55d14d95	세상에 평화 돌아왔어요.\n다행이다 다행이야.%b
3430939a77	와ー, 세상의 끝이다！\n이제 모든 게 엄청난 일 되는 거야！%b
e7f5760ce8	아니 사실을 말하자면,\n이래봬도 제 증조할아버지는,%b
2b432c97ed	그 리그로드의 영웅,\n아서왕이 친하게 지내셨던%b
2dcba6cb37	현자 친척 옆집에 사는 사람 아들과\n친구였다는 게 자랑거리였는데%b
a20e77f245	아직까지, 그게 뭐가 대단한 건지,\n모르겠어요.%b
eae6bf8611	지난 리그로드 전쟁 때는,\n유현의 숲에 숨겨져 있던\n차원의 문이 모습을 드러냈다더군요.%b
e04aebcdba	차원의 문이란 건,\n카칼클랜인지 뭔지 하는\n이세계로 통하는 문으로,%b
7a9e33baa4	평소엔 숲의 요정에 의해\n숨겨져 있대요.%b
93b60f155b	지금 다시, 그 차원의 문이,\n유현숲에 나타났다던가・。%b
f9ad7230da	그건 불길한 거라는 게\n온통 소문이에요.%b
364c6fa571	세상에 평화가 돌아와서,\n이렇게 기쁜 일이 없네.%b
472f192f81	세상이 평화로워졌단 거\n거짓말이었나？%b
eb95d58f58	참, 하레하레갓콘이구먼.%b
0d63e3c20c	아, 이 하레하레갓콘이란 게,\n싫거나 무섭거나 화나는 일을\n나타내는 유행어야.%b
48ab9fa940	카달은 사라졌다는데,\n뭔가 안 좋은 예감이 들어.%b
0e23ed1500	전승으로, 들은 바로는,%b
2ebca787c7	지난 리그로드 전쟁 후,\n운해의 현자라 불린 위스코 님이\n모습을 감춘 건,%b
dbec1527d8	스스로 목숨으로 차원의 문에\n봉인을 걸었기 때문 아니냐,\n는 얘기였는데・。%b
c94e92cb98	기쁘다, 기쁘다, 기쁘다.\n평화로워졌어！%b
25ddc2592d	큰일이다 큰일이다.%b
7ac6051d8e	보잘것없는 마을사람 불과한 저지만,\n세상을 성립시키는 건,%b
3c40300bf1	틀림없이, 지극히 평범한 사람들의\n일상적인 삶이랍니다.%b
4ad182d350	카달군 침공으로,\n드래군이랑 퀸즈랜드는\n제일 먼저 공격당했대.%b
c8bef4b65b	이 평화도, 드래군 왕녀들\n구국의 영웅 덕분이라더군요.%b
1492e95bca	코르베츄어사에서는,\n곧바로, 영웅들 발자취를 찾는 투어를\n기획 중이라더군요.%b
0e9a833519	참, 무서우면 무섭다,\n싫으면 싫다고 하면 되는 거예요.%b
fe7f22c602	하레하레갓콘 같은 말은,\n아름다운 우리말을 어지럽히는 거예요.%b
c44861d800	그건 그렇다 치고,\n이 천재지변은, 무서운 일이네요.%b
7537574156	・이 상황을 설명하려면,\n하레하레갓콘이 딱 맞는 것 같은데・。%b
89982680b9	안 돼 안 돼, 정신 차려야지.\n아름다운 말이 사라져버려.%b
b02d7e453b	코르베츄어사는\n１００년 전통과 격식을 자랑하는,\n리그로드 제일의 여행사예요.%b
eabf2e5839	세상은 평화로워진 것 같은데,\n내 상처는 조금도 안 낫는군・。%b
31e8732948	아, 이대로 여기서\n일생을 마치는 걸까・。%b
f329e1f978	%H%m1%V100［%m0타카오%m1］%V0%m0\n
e05d088512	세상은 평화로워졌고,\n이 상황이면, 야마타이로 향하는 배가\n뜨는 날도 머지않겠지.%b
45fe1b354a	빨리 나아서,\n그 사람 웃는 얼굴 보고 싶다.%b
7a19cf60d9	크윽・ 상처에 울리는군・。%b
d8b9e017cd	이대로 세상 멸망하는 걸까・。%b
90613b80bf	적어도, 그 사람한테, 단 한마디,\n사랑한다 전할 수 있다면・。%b
9e671932be	장사하려고, 히가타서\n리그로드로 건너왔는데,%b
1a7cdab910	카달 놈들이랑 시비 붙어서,\n다치고 말았어.%b
13f711beba	연인을 히가타에 두고 왔는데,\n무사히 있을까・。%b
088697cdca	아, 네가 갖고 있는,\n그거・！%b
b8b8c91fac	히가타에 있는 아케미란 사람한테\n부탁받은 편지야.%b
a5a403f0c0	이 편지를 전할 상대인,\n타카오 씨를 찾고 있는데・。%b
21d8d93a28	나다！\n타카오 나다！%b
fddbe015e2	그럼, 이거, 확실히 전했어！%b
44c662ce93	기다려줘！%b
92c57ed5f8	뻔뻔한 부탁이라 어이없겠지만,\n내 편지도 부탁 좀 들어줘！%b
c11ef943dd	그 편지를, 히가타에 있는,\n아케미한테 전해줘.%b
bed4118c03	부탁한다・。%b
e6c7c791e7	편지는, 편지는 전해줬어？%b
657bc5460e	응.\n확실히 전했으니까, 안심해.%b
fa7831824f	미안・。%b
bbeb3b4ed6	너희한테는, 신세 졌군・。%b
ca6f93b117	아, 뮤 왕녀！%b
cce13f9b14	용케도,\n이 마을에 돌아올 수 있었군.%b
4faa6268cc	다들한텐 미안하게 생각해.%b
c1ef313e87	근데, 그때는, 그렇게 하는 것\n말고는 방법이 없었어.%b
550a71db74	패닉을 막으려면・。%b
c5423a1408	그렇겠지, 그렇겠지.%b
3761e0a20c	언제나, 너희는,\n자기 좋을 대로 말하지.%b
6296b31e9d	참, 고맙기도 하다！%b
38d0f9a16f	대체, 어떻게 된 거냐？%b
5daa38037c	정말, 실례잖아！%b
3745a0c51a	드래군이 카달군 습격을 받았을 때,\n나랑 뮤는, 너한테 도움을 청하려고\n드래군성을 빠져나온 거야.%b
2db8972c8d	아, 그건 알아.%b
220a84055b	그 후, 디아네의 배로\n야마타이까지 갔었지？%b
aeeb54743b	근데, 야마타이로 향하는 이유를\n자르마 사람들한테 설명하면,\n공황 상태 될 것 같았어.%b
b18360f6aa	그래서・。%b
af2e72ff33	거짓말한 거야.%b
f9e89a6f25	거짓？%b
2850623d07	・그래.\n난 다들한테 진실을 말 안 했어.%b
f9fa637641	우리만 살려고\n한 게 아닌데・。%b
e4f9446845	힘든 결단이었겠네・ 뮤・。%b
41034ed23b	아니. 이것도, 위에 서는 자의・。%b
0fb4e588fb	카무이는, 살며시, 뮤를 안아줬다.%b
a1aad5c77f	남한테 이해받지 못하는 건,\n슬픈 일이지.%b
5746ec4e36	사람 위에 선다고 해서,\n마음이 안 다치는 건 아니야.%b
3cf2f8e3ed	그저, 남들보다 참고 있을 뿐이지.%b
620f6688f2	・카무이・。\n조금만, 울어도 될까・。%b
14ee2bca02	・상관없어.%b
2a8cb3aa1c	미안, 다들.\n이제 괜찮으니까.%b
b6cdab4ea7	이거 뮤 왕녀！%b
d533b7b9c3	사정을 몰랐다지만,\n저희 무례를 용서해주십시오！%b
148ea4afd3	엣？%b
3cb4cb6d07	드래군성을 되찾으신 거죠？！%b
893592ea5e	・어？\n・아, 응.%b
9b2170bbc8	카달 놈들을 두들겨패고,\n리그로드 대륙에 평화를 되찾는 건,%b
d473255b58	뮤 왕녀밖에 없다고,\n마을 사람들끼리 소문내던 참이라서요.%b
263cab1b62	・네, 넵・。%b
30597c7b8c	뮤 왕녀는, 혈통을 거슬러 올라가면,\n구국의 영웅 에반 님께 닿는 분.%b
efe30d9116	아이고, 저희도, 그런 훌륭한 분께\n나라를 맡겨, 기뻐하고 있습니다.%b
df60a70542	뭐야, 이놈！%b
f90f6b2334	드래군을 해방하기 전엔,\n우릴 골칫거리 취급했으면서！%b
ca901d4bb4	확실히, 그때는, 실례했습니다.%b
5e1662ff94	허나, 있잖습니까,\n여러분이 구국의 영웅임을 안 지금,\n전에 한 말은 철회하겠습니다.%b
d0be851c3c	부디, 리그로드의 평화를\n되찾아주세요！！%b
be21b2d22e	이, 이봐, 뮤！%b
2de9a02d63	그렇게 심한 취급을 받았는데\n그렇게 순순히 용서해버리는 거냐！%b
b9e1e6e261	이미 끝난 일이니까, 됐잖아.%b
668b740d77	참, 사람 좋다니까,\n우리 공주님은！%b
c517da339c	드래군성은\n카달한테 점거당했어.%b
2740ab2c0c	이제 와서 어슬렁대며 돌아와도,\n이미 늦었어.%b
eef9692a7d	성에서 일하던 놈들도,\n지금은 지하에 감금됐단 얘기야.%b
4dde7ff7d9	어딘가의 누군가가,\n몰래 도망만 안 갔어도,%b
5c8fff9663	이런 일은 안 벌어졌을 텐데.%b
5a2fe2bae8	카달 놈들 목적은 모르겠는데,\n퀸즈랜드 국경 근처를\n날려버렸어.%b
1ab9b8f548	소문엔, 미디랑 로삼 국경 근처도\n날려버렸다더라.%b
2585cefcb3	참, 어떻게 되는 건지,\n리그로드는・。%b
d8cf1dcea7	아, 뮤 님！%b
ae15846d7e	전 처음부터\n뮤 님을 믿고 있었습죠.%b
b998ff7476	뮤 님이 리그로드를 떠난 뒤로,\n카달 놈들한테,\n점령당해버렸습니다요.%b
c31bca3c86	강력한 군대를 가진 퀸즈랜드랑\n드래군을 먼저 점령했답니다요.%b
04d7b9d6a2	소문엔, 퀸즈랜드도, 여기랑 비슷하게\n심각한 상황이라던데요.%b
a6c43c156d	이거, 뮤 님.%b
93b9baf0f8	카달 놈들을 리그로드에서\n몰아낼 수 있는 건,\n뮤 님 말고는 없습죠.%b
4f683d5229	그런데, 이런 소문 아시나요？%b
d1cf2c25a0	뭐라던가, 카달의 지배자 ７인위원회가\n이 리그로드에 왔다더군요.%b
71dee879d0	여기저기서 학자며 현자며 모아서,\n뭔가 연구시킨다는 얘기예요.%b
1ead304096	자르마에 왔으면,\n용죽이기술을 안 마시면 의미 없어.%b
fd08a9c6b9	한번에 들이켜기만 하면,\n그 뒤론 아무것도 기억 안 나지만,\n뭘, 신경 쓸 거 없어.%b
d51bfdc7d7	뮤 님！%b
dd59d909f7	어서옵쇼！\n소문은 들었습니다요！%b
721456b544	카달군을 몰아내셨다고,\n정말 감사합니다요.%b
e9271dc61b	뮤 님이라면 분명 해내주실 거라고,\n전 믿고 있었습죠！%b
22aa7113db	근데, 자꾸 일어나는 이 지진이\n뭔가 안 좋은 일의 전조가 아니었으면\n좋겠는데요.%b
5bea7ffdf3	아, 뮤 님！\n얘긴 들었습니다요.%b
557e44b930	카달군을 무찌르셨으니,\n슬슬, 드래군성에 자리 잡으셔서\n저희 나라를 다스려주십쇼！%b
8b78daac72	드래군 국민은\n다들 그걸 바라고 있습니다요.%b
a57c09c2d1	세상은 평화로워진 거\n아니었나요？%b
8c293c9935	배신자！\n용케도, 뻔뻔하게 얼굴을 내밀었네！%b
342287ca81	왕녀님！\n배신자인지 아닌지 따위,\n아무래도 좋아요.%b
36357ef936	리그로드를 구할 이는 왕녀님뿐이에요.%b
57f4fb8bac	왕님 일은 안타깝네요.\n좋은 왕이었는데・。%b
15b4ab6a6a	이렇게 된 이상,\n한시라도 빨리 카달군을 몰아내고\n신랑감을 찾아야겠네요！%b
af6f5f5f22	요즘, 서쪽 숲에 출몰하는 괴물들이\n전보다 흉포해졌다는 얘기야.%b
2b2580fbc6	퀸즈랜드와\n드래군을 잇는 가도가\n흔적도 없이 날아가버렸어요！%b
b1cdb19c06	분명, 카달군 짓이에요！%b
37ea3b4709	공주님, 이제 슬슬 모험 여행은\n그만두시고, 성에 자리 잡아주세요.%b
cdeec7e2d1	어떻게 된 거야,\n이런 일 지금껏 없었잖아.%b
d6eb00fa26	뮤 님, 언제쯤,\n드래군에 돌아오시는 건가요？%b
e5caf096e7	네가 진짜 왕녀라면,\n배신자든 뭐든 상관없으니,\n이 나라를 구해줬으면 해.%b
daa52dae14	이 나라의 미래도 안심이다.\n뮤 님, 부디, 왕위를 이어주세요.%b
8c62be084e	기술과 기술 융합에 성공한 이는,\n거의 없다.%b
bada8a7abe	고대 자료라도 없는 한, 새 기술\n만들어내는 건 지난한 일이지.%b
daed704da6	요즘, 서쪽 숲 괴물들이\n전보다 흉포해진 모양이다.%b
e34bece89c	뭔가, 안 좋은 일의 전조일까？%b
c23abcc7c5	슬슬 모험 여행은 그만두고,\n이 나라로 돌아오는 게 어떤가요.%b
9d2f8d9c23	뭐니 뭐니 해도, 드래군은,\n뮤 님이 태어난 곳이니까요.%b
185e9f5f40	이, 이, 이건 어찌 된 일일까요.\n세상은, 펴 평화로워진 거 아녔나요？%b
5492f48aa2	빨리 돌아와서, 저희를 이끌어주세요,\n뮤 왕녀님.%b
00e9738472	무슨 낯짝으로 여기 돌아온 거냐！%b
ec43b1708a	참, 용기사란 것들은,\n낯짝이 상당히 두꺼운 모양이다！%b
3cce1bbdce	뮤 님 만세！\n새 드래군 국왕에게 만세ー！%b
96fb1c6327	퀸즈랜드 팰리스는 허물어지고\n카달군에 의해 탑이\n세워지고 있다더라.%b
7b792d5705	뮤 님이야말로,\n우리 왕녀에 어울려.%b
846563d840	바로 드래군의 꽃이지.%b
235ca65c40	흥,\n이제 와 돌아와봤자 늦었어.%b
ba33b91211	이제 넌 필요 없는 거야.%b
22fe508705	난 뮤 님을 믿고 있었어！%b
c0659f4c2f	참, 뮤 님이 우릴\n버릴 리 없잖아.%b
2dd65a2faa	아이고, 세간의 소문이란 건,\n믿을 게 못 되는군요.%b
65e625ad2b	그 울보로 유명했던 러스티 왕자가,\n지금은 구국의 영웅이라잖아！%b
fe6c11bb47	사람이란, 하면 뭐든 되는 법이군.%b
9540f0bb5b	자르마엔 무슨 볼일이신가요,\n공・주・님・！%b
a709432cdf	설마, 카달 놈들한테 아부해서,\n왕위에 오르려는 건 아니겠죠？%b
6e9e20bb93	전 믿고 있었어요,\n공・주・님・！%b
9dea02589a	그런데 이런 소문 아세요？%b
0c4c5e82c1	뭐라던가, 카달 놈들이,\n여러 대륙서 학자를 모아\n뭔가 연구시킨다더군요.%b
2c52e1b0cd	공・주・님・！%b
47b549ab9e	저희를\n지금도 화내고 계신 건가요？%b
a9ed18fc46	그치만, 이제 카달은\n사라졌다는데,%b
b51e0e53af	아직 드래군에\n안 돌아오고 계시잖아요.%b
e47ae3b7e7	배신자한테 맡길 바에야,\n이대로 카달한테 나라를 넘기는 게,\n１０배는 낫겠네.%b
93a40debad	어머, 어머어머어머어머어머어머어머,\n뮤 님 아니세요.%b
32a3c76115	저희 집은 온 가족이 뮤 님을\n응원하니까, 힘내세요.%b
9b07104b84	그런데, 저희 바보 남편 말로는,\n오르트마에서 저쪽으로 못 간다는,\n얘기더라고요.%b
f03cb78ab4	대체, 어떻게 된 걸까요.%b
f75a81fab1	저희 바보 남편 말로는,\n뮤 님이 드래군에\n안 돌아오시는 건,%b
6c4933b1fa	저희한테 화나셔서\n그런 거라던데요.%b
3bf0eca615	그런 거 아니죠？%b
c6306be887	참, 너 같은 여자를\n독부라고 하는 거겠지！%b
5046552581	뮤 님이야말로,\n저희 드래군 국민의 희망의 별이에요.%b
5c4151a3cf	얘기가 바뀌는데, 오르트마에서\n무기점이랑 방어구점을 하는 매인간은\n상당한 검술 실력자래요.%b
98e2b2c0f0	뭐라던가, 유파는 독학이라던가.%b
cefe44bab0	독학이다 보니, 그 검로를 간파하는\n건 불가능하다고들 한대요.%b
9794f03284	아니,\n왜 이런 얘길 하냐면,%b
4241206e50	그런 달인이라면,\n가신으로 맞을까 해서요.%b
c3fa5fd5ae	칭찬해주시니, 송구하오이다.%b
10328bf273	엣, 당신이 그런가요？%b
e5416d3c66	호크아이 씨,\n뮤 님의 가신이 될 결심은 하셨나요？%b
0d95298aab	적어도,\n제멋대로에 고집 센 것 빼면,\n좋은 왕녀님이에요.%b
d28d8de962	뮤 언니,\n배신 같은 거 안 했지？%b
a5f23ada03	・왜 입 다물고 있는 거야！%b
732df576a5	아, 뮤 언니다！\n심한 말 해서, 미안해.%b
eb994d849a	뮤 언니는 친구가 많아서 좋겠다.%b
0f4baaf570	나도, 친구 많이 생기면 좋겠다ー.%b
2cc30655e2	고\n카달군으로부터, 리그로드 백성에게.\n리그로드 대륙 전역에 걸쳐,\n위대한 마도왕국 카달의 것이 되었다.\n　　　　　　　　　　　　　（카달군）%b
f82f390337	뮤 왕녀, 드래군성을 탈환！\n리그로드에서 카달의 그림자가 사라지는\n건 이제 시간문제！\n　　　　　　　　　　　　　（류샤）\n
cb1861989b	↑뮤 왕녀 만세！\n　　　　　　　　　　　　　　　（나나이）\n
d3949cc86c	↑뮤 왕녀 팬클럽을 만들자！\n　　　　　　　　　　　　　（류샤）%b
fc6208593c	카달군은,\n고대 유적을 파헤치고 있다더라.\n　　　　　　　　　　　　　　　（나나이）\n
ff137f2a24	↑우리 문화를 짓밟는 짓이다！\n용서 못 해！！\n　　　　　　　　　　　　　（류샤）%b
7215f35221	뮤 님이 카달을 무찔렀다더라！\n는 소식이 퀸즈랜드에서 왔다！\n　　　　　　　　　　　　　（류샤）\n
d22cce6ae5	↑뮤 님과 용기사 만세！\n어서 돌아오시길 기다려요.\n　　　　　　　　　（자르마 주민 일동）%b
d2d09c0855	우리 뮤 공주님이, 카달군과 카달의 지도자를,\n무찔렀다！\n　　　　　　　　　　　　　　（류샤）\n↑뮤 왕녀님, 만세！\n　　　　　　　　　　　　　　　　（나나이）\n↑너, 그거밖에 못 하냐！？\n　　　　　　　　　　　　　　（류샤）%b
1ee2bc5d7d	세상은 멸망하는 건가！？\n　　　　　　　　　　　　　　（류샤）%b
08c8da2386	또, 또 흔들렸구려！%b
a9ac751731	뭔가？
6284f839bc	뭐, 그만두나.\n다른 거 있나？
693da9cf2d	보면 알잖아.\n
63a18f540c	필요 없어진 물건을,\n받아줘도 되지.\n
089be5d9f7	고맙군.%b
c6da31b3b5	뭐가 필요하냐？
d111973974	뭘 팔 거냐？
d1283b71ea	뭐야. 팔 물건이 없잖아.
3938491b61	짐이 가득한 모양이다.
131ec0a0ea	돈이 부족해.
80c2120ea0	고마워.\n다른 거 뭐 살래？
f29efb9247	「%nS」를 사들여도 되는 거지？
ecc64d6452	고마워.\n다른 거 뭐 팔래？
7e406f4012	천천히 둘러보고 가.\n
c96760b60d	필요 없어진 물건을,\n받아주지.\n
7c15a7aab9	와버렸나.\n그래서, 뭘로 할텐가？
05312af4c6	어머 그만두게.\n다른 거 있어？
6695738f9f	무기를 살 거야？\n
dee5900a74	팔러 온 거야？\n
da7e86e053	또, 오세요.%b
8c20272db9	그래 뭐 살 거야？
021ec53253	그래 뭐 팔 거야？
556316dc7f	「%nS」구나.\n정말？
af39071ddb	그렇게 많이는 못 들잖아.\n그 정도는 알잖아.
1ad090e369	돈이 부족한가 보네.\n여긴 자선사업이 아니니까.
2d483435d6	고마워.\n다른 거 살 거야？
1f56abd09d	「%nS」를\n파는 거야？
e0e238d0bb	고마워.\n다른 거 팔 거야？
22e842952e	무기를 사시겠어요？\n
105eee3ab7	팔러 와주신 건가요？\n
cbb2779220	그럼, 어느 걸로 하실래요？
10bb47ed1c	그럼, 어느 걸 파시겠어요？
a59dea039a	어머나, 그렇게 많이는 못 드시죠？
a13482333b	흥, 왔구먼.\n뭔 볼일인가？
8a5bc7636e	구경만 하나.\n다른 거？
915711ec9f	우리 방어구는, 자네들 안 맞을\n게야.
d2c20a9492	팔러 왔구먼.\n
437a7e8129	되도록, 오지 말게.%b
b8176323e7	어느 걸 살 참인가？
2133835863	어느 걸 팔 텐가？
4afd99f64b	팔 만한 건 아무것도 없구먼.\n늙은이라고 얕보는 겐가.
d9a65d2e42	「%nS」구먼.\n사는 겐가？
a0b5022cd6	그렇게 많이는 못 들 게야.
3d4bac134a	돈이 부족하잖은가.\n가난뱅이한텐 볼일 없다네.
5a5d9a8815	고맙구먼.\n다른 거 뭐 사겠나？
a149c64082	「%nS」를\n사달란 게로군？
1352cc6986	고맙구먼.\n다른 거 뭐 팔겠나？
cbcc7b774f	이거, 어서 오시게.\n어떤 용무이신가.
7aaef7113f	오오, 그만두시는가.\n다른 거 있으신가.
0076f62abb	저희 가게 방어구는, 죄다 일류품이라네.\n
ee6d9b88db	그렇지！\n팔러 오셨구먼.\n
02809abb32	아쉽구먼.\n또 와주시게.%b
ff64b7ab66	어느 게 필요하신가？
fc263263ac	어느 걸 파시겠는가？
f6aa7b5ed9	파실 만한 게 없으신 모양이구먼.
29e58391ac	「%nS」시군.\n사주시겠는가？
115df136d4	그렇게 많이는 못 드실 듯하구먼.\n부디 무리하지 마시게.
2eb515ce00	돈이 부족하신 듯하구먼.\n나도 먹고살아야 하니 말이지.
663a0705e2	고맙습니다！\n다른 거 뭐 사시겠는가？
f9e88c9dee	「%nS」를\n사들여도 되겠는가？
f248a3a319	고맙습니다！\n다른 거 뭐 파시겠는가？
8e4128ab35	투기장 문은 모든 걸 거부하듯\n단단히 닫혀 있다.%b
cce9bcd54f	여긴 영광 지름길, 투기장이야.%b
110bf2b55f	적의 강함에 따른\n짭짤한 상품 받을 수 있지.%b
5560dfa43a	잘못하면 저세상행, 근데,\n살아남으면 단숨에 영웅이 되는 거지.%b
e311d98b8d	자신 있으면,\n운을 하늘에 맡겨보는 게 어때？%b
7551030cd7	폐점했습니다.
190acbd318	여기가 소인 가게이외다.\n잠시 기다려주소서.%b
71943e594f	이것이외다.%b
a529097f88	이것만 있으면,\n적의 환술을 피할 수 있사옵니다.%b
d7b8ee2de0	【진실의 반지】를\n입수했습니다.%b
b42e3cc6b6	온 김에,\n이 마을서 장비 갖춰두자.%b
de23b02e29	찬성！\n쇼핑이란 거, 재밌잖아.%b
3eba993ad2	응.\n보기만 해도 즐겁지.%b
56fe57e17c	전, 옷이 보고 싶어요.%b
a773b76635	좋네.%b
4a9d65defe	나도 리그로드식\n하늘하늘한 옷 사버릴까~？%b
d7a61a3514	어이어이,\n우린 놀러 온 거 아니야！%b
2d0f9271ab	좋잖아,\n가끔은, 좀 쉬어도！%b
0e8425ee1b	시라나미 말도, 일리 있군.%b
88e00bb26e	뭐, 여기선,\n그녀들 말 들어주자고.%b
39f33d3e55	뭐야, 카무이까지！%b
38c889e035	아, 알았다,\n혹시 유카리 씨한테\n선물이라도 하려는 속셈이지！%b
d8cf818b70	으.\n조, 좋잖아.%b
64ea0b69fd	알았어, 알았어.%b
141b5bf811	어서 오세요.\n어떤 용건이신가요？
97ee7bcbcf	그만두시는군요.\n그럼, 다른 볼일 있으세요？
146ffdc03a	천천히 둘러봐 주세요.
a87013ff9d	필요 없어지신 물건을,\n받아드릴게요.
e58712dbe0	\n뭘 찾으시나요？
e822034dc4	\n뭘 파실 건가요？
6e8b338a5a	어머？\n파실 게 없으신 것 같네요.
94f6c4a872	「%nS」시군요. 사시겠어요？
9fa390dd57	어머？\n짐이 가득하신 것 같네요.\n다음 기회에 하시는 게？
e3b2a89af6	어머？\n아쉽지만 돈이 부족하신 것 같네요.
a329233ef3	감사합니다.\n다른 거 뭐 사실 게 있으세요？
f734648b2b	감사합니다.\n다른 거 뭐 파실 게 있으세요？
0540bdf54e	이거 성주님！\n그래서, 뭘 찾으시는 것이오？
9610f9a5d9	그만두시는구려.\n다른 볼일 있으시오？
ce0c577499	무기를 찾으시는 것이오？
9a861ed8f8	팔러 오신 것이오？
e64a5adff3	또 와주시게.%b
4d93008938	\n그래서, 뭘 찾으시는 것이오？
c25a1639c9	\n그래서, 뭘 파시겠소？
be7c6de6a5	파실 물건이 없는 듯하오.
d3209bee61	「%nS」구려.\n사주시는 것이오？
b313603c21	그리 많이는 못 드실 것이오.
4fc363224c	지닌 돈이 부족한 듯하오.
5d78ceccb0	감사하기 그지없소.\n다른 거 뭐 사실 것이오？
3553020560	「%nS」를\n파시는 것이오？
7859d6d650	감사하기 그지없소.\n다른 거 뭐 파실 것이오？
6180285179	어서 오셨소.\n무슨 용무시오？
8e051655ee	허허, 그만두신다 하시오.\n다른 거 있으시오？
3b6359346c	소인의 가게 방어구는, 뭘 사시든 손해는 안 시키겠소.
63570fac31	팔러 오셨다 하시오.
c8499f88d9	또 와주시게.%b
6501c5978b	\n뭘 사시겠소？
2ef6b92344	\n뭘 파시겠소？
80a6ce6c29	허, 파실 물건이 없는 듯한데.
971849e5b1	「%nS」시오.\n사주시는 것이오？
6f4a9d37e6	많이는 못 드실 것이오.\n무리 마심이 중요하오.
6f2bcf34d3	지닌 돈이 부족한 듯한데？
d3db353a79	감사하기 그지없소.\n다른 거 뭐 사시겠소？
cb95199a29	「%nS」를\n소인에게 파시는 것이오？
09b49a16de	감사하기 그지없소.\n다른 거 뭐 파시겠소？
bd895428f9	이야, 호크아이！\n카달 건은 정리된 거지？%b
2a03c369c7	그럼, 돌아와서,\n다시 가게 해줘.%b
0c0b2037eb	자네가 없으니,\n이 마을도, 왠지 활기가 없어서.%b
d61bccbce9	이런 일은 처음이야.\n대체, 뭐가 일어나는 거지？%b
09a1785d00	호크아이,\n너도 슬슬 돌아오는 게 어때？%b
2d39f625d9	카달 놈들은 무찌른 거지？%b
7355153f7d	이 마을 동쪽에 있는 절벽은,\n대지의 절규라고 불려.%b
b0e06acc7a	대지의 절규가 생길 때,\n엄청난 소리랑 진동이 있었대서.%b
57244f1cdf	그게 뭐, 이름의 유래야.%b
39b67c8fce	뭐라던가, 이 마을 북동 고대유적에,\n카달 놈들이 모은 마도사랑 학자들을\n가둬놓고, 뭔가 하는 모양이야.%b
dddb37a2c2	뭘 하는지는 모르지만,\n대충 시원찮은 짓이겠지.%b
d7495f921c	너희 활약 덕분이야！%b
8dcd3666d7	어쨌든 경사스럽다！%b
7ee537fd9d	호크아이 씨 아니세요！\n카달 건을 해결하셨다면서요！%b
ed2f3d95dc	평화로워졌으니,\n다시 돌아오셔서,\n예전처럼 가게 열어주시는 거죠？%b
2c71b58a27	카달이 쳐들어온, 그다음은,\n대자연의 분노인가요・。%b
d77876ae61	참, 운이 없네요.%b
c4f40b90a5	카달 놈들은\n이미 무찌르셨으니,%b
93922896a4	동생분이랑 함께,\n돌아와주세요.%b
4f1e002a55	동생분 행방은 아셨나요？%b
319c3dad5e	그게, 전혀 모르겠소이다.%b
d97aded7ff	뭘요, 괜찮아요,\n분명 어딘가서 잘 지낼 거예요.%b
d3798de041	심려해주시니, 감사하오.%b
891cd7ee50	동생분 찾으셨다면서요？%b
f509dfa9e1	심려를 끼쳤소이다.%b
b1e68294b7	아뇨, 그런 말씀을.\n근데, 다행이네요.%b
8d13e04cea	대지의 절규를 지날 수 있게 돼서,\n코르베 마을에 다녀왔어.%b
e875e2d391	마을 사람들은 코르베츄어사란 여행사를\n자랑스러워하는 모양인데,\n내가 보기엔, 별거 아니던데.%b
a118a35d43	대지의 절규의 안개는, 수상한 힘이 있는 모양이야.\n아무리 해도 출구를 못 찾겠거든.%b
629a525530	곤란하네・。%b
f5778adf51	이래선,\n코르베 마을에 연락이 안 돼.%b
dbdafdfebf	어느새 대지의 절규 안개도 걷혀서,\n지날 수 있게 됐다더군.%b
b9351c3c75	이걸로, 코르베도 갈 수 있어.%b
7d796aa886	근데, 소문엔,\n퀸즈하트는\n카달의 점령하에 있단 얘기야.%b
7327ffa8f1	코르베 쪽도 위험할지도.%b
4e17a211aa	너 알아？%b
f6dce0e09d	여기서 드래군성으로 가는 도중에\n뭔가 큰 게 떨어져 있다더라.%b
919fcacfcb	대체 어디서\n그런 게 나타난 거야？%b
cf69621a93	여기서 드래군성으로 가는 도중에\n떨어져 있던 그 큰 것,\n
d28cbf52f0	싹 다 사라져버렸다더라.%b
e0ba7226bd	대체 어디로 사라진 거야？%b
9c1ed41b7c	호크아이가 카달을 무찔렀대！\n지역 영웅 만세！\n　　　　　　　　　　　　　　　（유카나）\n↑호크아이 만쥬라도 만들까？\n　　　　　　　　　　　　　　　（쇼）%b
fcc5c99589	재해서 중요한 건 침착함이에요.\n　　　　　　　　　　（오르트마 자치회）%b
65547fed56	이번 전란으로 특히 심하게 파괴된\n퀸즈하트랑 드래군의 복구를 위해\n여러분의 모금을 기다리고 있습니다.\n　　　　　　　　　　　　　　　（유카나）%b
6d5e4987c5	거듭되는 천재지변은,\n카달의 ７인위원회 짓으로 판명.\n　　　　　　　　　　　　　　　（유카나）\n
be26c01988	↑증거는 없지만, 분명 그럴 거다！\n나쁜 일은, 전부 카달 탓이다！\n　　　　　　　　　　　　　　　（쇼）%b
1c9f9470ac	불온한 발언을 한 죄로,\n쇼의 목에 현상금이 걸렸습니다.\n　　　　　　　　　　　　　（카달군）%b
0bdac4adf8	사모사섬에 뭔가가 있다！？\n　　　　　　　　　　　　　　　（유카나）%b
345a421aee	또다시 신사실！\n사모사섬에는 특별한 광석이 있다더라.\n근데, 효능은 불명.\n　　　　　　　　　　　　　　　（유카나）%b
a378b688af	팔코 씨 열변을 토하다.\n사모사섬 광석이 있으면,\n익시즈호 재생도 가능・ 한가？\n　　　　　　　　　　　　　　　（유카나）%b
11f2ce2d05	이야, 뮤 아니야！%b
cbfe104fd5	디아네 씨！%b
b6270c1bac	어라, 호크아이잖아.\n그 후, 동생 행방은 알아냈어？%b
2a1dfbf8dc	・아직, 전혀・。%b
97a08d14fe	그거 안 좋은 걸 물었네・。%b
9dcc70b033	디아네 씨랑 호크아이\n아는 사이야？%b
eec6431ded	우리 배를 이용해주는 단골이야.%b
a11ad91544	그런데, 카달에서\n어떻게 리그로드로 온 거야？%b
8602e4f5a5	익시즈란 고대의 배를 타고,\n하늘을 날아왔지・。%b
90025ab210	헤에~！\n하늘 날아서！%b
0b6abe56ac	그거, 대단하네！\n하늘 나는 배라니 본 적도 없어！！%b
3b14107abb	그래서 그 배는, 지금 어디 있는데？%b
25bf4b0536	그게, 뭔가 상태가 이상해져서,\n그대로 추락해버렸지・。%b
2842573d6e	어이구, 그거 아쉽네.%b
ac109550e1	・하늘 나는 배라・。%b
526d7ed109	한 번이라도 좋으니,\n이 손으로 몰아보고 싶네.%b
f8f9998d1f	망가졌다면,\n그것도 과욕이겠네.%b
d21350b373	옛날처럼 오르트마서\n자유롭게 배를 띄울 수 있게 되면%b
4672fca064	이 몸이,\n어디든 데려다주지！%b
8ee048aa15	고마워요.\n디아네 씨！%b
74c043406a	뭐, 망가졌다면,\n그것도 과욕이겠지.%b
649c0236ed	걱정 말라니까,\n오르트마서 배 자유롭게 띄우게 되면%b
456e079379	됐다니까, 됐어.%b
074bdd583a	얼른, 카달 놈들을\n몰아내줘！%b
e0c984f440	어라, 호크아이잖아！%b
8a7c9b2e11	그런데 호크아이.\n팔코는 구출할 수 있었어？%b
09fc4a6f6c	심려해주셔서, 감사하오.%b
a68d928729	드디어 카달한테서\n구해냈소.%b
c681d74adc	그거 다행이잖아！%b
6d8f00e41e	오르트마에서 자유롭게\n배를 띄울 수 있게 됐으니,%b
eafd842a72	이 몸이,\n어디든 데려다줄게！%b
8689b7090b	어디 가고 싶은 데 있어？%b
e9fd682eb3	물론, 값은 공짜로 해줄게.%b
8886573851	어디 가겠습니까？
359f03527f	【야마타이】
4fd5cb3ac1	【사모사】
9379f0a872	【안 간다】
03431de20b	야마타이구나！\n그럼, 목적지는 항구도시 히가타네.%b
23911e8268	자, 타 타！%b
aa4c154b9b	사모사구나！\n말해두는데, 거긴 아무것도 없어.%b
07f0f5e668	그래도 간다면,\n자, 타 타！%b
473f5aa046	그렇구나.\n그럼, 마음 내키면, 불러줘！%b
3338cdb291	그거 있으면\n나는 배 고쳐지는 거지？%b
cd7fd8cc6b	아, 응, 근데・。%b
f3eadc121e	하늘 나는 배란 걸,\n한 번 구경해보고 싶어.%b
84f767caa2	어디 있는데,\n익시즈란 거는！？%b
152cd6e3e5	드래군의・。%b
ea617c963f	드래군이구나！\n먼저 가있을게！%b
ed46d186c1	・아, 그전에,\n배를 어떻게든 해둬야지.%b
676114dc5a	아는 뱃사람한테 맡겨둘까.%b
6a14b70890	좋아, 그럼, 뮤,\n익시즈호에서 만나자！%b
2d5d743672	어서 옵쇼.\n디아네 선장님한테 얘기 들었습니다요.%b
63fa92085f	요금 필요없습니다요.%b
47ea9d1142	그런 짓 했다간,\n디아네 선장님한테 얻어맞습니다요.%b
d81356c407	그래서, 어디까지 배를 낼까요？%b
209a5b2b3b	야마타이시군요.\n자, 타십쇼.%b
4be6bfde2a	사모사시군요.\n거긴 아무것도 없는 곳입니다만・。%b
028c42ff38	뭐, 타십쇼.%b
e2720cd9e5	사양하실 것 없습니다요.%b
9f4cfa8e3c	전, 디아네 선장님한테\n뮤 왕녀님 일행을 잘\n돌보란 말을 들어서요.%b
15eb70d1ef	뭐, 마음 내키면,\n불러주십쇼.%b
74157a7948	밖 나갈까요？
a45e9133fe	우후후☆\n드디어 나한테 말 걸어줬네.%b
2fdbcd365c	계속 기다리고 있었단 말이야.%b
c682a3f2f1	그럼, 각 대륙 위치 관계를\n알・려・줄・게☆%b
91b5d976c0	우선,\n너희가 야마타이에 있다고 치면,%b
bfe6a7a402	바다를 서쪽이나 동쪽으로 가면\n머잖아 리그로드에 닿는다구.%b
10cbf39d27	북쪽이나 남쪽으로 가면,\n카달에 다다른다구.%b
9b046e4b99	다음, 너희가,\n카달에 있다고 치면,%b
0ce405055e	서쪽으로 가면 리그로드에,\n동쪽으로 가면 야마타이에\n닿・는・다・구・☆%b
6981290cdc	너희가 지금처럼\n리그로드에 있을 때는,\n동쪽이나 서쪽으로 가면 야마타이에,%b
81a5fd33a1	북쪽이나 남쪽으로 가면\n카달에 다다른다구.%b
e9dfe11393	라그로스탑에서는,\n갑자기 사라져서 실례했어요.%b
3742ffadfd	전 차원문 수호자, 루나예요.\n그리고 여기가, 차원의 문이에요.%b
04dee261e3	이 차원의 문을 지나면,\n카칼클랜으로 갈 수 있어요.%b
993bd4af17	카칼클랜으로・。%b
edc19ffd86	네.%b
492d64b910	７인위원회는, 카칼클랜에 잠든\n카오스 힘을 풀어놓으려 하고 있어요.%b
66c679ef36	라그로스탑에서,\n여러분 앞에서 갑자기 사라진 건,%b
fc3eee39a7	７인위원회가 카칼클랜에 가려고,\n이 차원의 문에 걸린 봉인을\n강제로 깼기 때문이에요.%b
e636a3017a	７인위원회가, 차원의 문을 열어서,\n카오스 힘이, 카칼클랜서 흘러들어와,%b
74104b6be5	그 결과, 세상에 천재지변을\n일으키고 말았어요.%b
ebed689c51	그들은 제어 가능하다 여기지만\n카오스 힘은 강대해요.%b
9cd5fa477a	그들을 막지 못하면,\n이 세상은 멸망하고 말 거예요.%b
966dfaae1b	그런 짓, 못 하게 해！%b
a81074fd39	그래, 뮤 말이 맞아.\n이 손으로 놈들 숨통을 끊어주지！%b
30488da06b	나즈나도 아스카랑 같은 마음인 거네！%b
4009b0f615	나도, 그놈들만은 용서 못 해！%b
72c24cb263	그놈들 야망 따위,\n내가 산산조각 내주겠어！%b
92580764a6	그래, 평화를 맞으려면,\n７인위원회를 쳐야 해！%b
19ecbcb60e	히바리와의 약속을 지킬 때가 왔여！%b
fcae816867	알렉트리아 대도서관\n무투사서 한 사람으로서,%b
e51fdbba57	７인위원회의 어리석은 짓을\n못 본 척할 순 없어요！%b
8b081a7821	맡겨두는 것이다～제！%b
4d39aad5e7	７인위원회 따위 얼치기 놈들은,\n이 몸이\n박살내주는 것이다～제！%b
70ddcab47d	소인도 같은 마음이외다.%b
f76a20b8f1	그놈들을 살려두면,\n훗날, 세상 화근 될지도 모르옵니다.%b
eadee7fc4e	그리 말씀해주실 줄 알았어요.%b
1b6188a116	차원의 문을 열겠는데, 그전에,\n동행할 동료를 골라주세요.%b
f288f6db0d	그럼, 차원의 문을 엽니다.%b
8e74220b19	미리 말씀드리는데,%b
75f67ae8fe	카오스 힘이, 이쪽 세상에\n영향 미치는 걸 막으려고,%b
5018cd9f75	여러분이 안에 들어가면,\n차원의 문을 닫아요.%b
15aa412a9a	그, 그렇게 하면, 이 세상엔,\n다신 못 돌아오는 거 아니야？%b
dc03d65ed6	놈들 야망이 사라지지 않는 한,\n이 세상에 평화는 없어！%b
8ca3a41dcb	우리가 할 수밖에 없어！%b
ebaf7300f3	놈들을 쓰러뜨리면, 분명・。\n분명 돌아올 수 있어！%b
c4875f622d	수많은 목숨과 함께,\n여러분의 건투를 빌게요.%b
ea164f8280	뮤・ 조심해・。%b
8c808d4e04	러스티・。%b
db0d578807	다들, 뮤 부탁해！%b
83a1590703	뮤, 그리고 다들！%b
695849214a	내 몫까지,\n놈들 두들겨패고 와줘！%b
d2561f2810	부탁한다！%b
bf4cc0700d	다들, 어쨌든 무사히\n돌아오는 거야, 인 거네！%b
754725be59	아스카・。\n꼭 돌아와, 인 거야.%b
41ed315fea	그래・。\n돌아온다・ 약속할게.%b
555b306d80	으응.%b
e83c55c698	뭐야？\n히요토코 탈 같은 얼굴 하고.%b
6dbca82dda	작별의 뽀뽀, 인 거야.%b
7932a12fe3	야, 인마・。%b
b05ace8c69	다들, 힘내！\n여긴 맡겨두라고.%b
ab128677ed	아~쨩・,\n힘내고 와！%b
9eb790c64b	나, 기다리고 있을 테니까・。%b
2feb1ba6f5	계속 계속, 기다리고 있을 테니까・。%b
08e342529d	시라나미・ 잘 지내.%b
6b8a0595ea	그런 식으로 말하지 마.\n다신 못 볼 것 같잖아・。%b
413b489e55	아, 아아, 그런가・ 미안.%b
dd6f8b8d3e	미안해.%b
702880a0a5	잠시 이별이니까,\n제일 좋은 얼굴로 있고 싶었는데・。%b
3c6fad9948	역시, 힘들어서・。%b
5a3726ec30	세상의 명운을 가르는 싸움이 된다.\n마음 다잡고, 반드시 승리해라.%b
440bb3f39b	그리고 약속해줘,\n반드시 살아 돌아오겠다고・。%b
f0ac8906b8	제가 남아있어야 한다니,\n정말이지 불본의예요.%b
3c686de0c8	이렇게 된 이상 반드시 돌아오셔서,\n제 설교를\n꼭 들어주셔야 해요！%b
662a864b16	여러분・ 부디, 무사히・。%b
7d0e607261	이쪽 일은\n나한테 맡겨두여！%b
84811b3312	앙주 씨！\n다치지 않게 조심하여！%b
e1fff70e16	고, 고마워・ 타타라.%b
2e5214a75e	다른 여러분도,\n무사히 돌아오여！%b
aa6cbb004c	누오오오오오오오오옷！%b
961e9294f1	용서 못 한다～제！\n이 몸도 데려가는 것이다～제！%b
571e4c986c	이 몸의,\n훌륭히 강해진\n마도 실력이 없으면,%b
78a9cd71ac	단숨에 ７인위원회 쓰러뜨리는 건\n불가능한 것이다～제！%b
6e94d74fa3	뮤 공주님！\n그리고, 여러분！%b
797ecd28a7	무운을 빌겠소이다！%b
ca416e87ed	그럼, 차원문을 닫습니다.%b
7901a2c623	루나！\n아직 ７인위원회를 못 쓰러뜨렸어.%b
46ac5e9a03	다시 한번 카칼클랜에\n쳐들어가고 싶어！%b
652a575a02	여길 열어줘！%b
c2e66702d9	・그건 안 돼요.%b
61eac6d26d	여러분,\n잊지 말아주세요.%b
2d782961d6	문을 열 때마다,\n이 세상에 카오스가 새는 거예요.%b
49f2f5e473	그게 실제로 어떤 영향을 미칠지,\n모르는 거예요・。%b
9bdf5c5732	그런・。%b
ec4771e1b2	그럼, 어떻게 하면 되는데.%b
ee9bf099a2	돌아올 때 썼던 수정기둥을\n쓰면 카칼클랜에 갈 수 있을 거예요.%b
e3344724d2	여러분의 건투를 빌게요.%b
4393f8416f	준비는 되셨나요？
398ba28da0	네
7e3865de42	아니오
bce30c4f53	알겠어요.\n근데, 되도록 서둘러주세요.%b
a018464f0b	%z어서 오세요.\n여러분 덕에, 세상이 구원받았어요.
5412d6a5a8	%z수많은 목숨을 대신해,\n감사 인사를 드리게 해주세요.
b4c68011a2	%z그런, 우린 그냥・。
7e5b064228	%z뮤, 고맙게 그 말 받아들이자.\n우린, 그럴 만한 일을\n해냈으니까.
b4fa215cac	%z그런 거지.\n뭐, 내가 강한 건\n처음부터 알고 있었지만.
472007f730	%z아스카가 처음부터 강했는지 어쨌는지는\n제쳐두고,\n다들, 무사해서, 다행이야・。
a142179c48	%z정말 그렇네.\n몇 번이나 이제 틀렸다 싶었지.
78f007df2a	%z아버님・。
11bf96a008	%z앙주 님・,\n저・,\n우리 마을서 잠깐 쉬는 게 어떠여？
56a33e97b3	%z계속, 있어줘도 되여.
cdcfb82ac1	%z고마워・。\n생각해볼게요.
700605d7aa	%z・앙주・。\n힘내・。
9108c595bb	%z네・ 괜찮아요.\n저, 이래봬도, 강하답니다.
3e6ca043e2	%z・응.
a4ccc6dc2e	%z소인, 강함을 단순한 힘의 대소로\n오해했던 모양이외다.
647aa0040b	%z슬픔을 이겨내고, 다시 일어서는 것이\n진정한 강함이구려・。
6ca8c20656	%z응. 그러네.\n결국, 우리가 가진 특별한 힘은,\n적을 쓰러뜨리기 위한 힘일 뿐이야.
f6d7ab97bc	%z그렇군・。
22982ea094	%z이 황폐해진 땅이랑,\n철저히 파괴된 나라들을 되돌리는 데,\n우리 힘은 도움이 안 돼.
bd49a5b5fd	%z근데 괜찮아！\n세상엔 수많은 선량하고\n성실한 사람들이 있으니까.
84354fbf7e	%z난,\n이 세상의 미래를 걱정 안 해.
e0ef3f4d75	%z봐！\n익시즈호야！
eee9f7288b	%z팔코 씨네가 마중 와줬어.
4c09669f00	%z그럼, 여러분, 안녕히.
d2a73b1518	%z저는, 이 유현숲을 다시 봉인할게요.
ab168199cd	%z다시는, 뵙지 못하겠지만\n부디, 건강하세요！
913f685937	어떻게 할까요？　　
fbdea6905e	시라나미고른다
b84846df9e	나즈나고른다
50ff4d3350	안 고른다
3f4db314e8	%z있잖아, 아~쨩, 그건 그렇고,\n슬슬, 확실히 해주지 않을래？
16dc93d47f	%z응？\n뭘？
655d3ff3a0	%z아 참, 나랑 나즈나 중\n누굴 고를 거냐고！
4880051d98	%z그런 거네！\n당연히, 나즈나를 고를 거네！
7f2dca531c	%z뭘, 뒤죽박죽인 소릴 하는 거야,\n이 고양이귀 인형이！
0bfc69f156	%z나즈나는 인형 아닌 거야, 인 거야！\n아스카가 원하면,\n인간도 될 수 있는 거야！
bbee4489a5	%z아, 그래！\n그거, 잘 됐네요！
9fe514f9d3	%z자, 아스카！\n누굴 고를 거야！
327cccd38d	%z・시라나미.\n너랑, 평생을 함께하겠어.
35564a639e	%z아・ 어・？\n나・ 정말・ 나야・？
b4aeab2326	%z그래.\n불만？
978fbf18b1	%z아니.\n기뻐.
35a50851b7	%z나즈나・ 미안해.
c37cbc8ca0	%z흥, 인 거네.\n아스카 따위,\n별로 안 좋아하는 거야, 인 거야！
d42dde3a1e	%z분하지 않은, 거야, 인 거네・。
71fd761392	%z・어라, 이상한 거야.\n눈에서 물이 나오는 거야, 인 거네.
87be53be5d	%z나즈나.\n너랑 떨어지긴 싫어.
be7870c886	%z저, 정말인 거야？！\n정말 나즈나로 괜찮은 거야인 거야？
6efc25e55b	%z그래.\n부끄러우니까 몇 번 말하게 하지 마.
73d2c3c832	%z아스카, 좋아해！
ee6ce973b0	%z・자, 잘 됐네, 나즈나.
c5eb96ceaf	%z응, 인 거네.
0f2bbbeca1	%z미안해, 시라나미.\n뭐랄까, 난・。
fdc51fbdea	%z괜찮아.\n근데, 잊지 마.\n우리 우정은, 언제까지나 안 변해.
8e02323abe	%z그래.
b82cc7ef0b	%z나한텐, 아직 일러.\n미안하지만, 고를 수 없어.
2662836eac	%z괜찮아.\n우리 사이에, 결판이 날 때까지,\n아스카를 쫓아다닐 거니까.\n그치, 나즈나.
151dc15929	%z그런 거네！
0f2e508283	%z・에휴.
49803f930f	어서 오세요.%b
d6d08270ba	당신들 덕분에,\n세상이 구원받았어요・。%b
638dcdd75e	수많은 목숨 대신해\n감사 인사를 드려요.%b
8ff57432d7	아직, 뭔가, 어두운 기분이\n가슴에 남아있지만・\n아마, 제 기우겠죠.%b
9c8390e5d2	그럼, 이 숲을 다시 봉인할게요.%b
21f548ef77	여러분과 만날 일은 없겠죠.\n안녕히・。%b
8a832cced7	기다리고 있었어요.%b
68772b4530	그럼, 차원의 문을 엽니다.\n동행할 동료를 골라주세요.%b
9bc8642224	마을 갈까요？
1e00a905c3	잠깐 기다려！%b
cda4c25cf5	무슨 이유가 있는지 모르겠지만,\n드래군 용기사의 긍지를 걸고\n못 본 척할 순 없어！%b
3916a29b1b	헉, 헉, 헉, 헉.\n아직・ 아직, 부족한 건가・。%b
10f52033fe	으아아아아아아아아앗！！！！！%b
c0962f69b7	꺄아아아아아.%b
f44aa841cf	유카리이이이！！！%b
a84cd46daa	괘, 괜찮아요.\n저는 신경 쓰지 말고, 싸워주세요・。%b
8bad231c99	이놈들, 카달군 놈들！%b
ce40b1d4fb	낯선 이여,\n지금, 이 순간만이라도 좋으니,\n힘을 빌려줘！%b
74211b11fc	기꺼이！%b
7fe728fa2f	그렇게 말은 했지만,\n역시, 그들을 죽게 둘 순 없다.%b
b01054ebe9	여긴, 나 혼자 가도록 하지.%b
8bb4647e25	기다려！%b
814dd77c0c	이것도 마을 위해서다 견뎌다오.%b
c777dff964	유카리・ 미안해.%b
e633207177	내가 못나서・。%b
dad1164a93	아니, 괜찮아요, 카무이.\n당신 마음은, 알고 있으니까・。%b
70a83c9704	지금까지 많은 여자와 아이들이,\n인질이 되어 마을 지키려,\n성릉곽에 갔었어요.%b
c4f5a4a24b	그러니 제 차례예요.%b
5577c841a3	카무이・ 안녕.%b
4a7de7e66a	어이어이, 뭐야 이거？\n카달한테 마을 사람을 내주고 있잖아？%b
65ce942572	얘기 들어보면, 마을 안전을 위해,\n여자랑 아이들을 내준다는 것 같아.%b
fbb1d55671	용서 못 해・。%b
eb4488f24d	뮤, 어떡할래？%b
7363c0a1ab	착한 척할 생각은 없지만,\n나도 가만히 두고 못 봐.%b
795bd05ae6	딱히 착한 척할 생각은 없지만,\n나도 가만히 두고 못 봐.%b
80a6120029	좋아, 저 여자분을 구하자！%b
597da1220b	뭐냐 너희는？%b
9df82874ea	아프고 싶지 않으면,\n여자를 두고 가라！%b
6a4a4b1aa1	훔치는 건 보물뿐이었는데,\n이런 것도 재밌네.%b
9ce1809652	그치, 아~쨩☆%b
d61da56d64	뭔가, 대사만 들으면\n우리가 악당 같잖아・。%b
e370def1fb	그 여자분 안 놓아준다면,\n힘으로 밀어붙일 거야！%b
437b7f0889	흥, 할 수 있으면 해봐！\n여자 목숨이 안 아깝다면 말이지！%b
d530bc0393	당신도 함께 싸우죠！%b
5b92878adf	확실히 싸워서 그녀를 구하는 것 말고\n방법은 없을지도・。%b
4d170ca2c3	그런가 배신인가.%b
334ffc7378	이 여자도, 인질도,\n목숨 없다고 생각해라！%b
90c7ada266	그건 글쎄.\n그걸 전할 자가 없어지면？%b
aba8e989dd	뭐라고！\n덤벼！\n두들겨패주마！%b
82458ac745	안 돼요！\n이 사람들은 저희랑 상관없어요！%b
107bfacf4d	에잇, 시끄러워！%b
c53e1d5dbc	이렇게 된 이상,\n성릉곽 인질을 처형해주지！%b
3efbd3b452	우리 카달에 반항하면 어떻게 되는지,\n뼈저리게 느껴봐라！！%b
b9b8c2c593	부탁이에요, 그만해주세요！%b
f261c25bf5	에잇, 방해하지 마！！%b
40f3220f81	유카리・ 괜찮아？%b
eab47ca3a1	괜찮・ 아요.%b
ff7e776d74	이렇게, 당신 품에 안겨 있으니\n조금도 아픔이 안 느껴져요・。%b
6fa948e426	이봐, 유카리！\n정신 차려！%b
9a1e55dc28	유카리, 유카리！！%b
02df55ba0c	내가 좀 도와도 될까？%b
6736770b31	넌？%b
51649b8d27	지금이면 아직 신성마법으로\n어떻게든 될지도 몰라.%b
23c264888d	・살릴 수 있어！？%b
7a44bdcc1d	・살릴 수 있고 없고,\n가 아니야.%b
368ed85172	뭐라고！？%b
34a95518f7	살릴 거야.%b
ba71c1993b	・어？\n무슨・ 소리를 하는・？%b
0fe76283be	반드시 살려낼게！%b
2aa2d2b6b3	혹시, 실패하면,\n날 어떻게 하든 마음대로 해.%b
047a3bf5c6	카무이 씨, 였나？%b
b73bbdbe04	믿어줘.\n러스티라면, 분명 살려낼 테니까.%b
8156f290be	우와, 러스티도 참,\n의외로, 사내대장부네.%b
70e727e23d	나, 다시 봤어.%b
696030811f	나즈나도 다시 봤어인 거야.%b
c1f7a6e67b	그래. 나도 솔직히,\n
71b91e3267	저렇게 진지한 러스티는 처음 봤어.%b
64fe5a7732	그럼, 시작할게・。%b
e751bf6c49	부탁！%b
451401dec4	이봐, 괜찮은 거야, 러스티는？%b
3f844aa6ef	난 마법은 잘 모르지만,\n저렇게 연발해대면,\n몸이 못 버티는 거 아니야？%b
582fc43338	마법은 정신력을 앗아가는 거야.%b
cf5822ea26	그래서, 너무 쓰면 지쳐서\n마법을 못 쓰게 되는 거야.%b
5d4eb7eea4	근데・ 지금 러스티는\n자기 정신력 이상 마법 쓰고 있어.%b
b93b72c719	그런 게 가능해？%b
679ee42f7d	아니, 그걸 해낸 사람은 없어.%b
5ce8806859	대체 어떻게 될까, 러스티는？%b
b3feac3d75	몰라・。%b
7352e5aa97	모르지만,\n러스티가 결정한 일이니까・。%b
1df0247da7	난 누구도 러스티 못 막게 할 거야.%b
da1f81f263	어떤 결과가 되든,\n러스티한테서 눈을 안 뗄 거야.%b
c6ebc73a66	그런가・ 그렇군・。%b
d86aeddfc5	・저・ 살아난 거예요？%b
d34544619c	유카리！%b
5e10fae781	해냈다！\n저 녀석, 정말로 살려버렸어！%b
4fbfeb92af	대단해, 대단하네.\n・나, 감동해버렸어.%b
91db5a3655	아 참, 눈물이・。%b
dbfb1316f8	자, 손수건. 써, 인 거야.%b
b6237ba24c	고마워, 나즈나.%b
cd025ddab4	러스티！%b
4994dbf7f4	・뮤.\n나・ 살렸어・。%b
b32b4556cd	이제 말하지 마.\n가만히 있어.%b
6fd22685cb	뮤・ 엄청 지쳤어・。\n지금만・ 곁에・ 있어줘.%b
f01cd9f1ff	・응, 러스티・ 응.%b
9c404ed3da	・자, 어떻게 매듭지을 거냐, 너？%b
23b9b6d7bc	・어쨌든 그 젊은이 예 갖추고 싶다.\n내 집으로 와다오.%b
663d26fefd	이러시는데, 뮤, 어떡할래？%b
8d382c9516	러스티를 제대로 된 침대에서\n쉬게 해주고 싶어.%b
5377a33a18	호의를 받아들이지.%b
ffcdaee18c	그 젊은이는 내가 옮기지.\n소중한 이의・ 은인이니까.%b
c47fc2bdad	나만 두고 가다니, 서운하잖아！%b
09ff9ce08b	너무하네, 목숨 은인을 두고 가다니.%b
a3094ba013	러스티, 괜찮은 거야？%b
35ec6378c2	응.\n걱정해줘서 고마워.%b
90a12d8566	혼자 갈 줄 알았어, 인 거야！%b
31010726af	너희！\n어째서・？%b
2819cbbac1	진짜, 알기 쉬운 사람이네.%b
c646ffb273	조금만 함께 지내면,\n어떻게 움직일지 훤히 알거든.%b
874d0a5d34	당신을 돕겠다고, 약속했잖아요.\n전, 약속 어기는 사람, 싫어해요.%b
994c815314	에휴.%b
3939db8eb4	어째서, 부모 마음이란 걸\n몰라주는 건지, 요즘 젊은이들은.%b
ed0c1946e5	연장자든 뭐든\n거짓말하는 사람 싫어.%b
09d1e3d147	알았다.\n내가 잘못했다.%b
fb86219208	그럼, 다같이 가도록 하지.%b
cc3431efc3	목표는, 호라이산 정상, 성릉곽.\n이 마을에서 북서쪽 방향이다.%b
597a9abc8a	카무이가 동료로 합류했다.%b
032b2af61a	괜찮아, 정신 차려！%b
6b27bea764	으윽・。%b
5f77c0c6a9	카달 병사놈・ 용서 못 해！%b
97ace2adb6	카달 병사 무찌르고,\n빨리 저 여자를 치료해야 해！%b
6b293a7c0c	괜찮아！？%b
873df0e516	카달 병사놈・\n너무한 짓을 하는군！%b
929287d636	이봐, 괜찮아？！%b
8b23c6ca7a	빨리 결판을 내고,\n이 사람 상처를 치료해야 해！%b
f1ccc5e5e8	괜찮아？%b
bc27afdefa	나즈나가 아파라 아파라 날아가라 하고\n해주는 거야 인 거네.%b
60a148917a	아파라 아파라 날아가라 인 거네！%b
9b42050401	유카리, 정신 차려！%b
4c6adeb30c	・카무이・。%b
87f71c70c0	기다려, 바로 마을로 옮겨서,\n치료해줄 테니까！%b
2da9ccb1b7	카무이・ 내 걱정은 말고\n・부탁이야, 싸워줘！%b
5872b67bcd	카무이코탄의 신들도・\n분명 그걸 바라고 계실 거야・。%b
da0b23121c	허나, 그러면 인질이・。%b
b925d9f70e	・카무이・ 싸워・。%b
c81c362f27	이, 이게 대체・？%b
0e6faab812	%H%m1%V100［%m0프로핏%m1］%V0%m0\n
f04aa27cbc	놀랐나！%b
5a03f372fe	어서 오시오, 카칼클랜에！\n뮤 왕녀.%b
30610602a2	넌！\n７인위원회는 어디 있지！%b
0c4cef8aac	그런 건 신경 쓸 필요 없어요.%b
5e17bc7960	당신들은,\n여기서 못 나아갈 테니까요！%b
4252ca824b	뭐라고！%b
91a258a8a6	보세요,\n이 방엔 문이 하나뿐이에요.%b
31fd597db8	어디로도 갈 수 없는 거예요.%b
cc1e844901	이해되셨나요？\n그럼, 죽어주세요！%b
c951f89488	이런 데서, 난 안 져！ 많은\n사람들한테 미소를 되찾아줄 거야！%b
0ad352eba9	그 얼굴은, 아무래도, ７인위원회\n님이 이 자리에 안 계신 것에 대한%b
f803212bf8	불만인 듯한데,\n그런 건 신경 쓸 필요 없어요.%b
19988ade51	죽어주세요！%b
2dfefd65df	죽어버리세요！%b
db725afbd6	뮤.%b
0619a51abf	뮤여, 우리 뜻에 답하라.%b
78c43a410c	그, 그 목소리는・\n갈자드！%b
c17ce126c5	거기다 라그로스！\n너희, 살아있었던 거냐！！%b
d629fc8eaf	살아있진 않다.\n이건 우리의 생각・。%b
29ad96172b	그래, 우리 뜻.%b
22e5238d7d	뜻・？%b
795517e684	카칼클랜은, 강한 생각이 남는 곳.%b
0485d0232e	현인이 봉인한 이유는,\n거기 있다.%b
3654dadfa5	생각은 카오스 힘에 의해,\n현실 세계에 미치는 힘을 갖는다.%b
948431abc6	생각은, 시간을 넘어 계속 산다.%b
ac5ea79a20	어째서, 그런 걸 나한테 가르치는\n거야！ 나더러 어쩌라는 거야？！%b
fd74e5e706	골육상잔하는, 우리 같은 아이들을\n더는 늘려선 안 된다.%b
d912930697	우린, 마음이 약해서,\n서로 상처 입히길 택한 자.%b
f1bdda2758	조화를 버리고, 혼란을 택한 자.\n그래서, 죽어서도, 생각을 남긴 자.%b
8b097bdc56	・조심해라, 뮤.\n생각을 조심해라.%b
19692e365c	죽어서도, 남는 게 있다면,\n그것이 가진 힘을 조심해라・。%b
0422280b54	・대체, 무슨 소리일까.%b
15e51110b7	전설에 이름을 남길 영웅들이여・。%b
87c5f94ce3	우리의 뜻에 답하라.%b
b4495a19c4	그, 그 목소리는・！%b
d421939bb8	갈자드！\n거기다 라그로스！%b
c00e0d6b13	너희, 살아있었던 거냐！！%b
c7b167859d	이 목소리는 들어본 적 있어！%b
1d85981f25	갈자드랑 라그로스！\n너희, 살아있었던 거냐！！%b
6bef62879a	그, 그 목소리는・ 갈자드！\n거기다 라그로스 아니신가요？！%b
548e93ad58	살아있었던 건가요・？%b
34439ff7ac	그, 그 목소리는, 분명・。%b
922451420c	너희 살아있었던 거야？！%b
ec6d13f55a	음・ 그 목소리는・！%b
d7281ff49e	그, 그 목소리는・
81e638c97e	너희, 살아있었던 것이오！！%b
b6f2899f62	이 목소리는, 갈자드에 라그로스여！\n너희, 살아있었여！！%b
7407f0c516	이 목소리는, 갈자드에 라그로스인\n거네？！ 너희, 살아있었던 거야？！%b
a937e2845f	이 목소리는・ 잊을 리 없다・,\n갈자드에 라그로스인 것이다～제！%b
fc3494df56	너희, 죽었을 텐데～제！！%b
22b0b7b246	생각・ 이라고？%b
762e99e4b6	생각・ 이라고요？%b
a0f6aaf740	생각・ 무슨 소리야？%b
825b5c90b4	생각・ 이란 것이오？%b
c028e9239c	생각・ 이여？%b
7aa64b882b	생각・ 인 거야？%b
3e2601a8ed	생각・ 무슨 소리냐～제？%b
aa086b503d	그런 걸 나한테 가르쳐 어쩌자는\n거야？ 나더러 뭘 하라는 거냐고？！%b
99130bc3a2	그런 걸 나한테 가르쳐서\n뭘 시키려는 거냐！%b
13abd89284	그런 걸 저한테 가르쳐서\n대체 뭘 하라고 하시는 거예요？！%b
a7652af58a	나한테 그런 걸 가르쳐서\n대체, 뭘 시키려는 거야？！%b
efd159c481	그런 걸 나한테 가르쳐서\n뭘 시키려는 거냐？！%b
9c0b4b50a9	그런 걸 소인한테 가르쳐,\n무엇을 시키려는 것이오？！%b
190d7c0dfb	나한테 그런 걸 가르쳐서\n뭘 시키려는 거여？%b
29f3341d08	그런 걸 나즈나한테 가르쳐서\n어쩌라는 거야 인 거야？！%b
e56f0890b2	천재인 이 몸에겐,\n그 정도 이해는 쉬운 것이다～제！%b
30879e4b7e	이 몸은 날 위해 싸울 뿐이다～제！%b
6f4f804750	・조심해라.\n생각을 조심해라.%b
34048000e0	・대체, 무슨 소리일까？%b
dd45a99c61	・대체, 무슨 소리냐？%b
2f17f973d7	・대체, 무슨 소리인가요？%b
6abf52f39c	・대체, 무슨 소리야？%b
358eb63e41	・대체, 무슨 소리냐？%b
3755929884	・대체, 무슨 소리요？%b
b9f9d17a8a	・대체, 무슨 소리여？%b
9537d65bb7	・대체, 무슨 소리인 거야？%b
d7fc9d6da2	・대체, 무슨 소리냐～제？%b
79f6f6dee5	뭐야 이건！\n어떻게 내려갈지가 문제군.%b
5e9dd8547e	곤란하네요.\n어떻게 내려갈까요.%b
f13664eed6	곤란하네.\n어떻게 내려갈까.%b
f2750a30d0	어머,\n어떻게 내려가면 좋을까.%b
7b79169e23	가파른 비탈인 거네！\n어떻게 내려갈지 문제인 거네！%b
7e27a36309	가파른 비탈.\n
33eb9621e4	어떻게 밑까지 내려갈까.%b
4e8e55078f	가파른 비탈이구려.\n어떻게 내려가면 좋겠소.%b
7956a538b0	가파른 비탈이여.\n어떻게 밑으로 내려가여.%b
ccd1ca77b1	흥\n가파른 비탈인 것이다～제！%b
fff6b0f0a1	날 수 있는 애한테 붙잡혀서,\n미끄러져 내려가거나, 지형을 바꿔서\n내려갈 수밖에 없나%b
46298aa3cf	나는 분에게 부탁해 내려가거나\n지형을 바꾸는 것 말곤 없겠네요.%b
b604247db6	붙잡혀 미끄러져 내려가거나\n지형 바꿀 수밖에 없네.%b
c58a494c5a	붙잡혀서 가거나\n지형을 바꿀 수밖에 없겠네.%b
dd4311c12c	붙잡히거나\n지형을 바꿔 갈 수밖에 없는 거네！%b
126bd9c8ac	새가 돼 동료를 붙잡고 내려가거나\n
114c573beb	지형 바꿔달라 수밖에 없는 모양이군.%b
ef4a8459cf	소인처럼 날 수 있는 자가 붙잡고\n내려가거나 지형을 바꿔주셔야 내려갈\n수 있을 것이오.%b
c226180e03	붙잡히거나\n지형을 바꿔달라는 수밖에 없여.%b
96685f9ecf	이 몸이 날 수 있으면 붙잡고 가주는 것이다～가！\n못 하는 건 어쩔 수 없는 것이다～제.\n이 몸은 지형을 바꾸는 것이다～제！%b
0985360444	놈들을 쓰러뜨릴 수밖에 없다.\n좋아, 가자！%b
6c8ae23e29	저분들을 쓰러뜨릴 수밖에 없겠네요.\n그럼, 가볼까요.%b
012c437303	놈들을 쓰러뜨릴 수밖에 없겠네.\n그럼, 가자.%b
085fec55e2	저놈들을 쓰러뜨릴 수밖에 없겠네.\n그럼, 갑시다.%b
ee178a7be8	저놈들을 쓰러뜨릴 수밖에 없는 거네.\n그럼, 가는 거네.%b
cc92605b05	놈들을 쓰러뜨릴 수밖에 없는\n모양이군. 그럼 가도록 하지.%b
a7db469ed5	놈들을 쓰러뜨릴 수밖에 없는 듯하오.\n다들, 갑시다.%b
3f878f5a94	저놈들을 쓰러뜨릴 수밖에 없여.\n다들, 가여.%b
40574ce6de	놈들 쓰러뜨릴 수밖엔 없는거다～제.\n다들 따라오는 것이다～제.%b
73f41fbd43	이게 마법구슬・。%b
b21cbd7b72	이게 마법구슬인가・。%b
e735d69a9d	이게 마법구슬인가・。%b
78f46d823e	이게 마법구슬 같네.%b
1fba6720e0	마법구슬인 모양이군.%b
1a23d38049	이게 마법구슬인 모양이네요.%b
5dd2bcaf56	이게 마법구슬이오.%b
01de3b762a	이게 마법구슬인가 본 거네.%b
e86f5c9384	이게 마법구슬이여.%b
09652c664e	천재인 이 몸에겐 이게 마법구슬이란\n걸 단숨에 알겠는 것이다～제！%b
7a7e3be4e6	퇴각할까요？
68f289b8b0	퇴각한다
49eb930561	안 한다
fed854fb23	어이, 또 만났구나, 개자식！%b
1af94e62e8	%H%m1%V100［%m0코쿠우%m1］%V0%m0\n
256f0dbbef	인사가 살벌하군요, 카달 위해\n일할 마음 든 줄 알았더니・・・。%b
11cfa998b4	카달 위해 싸워？\n안 되는 소리.%b
ba63cade60	카달 뜻대로는\n안 되게 해주마！%b
a0b694a59f	이런 이런！\n당신이 소문의 뮤 왕녀시군요.%b
10c9a65026	갈자드 님께 소문은 익히 들었습니다・・・。%b
84fd9e5a01	갈자드가・・・？%b
fe565e432f	오, 모르셨습니까？%b
02a4d99ed1	우리 주군, 갈자드 님은,\n이 야마타이의 게텐 성을\n활동 거점으로 삼고 계시지요.%b
9f6269e647	뮤 왕녀의 모국은 물론,\n리그로드 대륙과 야마타이 전역이,\n지금은 카달 지배 아래 있습니다.%b
5c40c04f06	전 리그로드와 야마타이가・・・。%b
281fbdf58e	자, 얌전히 저희 쪽으로 오시죠,\n뮤 왕녀.%b
a844b109c3	어이, 잊지 마라！\n네 상대는 바로 나다.%b
7dde288dc0	하지만 당신은 손댈 수 없잖습니까？%b
1f8d4f5d70	당신 부하들 목숨은,\n우리 손안에 있으니까요.%b
a13a9a1d4a	아니, 틀렸다.\n놈들 목숨은 내가 쥐고 있다.%b
0eb120e954	그게 우리 시노비들 방식이거든.%b
f36728dd7c	・・・실은, 저도 말이죠,\n전투엔 좀 자신이 있답니다.%b
346cf843f9	인질 없이도 이길 수 있다는\n자신 말이죠.%b
2b9ffbf0fa	덤벼라！\n이가 최강이란 말의 뜻을 알려주마.%b
0761c5fd65	어이,\n아까는 신세 좀 졌지.%b
8e78e4842d	호오.\n패배자가 돌아와서 무슨 볼일이시죠？%b
422f5c92a7	또 당하러 오셨습니까？\n아니면 카달에 협력하러 오셨나요？%b
6456eadd50	헛소리 마라.\n잠깐 방심했을 뿐이다.%b
bb427c4704	하지만, 이번엔 확실히 알려주마.\n이가 최강이란 말의 뜻을.%b
dc6dba7713	큭！\n후퇴한다！%b
d2ab757250	등 보이긴 자존심 상하지만\n퇴각할 수밖에 없군！%b
666bf57ce4	좋아, 부하들은 어디 있지？%b
dce24c40f4	%H%m1%V100［%m0닌자%m1］%V0%m0\n
6fc34b2ba5	두목～！%b
8f6ca0bd32	저 녀석들 목소리다？%b
0840077c34	・・・갔나・・・。%b
ad93581c66	아스카, 쓸쓸해 보이는 거야.\n나즈나가 있으니 괜찮은 거야～☆%b
c4b58f6c02	붙지 말라고 몇 번을 말해！%b
8b2c1bc075	화난 얼굴도 멋진 거야.%b
65eafb64c4	자아.\n그럼 이가 마을로 돌아가서,\n앞으로 준비나 해두자！%b
51539908e9	・・・마을 사람들이,\n날 받아줄까・・・。%b
6c877d2f53	분명 괜찮을 거야.%b
dd7853cde7	그럼 좋겠는데・・・。%b
d37abebe17	이가 최강 시노비가\n한심한 소리 하지 마！%b
0b2285d829	부하를 구했으니까,\n네 누명은 이미 벗겨졌으니,\n당당하게 이가로 돌아가면 돼！%b
9acb2e31e3	・・・아, 그래.\n맞는 말이군.%b
82d48c0f7b	좋아, 당당하게 가볼까！%b
fd086e9e85	오오！%b
2e77b4a999	【아마노자쿠 거울】 입수.%b
7dedcf543c	나도 잘은 모르겠지만, 그 모양\n어디선가 본 것 같단 말이지.%b
e815c4f1fe	어느 동굴에 제단 같은 게\n있었던 것 같은데・・・。%b
63357896b7	나즈나 굴엔 없었던 거야.\n근데, 주력이 느껴지는 거야.%b
f10773be1d	그것도, 뭔가를 막거나, 봉인하는\n듯한 주력인 거야, 인 거야.%b
b6cd5bb14d	그렇구나！%b
02cf91411e	맞아, 거기밖에 없어！%b
77b57c6939	뭐？\n어디？%b
d56ecd2fb6	봐, 결계굴이야！%b
2c9f87b98d	아까 그 적도, 갈자드가 게텐 성에\n있다고 했잖아？！%b
b099c836a1	아, 응.%b
afe35c41f5	・・・과, 과연, 그런 거였구나.\n・・・의외인걸.%b
66e243630d	・・・모르는 거죠？%b
cd663fec78	결계굴 너머엔, 게텐 성이 있어.%b
26685b5467	그러니까, 이게 있으면 결계굴 결계를\n깨고 게텐 성에 갈 수 있는 거잖아！%b
06a939ccf4	근데 내 기억이 맞다면, 구멍은 전부\n세 개 뚫려 있었을 텐데？%b
52b86d8124	그럼 두 개 더 필요하단 거네.%b
ca9aefcdfb	그러다 보면 어느 동굴이었는지\n떠오를지도 몰라,%b
707bbd6f92	그때까지 갖고 있자.%b
0d15426926	미안하군, 도움이 못 돼서.%b
5c4693e58a	아니, 괜찮아.%b
65bd35bc41	너희, 무사했구나！%b
8805180195	저희를 가둬둘 만한\n감옥 따윈 없습죠！%b
ba785676df	라고 말하고 싶습니다만,\n실은 침입자란 이유로,%b
d20d558a60	난리 통에 슬쩍 끼어\n도망쳐 나왔습죠.%b
8e52d29367	뭐, 아무튼 무사해서 다행이다.%b
d0f9e50faf	그런데, 두목.\n그 일행분들은 누구시죠？%b
488271f858	너희를 구하는 걸 도와준 사람들이야.%b
d7285f271e	드라군의 용기사 뮤입니다.%b
ece788a070	퀸즈랜드의 러스티입니다.%b
33454ed55c	나즈나인 거야.%b
a60a046e40	근데 두목,\n저희가 콩밥 먹는 사이에,%b
7c30033ae4	이런 미인이랑 눈맞은 건\n아니겠죠？%b
d3624b56c0	저쪽은 식신입니까？%b
de59cbf126	아무래도,\n뿌리 없는 식신이 따르는 건\n부친을 닮은 모양이군요.%b
72ecd962ee	뮤는 동료.\n식신 나즈나는 제멋대로 따라온 거고.%b
a71d858376	운명의 만남인 거야.%b
2676c5f3d9	그, 그게 운명이라굽쇼？%b
48496787d3	헛소리 마！%b
439568cf3c	그것보다, 앞으로 얘긴데.%b
fca21910a8	예이！\n어디든 모시겠습죠！%b
560cf05950	월조는, 당분간 휴업이다.%b
a6f436db8f	그럴 수가！%b
e1237ef457	카달란 나라의 갈자드란 놈이,\n야마타이뿐 아니라\n리그로드까지 점령해버렸어.%b
d63c3e277f	이건, 뭔가 엄청난 골칫거리의 전조\n같은 기분이 들어 견딜 수가 없어.%b
087ebad4ec	너희한텐 미안하지만,\n당분간 이가 마을을 부탁한다.%b
1c4b87e095	게다가 나는, 이번 일로,\n뮤 일행한테 빚을 지고 말았거든.%b
9f4f9ec911	그걸 갚지 않으면,\n내 체면이 안 서.%b
f4a3978586	두목, 알겠습죠.%b
922b67086f	이번 같은 일이 또 생기면,\n저희가 두목한테\n짐이 된다는 말씀이십니까？%b
841d7792fb	분부대로, 저희는 어둠에 숨어\n이가를 지키며\n돌아오시길 기다리겠습죠.%b
828f5eadf6	미안하다, 부탁한다！%b
4222119a74	뮤 님, 러스티 님, 나즈나 님,\n두목을 부탁드립죠.%b
3a4736f5dd	이래 봬도,\n좀 어수룩한 구석이 있는 분이니까요,%b
af4b03175c	나쁜 여자한테 걸려들지 않게\n잘 지켜봐 주세요.%b
a03f001cb0	뮤 님, 러스티 님,\n두목을 부탁드립죠.%b
3750c07ab5	응, 알겠어.%b
3415e44bf3	조심할게.%b
0197c3f5f5	괜찮아, 귀여운 나즈나가 있으니까,\n바람은 못 피는 거야, 인 거야.%b
547fbb5648	그럼, 이만！%b
e2f0dbb42c	오호, 어지간한 자신감이군요.%b
8fcb9aa815	우리 주군, 갈자드 님 힘으로,\n리그로드 대륙과 야마타이 전역은,\n이미 카달 지배 아래 있건만.%b
08e9eb9f55	그럼 힘으로 되찾을 뿐이다！%b
ac42b72aae	이런 이런！%b
79b3d72739	당신이 뮤 왕녀시군요. 갈자드 님께\n말씀은 익히 들었습니다・・・。%b
f2ea0307c4	그런 겁니다.%b
ee42b8d1f2	누가 얌전히 따를까 보냐！%b
504c7b01e7	우리 주군, 갈자드 님 힘으로,\n리그로드 대륙과 야마타이 전역은,\n카달 지배 아래 있습니다.%b
0cb3a3a750	당신들도, 얌전히,\n우리 카달에 항복하시죠！%b
0b5ec65650	힘에 굴하는 지배엔,\n난 약하지 않아！%b
d1cae4b0cb	싫다는군！%b
e791ff9dc2	아스카가 소중히 여기는 걸\n짓밟는 놈은 용서 못 해, 인 거야！%b
adb1a6dd9f	그럼, 싸우기 전에,\n당신들 퇴로부터\n끊어드릴까요.%b
21a3b01c15	지금, 이 방은,\n기관 장치로 땅속을 향해\n내려가는 중입니다.%b
82b5431b03	후후후, 이제 당신들은\n여기서 도망칠 수 없습니다.%b
c6338d0eaa	이걸 멈추려면,\n저를 쓰러뜨리는 수밖에 없습니다.%b
54a13b2965	이해가 되셨는지요？%b
db1982b60b	그럼, 연회를 시작해볼까요！%b
0df6fdc2ac	어서 오쇼！\n뭘 찾으쇼？
2f0621edbf	그만두는 거요？\n그럼, 뭐 다른 볼일이라도 있소？
89425127f1	필요 없어진 물건, 사들이지.\n
a730f68217	늘 고맙수！\n또 오쇼.%b
1e8af924df	뭘 사려는 거요？
61e6a3c0fa	오？ 팔 물건이 없나 본데.
4c7856a51c	「%nS」란 말이지. 이걸로 되겠소？
9fd1ea78ef	오？\n짐이 꽉 찬 모양인데.\n다음에 다시 오는 게 어떻겠소.%b
cc367ee3ac	오？\n돈이 모자란 모양인데.%b
425a881053	늘 고맙수.\n다른 것도 사겠소？
cc87bfa871	「%nS」를 사들여도 되겠지？
e9e8b291f0	늘 고맙수.\n다른 것도 팔겠소？
fd15ab19ab	꺄홋, 손님이시네☆\n어서 오세요~.\n뭘로 하시겠어요？
e53787327c	어머, 그만두시게요？\n그럼, 다른 볼일 있으세요？
f948a0b767	무기를 사주시는 거죠？\n
95f7da79c8	파실 물건 가져오셨죠？\n
adf307ab3c	또 안 와주시면 서운해요.%b
f0d7d587a5	음~, 뭘 사시겠어요？
1ce5db05b7	그럼, 뭘 파실 건가요？
45195adac1	저, 파실 물건이 없으신 것 같은데요・・・？
a7013eb59f	「%nS」시네요☆\n당연히 사주시는 거죠？
f106d37bdf	많이는 못 드실 것 같은데요？%b
4a99956563	돈이 모자란 것 같은데요？\n깎아 달라셔도, 그건 안 돼요！%b
e64bba7e7b	감사합니다~.\n다른 것도 사시겠어요？
faea8b9d49	「%nS」를\n파시는 거죠？
63c36e7a55	감사합니다~.\n다른 것도 파시겠어요？
2535167f10	예, 예, 어서 오시게.\n무슨 볼일이신가？
aea00af5b5	이런, 그만두시려나.\n다른 볼일이라도 있으신가？
97f04a4390	이 가게 방어구는,\n뭘 사도 손해는 없다네.\n
a53fca010f	오, 파시려고 오셨는가？\n
ddb7343d4d	그런가.\n또 들러주시게.%b
374c44148c	무엇을 사주시려나？
e66e2ddeff	무엇을 파시려나？
050cc0de42	팔 만한 물건은 없으신 듯하네만.
c3d1807895	「%nS」로군.\n사주시겠는가？
3978adcb2e	그리 많이는 못 드실 텐데？\n무리는 마시게.%b
43f902d22c	돈이 모자란 듯하네.%b
ba31ef8517	고맙네.\n다른 것도 사시려나？
4d94268ea6	「%nS」를\n사들이면 되겠는가？
e172d33458	고맙네.\n다른 것도 파시려나？
f5ffdb7f44	내년 오픈！\n현재 개점 준비 중！！%b
607fc97f48	퀸즈랜드 왕궁이 개조돼서,\n라그로스의 탑이 됐다는 얘기더군.%b
0b6a823126	카달 놈들,\n퀸즈랜드의 전통과 역사를\n짓밟다니・・・。%b
24b0707c15	이번 이변은,\n리그로드 전역과 닮았다는 소문이야.%b
3743a18545	그렇다면, 또, 그때처럼,\n큰 동란이 되는 건가？%b
f040384b19	아이고, 싫다.%b
3a5f19e15d	당신들이 라그로스를 쓰러뜨렸다며！？\n허, 젊은데 대단하구먼！%b
c87688d7c3	대체, 무슨 일이야？%b
48023a9093	이거 러스티 님！\n잘 와주셨습니다！%b
5205881cc1	이렇게 장사할 수 있는 것도,\n러스티 님 덕분이지요！%b
0aa3d1366b	이젠, 아무도 러스티 님을 겁쟁이니,\n배꼽이 튀어나왔니, 발 냄새니,\n말하지 않지요, 그럼요.%b
6506064394	그런데 러스티 님,\n세상도 평화로워졌으니,%b
caf64c09fa	슬슬 돌아오셔서,\n왕좌를 이어받으심이 어떨지요.%b
0b97473eb2	다들, 기대하고 있어요.%b
e9900f6759	러스티 님,\n카달도 몰아내셨으니,%b
e7188bfc6d	라이트워드는,\n도움이 되고 있을까요？%b
b667fdf36a	왕자님, 저희 가문에 전해지는\n이 책을 쓰세요.%b
e93e757081	우리 왕국에 영광 있으라！%b
c764d65713	라이트워드를 손에 넣었다%b
275ca06559	대체, 무슨 일이죠！？%b
9aceed319f	왕자님께서 분명 카달 놈들을\n몰아내주시리라 믿고 있었습니다.%b
b620a2cdd0	그래서, 언제 왕좌를 이으실 건가요？%b
a59c2de651	왕자님, 어서 돌아오셔서,\n저희를 기쁘게 해주세요.%b
b19a32b2c1	국토뿐 아니라,\n저희 왕과 왕비께까지 손을 대다니,%b
de50271aa7	라그로스 그놈, 기고만장하다니！%b
3996377193	성을 흙발로 더럽히다니！\n용서 못 해요！%b
d2ccf31160	어, 당신들이 라그로스를！%b
6ec6bfc28c	아, 당신은！\n러스티 왕자님 아니십니까！%b
cce9d93dfc	허, 왕자님, 훌륭해지셨군요・・・。%b
2b88582678	러스티 왕자님, 대체,\n이게 무슨 일입니까？%b
98c4210ad2	이 정도 이변이 일어나다니\n대체 원인이 무엇일까요.%b
13d10919c8	러스티 왕자님, 들었어요！ 카달\n놈들 코를 납작하게 해줬다면서요！%b
e02eb85283	이제 국민들한테 우유부단하니,\n멍청이니, 바보니, 생각 없다느니,\n소리 안 들어도 되겠네요！%b
344c5f0a5d	아서 왕은,\n엘리제 왕비 치마폭에 싸여 있었지만,%b
da7e392470	드라군의 말괄량이와 결혼하면\n러스티 님도 아서 왕처럼\n되어버리는 걸까요.%b
b97a20027f	잠깐, 자네, 들었나！？%b
85c5c5b883	글쎄 러스티 왕자님 행방을\n모른다지 뭐야.%b
d3d27b8763	정말, 그 얼빠진 건, 핏줄이라니까.%b
47f794906e	러스티 왕자님 핏줄을 몇 대 거슬러\n오르면, 리그로드 전역의 영웅 아서\n님과 닿는다더군.%b
a74e7b905f	이 아서란 분이 또,\n여자들만 있는 궁전에서 자란 탓인지,\n우유부단한 성격이었다더라고.%b
15563b8e49	분명, 그거지, 거절도 못 해서,\n드라군의 말괄량이 공주한테\n휘둘리고 있는 거야.%b
014e2b933a	아, 뻔한 거지.\n이 중대한 시기에 말이야, 참.%b
e2d1307701	잠깐, 들었나！%b
646a5aa066	글쎄 라그로스를 쓰러뜨린 게,\n그 러스티 왕자님이라잖아！%b
0cc6e40504	다른 사람은 몰라도,\n난, 그 왕자님한테 가능성이 있다고\n계속 생각했었어.%b
859dbeb758	대체 왜 이렇게 연달아\n큰 사건만 벌어지는 걸까.%b
846359880f	잠깐 들었나,\n카달 놈들을 쓰러뜨린 건,\n러스티 왕자님 일행이라더군.%b
06b5041a76	뜸들이지 말고,\n어서 돌아와서,\n왕위를 이어주지 않으려나.%b
806f923693	참, 굼벵이라니까.%b
b648025bd4	러스티 왕자님도\n카달 놈들을 쓰러뜨렸으니,\n뜸들이지 말고,%b
a27e780277	얼른 돌아와서,\n왕위나 이으면 좋을 텐데.%b
e5ef4960ad	라그로스의 탑에 가려면,\n마을 외곽 다리를\n건너는 것 말곤 길이 없어.%b
d032bcf79a	당신들이야말로, 세상의 구세주다！\n리그로드 전역 영웅들의 재림이야！%b
f916c2cdbd	러스티 왕자！%b
bc128c67ed	어서 돌아와서 왕좌를 이어받아,\n우리를 안심시켜줘, 부탁이야.%b
c3e4433858	어, 어, 어, 어, 어떻게 된\n거야, 어떻게 된 거냐고, 어이！%b
871f56e94a	러스티 왕자님！\n들었어,\n카달를 해치웠다며？%b
eb570f43f2	라그로스 탑을 아는 자가 없습니다.%b
b1f2a909a9	저 탑에 잠입한 자도 있었지만,\n모두 돌아오지 못했습니다.%b
2c893e04b4	이럴 수가！\n라그로스 탑에서 돌아오셨다니！%b
a6b1e6e103	당신들이 진짜 영웅이에요！%b
6ec7f46543	지금 마음의 버팀목은,\n퀸즈랜드 왕국의 부활을\n보는 것입니다.%b
2e1642e72a	세상은 멸망해버리는 걸까요,\n아직 퀸즈랜드의 부활도\n못 봤는데！%b
545cf24c4c	아, 하다못해 러스티 왕자님이,\n왕좌를 이으셨더라면,\n저희도 든든할 텐데・・・。%b
6109eb625b	저 산에 우뚝 솟은 거대한 문은,\n차원의 문이라더군요.%b
d86d7a3210	세상은 아름답지요.%b
64adcd4d0a	이렇게 아름다운 세상을 멸망시키려\n하다니 대체 어떤 사람일까요・・・。%b
e794ffd99f	히이이이익, 무서워어어.%b
d3a7d66751	당신, 러스티 왕자님을 닮았네요.%b
ce3fd2fd7f	아세요, 카달를 해치운 게,\n러스티 왕자님이래요！%b
6ac370417d	헉！\n・・・설마・・・！%b
c09237959a	・・・에이 설마, 러스티 왕자님이\n이런 데 있을 리 없죠.%b
a3322ed146	이곳 퀸즈랜드에 전해지는\n전설의 신살검, 디반드소드는,\n대체 어디로 사라진 걸까？%b
9673c416d1	어떻게 생각해？%b
096e8ceea0	그거 어떻게 됐냐, 어이！%b
236fd23f75	그런 마음으로, 현재, 예리하지만\n깊고 조용히 조사 중입니다.%b
6ace1b60db	전설의 검이라면,\n【사쿠라후부키】란 전설의 도가\n있다더군요.%b
afb0c455b1	디반드소드와\n어느 쪽이 더 강할까요.%b
21e01404b1	악은 스스로 멸망한다고 하죠.%b
7d410bc726	이 천재지변은, 악이 멸망해가는\n징조인 걸까요.%b
9606427aec	세상엔 평화가 돌아왔고,\n전설의 검 따위\n아무래도 좋아졌어요.%b
87907b5bce	마법사가 현자의 돌을 가지면,\n무서울 게 없다더군요.%b
0b3c554b5b	마법의 힘이\n자연히 회복된다더군요.%b
4484c12b71	그거 있잖아요,\n못난 자식일수록 예쁘다는 말은\n정말이네요.%b
c5f6ba4b6b	이러쿵저러쿵해도,\n저희는 러스티 왕자님을 사랑하고,\n기대도 하고 있답니다.%b
d5f1b933ed	세상은 어떻게 되고 있는 걸까요.%b
27896a8026	우리 얼간이 왕자님은\n어디로 가버린 걸까요.%b
fd19181e60	카달를 해치웠다길래,\n얼마나 성장했는지 보고 싶다구요.%b
fa7d86a09c	불로장수 보물\n신선의 옥을 지니면,%b
f1a2535c27	저절로 상처가 아물고,\n힘이 솟는다고 하네.%b
3c0274f00f	조언 외길 인생 35년.%b
85e948adde	이제 러스티 왕자님께는\n조언이 필요 없을지도 모르겠네요.%b
a5c8ddcc1a	좋은 동료들을 많이\n만나신 모양이니 말일세.%b
c84f22ebe0	대자연의 벌이야\n・・・라는 이유는\n아닌 모양이군.%b
4c745d5275	대체, 어찌 돌아가는 건지 원.%b
0392c06b2c	조언 외길 35년.%b
de1d73e5b9	러스티 왕자님께도\n제법 조언을 드렸지만,\n그분께는 조언이 소용없었지.%b
1ce09c8aea	조언하기도 전에,\n이미 실패를 하셨으니 말일세.%b
afe49d71b4	뭐, 못난 자식이 예쁘다고,\n다들 왕자님 얘기하지만,%b
eea4af03bd	그것도 이것도, 뒤집어보면\n사랑이 있기 때문이지요.%b
6862d236e4	동방의 신비한 힘을 가진 천녀의\n날개옷이란, 어떤 건가염？%b
5f2b2f9a75	그건 말이지염,\n아름다운 옷이라 들었어염.%b
34d91dff31	그 얼굴은,\n애가 그런 걸 알겠냐고,\n의심하는 거지염？%b
011aa8391e	퀸즈랜드의 왕과 왕비를,\n반역죄로 처형했다. 카달에 복종하지 않는 자의 말로를 보라.\n　　　　　　　　（카달군, 라그로스）%b
e795c697a7	아, 부모님이・・・！%b
b56e42dab0	용서 못 해・・・\n못 한다, 라그로스！！%b
4435b8f85e	반드시, 최후엔 정의가 승리한다！\n　　　（퀸즈랜드 왕자　러스티）%b
d32024f91e	다 함께 힘을 모아,\n퀸즈하트를 재건하자！\n　　　　　　　（퀸즈랜드 자치회）%b
afb635235b	되도록 집 밖에 나가지 말고,\n침착하게 행동해 주십시오！\n　　　　　　　（퀸즈랜드 자치회）%b
902aeb7bbf	러스티 왕자 만세！\n　　　　　　　（퀸즈랜드 자치회）%b
bbc9d52774	이건！%b
60da8557b3	예전 리그로드 전역의\n영웅상으로,%b%h
fe3138c8ca	사람들이 사랑해온 조각상이,\n무참히 부서져 있다.%b
5734da9036	어째서 이런 짓을・・・。%b
b3f7d5ae65	영웅상이 서 있으면,\n놈들도 마음이 불편했겠지.%b
7bcbdc4a3c	언제 자기들 발등에 불이 떨어질지\n알 게 뭐야.%b
7d509db3f2	하지만, 이런 짓을 한 건 실수야.%b
30f1e3045e	적어도, 이 상을 볼 때마다,\n카달에 대한 반감만 커질 뿐이야.%b
779605d213	・・・라그로스놈・・・。%b
aa7a5562e0	지금은 아직 때가 아니지만,\n반드시, 재건하겠습니다, 헥터 님.%b
d837802578	그러니・・・,\n그때까지 기다려주시겠죠.%b
bd0ef6ff92	러스티.\n어서 가자！%b
4c59e988ed	으, 응.%b
d8b2a05406	샘에는,\n그 유래를 설명하는 팻말이 있다.%b
add00f9d8a	읽겠습니까？
63a922b735	사랑 샘.%b%h
c8f4762e35	그 리그로드 전역의 영웅이자,\n우리 국왕이셨던 아서 왕과,\n훗날 왕비가 되신 엘리제 님이,%b%h
321829c92e	혼인을 맺으실 때\n이 샘 앞에서 입맞춤을 나누신 것이\n그 이름의 유래가 되었습니다.%b%h
f4b23ff1d7	이후, 이 샘 앞에서\n입맞춤을 나눈 연인들은,\n영원히 맺어진다고 전해집니다.%b%h
86ef0c2849	그래서, 이곳 퀸즈하트에서는,\n결혼을 약속한 남녀가,\n그 증표로, 또한 행복을 빌며,%b%h
fd7e6e8b09	이 샘 앞에서\n입맞춤을 나눈답니다.%b
3e8841a08c	이런 곳에서\n시간 낭비할 때가 아니지.%b
5ebc14d00b	현재, 이 마을은 카달군 지배하다.\n연락 있을 때까지, 외출을 삼갈 것！%b
404f22e8fb	자, 돌아가, 돌아가！%b
de985f4cfc	적의 강함에 따라\n대단한 상품을 받지.%b
0d85c919fe	이 앞은, 라그로스 님이 계신\n탑이다.%b
86e34e36b8	봐도 상관없지만,\n함부로 들어가선 안 된다！%b
d418e53aaa	너희가 뭘 할 수 있을 것 같진\n않지만, 이상한 생각 말아라！%b
000176394b	이거 정말 훌륭하군.\n유카리에게도 보여주고 싶군.%b
0011dec350	적 리더가\n소중히 갖고 있었을 정도니까,%b
00151091c1	마법구는 이대로 두고\n원래 세계로 돌아갈래,그런 거야！%b
0022f17ec1	결계가 쳐져 있다.%b
003501543f	조심해라～제！\n이 층에는 장치가 있다～제！%b
004728e985	그 전에, 그래비티 사람들의 얘기를\n자세히 들어보면,\n뭔가 알 수 있을지도 모르겠군.%b
00625bd117	%z그럼, 잘 있게, 나의 벗이여！\n다시 만날 날을 기대하고 있겠네！
00725168c8	감사합니다.\n더 파실 건 없으신가요？
007edf13b7	큭！\n라・러스티・！%b
00958362b0	뭔가 위험해 보이는 분위기군.%b
00aea65ee0	・하지만・.%b
00b64b12a7	랭킹
00bcc215f2	그건 싫은데.%b
00be4521e4	쳇,안 귀여운 녀석%b
00db6e0cd0	갈만오브가 어디 있는지 모른다면,\n그래비티 사람들의 얘기를%b
00f3abe639	아까 그 장치는\n이 다리를 놓기 위한 거였다～구！%b
00f951bda9	여기서는, 【보호 실드】의 마법으로,\n적으로부터 받는 손해를\n최대한 줄여나가자！%b
010b9a217d	젠장, 대체 어떻게 된 거야！\n뮤는 어디로 끌려간 거지？%b
0118378401	어느 날, 카달군에게 붙잡혀\n이곳으로 끌려온 것입니다.%b
011a75f5ca	・아니・.\n적어도 기억에는 없어.%b
0133bf2728	아니면,\n내기에 참가해 보시는 건 어떻소.%b
01380f0690	어딘가에 여는 장치가\n있긴 있을 텐데.%b
013b8ae519	카달군은 고대 마법 문명에 관한\n연구자들을 이곳에 모았습니다.%b
0157a8511a	못 놓친다！！！%b
01733a5c54	이런 자들에게 해를 입다니,\n필시 원통했을 것이다.%b
01a104acfb	성 주변 잡초 뽑기 봉사 작업에\n종사해 주실 분을 모집합니다.\n　　　　　　　　　　（자르마 마을회장）\n↑뮤 공주님께 감사 인사를 받을 수\n있다면 참가해도 좋겠네・.\n　　　　　　　　　　　　　　　（슈우）\n↑너, 목적이 불순하잖아！ 그\n점에선, 나는, 처음부터 뮤 님이\n목적이었다고.\n　　　　　　　　　　　　　　　　（히로）%b
01a32a19ae	여기를 이렇게・,\n기다려, 이제 조금만 더 있으면 돼！%b
01bd41f566	아～쨩？\n꽤 오랜만에 듣는 이름이군.%b
01d658c104	아버님이 남기신 카오스의 서에도\n그리 적혀 있어요！%b
01f5c23b2c	미즈타마출현
02143fd878	이 마을에는, 시련의 미궁이라는\n곳이 있다네.%b
022ac3c740	역시, 그만두는 게 좋겠지.%b
02363a9995	쿠리카라 마을에 도달한 상태로\n플래그를 보정했습니다.%b
025aa9e2f9	뭐, 상관없지만.%b
02771160dd	야수라고는 해도,\n얕보면 호되게 당해요.%b
0289af617e	여기엔 【아마츠의 거울】이\n딱 맞게 들어가게 돼 있잖아%b
02a70533e8	마치 여자아이처럼\n감상적이지 않아？%b
02ac084f8b	동료를 모으느라 시간이 걸려서,\n구출이 늦어버렸어요.%b
030c296adc	고마워.\n다른 것도 살 거냐？
0314b0a493	오？\n고목이잖아～제%b
0317fc6642	・그런 거구나.%b
031a958d45	자, 어떻게 해야 하나・.%b
033ffb71a2	지금 나는 그놈들을 구하느라 정신없다%b
034a80a65e	갈자드가 쓰러졌다고 해서 하는 말은 아니지만,%b
0360452f67	%z태워주는 거야 상관없지만,\n돈이 없어서 말이지・.
03637c2229	흥・\n・신이라, 라.%b
03754de164	전쟁은 아무것도 낳지 못한다는 걸,\n어째서 모르는 걸까・. %b
03abcc8f6f	아무래도, 이 수정이 리그로드와\n카칼클랜을 잇고 있는 것 같아요.%b
03b87b1d60	시라나미～！\n아스카한테 붙지 마,인 거야！%b
03c7386c6e	히가타 항구 마을에서\n리그로드 희소식을 기다릴게！%b
03c993763b	퇴각하면,\n기술이나 경험치는 그대로,\n처음으로 돌아가 버려！%b
04165a2b8b	봐봐, 이 절벽, 바닥이 안 보여.\n여기서 떨어지면 그걸로 끝이야！%b
041ae65122	아무래도, 고대 마법 문명의 비밀을\n파헤쳐, 혹시나 마법구 갈만오브가,%b
042a0e9e72	또한,미궁 안 사고에 대해\n당 협회는 일절 책임지지 않는다%b
0431521ddc	조사해보자.%b
043b66cadc	그런 건 미리 말하라고！%b
043e557967	뒷 야마타이로 빠져나갈 수 있다면\n카달군이 거성으로 삼고 있는\n게텐 성에도 갈 수 있을 텐데・.%b
044fea41e3	하지만, 마법구를 부수면\n카오스의 힘이 풀려날지도 몰라.%b
04544f48d4	괴한들 같으니！\n소인의 칼에 녹이 되어라！%b
0454f5da42	영차・.%b
0458f9ea10	여기가 제단인가・.\n과연, 확실히 움푹 팬 곳이 있어%b
0480f5ab6b	으응,아스카는\n부끄럼쟁이인 거야인 거야☆%b
0487507844	으으으으음.%b
048f9c9595	다들 괜찮아？\n태세를 재정비해서,다시 도전하자！%b
0499361f4a	우리는 카오스가 만들어낸 무의 세계에서\n새로운 질서를 만들어내려는 것이야.%b
04b0e0692e	카오스의 힘에 의해 저희 세계에까지\n영향을 미쳐온 것이랍니다・。%b
04b76171d5	아아, 발밑이 위태로운 곳이었지.%b
04bb9a2c8c	응.\n정신 바짝 차리고 가자！%b
04d10dbe0b	뮤, 봐！\n저 문 너머야！%b
04ee25b130	허나 미궁협회에서 등록을 안 하면\n시련의 미궁엔 못 들어간다오.%b
050a284f90	어라？\n이～상한 고목가 있네.%b
052c0f25ee	여기가,오보로 계곡이다\n이 안쪽에 쿠리카라란 마을이 있다더군%b
057040a76a	【회복약】은,\nHP를 회복시키는 아이템이잖아.%b
05729a1ad7	이 상태로, 한동안 계속 밀면\n열릴 것 같아요.%b
05ae13d122	정신 차려！%b
05cd92842d	허락 없이 오보로 계곡에 들어오다니\n대체 어디 어리석은 자냐！%b
05f4e77ae4	%z아스카, 잘 있어, 인 거야・.
0601488a94	그렇구나・이 수정은, 이 세계와\n카칼클랜을 잇고 있는 거야！%b
062c6b6ed8	하온데, 공주님께서는\n어찌하여 그런 이름을\n알고 계시는 것이온지？%b
0633f33989	그곳에는 함정이 설치되어 있다.%b
068359ffc2	잘 왔다, 나의 미궁에.%b
0696b5162a	누구에게 칼날을 겨누는지\n재교육이 필요하겠네요.%b
06b9d916a0	이 절벽은 꽤 깊군・. 떨어지면 아무도 도와줄 수 없어.%b
06cb5a42d2	후후, 자신 있다면\n운을 한번 시험해보는 게 어때？%b
06eaadc421	죽었으면 얌전히 있어 줬으면\n좋겠는데, 정말이지・。%b
07023bec9b	우오오오～.\n고목이 다리가 됐다～제！%b
0717401bd0	멈출 수 있으면 멈춰봐라！\n쓰러뜨릴 수 있으면 쓰러뜨려봐라！%b
0723110e8d	이제, 됐다, 이렇게%b
07255928a8	리그로드에서 카달군이\n사라진 건 아닙니다.%b
075a3a4415	쿠리카라 마을은, 뮤 일행과 함께\n흔적도 없이 사라져 버렸다・%b
0767d945d9	변소야, 변소.\n냄새로 알잖아？%b
076b27caa6	디아네 씨・。\n고마워！%b
076bf6bc0c	%H%m1%V100［%m0７인위원회 사념%m1］%V0%m0\n
0775433dc2	감사합니다.\n더 사실 건 없으신가요？
077adda315	공주님！\n익시즈 호 수리는\n소인에게 맡겨 주십시오！%b
079473d1e0	영차！%b
0798a3e751	%z괜찮아, 그런 건,\n어릴 때부터 익숙하니까.
079ca9dc32	드디어 ７인위원회 놈들을\n쓰러뜨렸다～제！%b
07abb53ce7	지금은 그만두는 게 좋으려나？%b
07b4f3d456	나가기
07e2c010e1	상륙하면, 북쪽 방향으로 가게.%b
07e46877c6	봐, 식신이！%b
07eb2baa10	%z앙주 아가씨・。 분명, 힘든 생각을\n하고 계실 거예요.
082303b7d3	뭐야, 먼지투성이잖아！\n청소 정도는 해뒀으면 좋겠는데.%b
082dac4bfd	이런 말 하는 사이에\n조금이라도 행동을 해야겠군요.%b
0871fb4315	그・그럼,\n이제는 형체도 없단 말이옵니까！？%b
08bebaa11a	여기에는 【야사카의 곡옥】이\n딱 맞게 들어가게 되어 있어%b
08dbcd9ff0	으하하하하하,\n자, 상금인 %SG다.\n아쉽게 됐군.%b
08e11e63a3	결계동을 여는 도구,\n【야사카의 곡옥】\n이군.%b
090320a653	어서 와.\n다른 것도 살래？
09148940b6	마음에 안 드셨나요？\n다른 건 없으신가요？
0919e2a4dc	여기서 밖으로 나갈 수 있어%b
0945360802	아스카가 동료가 되었습니다.%b
095401ba99	자세히는 모르지만・。%b
09666908fc	설마, 폭포 뒤쪽이 입구로 되어 있을\n줄은 생각도 못 했어.%b
096998c6bd	그럼, 카달로 가려면\n어떻게 하면 되는 거지？%b
09ab0a013e	아버지・국왕은 어디에？%b
09d422da42	드디어, 결전이네！\n다들, 준비는 됐어？%b
09ddd0105b	아, 뮤 누나！\n서쪽 숲에 있다는 수정 보러 가자！%b
09e796049e	엄～청 좁은 곳이네！\n다들 떨어지면 안 돼！！%b
09f347eb92	시점０---거의 바로 위 시점（근）----
0a0204f425	아,혹시 여기엔 【호라이의 구슬】이\n딱 맞게 들어가게 돼 있는 거 아냐？%b
0a1462579e	언제든 오라고！\n두들겨 패주마！%b
0a4d8c5a85	이 녀석이 폭발하면,\n주변 일대를 날려버린다는 거군.%b
0a4f3d5594	좋아, 한번 화끈하게 밀어붙여 볼까！%b
0a69ceadab	무기점과 방어구점을 운영하는 매인은\n호크아이란 이름의 사람 좋은 남자야%b
0a907f5c77	그래비티에 가려면 어차피 지하 통로를\n지나야 하니까, 가는 길에\n말라카이트를 찾을 수 있겠네.%b
0a922d41dc	뭐, 참가하지 않아도\n내기는 할 수 있어.%b
0aaa0acf85	어이쿠, 뮤 님 아니십니까.\n무슨 일이신가요？%b
0ab4221512	지진이라는 건, 참 싫은 거군.%b
0ac47965f8	좋아, 가자！%b
0aecfd7ddb	고목이 다리가 됐소%b
0aed022f0c	간다！우리 손으로\n갈자드와의 결착을 짓는 거야！%b
0b00aef17b	・여기는！\n카카루크란이 아닌가！！%b
0b2202bdea	우왓！\n빨려 들어간다・！%b
0b2b0450a6	다리라도 있으면 좋을 텐데・.%b
0b2c66d962	하이랜드에 도달하기 위해서는,%b
0b2e9061a1	적의 강함에 따라\n괜찮은 상품을 받을 수 있지.%b
0b31f78c99	대체,７인위원회는\n여기서 뭘 하고 있었던 게냐？%b
0b50f2c89f	기술 융합 오의가 적힌 책이\n어딘가 보물상자에 잠들어 있다더라%b
0b5c358724	어딘가에서 그럴듯한 물건을\n손에 넣고 나서\n다시 한번 시도해 봐야겠군.%b
0b7279ab2c	%z아스카의 자손이, 깨우러 온다면,\n운명을 느껴버리는 거야, 인 거네！
0bb02ee64a	뭐라고요！\n지금, 뭐라고 하셨어요！？%b
0bf6c0f801	이 둔탁한 색깔・이 무게.\n이 빛나는 방식과 이 감촉・.%b
0c0eed3eea	%z나는 호박이라도 되냐？！
0c12316c6b	하지만 이걸로 여한은 없다.%b
0c23ac3fe3	디아네 씨라면,\n분명 우리한테 힘이 되어줄 거야！%b
0c2f416b25	승부에는 졌지만,\n기술로는 이쪽이 이겼다고요.%b
0c3081e3e1	좋아・그럼 다들！\n조심해서 간다！%b
0c484ccbca	당신은 누구니까！？%b
0c4957e903	괜찮은 거야？%b
0c4c466c09	드래군 성에 무슨 일이 일어난 걸까.%b
0c6c803dea	게다가 오랫동안 찾아온 이도 없어서\n말투가 좀 이상하지 않겠소.%b
0ca9de0de1	뭐라고・！%b
0caf24796d	하지만,국민 불신 목소리가\n하늘에 닿을 정도지요%b
0cbf99ee73	그, 그것만은 봐주게.%b
0cdccd8c80	저기 말이야.\n그런 말은 하지 마.%b
0ce226f3d1	갈자드 님과 라그로스 님은,\n사이가 안 좋다더라.%b
0d208f6c0e	나는 뮤.\n리그로드 대륙 드래군 왕가 사람이다.%b
0d36ad4a60	여기가 해저신전이네%b
0d3e2ec4ac	많은 적을 한꺼번에 상대하는 건 위험하다.\n최대한 뭉쳐서 한 놈씩 격파해나가자！%b
0d4557c936	저건, ７인위원회！%b
0d6bb2ef23	이 근방에 잠들어 있다는 이야기가\n예로부터 이가에 전해지고 있었어.%b
0d7055283a	이 문은, 나를 쓰러뜨리지 않으면\n안 열린단다～.%b
0d9beb2f35	비탈길이 있으니 발을 맞추지 않으면\n각개격파당한다구요！%b
0d9c3dc630	적이 쓰는 롱샷은,\n나무 뒤에 숨어서 흘려보낼 수 있어.%b
0da5140f48	뭐지？\n일단 챙겨두자.%b
0dc363e166	여기, 없어질 거라던데%b
0dc5655656	거기에는, 카오스의 힘에 관한 내용이\n적혀 있었습니다.%b
0de3e0accd	실은, 서쪽 숲 근처에 다다랐을 때\n추락해 버려서・.%b
0dfed2a6c5	정면 돌파！%b
0e0efa06f0	드래군 성 이후로군요, 뮤 왕녀.\n일부러 와주신 것에 감사드리오.%b
0e33186c37	생각해야만 해요.%b
0e4fe15b9e	「%nS」를\n팔아준다는 거냐？
0e797d8286	미안・%b
0ea2c87745	이 문에는 뭔가 장치가 되어 있는 것 같네.%b
0ea8cfefc9	카달에 사는 자로서, 또한\n알렉트리아 대도서관 무투사서관으로서,%b
0ee8369c91	드디어, 3번째를 밟아버렸군요.%b
0f07e8d56d	뮤 님・！\n강해지셨군요・%b
0f15421efa	【아라미타마의 보검】을\n장치에 꼈다%b
0f276522e1	이 인원으로는 못 움직일 것 같아요.\n더 해봐야 시간 낭비예요.%b
0f2996841a	내 천재적 두뇌에 의하면,%b
0f49eb8f2a	뮤 님, 그 전에 주위를 보십시오.%b
0f6cdab537	나즈나의 운명을 결정한 장소구나.%b
0f9803d409	문 여는 거 도와줘！！%b
0fd1dbb73b	결계동과 관계있는 걸까？%b
0fee06f654	히바리는 잘 지내고 있어요.%b
0ff42a5670	뭔가 알 수 있을 것 같은데.%b
100244a3ee	%H%m1%V100［%m0%s0%m1］%V0%m0\n이걸로 익시즈를\n부활시킬 수 있어！%b
10055c4ca8	아스카, 제발, 진정해.%b
1005f85b4d	７인위원회는 분명히 폭주하고 있어.\n누가 저놈들을 좀 막아주지 않으려나%b
1025fd392f	뭘 팔 거냐？
103426ce9e	이 대륙에서 그들에게 대항할 수 있는\n건 뮤 님밖에 없습니다.%b
1039cf79b2	다만, 이 사막을 건너는 것이 어려워서, 실제로 목격한 사람은 적습니다.%b
105e4403a6	실력에 자신 있다면\n한번 시험해보는 게 어때.%b
1077a4d03c	큭・,\n아직도 안 열리는 건가！%b
10a23d688f	항구 오르트마는 이 자르마 마을서\n남쪽으로 내려간 미디국에 있어요%b
10b244b1be	익시즈 부활
10b8935510	앙주를 동료로 넣을까？
10be2b3838	세상에 파괴와 혼란을\n가져오려는 것은！%b
10c7b14a99	아～짱의 등은 내가 지킬게！%b
10e87c29ac	어서 오시게\n다른 것도 파는가？
10fa4c9687	다리가 놓였어요！%b
1116c251ff	여긴 일단 마을로 돌아가 준비하자！%b
11194299c8	휴, 이 앞이 세이료카쿠다%b
112014b148	모조리 파괴해 주마！\n내가 영원한 세계의 지배자가 된다！%b
1139b0dbab	그럼, 좀 더 기다릴게,\n리그로드가 큰일이잖아？%b
1156eff814	나갈까요？
1166836584	이잉,\n아직 안 열려요.%b
116af5a4ee	용기사의 긍지와 명예를 걸고 맹세해%b
116b64b113	스스로의 잘못을 갚으시려면\n살아야 해요！%b
117992689f	근처에 마을이라도 있으면\n거기서 뭔가 알 수 있을지도%b
117e05ef4e	전혀 안 열리는 건 아닌 것 같다.%b
118499dc1a	잠깐, 잠깐, 잠깐！\n뭐～야, 뭔가 이상한 소리 하고 있는 거야！%b
118f16f1a5	계단서 집중공격 안 받도록\n두 갈래로 나뉘는 게 좋겠어%b
119579351e	\n뭘 파시겠습니까, 뮤 왕녀님？
11a0cf5ab2	드래군 성을 점령했던\n거만한 여자 얘기？！%b
11a2f3a951	호라이산에 사는 괴물들이다！%b
11b83d5195	팔이 근질거리네.\n아～쨩.%b
11e482e158	흐음・.\n이 감촉, 이 색깔・.%b
11f1210a5a	%z바보 아니야！\n내가 첫 번째인 게 당연하잖아！
11fb285a15	음・.%b
121d9e8138	생각보다 발판이 나쁜 것 같아요.%b
12335ea5a3	흐음, 아까 그 장치는\n이 다리를 놓기 위한 거였구나.%b
123c27073b	여기저기 상했지만\n수리가 불가능한 건 아니야・.%b
1249a7f5eb	그럼, 우리가,\n네 동료 구출을 도와줄게！%b
1256564aa4	상대를 튕겨내는 기술을,\n쓰는 적이 있는 곳에서는\n절벽에 가까이 가지 않는 게 좋아.%b
125f9e62ae	봐！\n저런 곳에 통로가！%b
12671866e1	\n뭘 사시겠습니까, 뮤 왕녀님？
127b3a67a3	러스티는 【아마츠의 거울】을 꼈다%b
1289556329	그리고 식신이랑 관계있어？%b
12a15b9a18	（순차 선택）［５／７］\n（역순 선택）\n　미행동 캐릭터에 커서를 자동으로 맞춥니다.\n　누를 때마다 다음 캐릭터로 전환됩니다.
12b8498378	우선 갈만오브를 찾으러 가야지.%b
12cbfd2283	러스티！！\n아스카！！%b
12db19bdfe	자연 발생한 건 아닌 것 같은데.%b
130bf81793	내가 생각한 대로\n출구가 나타났다～제.%b
132026c9d1	그건 고죠 마을 중심으로 악덕\n상인・관리에게서 금품을 훔쳐서는,%b
133d18059a	근데, 앞으로, 우리,\n어떻게 하면 좋을까・？%b
134b5a4f96	어떻게 된 걸까・.%b
13560e6e24	하지만, ７인위원회가\n카칼클랜에 있음으로 인해,%b
138bc8030f	시련의 미궁에 도전하실 분은\n미궁 협회에서 등록을 마치세요%b
138bd45aa1	듣기
13a1aa4ec9	너희가 뭘 하려는 건지\n알고 있는 거야？！%b
13c83fc73f	여기서 제군을 철저히 분쇄한다%b
13d8a88733	・많이 기다렸습니다.%b
1408c5d3db	%H%m1%V100［%m0무리%m1］%V0%m0\n
1420bc2993	７인위원회의 방식에는\n다들 불만을 품고 있었지.%b
142c183f01	대결！갈자드
14560d22c0	더없는 영광입니다！%b
146e9fa5fb	이건・사념！%b
14ab0b4a55	헤헤～, 니 엄마 배꼽쟁이지요～！져도 하나도 분하지 않다고요～.%b
14c3022065	그럼, 시작해볼까요.%b
14deae63cb	에잇, 놔라！%b
1502f1e8e8	그렇다고는 해도・.%b
151a3990e6	변경했습니다.\n괜찮으시면 세이브해 주세요%b
1527e90de7	넣는다
153796656c	어딘가에서 그럴듯한 물건을\n손에 넣고 나서\n다시 한번 시도해 보자고.%b
154585fb9d	젠장・,\n아직도 안 열리는 거냐・！%b
155d3aafb1	가르만 오브의 마법력으로\n위스코의 봉인을 깨고 있었던 거야%b
15721a5461	아무것도 안 했다는 건,\n뭔가 하려고 했었다는 거지！？%b
1572a5a9fd	・그래서, 그 드래군 왕가 공주님과\n퀸즈랜드 왕자님이 무슨 볼일이지？%b
1572f71648	%z무,무슨 일이죠？
15a166a37a	하지만,이 나무에는\n뭔가 있을 것 같다～ 그래！%b
15b44cafbf	여기가 결계동인가・.\n이 발밑의 무늬는？%b
15d72c4520	내 이름은, 나는 새 아스카.%b
15da6ec7ce	야사카의 곡옥은\n이미 설치되어 있지요.%b
15e2c77fb6	어쩔 수 없네요\n조금 아픈 맛을 보여드리겠어요.%b
15fba8af6d	저건 ７인위원회？\n어째서, 이런 곳에？%b
160c6e13b4	이런이런 뭐,여기를 지나지\n않으면,시작도 안 되니까%b
161388d239	우리를 도와줄 거니까？\n고맙다니까.%b
161a168fe7	후, 어떻게든 놈들을 쓰러뜨렸다.\n이걸로 세상도 원래대로란 말이지.%b
1623bb422f	이건 결계동을 여는 도구,\n【야사카의 곡옥】\n이군.%b
163c127d3a	대체,\n어떤 구조로 되어 있는 걸까요？%b
164c81d68d	다들, 다친 데는 없어？%b
164de470b9	조심해！ 높은 절벽에서 떨어지면\n목숨이 위험해！%b
165c042a9b	카달 만세！\n７인위원회에 영광을！%b
1669f7b942	나는 너를 쓰러뜨려서\n많은 이들에게 평화로운 삶을\n되찾아주러 왔다！%b
167734bdca	갈자드여・.\n지금 당장, 카달로 오너라.%b
16b4e451e1	・너까지 그러면,\n우리 어떻게 해야 할지・.%b
16b82e2689	호호호호호！\n패배자가 돌아왔구먼！%b
16fa820c62	카오스의 힘은,\n사람이 다루기엔 너무 큰 힘이구나%b
16ff664910	이거 얘기를 들려주면,\n분명, 여동생이 엄청 좋아하겠지・。%b
172b340288	・후훗☆%b
172cf66ebe	오르면 세이료카쿠가 나오지？%b
175700e8c3	오르트마 전체를 뒤져도,\n디아네를 당할 뱃사람은 없어.%b
178438af99	저게 ７인위원회인가,\n딱 봐도 악역 같은 느낌이네.%b
17a21d4579	그런 이유로,\n옛날부터 뿌리 없는 식신이 잠든 곳은\n괴물 대량 발생지이기도 한 거야%b
17a5fecff5	그렇네・.\n자, 서두르자.%b
17aaa9d19c	그래도,처리 못 한 주민들은\n수용소로 보냈지만 말이다！%b
17ad0f5ec3	아무래도, 저 아이들을\n자기 손주라고 믿게 된 모양이다.%b
17c827989a	조심하시길 바라요.%b
17d935ef09	다들, 발밑을 조심하며 나아가자.\n간다！%b
17e790fbdb	그리고, 이쪽에 있는 게 러스티.%b
17f38b6f38	루나 님께, 뮤 공주님이 이곳으로\n돌아오신다고 들었소이다.%b
18099dca0f	건너편까지 너희를 옮겨서\n거기서 「놓아」줄게.%b
180e71ae4d	저도 이런 육지의 존재는\n기억에 없어요.%b
182ed88e89	들떠 있을 때가 아니다.\n봐라.%b
1887fc554f	자～아, 얌전히 감옥으로 돌아가～렴.%b
188a38d999	나즈나는 【야사카의 곡옥】을 꼈다%b
188dd9fb98	손님들은 어디서 오셨소？%b
189b6467fa	마법구기동
18a2d4b1da	경고！\n이 앞은 시련의 미궁%b%h
18afc0d4c7	다음에 지날 때도\n조금은,조심해서 나쁠 건 없지%b
18b2404078	카칼클랜에서 ７인위원회를\n쓰러뜨렸을 때 영혼은 불멸이라 했어！%b
18b32fd3f0	동쪽 숲에는 그다지 온 적이 없지만,\n수정의 빛은 똑같네.%b
18df36117f	카달에서는 본 적이\n없는 적들뿐이네요.%b
18f2482436	앙주！\n망설이지 마！%b
1928f45dc8	%z응・.\n긴, 여행이었지・.
193ec93e4c	하이랜드에 가려면,\n여기서 나가야 해요.%b
1944efe665	디아네 씨, 고마워요！！%b
196407a7f3	나도 괜찮아.%b
196ca4dabc	다시 만나요！%b
1982b0f059	뭐,여길 지나서 적을 소탕하지 않으면\n구한 마을 사람들도 안심 못 하니까%b
19a0334df4	하아・.%b
19a619d7c4	%H%m1%V100［%m0%나즈나%m1］%V0%m0\n
19d135e641	・카달 일,\n결국 다들한테 말 못 했어・.%b
19d65c047b	또 감옥으로 돌아가는 건 사양이야%b
19f6692eda	알고 있다니까！%b
19f69d76d3	뮤, 무사히 있어줘・。%b
1a3e9d9d9a	투명화한 적 공격은\n【스코프아이】마법으로 알아채거나,%b
1a613124dd	신성 마법 【홀리 큐어】나,\n아이템 【암리타】를 써서\n원래대로 되돌리는 수밖에 없다구！%b
1a6a6d5e81	・용서 못 해！%b
1a7f3d8e20	뭐에 쓰게？%b
1aa3270e2f	이 수정 기둥에 원인이 있는 걸까요？%b
1aa4246e24	아～아, 왜 내 주변에는\n이런 여자들뿐인 거지.%b
1aab89654a	갈자드여・.%b
1aabef0969	흠,\n반대쪽 문이 열리는 장치인 모양이군.%b
1aae85320c	이런 갑작스러운 싸움으로\n다치면 곤란해.%b
1ad201dbcf	대체,드래군에 무슨 일이 있는 거야？%b
1adf826579	제단인가 뭔가처럼 보이는데,\n뭘 위한 물건인지, 전혀 모르겠군.%b
1aea57c4e9	아・아, 응.%b
1aed250187	어디로 도망쳤냐！！\n갈자드！！！%b
1afdc8f016	비탈길이 있다～제！\n천재인 나는 걱정 없지만 다들\n각개격파를 조심해라～제！%b
1b03ef3072	초절 귀여운 식신 나즈나는,\n정령계에서 아주 심심했던 거야.%b
1b22176afd	그 팔코라는 게,\n호크아이 씨의 동생이야！%b
1b2e506a7b	적에게 포위!
1b2fa13957	여해적 디아나라는 전설, 진짜\n인가요？%b
1b3c64d14b	이 얼음 봉인은, 사람이 침입함으로써\n깨지도록 되어 있었던 건가！%b
1b3dac6cf3	알렉트리아 대도서관 장서에서\n조사했던, 익시즈호와 관련된 서적의\n저자 이름을 기억하세요？%b
1b7413cb42	이게, 수정 기둥인가・。%b
1b9a2e1ad8	성릉곽공략
1ba2bdaab4	수정 기둥・이라.\n처음 이걸 본 건, 13살 때였지.%b
1baca19269	여기에는 【아마츠의 거울】이\n딱 맞을 것 같네요.%b
1c0690620d	↓↓↓세이브 보정↓↓↓
1c0bd0d82b	흥훗☆\n아스카한테 부탁받다니,\n평생에 몇 번 없을 일이지.%b
1c496928ce	그렇다면,나는 내 양심에 따라\n너를 처단하겠다！%b
1c4e41438d	이게 빛나는 날개의 기동 장치군요.%b
1c577eddc3	마법구를 부수면 카오스의 힘이\n풀려날지도 모른다～제！%b
1c87402c60	역시！\n고목이 쓰러져서 다리 대신이 됐어%b
1ca071d13d	분명 이것이\n말라카이트로군.%b
1ca62f9fc4	앙주, 저게 갈만오브야？%b
1cb2d82bf1	%z나야말로！
1cc0709618	음,뭔 짓이냐！%b
1ccd100c8e	문이 열렸다！%b
1cd029f67e	이걸 세상 평화로워지는 거야인 거야%b
1d0b40ff49	간다,\n７인위원회 사념을 쓰러뜨린다！%b
1d38196d58	응.\n고마워요, 디아네 씨.%b
1d3bdf0172	리그로드를 습격한\n카달이란 나라 놈들이다！%b
1d5de32e08	돈도 없는 주제에%b
1d8206aca7	루나가, 다들 여기로 돌아온다고,\n알려줬어요！%b
1d8a13b2b0	해냈다, 열렸다！%b
1d90ea8abc	카달의 잔당이구나.%b
1dd9fd71e4	아직, 세이료카쿠에는 아이들이\n붙잡혀 있어.%b
1deba33072	그러고 보니,몸통 박치기로 자폭하는,\n자주식 폭탄,폭탄군이 있다니까%b
1debd50f25	적의 마법을 견딜 수 있느냐가 문제야%b
1e00e834fd	2. 아이템 반입,\n보물 반출은 자유입니다！%b
1e17da2c4e	책장이・움직인다！？%b
1e34ed799e	오늘은 대규모 군사 훈련이라도\n하고 계신 건가요？%b
1e4500ff59	여기는,못 지나갈 듯한데,그런데%b
1e5e018066	어딘가에 이 녀석 짝패가 있나？%b
1e9dcf2897	그 전에,그래비티 사람들의 얘기를\n자세히 들어보면\n뭔가 알 수 있을지도！%b
1e9fb6ff91	７인위원회에게\n겸허라는 말을\n가르쳐주겠다～제！%b
1eaccfa004	일단, 당신들이라도 상대하며\n워밍업이나 해볼까요.%b
1eaf147553	뭘까,\n이 안개 같은 거・？%b
1eb4b54385	%z・휴.\n정말로 키스할 줄은 몰랐어.
1edae0b15d	해치우는 거네！%b
1eeb01b944	다들,\n다치지 않게 조심해！%b
1f2c79fb42	우리 여행 위험해\n여기서 헤어지는 게 신상에 좋을 거야%b
1f2e09c473	아마 결계동을 여는 도구겠지.%b
1f70ecd1ef	여기에 갈만오브가 있으면,\n익시즈를 부활시킬 수 있다니까.%b
1f93c41d0e	뭐 하는 거야, 답답하네！\n얼른얼른 해치워버려！\n리그로드가 큰일이잖아？！%b
1fa1f0f6cd	그런데, 마을 사람들과는 만나셨나요？%b
1fbc2289d0	본 적 없는 적들뿐인 거구나.%b
1fbff11698	자, 얼른 탈출한다～제.%b
1fc0b84d4a	맞아！\n그건 뮤한테 실례잖아・.%b
1fc8e2ebe1	이가 서쪽에 있는, 닌자 저택인가・\n그럼, 목표는 거기구나.%b
1fcdef479b	여기에, 넣으면 되는 거지.%b
1fe6872d32	유사시엔 믿고 있습니다.%b
1fee2e7413	이것 좀 봐！\n이거 대체 뭐지？%b
200ca6eedb	어떤 힘을 가지고 있는지\n천재인 나로서도 모르겠다～제.%b
20297d5244	젠장！\n역시 수면제가 들어 있었나・！%b
203d4820eb	이게 갈만오브인가.%b
204b52f499	어딘가에서 그럴듯한 물건을\n손에 넣고 나서\n다시 한번 시도해 보지요.%b
2067e53cae	뭐, 여기서 이러고 있어봤자,\n시간만 지나갈 뿐이려나・.%b
2093e052f4	루나 님에게 뮤 공주님이 이곳으로\n돌아오신다고 들었소.%b
2095f4f651	나도,\n정말 있을 줄은 몰랐지만 말이야.%b
20a716daa5	대체 어떻게 된 거야？%b
20ae72de72	봐！\n대지가！%b
20bb76d6cf	루나에게, 카칼클랜에 간 모두가,\n여기로 돌아온다고 들었어.%b
20e7c4e905	흐곳！！\n역시 그만두는 거다～ 그래！%b
20e9556ca6	%z우, 우와・강해 보여・.\n저기, 뮤, 역시, 그만두자！\n다치면 큰일이야！
20ee58ffdf	동생은, 소생과 달리, 학자 기질인\n사내라오 무엇 때문인지・。%b
2105be506c	고마워.\n다른 것도 팔 거냐？
2108d8e065	이 문을 열면,\n카무이코탄 사람들을\n구해낼 수 있겠네！%b
2114a77367	이게 있으면,\n앞으로 나아갈 수 있다고요.%b
2126f3f588	큰일 날 뻔했어！\n또 어처구니없는 실수 할 뻔했다고%b
2132427c9d	뭐, 뭐야 너희들은！？%b
213c31c411	이 반짝임은\n익시즈에서 본 것과 똑같다.%b
2179700b17	출구가 보이지 않는 것도\n적의 짓 때문이겠지요.%b
2192b25f5f	이걸 타면 야마타이로\n가는 거였지・.%b
21a2c6a571	봐봐. 환술이 풀려서 출구가 모습을\n드러냈어.%b
21a34e9740	여기를 내려가면 항구도시 포포론으로\n나갈 수 있을 거예요%b
21c6115907	마법력 자체는 별거 아니라는 이야기다.%b
21c9f1053a	반대쪽 문이 열리는 장치인가 보군%b
21ccf0a7c9	엄마와 아이를 떼어놓다니 너무해！%b
21d3eff0f5	우리가 세계를 지배하는 거다아아！%b
21f9b5014e	・그러니까,\n그냥 왠지 와 본 것뿐이라는 거군・.%b
220330fc33	그 드래군 성에서 동쪽으로 가면\n러스티 님의 조국,\n퀸즈랜드국이랍니다.%b
2204129615	이리된 이상\n정정당당히 승부다！%b
22183e4fa5	카달의 ７인위원회라는 자들,\n뭔가 고대 문명에 관한 전설과 지식을\n혈안이 되어 찾는 모양입니다%b
224ab10c57	내가 졌다,\n다신 그대들을 습격 안 하마%b
228680c74b	%z그러네요.\n타타라가 있어주니까요・
229e491859	하지만, 츠키구미 두목의 이름을\n걸고, 부하를 구해내야만 하니까.%b
230dd9d65e	%z끄으윽,분해,너무 분해！ 이렇게 된\n이상 여도적 시라나미의 이름을 걸고\n아스카를 내 걸로 만들어버릴 거야！
23118ce963	맞아, 책임자 나오라고！%b
2315138412	리그로드 사가의 영웅 중 한 명,\n다이간 아니겠어요！%b
231baf1aca	그만두시는군요.\n다른 볼일은 없으신가요？
235c8847e2	요즘은, 손님 발길도 뜸해.%b
2364b9fdf1	여기는 대체・뭘까？%b
236a9aa1cc	그건, 본명이야.\n지금은, 시라나미라고 불려.%b
23864ec267	나중에 마을에도 말 걸어주세요.\n분명 다들 기뻐할 거예요.%b
238beca061	고마워.\n네 그런 점, 좋아해.%b
2390df186e	잠깐 기다리는 거다～제！%b
23cdcb4983	그럼, 마법구는 이대로 두고\n원래 세계로 돌아가기로 하죠！%b
23dca2fb86	주변의 반응도 사라졌군.%b
23e3539dbb	적을 전멸시키거나,\n「퇴각」하면 되는 거였지.%b
2410c25fb1	간다
24175f96cd	떼려야 뗄 수 없는 운명과 우정으로\n맺어진 이들을 다스리는 건\n어려운 일이 아니다%b
242737560e	・그렇구나, 고생했구나.%b
24507b0369	수왕의 이름을 걸고\n반드시 인질을 구한다！%b
24608123e7	학자？\n대체 무슨 연구를 했었어？%b
2477e4f700	바로 이거예요, 이게 말라카이트예요.%b
247f92eb7e	저건,７인위원회야,인 거야！%b
2480fb484e	%H%m1%V100［%m0의문녀%m1］%V0%m0\n
249f0d9e67	무사했느냐！%b
24b4320f00	놔줘！\n타타라를 구해야 해！！%b
24c9067f86	%z러스티 주제에, 건방지구나☆
24ce596e77	이거, 기억해 두면 좋을 거야.%b
24da2b05f6	뮤는, 일단 포기했다.%b
24df747c15	그럼, 남은 적을 조심하면서\n출구로 향하자！%b
24e18e0e09	좋아, 여기서 밖으로 나가자%b
24f160df21	맡겨둬！%b
24f370a744	하지만, 조심해라！%b
24fa5b0dc1	카오스가 가득한 세계, 카카루쿠란.%b
252de307ca	ＢＯＯＴ３메뉴　　
254e44113b	여긴 전문가에게 물어야겠네요%b
257293a176	마법력이 점점 강해지는 거다～제！%b
258a9cfcdf	이게 뭐지？%b
259d056871	하지만,지금은 이 장치에 관해\n딱히 취할 방법이 있는 것도 아니고・%b
25bba08861	좋은 솜씨지요, 장인의 솜씨란\n이래야 하는 법이지요.%b
25bcb0f2cd	투명해져 있을 수 있는 건\n4에서 5턴 정도야.%b
25bde50425	테스트시작%b
25bf8aa6f4	앞으로 나아가겠소%b
25db8029d8	식신은, 싸움에 관해서는,\n상당히, 실력이 좋다고 들었어%b
25dda96f3d	그럼, 이쪽은・？%b
25e9795803	내가 「용변화」로 용이 되어서\n저쪽으로 건너갈게%b
25ec38a26c	전 이제부터 카달 본국으로 돌아갑니다%b
25f2740709	책임자 나와라！%b
260a2e6eba	카달의 잔당이로군요.\n정면으로 가겠소이다.%b
260e0a1fa4	이 수정 기둥 탓인 건가？%b
2616e1f23c	아무래도, 여기에는 【야사카의\n곡옥】이 딱 맞을 것 같다.%b
261ac26fef	하지만,신경 쓰이는 무언가가\n이 나무엔 있는 것이오・%b
261f84cf1e	두 팀 중, 어느 쪽이 이길지,\n그걸 맞추는 거지요.%b
2622a0620c	%H%m1%V100［%m0아스카 약혼자%m1］%V0%m0\n
264879ae63	그렇다면 아까 그 장치는\n이 다리를 놓기 위한 거였군.%b
265b54eee4	이것 참, 뮤 왕녀님・\n용기사이자, 드래군의 꽃.%b
2668b615ba	타타라는 다시 공장으로 들어갔다.%b
2693406dcd	저, 처음 뵙겠습니다.\n자, 잘 부탁해요.%b
26abc8796a	루나！\n게다가, 디아네 씨에 팔코까지！%b
26b76ad4d8	잠깐만！\n눈물의 재회는 나중에도 돼%b
26b874d6c0	%H%m1%V100［%m0관장(선)사념%m1］%V0%m0\n
26c208d871	이 색깔, 이 반사, 이 질량과 감촉！！\n완전히 익시즈에서 본 것과 똑같아요！%b
26ccd1f39b	%z소중한 사람을 찾으면,\n꼭 안아주고, 절대 놓으면 안 돼！
2700ca2044	조금 움직였소.%b
271b60202a	익시즈 추락 후
271b76aae5	여기서 갈 수밖에 없다.\n
272a9ee1be	됐다！\n이제 됐지.%b
272ea3baeb	발밑에서 얼쩡대는 눈엣가시 강아지들을\n쫓아내 드리지요！%b
27346e1361	시노비란 건, 원래,\n철광석을 정제해서\n무기를 제조하던 기술자였어.%b
27627a2c0c	흐음, 이것이, 수정 기둥이란 말이오%b
2767728961	정말로・그래도 괜찮으세요？%b
27958286d3	세상에 새로운 안정을 가져오는 자다.%b
279dd6418b	아니, 이런 걸\n조사하고 있을 때가 아니지.%b
27a103c58d	이곳이 게텐 성인가・.%b
27a8f0a2dc	이 싸움이 끝나면\n또 천천히 이야기를 나누자.%b
27b92f5543	본 적 없는 적들 같네.%b
27b9bc37e6	공격 마법으로 공격하는 수밖에\n없으니까 조심해！%b
27cf42c018	어떻게 할 셈이지？%b
27e6ed3f83	장(場)의 위상을 일으키는 흔들림은\n이물질의 개입에 의해\n쉽게 유발될 수 있다.%b%h세계는 그 이물질 개입의 균형을 잡기 위해\n한쪽으로 힘을 뿜어낸다.%b%h거기서부터 파도처럼\n흔들림은 점점 커져 간다.%b%h그리고 그 흔들림,\n즉 카오스가 계속되면%b%h두 세계의 경계는 사라지고\n모든 것이 허무에 뒤덮인다.%b%h허무와 실존이 쌍소멸을 일으킬 때\n경계를 맞대고 존재하는 두 세계도\n소멸할 것으로 여겨진다.%b%h우리가 사는 세계는\n항상 미묘한 균형 위에\n존재하고 있는 것이다.%b%h위스코 저,\n「허무와 실존～카오스의 흔들림」%b
27e75c9315	야사카의 곡옥이라면\n이미 설치되어 있었지.%b
27fd7e43f5	상당히 힘들어하는 것 같군.\n무리도 아니지・.%b
2807e92b13	이놈을 쓰러뜨리면\n드래군 성을 되찾을 수 있다 이거군！%b
2821b7aa8e	인사는 필요 없어%b
28580c3320	뭐야,그만두는 거냐\n다른 건 없어？
286d10278f	다들 다친 곳 없어？%b
287d3dbb87	아스카는 【야사카의 곡옥】을 꼈다%b
28b9efba20	여기서,밖에 나갈 수 있어！%b
28d3d6678f	카달의 잔당 놈들이냐！\n이런 곳에서\n질 수는 없다고.%b
28d6dcdf96	봐, 특수 마법으로\n땅을 부풀리는 마법이야！%b
28e00db4a8	%z네, 네.
28e6bfef6c	「%nS」를\n사들이면 되는 거네요？
2917452e27	뭐라고오오！！\n익시즈 호 부활이라니！！！%b
2926acfa3a	제법인데.\n자, 상품인 %SG다.%b
293506b72c	네가 갈자드냐！！%b
293b88b2cd	저승에서 후회하거라！%b
296ebfdad2	뭔가, 잡몹들이 얼쩡거리네.\n이런 상대로는, 몸풀기도 안 되겠어.%b
2979feec54	조심하시오.%b
298ca92659	\n자,공주님,뭘 사시겠어요？
29a4bc1dd1	%z뭐야, 뭐야,\n다쳐도, 도와주지 않을 거야！\n뮤는, 심술쟁이～！
29b98b3e76	아, 응, 그건 괜찮아.%b
29b9f6c212	해냈구나！\n７인위원회를 이겼구나！%b
29dae99b5b	%z무슨 헛소리 하는 거야！ 내 매력은,\n나이랑 같이 느는 거라구！
2a092e7ba9	가끔,자기 의지로\n이 세계에 오는 녀석이 있는데\n그런 걸 떠돌이나 뿌리 없음이라고 해%b
2a25f8e1ac	배신자・인가・.%b
2a4ab9596a	여긴 투기장이다%b
2a74e95c4c	해냈어, 그런데！\n이제 된 거네, 그런데！%b
2a76d30296	「%nS」을(를)\n사들이면 되는 거죠,뮤 왕녀님？
2a7b9f9343	이 마을에는 시련의 미궁이란\n곳이 있다.%b
2a7c1e0b99	이 안쪽에 식신이 잠들어 있다고,\n하던데・.%b
2aae36d811	드래군의 용기사단이라고 하면,\n우리들의 자랑이죠.%b
2ab2604529	짜잔～, 인 거네！%b
2ac1668e2f	그런데, 저건 뭘까？%b
2ac594faea	벽이 있다.%b
2ae25fe4e3	좋아, 어떻게든 놈들을 쓰러뜨렸네.\n이걸로 세상도 평화로워질 거야.%b
2ae69b6f0b	여기에 끼울 만한 물건은\n안 가지고 있는 듯해%b
2aea2068ff	뮤는・내가 지킨다！%b
2af35a973b	와, 커다란 석상이네.\n대체, 어떤 재료로 만들어진 걸까？%b
2b0ec62e7c	나는 가본 적은 없지만\n야마타이에도 히가타란 항구가 있어서,%b
2b12256a5f	그만두시렵니까.\n다른 볼일은 있으신가요？
2b1c2f0976	저승길로！%b
2b2ba6baf9	러스티, 이런 데서\n한눈팔아도 되는 거야？%b
2b39cd554c	물통에 물을 넣었다！！%b
2b554f2272	준비가 되면,\n다시 한번 나한테 말 걸어.%b
2bb4f6354a	저쪽 편 적은 나한테 맡겨.%b
2bdfe8b424	그만두는 게 좋겠지요.%b
2bf5cc5178	여기에는 【아마츠의 거울】이\n딱 맞게 들어가게 되어 있는 것 같아%b
2c06a791f0	이 초천재인 몸의 손에 걸리면\n별거 아닌 찾는 물건이다～구.%b
2c5b14514e	「%nS」을(를)\n파시는 겁니까,공주님？
2c64d5d0da	뭐라고, 놈들이 이런 곳에！%b
2c81646ebf	역시 생각한 대로네.%b
2c947c67a4	소인, 팔코라고 하며 고대 마법\n문명의 유산에 대해 조금이나마 지식을\n얻고자 힘쓰고 있습니다.%b
2cd1f54808	앗！！%b
2ce32fb1f1	BOOT3 환영%b
2cf019c900	우선,\n이 문을 어떻게 여느냐가 문제군.%b
2cf2e96cb4	아,혹시 여기엔 【야사카의 곡옥】이\n딱 맞게 들어가게 돼 있는 거 아냐？%b
2d1487fa6b	무엇을 파실 건가요？
2d1af98001	또 여기를 지나가는 거야？\n싫은데・.%b
2d1be9b133	제 생각대로,\n출구가 나타났네요.%b
2d2be3e3e5	좋습니다.\n덤벼보시지요！%b
2d37c42bfb	북쪽이군%b
2d38204d72	어쩐지,이 고목이 신경 쓰이는군・%b
2d39038806	어라？\n여기에 뭔가를 끼우도록 되어 있어.%b
2d614e14ac	알렉트리아 대도서관의 무투사서・%b
2d62b64d52	・알겠다.\n고맙게 도움을 받도록 하지, 뮤.%b
2d6a43359f	아야히메？\n・누구였더라？%b
2d6a790602	하지만 이 미궁 협회에서 등록하지\n않으면 미궁에 들어갈 수 없다.%b
2d7047736c	만약,절벽서 떨어지면\n크게 다치는 걸론 안 끝나%b
2d77a8f85d	대체, 어떻게 된 거야！%b
2d7df82ea4	야마타이엔 그 밖에도\n닌자 마을 같은 게 있어,%b
2d852c32a4	하지만, 이걸로 정말\n세상이 원래대로 돌아오는 걸까・？%b
2d8b41b7bd	루나 씨에게 들은 거예요.%b
2da80bf8e1	여기에는 【아마츠의 거울】이\n딱 맞게 들어가게 돼 있는 거네%b
2dabfb9f36	미안한데\n여기서 내보내주지 않을래？%b
2db9b9be3e	지금,모처럼 아～쨩이랑\n알콩달콩하고 있었는데,방해하지 마！%b
2dd0372426	이벤트 해보고 싶다는 거지？%b
2de6e2b98b	팔러 온 거냐.\n
2dfb5fa84f	%z내 마음은 깊이 상처받았으니까\n아무리 사과받아도 소용없어.\n하지만・.
2e20677f64	・뭐, 뭔지는 모르겠지만,\n적장이 소중히 갖고 있던 물건이다,\n어딘가에서 쓸모가 있을지도 몰라.%b
2e4e90962f	이걸로 하이랜드 가겠네！%b
2e5945cfe1	예,매번 감사합니다！\n뭘 찾고 계신가요？
2e5a0e4ac5	이런 녀석들을 상대로\n시간을 잡아먹을 수는 없다.%b
2e5e226bf6	순백의 웨딩드레스도 멋지겠지？%b
2e5e514879	어, 어이, 그거, 전설의 금속,\n히히이로카네 아니야！？%b
2e5eaf0281	아마 붙잡힌 사람들은\n지하에 갇혀 있을 거야.%b%h
2e64656ebf	그렇다고 해도・%b
2e738fc56b	분명,리그로드 전역에서 에반 님과\n함께 싸운 고대 유적 파수꾼이다%b
2e76d208e9	뮤는 【아마츠의 거울】을 꼈다%b
2e85653f2d	저게 ７인위원회다～제！%b
2e8f6cc1fc	몇 가지 주의사항이 있으니까,\n뭐, 들어봐 주시어요.%b
2e9181a386	아니오
2e95eec46e	여기에 물 넣으면 되는군%b
2e979b67c8	분명, 부수지 않는 게 좋은 거구나,\n카오스 힘이 풀리면 곤란한 거구나%b
2e98793595	기억해・둬라！\n・영혼은・불멸이다.%b
2ea056d0a5	감사하기 그지없소.\n그밖에 사실 물건이 있으신지요？
2ead149931	이 빛나는 방식,\n익시즈에서 본 거랑 똑같잖아！%b
2ecdc6b80f	마법구는 어찌해야 할꼬・%b
2ee0cf2aa9	지금까지는, ７인위원회 때문에\n하고 싶은 말도 못 하던 시대였어.%b
2ee790ff9e	그런 것보다, 소화가 먼저야！%b
2ee80097a3	이 문에는, 뭔가 장치가 있소.%b
2eeff13f68	저기 있는 기둥의 구멍에\n뭔가 특별한 도구를 끼워 넣으면\n이 결계가 사라질 것 같은데・.%b
2f1052b3a3	아스카는 장치를 걷어찼다・.%b
2f32393020	우냥？%b
2f4fd6a184	비탈길이 있으니까 각개격파\n당하지 않게 조심해.%b
2f69ee92f5	바보야,원래대로 돌아오는 게 당연해！%b
2f6e4c1fcd	・이 앞에는・.%b
2f737b38d1	그렇다면,시라나미 양에게 보여주는 게\n가장 적절할 것이오%b
2f838e03da	그럼 여기에\n받은 【아라미타마의 보검】을\n끼워볼까？%b
2f9bdb7c35	다리가 놓였다지！%b
2fafb0a9cf	내가 찾은 길을\n잘 봐둬라～제！%b
2fd7f2521c	그래, 카달군 최고사령관\n갈자드가 있는 곳이다.%b
2fdcbd691d	먼저 가자！%b
2fe72e6ba8	・뭐라고요？%b
2fe94206a2	%z그래, 우리가, 이긴 거야！！
2feb54ecef	우리가 하고 있는 건, 전쟁이라고！%b
2febd587de	한꺼번에 다 오를 순 없으니\n각개격파당하지 않게 주의해라%b
2ff7929880	「고향의 영웅, 여해적 디아나」\n지금으로부터 한 세기쯤 전, 야마타이에서 침공해 온 겐유사이와 리그로드 영웅들의 싸움, 즉 리그로드 전역에서, 퀸즈랜드의 아서 왕자 등과 함께 싸운 이가 여해적 디아나이다.\n오르트마를 중심으로 리그로드 연안을 휘젓고 다니며 사람들에게 두려움의 대상이었던 디아나가, 아서 왕과의 만남을 통해 마음을 고쳐먹은 일화는, 아서 왕의 말괄량이 길들이기로 알려져 있다.\n　　　　（오르트마 자치회 역사보존위원회）%b
2ff88ce7df	소인이 오랜 세월 추구해 온\n고대 마법 기술의 정수를 모은\n비행선을 부활시키셨단 말입니까！？%b
302d8afd8c	카무이는 【아마츠의 거울】을 꼈다%b
303308ed3f	화기 엄금！ 화재가 나면, 이 큰\n물통을 부술 것！！%b
303c27c7da	죽어서도・\n안식은 허락되지 않는다는 건가・！%b
303ca4438f	만약 이 용암 강에 떨어지기라도 하면\n끝장이겠네.%b
303e89dde2	누구에게 칼날을 겨누는지\n재교육이 필요하겠네요.%b
305d815248	진짜인지 아닌지,\n조사만이라도, 해볼까.%b
306971f531	오, 너희들이군.%b
30a1243567	이 천재지변의 원인이\n７인위원회의 카칼클랜행과\n관계가 있다고 한다면・.%b
30dcfca885	너희들 덕분이야, 고마워.%b
310c1ef9e1	이 수정 기둥 탓도 아닐 것이오만・.%b
3110c6a116	몇 인 위원회든 상관없이,\n박살내 주는 것이다～제～！%b
313f232deb	고맙습니다,공주님\n다른 것도 팔까요？
3141696587	한 번 더 다시 오지 않으면,\n이 문은 안 열린다는 건가.%b
31477ded66	아무래도,반대쪽 문이 열리는 장치인 것 같다%b
31523732e2	그렇게나 많이는 못 들 텐데.\n그 정도는 알겠다지.
316aafb137	간다, 얘들아！%b
319346a3c6	오소서, 우리의 주여.\n오소서！！%b
31a7ccfe02	그렇군・분명 이 수정은,\n리그로드 대륙, 아니, 이 세계와,\n카카루크란을 이어주고 있는 거야！%b
31d96df2db	정처 없이 돌아다니지 마시고,\n성으로 돌아가셔서,\n푹 쉬시는 게 어떠신가요？%b
31dcc9e3c0	근데 잠깐・。%b
31f75f269a	뭔가 장치가 있는 듯한데\n손쓸 방법이 없어 보여%b
3216b98f40	여기에는 【야사카의 곡옥】이 딱 맞게\n들어가게 되어 있는 것 같아.%b
3231915f46	%H%m1%V100［%m0%s10%m1］%V0%m0\n근데, 갈만오브가\n어디 있는지는, 모른다니까.%b
32387b3310	어느 한쪽을 쓰러뜨렸다고\n방심하지 마・.%b
3238fff1e1	드래군 성이 누군가에게\n공격받는 꿈이었어요.%b
324628021a	루나에게, 다들 여기로 돌아온다고\n들었어.%b
324b26dc79	게다가 애로우스톤이 있는 곳을\n그래비티의 장로가 안다니\n잘됐군.%b
324fa15c61	%z하하하.\n서로, 당분간은, 나라 재건으로\n바쁘겠지.
32bce8b28b	우선은 이 적을 어떻게든 해보자%b
32dc08fe40	위험하다니까！%b
32f4e301c9	・응.\n그것도 그러네.%b
330204cd26	뭐라고！？%b
331337febb	그런 모습으로 들어오면\n아이들이 겁먹지 않겠는가・.%b
336b2c5042	모두, 기다려,\n지금 바로 꺼내 주겠다！%b
336bff33f0	아스카,아는 사이？%b
337d9a7b66	좋아, 그럼, 간다！%b
33884178c7	예쁘네.%b
338f19b6e3	대체,어떻게 하면 열리는 걸까？%b
3396c4ad86	아스카～！！%b
33be0bca51	지금이야말로 수왕 힘을 보여준다！%b
33c259edf4	라스트 배틀
33ca2c71d7	（결정）［２／７］\n　이동할 캐릭터의 결정, 행동 결정에 사용합니다.\n　커서가 다음 포인트에 있을 때는,\n　특수한 동작을 합니다.\n　　１）플레이어 캐릭터 위\n　　　　　－－－플레이어의 행동 지시\n　　２）몬스터 캐릭터 위\n　　　　　－－－몬스터의 정보 표시
33ec47d4da	%z왜 그래？\n뭐 두고 온 거 있어？
33f53a5afb	허둥지둥 뛰쳐나가면,\n궁수들에게 집중공격을 받게 된다.%b
33fb0e12c5	・젊음이란 눈부신 것이로구나.%b
340a1c7173	아직 이어지는 게 있어%b
3423d23995	어쨌든 익시즈에 대해\n뭘 알 수 있는지 해보자！%b
3426449d8d	시점－１
343be9b1c8	여기서 밖으로 나가는 거야,냥%b
3441c534c0	응？\n포위당한 건, 누구지？%b
3444b50d4b	근데, 왜 동생분은\n납치된 걸까？%b
344b987084	그렇다면,힘으로 알아내겠다！%b
347df211f7	이걸 잘 쓰면 한결 수월하게 진행할\n수 있을지도 몰라%b
3482f8fa6f	감사하기 그지없소.\n그밖에 파실 물건이 있으신지요？
349cfb50de	뮤는 어떻게 할 생각이야？%b
34a6be3ad1	・뭐, 됐어.\n확실히 동료는 많은 편이 좋겠지.%b
34c16903a5	좁은 곳이군.\n다들, 떨어지지 마라！%b
34c40c285c	%z관두라니까, 인사는 무슨！\n부끄러워서 온몸이 근질근질해진다고.
34cdc4fbbd	그거 들었어？%b
34d4322ba9	이런 건, 내가 아니라,\n시라나미가 잘하는 건데・.%b
34d986b6ac	어차피,\n그냥 왠지 와 본 것뿐이겠지.%b
34db3b1787	다시 한번 오지 않으면 안 된다～제！%b
34db7fafc7	・응, 알고 있어.%b
34eee53f36	그, 그게 실은・\n왕께서는・%b
34f085b28b	흔들흔들,\n당장 쓰러질 듯한 고목이다%b
34f5c78c82	갈자드를 쓰러뜨리면 야마타이와\n리그로드 대륙에 있는 카달군을\n몰아낼 수 있는 거지？%b
351f4ca769	신이・될 생각이야？！%b
35250e84cd	앙주는, 일단 포기했다.%b
3553d630ff	육체 없는 지금 영혼도 사라져야 한다\n안 그러면 세계는・구원받지 못한다！%b
355cdbfd1b	다들, 최대한 뭉쳐서 행동하자！%b
355e636967	나즈나 무서워인 거야%b
357dae3318	아까 그 스위치는\n이 다리를 놓기 위한 거였구나！%b
358c846cb5	이러고 있는 동안에도,\n시간은 흘러간다고.%b
358f8d1321	리그로드 편
35b04dbd3b	%z대단하네！\n세계 바다를 누비는 거야！
35bfd67116	여기저기서 저항하는 놈들도 있지만,\n어쨌든 카달군 쪽이 대군이다.%b
35c1f2b505	여동생과 쿠리카라 마을 위해서라도\n힘낸다니까～.%b
35d501ba62	네놈의 귀여운 부하들 목숨은,\n우리가 쥐고 있다！%b
35ee85d5a6	3. 몬스터들은\n돈을 안 갖고 있는 거다～제！%b
35ef9ec77e	어？\n그런 소리 마！%b
36100608d7	\n무엇을 팔아 주시겠소이까？
36148c707f	안 그럼 동생 찾기 전에\n적에게 당하고 말 거야！%b
361874caec	여의적 시라나미의 이름을 걸고\n우리가 진 빚을\n몇 배로 갚아주겠어.%b
361f9f5b55	그러세요, 그럼, 두 분을\n놀리는 사람도 있었죠？%b
362df9fdf4	역시 여기에 놓는 물건이었던\n모양이다. 딱 맞게 들어갔다.%b
3658934a31	공격 마법으로 공격하는 수밖에\n없으니까 조심하라고！%b
366ef7afd4	다시 도전하실 때는\n등록부터 다시 해주세요.%b
3685dda3c1	놈들을 쓰러뜨리는 건\n우리 말고는 없을 것이다.%b
369473063c	아니
369c3feefb	자, 이번 출연진 말인데\n나와 내 분신 4체는 어떤가요？%b
369ece5690	진짜！누구야！%b
36aabd6176	내가 이런 짓을,\n쓸데없는 시간을 써버렸군.%b
36af6bfcd2	의외로, 이 폭포 뒤에\n통로가 있거나 해서・말이지.%b
36be408205	알겠어요～？%b
36df1d38ad	쳇, 심한 말이잖아！%b
36f265630b	천장이 있으면 못 쓰는 기술이\n있으니까, 조심하는 게 좋아.%b
36f87cb98d	・카오스의 힘 말고는\n달리 생각할 수 없지 않을까요！？%b
371db95418	리그로드 명소 순례\n관광 여행이 아니라고.%b
373b96afec	\n그래서, 뭘 살 거냐？
3750926dbd	왜 그래？\n뭔가 짚이는 거라도？%b
37638a962b	어라？\n이 돌은 움직이네%b
3768722cf4	어딘가에 있는 누름 버튼 같은 것과\n연동되는 구조야.%b
3770eb5f87	（위쪽 시점 전환）［４／５］\n（옆쪽 시점 전환）\n　가상 시점을 ３종류 중에서 고를 수 있습니다.
377882384c	잘 왔구나, 숨은 마을 토란에.%b
379f041b02	무슨 용무로 이곳에 왔는가,\n용기사여・.%b
37aae9dd40	저도 실물은 본 적이 없어요.%b
37c4b82d21	젠장, 나도 카칼클랜에 쳐들어가서\n날뛰고 싶다고！%b
37d3f5abf0	그런 말을 들어도 말이야・.%b
37ecf97a60	어머,\n반대쪽 문이 열렸어요.%b
37f1f61448	이런,\n말이 너무 많았군요.%b
380a6f08b0	그럼, 최대한 조심해서 가자.%b
3860d31a05	갑자기,이길 수 없게 되면,\n싸우는 방식을 바꿔보는 거다%b
3896ee30d6	소생, 여러 나라를 돌아다녀 보았으나\n이런 모습의 적은 처음이외다.%b
38a574d9ad	이제 아무 일도 안 일어난다%b
38c33356a8	이 빛나는 느낌은\n익시즈에서 봤던 것과 똑같다.%b
38cbb1597e	아, 위험할 뻔했네.%b
38d0c3e313	이건・！%b
38d8c3ac52	이얍！%b
3904ffc5b2	이 수정은 카칼클랜과 이 세상의 힘의\n균형을 잡는 역할을 갖고 있습니다%b
390eaf7971	그건 어떨까요？%b
391cf59dde	여동생 히바리, 쿠리카라 어르신들,\n다들 평화를 어지럽히면 용서 못 해！%b
3922afaddb	대체 얼마나 무서운 힘을 가졌다는\n거지. 다들, 조심해%b
395ead2efa	갈만오브를 손에 넣었다.%b
3984be50f6	설마, 저 석상이\n다이간이었다니・.%b
398895e646	이것이 예로부터 금서 속에 숨겨진\n이세계의 진실이다.%b%h마지막으로, 나는 나 자신을\n이세계와 현세를 잇는 「차원의 문」의%b%h강력한 봉인으로 만들기 위해 스스로의\n마법력을 사용해 변신할 결의를 적는다.%b%h좋은 벗의 어머니께\n드리는 작은 속죄가 되기를 바란다.%b%h하지만 강력한 봉인도\n언젠가는 깨질 때가 올 것이다.%b%h혹은 시간의 흐름 속에서\n자연히 약해질지도 모른다.%b%h여기에 적은 지식이\n악용되지 않기를,%b%h지금은 그저 기도할 뿐이다.%b%h위스코 저,\n「마법 세계의 진실」%b
398e0957d9	대체, 무엇을 마음의 지주로 삼아\n살아온 것이온지.%b
39a07dd669	다들, 괜찮아？\n나도 같이 싸우고 싶은데.%b
39c955e0c3	분부대로이옵니다.%b
39e3e8ebec	뭐야, 넌？%b
39ec732e56	%H%m1%V100［%m0궁극마도사%m1］%V0%m0\n
3a0ae67334	그럭저럭 다리 무너지기 전에 탈출했네%b
3a1f9fbc95	야사카의 곡옥은\n이미 설치돼 있는 듯하다%b
3a2664bd9e	군인으로서, 명령에 따랐을 뿐이오.%b
3a3c4b454e	카달 병사 잔당이다！！%b
3a4ab62174	살았다・.%b
3a51ef7356	마법구는 안 부숴도 되겠어%b
3a5f424800	어～째서,여자아이한테는\n그리 상냥한 걸까～？%b
3a857955be	이제 게텐성에 갈 수 있겠어%b
3aa4431de1	세상에 해를 끼치는 악당들을\n혼내주겠소이다！%b
3aa7a00064	용서 못 해,가게 주인！%b
3aa831f6b9	익시즈에 대해 더 조사해보자.%b
3aca0a4a8f	목숨이 아깝지 않다면\n덤벼 보아라～제～！%b
3ad388eef7	이제 아무도 못 말려.%b
3afebd8f72	이런, 안 되지.\n확실히, 뮤의 말이 맞아.%b
3b0657495e	내 정신력에 여유가 있으면！%b
3b07c0082d	들어올 때도 그리 말했었지%b
3b0a481c88	나는 불을 끄러 갈 거니까！！%b
3b158b7a67	마법구,어쩌면 좋은 거냐？%b
3b19c0d16d	그럼, 적어도 이 마법구라는 걸\n부수고 가는 게 낫지 않을까？%b
3b3444f02e	한 번 더 오지 않으면\n이 문은 안 열리는 것 같아요%b
3b792a3bb2	７인위원회가 쓰러진 덕분에,\n세상에 평화가 돌아오겠지.%b
3b8395db1c	2층에 올라가는 건\n포기하는 게 좋을 것 같네요.%b%h
3b9bd3aaf2	아, 벌써 다들 돌아와 버린 거야！%b
3bbff502a6	모두, 기다려 줘,\n지금 바로 꺼내 주겠다！%b
3bc1c3f320	%z정말로, 우리가・？
3bc7811ed4	놈들의 마법을 어떻게\n견디느냐로 승부가 결정되겠지요！%b
3bd916f9fa	이런 곳에 육지가 생겨 있다구！%b
3bdaea3c21	무력만으로 이 자리에 오른 줄 알지\n마라！！ 호쇼인에 가둬주마！%b
3bf6fb1931	어머, 잘 아네, 아스카.%b
3c049a3cb7	큭・,\n아직도 안 열리는 거야・！%b
3c15366c6c	밀어볼까・？%b
3c40bb63e0	저게 ７인위원회인가,%b
3c4bab9f7d	진정해！\n지시에 따라 주세요！%b
3c78fc2750	u鮱UUTEUU^羽
3c96ccccab	%z뭐, 이 몸에게 걸리면,\n７인위원회든 뭐든\n찍소리 못 하게 만드는 건\n식은 죽 먹기인 거다～제！
3cb7a5a78b	%z공주님의 진심 어린 키스가 있으면,\n불쌍한 남자아이는, 마음의 상처를\n메울 수 있을 것 같은데.
3ce737574d	이 다음은\n나중에 다시 해,알겠지,아스카！%b
3cfa853d9f	뭐, 뭐냐！？%b
3d2b367970	%z응？
3d38ccb690	무거운 문이지만 계속 밀면 열릴 듯%b
3d3df1c69b	어서 오세요오.\n이거 뮤 님, 무슨 일로 오셨나요？
3d60d2a4b4	【보호실드】가 있으면,\n적의 공격으로 받는 대미지를\n꽤 줄일 수 있으니까.%b
3d92f2fa1f	괜찮아, 내가 있잖아, 뮤.%b
3d9d33b2f7	익시즈 추락만 함
3da45aa1d4	그랬구나・%b
3dced69f35	뮤한테 들은 대로인 녀석이라면\n확실히 그러고도 남을 놈이야%b
3dd9ab485e	%z뭔데, 뜬금없이？
3ddac78e7c	그것 봐라%b
3e0625fa74	공주님이 여기 계신다는 건,\n별일 아니라는 거죠？%b
3e0b35be33	이게 큰 물통인 거지？\n싹둑 부숴버리는 거네！！%b
3e0f0a9e56	여기에 끼울 만한 물건은\n안 가지고 있어, 인 거야%b
3e17abc466	입 다무세요！%b
3e2e4f4cbe	카오스의 힘의 영향을 받아\n흉포해지고 있는 것 같다・.%b
3e3a69e0b6	계획・？대체, 무슨 계획인가요？%b
3e51929e9f	공중전이라면 소인에게 맡기시오！%b
3e5d4c3948	응냐？\n여긴, 어디인 거야, 냥？%b
3e6c44b684	그리고,거기서는,창이 튀어나온다%b
3e82b93224	나는, 너를\n때려눕히러 왔으니까！%b
3e835fb4bc	그리하면 적이 미끄러져\n데미지를 줄 수 있는 것이다～제！%b
3e968fc57a	불편을 드려 죄송합니다.\n투기장은 현재 건설 중입니다.%b
3eb75e60cf	이야,공주님이잖아！\n오늘은 뭘 사시게요？
3ecf021f87	오오, 살았다！\n살았어！%b
3ed5b6c5ea	이 근처에 히가타란 항구가 있어%b
3ee40f0100	4．미궁의 경험치는\n전부 무효가 된다%b
3eeaf0b501	이것 참, 여러분・\n기다리고 있었습니다.%b
3ef24d3411	\n뭘 구입하시겠어요, 뮤 님？
3efcfe2b00	위대한 아야히메 님을 바보\n취급하다니！ 용서 못 하겠다고요！%b
3f0f8e0575	우와아아앗！%b
3f399ea0ee	뭐, 그것도\n이걸로 마지막으로 해드리죠.%b
3f3c2d210c	시라나미라면 알지도 모르겠네요.%b
3f3cffb87c	그만두는 편이 낫겠군.%b
3f460f7f4f	너희들이구나！%b
3f60b71d5a	마법구는 부수지 않는 편이 좋겠지.%b
3f62644582	지금은, 야마타이에서 돌을 던지면\n카달군에게 맞는다는 식이지.%b
3f7226d7ad	아스카, 정신 차리는 거야, 냥.\n평소처럼 냉정해지는 거야, 냥.%b
3f752b5768	하지만, 나한테 한해서는,\n다치는 실수 같은 건 안 해.%b
3f7583a84e	그런데,식신이 뭐야？%b
3f9d0aba94	어디로 가시겠습니까？
3fa591c06c	%z안녕, 인 거네！
3faf029e53	카무이코탄의 황신이시여\n제게 힘과 용기를 주소서！%b
3fc0803e05	모처럼 찾아와 주셨지만,\n곧바로 떠나주셔야겠군요.%b
3fc0ec1f30	왠지 두근두근하네.%b
3fc27c4f09	근처에 마을이라도 있으면, 이 장소의\n유래에 대해 알 수 있을지도.%b
3fcec783c5	러스티는 【야사카의 곡옥】을 꼈다%b
3fe2b45760	시라나미는 【아마츠의 거울】을 꼈다%b
3fe5a88e1f	뮤를 위해서・%b
401c5abe28	으으윽・.\n나는 죽은 게 아니었나・.%b
4025a434d3	혹시, 사랑이라도 하고 계신 건가요.%b
4029e51111	인질을 잘 구해내면,\n아～짱이 칭찬해 줄까？%b
4034428b00	여기는, 이 타타라에게\n맡겨두라니까！%b
40509d1d24	나즈나 동료로 넣을까？
40558161a0	그릇된 길을 걷는 지도자 바로잡는 건\n당연한 일이지요！%b
407ba9b7b7	우리 환술 안개를 깨부수다니！%b
408d151a31	어, 어떻게 하면 좋을까・。%b
408d316c18	우리의 세계 정복의 행방이・\n어떻게 될지도 모른 채・%b
40937b96d8	갈만오브가 없으니까,\n지금은 아무것도 할 수 없어%b
40c456fc54	어쨌든 특별한 장소이긴\n한 것 같은데・,%b
40c7c5c1c1	뮤！킹！ 특수마법 「어스몰」로, 적\n옆의 지형을 솟아오르게 하는 거야！%b
40d1c73108	카달의 잔당이다！\n잔재주 없이 정면 돌파로 가자！%b
40ef8bc422	남은 적 따위 쓸어버리고\n얼른 출구로 가자！%b
40f07f9424	바보네.\n그걸 알면 고생 안 하지.%b
4103ee17ff	그럼, 공주님, 어서\n익시즈 호 추락 현장으로\n가시죠！%b
4112d7bdbf	시련의 미궁을 나갈까？
4127c15ec8	어・？\n앗！！%b
4131606c12	음～・\n신경은 쓰이지만・%b
4150ba0df4	후후후. 이 게임의 관계자를 가장한 자입니다%b
417083400d	그래서, 익시즈 호는\n어디에 있습니까！%b
418373cb22	그렇다면, 그걸 파괴하는 것은\n카오스의 힘을\n풀어놓는 게 되는 거겠죠？%b
419b1faad4	방해하는 것들은 짓뭉개 주마！%b
41d7889129	생각 못 할 일도 아니네.%b
41dab86a89	여기서 밖으로 나가자.%b
41ec076cd6	응. 부탁해.%b
41edf5a50c	묘하게 다정한 구석만은, 예나\n지금이나, 조금도 변하지 않았네・。%b
420ad5af33	다들 간다！%b
421449b6b5	왠지 특별한 장소인 것 같다%b
4257235b1a	저는 어떻게 하면 될까요？%b
425a7d20b9	이 정도 바보들 상대로\n질 수는 없다고.%b
42803e3241	뭐야！\n대체 무슨 일이야！%b
428247bb41	방금 전에, 드래군 쪽에서 온 손님이\n말했는데, 드래군 성이\n불길에 휩싸였다는 거 아니겠어. %b
4282727bb5	앗, 이거 뭐지！%b
429d025613	조금 움직였다～제！%b
42ac196a47	저기까지 다다르면 밖으로 나갈 수\n있다는 거, 안 가르쳐 줄 거야！%b
42b52453aa	형과 함께 감사 인사를 드립니다%b
42da0fa8e8	저희 방어구는 뭘 사셔도 손해는 안 보실 겁니다
43027bf781	어째서 이런 곳에・？\n분명 예전엔 이런 게 없었지？%b
430f4ccb47	７인위원회 개자식들이잖아.%b
43113a2158	어떻게 된 거야, 이거？\n여자밖에 없잖아.%b
43184fcf13	호라이의 구슬이라면\n이미 설치되어 있었지.%b
4332b51109	등록해야 비로소\n시련의 미궁에 들어갈 수 있지,%b
43351e3d89	인사 같은 건 됐어.%b
4354f71b21	흐응！%b
43641bc132	여기가 해저신전인가%b
437b29f51d	%z고대 마법 문명의 귀중한 연구를\n더 깊이 파고들고 싶사옵니다.\n부디, 부디・.
43a81f4cc8	나만한 천재의 두뇌를 가지고도,\n뭔지 모르겠다구～ 제！%b
43ac8eefc9	저게 ７인위원회 놈들이구나.\n정말이지, 형편없는 것들이네.%b
43c3aa305c	쓸데없는 싸움은, 피할 생각이었는데,\n그럴 수는 없나 보네.%b
43cabec69b	우호홋！%b
43f94fd7ba	어쩔 건데？%b
43fbe6ee38	동료설정
444e42f7c3	으하하하하하하,\n아쉽게 됐구먼.%b
4452481165	안 움직이는 건\n아니겠지만・.\n이 인원수로는 무리인 것 같다.%b
445ac371a2	내 앞길을 가로막다니\n간이 부은 것이다～제～！%b
445afb5988	어쩔 수 없군요.%b
4476af8aa8	또한,미궁 안 사고에 대해\n저희 쪽은 일체 책임을\n지지 않으니 주의해 주십시오%b
447a9dd578	부활한 익시즈 호는\n어디에 있는가！%b
447e6697e2	만져볼까요？
448b548f9f	여기가 해저신전인가・.%b
44b79a6cbd	앙주는 고목을 밀어보았다.%b
44d90f70c4	의외로, 폭포 뒤에\n통로가 있거나 해서・말이지.%b
44eba40e6a	그렇군, 아까 그 장치는\n이 다리를 놓기 위한 거였군.%b
44f475402f	그냥 구슬로 보이는데.%b
4505043c78	전엔 가끔 놀러 왔던 것 같은데\n그러고 보니 요즘 안 보이네.%b
45457f77a5	하지만, 저로서는,\n감당하기 어려운 것 같아요.%b
4577f2dd06	시라나미는 【야사카의 곡옥】을 꼈다%b
457970f86d	그렇다.%b
45ac04c435	뭐지, 이 이상한 더위는・？%b
45bf8d4816	이거, 뮤 님！\n어서 오세요, 자르마 마을에！%b
45d51c862b	아이고, 대답 안 해주셔도 됩니다요.%b
45d894115b	아까부터 듣자니,무슨 소리야！%b
45e49ebd20	제일 안쪽 방에 화약이 놓여 있어서,\n거기에 불이 붙으면\n쾅 하고 폭발한다니까%b
45f40cf4d8	출항 준비！\n돛 올려라！%b
46119f9d41	카달의 무리가\n이 동굴에 결계를 치기 위해\n일부러 만든 것이지.%b
462acd73f6	으음, 여기에 끼울 만한 물건은\n안 가지고 있는 것 같아.%b
46693590f1	지금이야 그렇게 가치가 높지 않지만\n이 나라에 철이 처음 전해졌을 무렵엔\n철과 금이 같은 가치로 교환됐대.%b
4677bd54f1	적의 마법을 어디까지 견딜 수\n있느냐로 승부가 결정되겠어요%b
46b2eea1f6	나를 쓰러뜨려 봤자,\n７인위원회님의 계획에는\n아무런 지장도 없어요.%b
46e9baa2a3	몇 번을 봐도, 싫은 풍경이네.%b
470d0f164e	괜찮잖아, 용서해주면.%b
4723ff152b	%z뮤・좋은 얼굴이 됐구나. 나와 처음\n만났을 때와는, 딴사람 같아.
4749062b8c	그럼, 나, 눈치껏,\n혼자 놀게.%b
47528d4611	그놈들 때문에, 여기 괴물들이\n이렇게 흉포화됐다는 건가.%b
475e3ff30c	그치만 ７인위원회는\n분명히 쓰러뜨렸을 텐데！？%b
478c9c3d29	이런, ７인위원회님！%b
47a45c0e9e	우리 카달 ７인위원회의 마도의 힘,\n요정 따위에게 뒤지지 않는다！%b
47b4c649e6	얼른 끝내고 와.\n어쨌든, 리그로드가 큰일이잖아？%b
47c38c520c	아, 그렇구나！\n좋아, 간다！%b
47cd33cf9a	이 마을은 항구와 배로 번영했지%b
47d3308ede	뮤・\n하지만・.%b
47e05f20e7	안 돼！%b
47fa06cb2b	아, 깜빡할 뻔했군.%b
481a3a3cb0	・뮤 잘못이 아니야.%b
487eb8ba8f	차원문을 지키는 자로서\n당신들을 지나가게 할 순 없습니다！%b
4882b5bbce	여기가 드래군 성・\n내가 자란 곳・%b
488d3ada2f	자, 다들, 가자！%b
488e5dbde9	마지막으로 네 얼굴을 볼 수 있을\n줄은 몰랐구나！%b
4897f66c33	닌자저택이란 이름에서 알 수 있듯이\n여기엔,적의 습격을 상정해서\n수많은 함정이 설치돼 있다.%b
48bd4fade6	어차피 실전에서는 쓸 수 없는\n장식품이야 이대로도 문제없겠지%b
48c7b44edb	・아버님, 기다려 주세요.%b
48d8dd33d9	사도아도인가・%b
48ee4d66b5	좁은 곳이라니까.\n다들, 조심하라니까.%b
490acd55a0	이 앞에 쿠리카라라는 마을이\n있다는 이야기인데・？%b
491e87622f	그런가・.%b
492797b0b1	뭔가 장치가 있는 것 같은데,\n지금은 손쓸 방법이 없는 것 같네・.%b
492aa9ed18	본의는 아니오나, 이곳은 뮤 공주님과\n다들에게 맡기겠소.%b
492c828d47	・하지만 역시 열리지 않았다.%b
492cacc237	봐,\n애로우스톤이라는 게,\n이거 아닐까？%b
4935b9b600	하지만,반대로 말하면 장수가 사라지면\n금세 병사들은 사기를 잃는다%b
494e4e1d9b	보는구나！%b
49592dd76a	꺄아아앗！%b
4970226efd	%H%m1%V100［%m0마사%m1］%V0%m0\n
497fcb6283	그럼, 출항할게.%b
498d7633f8	갈만오브를 찾고 있습니다.%b
49dd87f357	뮤는 아무래도 카달로\n가버린 것 같다고！%b
4a105dc860	그럼, 다시 한번 여기에 대해\n설명해 둘까？%b
4a11ae7700	카달 편
4a18046210	누오～！\n이건 장치문이다～제！！%b
4a2034ed44	이 문에는 뭔가 장치가 되어 있는 것 같네.\n어디 보자, 언니한테 보여줘 봐・.%b
4a5d0232ac	부디, 무사히！%b
4a60e7a666	이 앞이 세이료카쿠다\n붙잡힌 사람들을 구하러 간다！%b
4a6391510d	이상하네・.\n아무것도 안 보여.%b
4a6854331c	저주의 말은 반드시 자신에게\n돌아온다는 걸 모르는 거야,인 거네・%b
4a9e72cf57	리그로드도 카달도 야마타이도 전부\n한꺼번에 돌봐주는 거야, 인 거네.%b
4aad328243	전부 모이면, 결계동의 봉인을 풀고,\n게텐 성에 쳐들어갈 수 있어.%b
4adba14b98	아무래도, 여기에는 【아마츠의\n거울】이 딱 맞을 것 같다.%b
4ae41e86a7	다행이에요.%b
4b3b958dfc	칫.\n아이참, 들켜버렸네.%b
4b4855612d	이 수정 기둥 탓, 인 거야？%b
4b4c63250c	휴.\n드디어 도착했네.%b
4b7234af35	%z당신네 마을에서 얼마간\n포술 연구를 하게 해주셔도\n괜찮을까요？
4b726dfc49	꺄～, 부끄럽지만,\n동경하게 돼버려～☆%b
4b77cefe57	지금, 우리에게 필요한 건,\n함께 싸워줄 녀석이잖아？%b
4b797ee281	%H%m1%V100［%m0%s11%m1］%V0%m0\n의외로, 사람들이 아는 것 중에,\n작은 힌트가 있을지도 모르겠네요.%b
4b81b99543	카오스의 힘은\n우리 ７인위원회에야말로 어울린다・.%b
4bbc0e14f4	근처에 마을 있으면\n얘기를 들을 수 있을 텐데요・%b
4bbecd7b2c	여긴 위험해,나가자！%b
4be81f5f92	무슨 영문 모를 소리를・.%b
4bf2876d30	그런 이유니까, 다들,\n루나를 돕기 위해,\n리그로드로 돌아가！%b
4c089fd50c	아, 그래.%b
4c0a88bf1d	말라카이트는\n알렉트리아 대도서관의\n지하 통로에 숨겨져 있다.%b%h애로우스톤에 대해서는\n여기에는 적지 않겠다.%b%h만약 애로우스톤에 대해\n알고 싶다면%b%h잊혀진 마을 그래비티로 가서\n이 장로를 찾아오라.%b%h그래비티 장로 저\n「익시즈 구조론 2」%b
4c1913e756	방금 들려온 나의 동료의 비명.%b
4c21078b8e	이쪽으로 빠져나가도\n하이랜드로는 못 갈 것 같은데.%b
4c63cc9def	어떠하냐,오보로 계곡의 아야히메\n이름은 지금도 전해지느냐？%b
4c77f711b8	역시 그만두는 거네.%b
4c8cbb217f	뭘 팔아줄 건데～？
4c8e607ab8	그건 그렇고, 봐 봐,\n엄청난 수의 적이라고.%b
4c9a4e14b9	모두, 조금만 더 참아 줘,\n반드시 구해 줄 테니까！%b
4c9af6a966	허어～, 그렇군.\n무슨 원리인지는 모르겠지만,%b
4c9eb4461a	옛날부터 뿌리 없는 식신이 잠든 곳은\n괴물 대량 발생지이기도 한 거야%b
4ca7d35b18	앙주 씨 괜찮아요！？%b
4cdf45a03e	내 나라를 짓밟은\n７인위원회는 쓰러뜨렸을 텐데・.%b
4d104bb6fd	이봐, 분명 히가타에\n디아네라는 여선장이 있었지？%b
4d277484a4	앙주 씨・\n나, 걱정이에요・。%b
4d281336ad	약간의 요령이야.\n예를 들면・.%b
4d36f7a34f	%z날 누구로 아는 거야！\n빈틈은 없다고！\n자, 타, 타！
4d626a61db	%z앙주라면 분명 해낼 거구나.\n나도 도와줄 거구나！
4d75a59e5e	이건, 드래군의 공주님 아니야！？\n이 디아네에게 무슨 볼일이야？%b
4d84e6c5fb	오늘은 이 정도로 봐주겠다고에～！%b
4d989c257c	갈자드를 쓰러뜨리고,\n야마타이와 리그로드에\n평화를 되찾는 거야！%b
4dc49e4dc5	이 문을 열면,\n카무이코탄 사람들을\n구해낼 수 있겠어！%b
4dc4dafd83	세상에,아마츠의 거울은\n이미 설치되어 있잖아%b
4dd777b396	허나,천재인 이 몸은\n다 알고 있었던 거다～제！%b
4df65b5c8d	말라카이트를 손에 넣었으니\n이제 여기 볼일은 없지.%b
4dff00a01e	제군들은・？%b
4e0377dc36	리그로드에서는 볼 수 없는 풍경이네%b
4e1d813927	카달군이다！%b
4e41c910ba	명중률이 꽤 올라가니까 말이지.%b
4e43332d0f	흐음, 이게 보물 파수꾼 다이간인가.\n무사시 할아범의 동료였구나.%b
4e527a4501	%H%m1%V100［%m0관장%m1］%V0%m0\n
4e6b150f39	왜냐！\n왜 그리 고집을 부리는 거지！？%b
4e9badd6ff	동료가 더 필요하다는 거야,인 거야？%b
4ea150b64a	%z네, 맞아요.
4eaa2a4bdd	괜찮으세요！%b
4eb4b08274	틀림없다지,\n이게 말라카이트다지.%b
4ec3471851	리그로드로 돌아갈까요？
4ecf5fd691	어디냐？%b
4ed944fa4d	%z참으로, 대단한 공주님이시네,\n당신은！ 그럼, 사양 않고, 익시즈\n호는 받아 두겠어！
4ee12757b8	호라이 구슬이라면\n이미 설치돼 있어%b
4ee48f77f3	나즈나를 깨워준 건\n당신인 거야, 인 거야？%b
4ef1c734d0	이 계단으로 지하로 내려갈 수 있다.%b
4f3f1738aa	잘못하면\n카오스의 힘이 풀려나 버릴 것 같다.%b
4f69a35a77	%z뮤！\n저, 당신께 감사를 드리고 싶어요.
4f896050b9	여기에는 【야사카의 곡옥】이\n딱 맞게 들어가게 되어 있는 거네.%b
4f966b257b	콱 해치운 것이다～제～！%b
4faaf1016b	호라이 구슬은\n이미 설치돼 있어,인 거야%b
4fb35104f0	인정하고 싶진 않지만, 시라나미라면\n뭔가 알지도, 인 거야%b
4fc007abcb	%z좋네, 그거.\n좋은 생각인 것 같아！
4fe46daf8f	다행이다・.%b
4ff77f82b5	이거,공주님,누추한 곳에 오셨습니다.%b
500c245996	처음에 이야기했던 거지만,\n닌자 저택의 장치에 대해,\n다시 한번 설명해 둘까？%b
501183d19e	이 문엔 뭔가 장치가 있는 거네%b
50383848c9	【어스몰】・？%b
506380a26f	환술이 풀려서\n출구가 나타난 것 같소이다.%b
506cd575f8	%z오-.
50d2db6196	으하하하하하핫！\n죽어라, 죽어버려라！%b
50eebba6c6	만나셨나요？
50f1789ebc	여기에는 【야사카의 곡옥】이\n딱 맞을 것 같네요.%b
50f39f46f8	계단을 올라갈까？
511caa0c11	팔 만한 것도 없는 주제에.
512cb90ee4	어디에도 출구가 안 보인다고.%b
5132c85ba7	게다가, 버튼 두 개를 동시에 누르지\n않으면 안 열리는 것 같아%b
513daafc95	%z말했다！\n・하지만, 그렇지.\n어릴 때부터, 너한테는,\n정말 심술만 부렸었지.
513fdd50cc	루나한테 카카루크란에 간 모두가,\n여기로 돌아온다고 들었어.%b
516a62970b	지금으로선 도움이 될 만한 건\n없어 보이네.%b
517fa29998	그런 이유다, 나즈나.%b
518565afc0	금 광맥을 캐고 있었던 모양이군.%b
51aae0d119	하지만,이제부턴 자유로운 거네！%b
51b7dabd0f	하지만,열쇠가 없으니\n억지로 여는 수밖에 없을 듯해%b
51c826b1c7	카칼클랜 편
51cd063821	좋아, 해치워주겠어！%b
520563deeb	오래 살고 싶으면, 늑대와 개의 차이\n정도는, 구별할 수 있는 게 좋을걸！%b
522be880dd	남은 적을 조심하면서\n출구로 향하자.%b
5256b424a0	수많은 목숨을 희생시켜놓고\n뭐가 새 질서야！%b
526de31079	게다가, 이 부상으로는,\n당분간 움직이기 힘들 테고.%b
527e053989	이 절벽,어떻게 저쪽으로 건너지？%b
529426e412	안녕 안녕.\n근데 뭐, 다른 것도 팔 거야, 그런 느낌？
52c1fe2bc3	영봉 후지를 결계로 더럽힌 갈자드\n놈을 용서할 수는 없으니까.%b
52ce07277d	안 열려！！%b
52e27471a2	%z・자,다시 잠시,봉인 속에서\n새 주인님을 기다리는 거야,인 거네！
52e2864cfa	내 대포를 써서\n저쪽까지 날려 버릴게！%b
52fa992b47	방이 사라졌잖아. 딱히 그런 방에\n볼일도 없지만 말이야.%b
52fdace36c	인질을 무사히 구하기 위해서라도\n여기부턴 신중히 가야 해！%b
531f86adb5	응.\n언제든 좋아.%b
53267d80ea	고맙다, 이 자식아.\n다른 것도 팔 거냐？
532fd7b64e	드래군 성 이후로군요, 뮤 왕녀.\n와주신 것에 감사드립니다.%b
5343baa72f	이 문엔 뭔가 장치가 되어\n있어,인거야 근데,뭔지는 모르는 거야%b
5360e2830b	어딘가에서 필요해질지도 몰라.\n그때를 위해 챙겨두자.%b
53845ce35b	무슨 힘을 가진 걸까,인 거야？%b
538c4858f2	조심해서 가자.\n저것들한테 한꺼번에 공격받으면\n큰일 나.%b
538cc00c11	말라카이트는\n알렉트리아 대도서관 지하 통로에\n숨겨져 있었구나.%b
538cd45d97	넷！\n분부대로！%b
53a442792c	좋아, 쓰러뜨렸다.\n자, 어서 서두르자%b
53b4b91890	왜 그래！%b
53d3306b90	그런 말 해봤자,\n적은 봐주지 않는다구！%b
53dafd7710	아이들은 반드시 구한다.\n나를 믿어 줘！%b
53fed90b9e	%H%m1%V100［%m0와카%m1］%V0%m0\n
5420175083	갈자드인가・.%b
546bdc7cbe	이 앞의 쿠리카라로 건너가는\n【아라미타마의 보검】을 주마%b
547a270c05	그럼・팔러 오신 거네요？\n
549fd465aa	나즈나부활
54ac91a6d5	나즈나는 【호라이의 구슬】을 꼈다%b
54d74edade	이게 폭발하면,\n큰일 나는 거지？%b
54e1e39c5b	아,다리！%b
54e9a9f9b3	설마, 차원의 문・？%b
54ec5654cf	잡졸은 얌전히 있으면 좋을 텐데%b
5507285136	딸아・나는 지쳤다・.\n잘 있거라・.%b
5531622116	감사합니다, 뮤 님.\n또 이용해 주시길 기다리겠습니다.%b
5538c5e18d	그리고,드디어 결혼이네！\n전통 혼례 머리네！%b
553d0a49d3	여기에 ７인위원회 놈들이 있는 건가・%b
55571bf2d5	어라？\n하이랜드는 이쪽이 아닌 것 같네.%b
5558b74955	흐음, 이건 꽤 오래된 것이지요.\n게다가, 훌륭한 조각이지요.%b
5581e65775	소인에게 맡기시오%b
5591553d70	\n한데, 무엇을 팔아 주시겠소？
55bccea2e6	뭘 찾으시나요？
55c7fd1d31	그래,인 거야！\n위험해,인 거야！%b
55cae1d56b	어떤 장소를 4번 밟아버리면\n밖으로 쫓겨나거든요.%b
55fe7d5c9f	이걸로 너도,\n카달에게 노려질 테고.%b
560d69e6d6	이번에도 그럴 거라고\n녀석들은 믿는 거지%b
562156550e	좋아, 그렇다면 결정됐어, 여기 더 있을 필요 없어.%b
5625394263	카달군을 자칭하는 군단에게\n침략을 받고 있어.%b
5625a1bef5	한 번,마을로 돌아가서 장비를 갖추는 게 좋을지도 몰라%b
56501e6f8f	역시, 이런 더러운 나무를 만지는 건\n그만두겠어요.%b
565ab184ec	몇 번이고,「조사한다」뿐이다%b
5660f5e1fa	익시즈와 동형의 공중선은\n다수 건조되었을 것으로 추측된다.%b%h하지만 그 대부분은\n고대 마법 왕국을 멸망시킨%b%h정체불명의 대이변으로 인해\n그 민족과 함께 사라졌다고 여겨진다.%b%h현재 확인된 공중선은\n그래비티 앞바다 해저에 가라앉아 있는 것,\n단 1기뿐이다.%b%h팔코 저,\n「빛날개 전승」%b
566c660667	%H%m1%V100［%m0%s10%m1］%V0%m0\n이게 폭발하면,\n큰일이 나는 거겠죠.%b
56b701ef4f	오, 다리가 놓였다구！%b
56ca2e4347	짐이 가득이잖아！\n소지품 줄이고 오라고！\n믿을 수가 없어～.
5722f6d2f8	하지만,열쇠가 없으니 억지로 여는\n수밖에 없을 듯해,인 거네！%b
572b322b3e	용서 못 한다,죽음의 안식・%b
574065364c	반드시 이놈을 쓰러뜨리고\n드래군 성을 되찾아 보이겠다.%b
5741f6a6f1	내 목숨이 소중하다고\n생각해 본 적 없는걸.%b
574b8ae60c	아스카 동료로 넣을까？
576201d8ea	왕자님이 나타나기를\n계속 기다렸어,인 거네！%b
5763060cb4	하지만, 뭔가가 마음에 걸리네요.%b
5788b6bf96	그 수정에 닿으면, 다시 카칼클랜으로\n갈 수 있을 것입니다%b
57a6a7b846	분명 이게 말라카이트일 거야！%b
57ab39a537	%z오, 오오・.
57bbae75f2	시점 테스트
57bc57089e	뭐, 뮤는, 【용변화】로\n용이 되어 날고 있으면,\n던지기 기술에 당할 일도 없겠지만,%b
57da1c8ab1	이건, 내가 카달에 갔을 때의\n카오스게이트와는 다르지.%b
57dd9c0c86	【포포론 마을】
57f2001177	우후후후후, 인 거인 거\n당신 정말 운이 좋은 거야%b
57f92e5b87	적 출현！
580a9343ec	아～쨩, 멋있잖아.%b
580acc293f	%z잘 있어라,인거다～제！
580b37747a	아니오
581632f5d3	안으로 갈까요？
5822906cff	바라던 바다！%b
58282090d4	정확히, 무슨 일이 있었던 거야？%b
584730ce6b	유칼리・이제 돌아갈게.%b
58799d30a3	전세계종료
587e889afd	흥, 잘도 조사했군\n하지만, 놓치지는 않는다！！%b
588d5103d1	%z・아버님・。
58a1d628fe	늙은이라고 얕보고 있다간,\n따끔한 맛을 보게 될 것이야！%b
58a6af5c1e	이걸 쓰면, 꽤 고성능인 포를\n만들 수 있을 것 같아요.%b
58bdf4e542	과거 리그로드 전역 이후,\n이곳 오르트마는, 주로 야마타이와의\n거래로 번영하게 됐어.%b
58c7e6faf7	아, 뮤 누나다！%b
58cc5c99d0	축하해！잘했어.%b
58d8bfed74	고저차에 주의해.%b
58d9656930	프롤로그
58e6d505c0	이제, 내 육체는 멸망했다.\n나에게는 어울리는 결말이었다.%b
58ecd40ffa	뮤！\n봐！%b
59225d28cd	팔러 오신 겁니까, 공주님
59349f52e0	말 안 듣는 애는\n엉덩이 찰싹이란다～.%b
597308fa9e	%z해냈다！！\n자, 아버님께 보고하러 가자.
599fb7cb3f	%H%m1%V100［%m0%s0%m1］%V0%m0\n좋아, 갈만오브는 손에 넣었고,%b
59b38fe482	너희들 전원\n신병을 맡아 두겠다！%b
59c94737bc	고마워, 또 와줘.%b
59cc1fb041	흐곳！ 이런 내가,잘못 알고 있었던\n거다～ 그래！%b
59d454fb21	돌아오지 못하게 되어도\n저희는 책임지지 않습니다.\n　　　　　바트람 자경단%b%h
59e17aadde	・울고 있는 거야？%b
59e725026c	등록해야 시련의 미궁에 들어갈 수\n있는데요%b
5a28e28bff	７인위원회를 쓰러뜨려 준 이에겐\n아무리 감사해도 모자라지%b
5a2941aa5b	뭐야, 그냥 벽이잖아.%b
5a30d9d1ae	BOOT4의 메뉴다냥, 다냥？%b
5a579507d4	그렇다면 확인해 보겠습니다！%b
5a675b355a	타타라는 【야사카의 곡옥】을 꼈다%b
5a67a2bfc2	다 함께 힘을 합치는 거야！%b
5a6d3d2a31	카달군의 거성을 더럽히는 시궁쥐들이！\n끌어내주마！%b
5a71f56e22	아까 그 장치는\n이 다리를 놓기 위한 거다지！%b
5a9e69ce89	이게 제단이구나. 이 구멍에\n갈만오브를 놓으면 되는 거지？%b
5add1c844f	당장,이 큰 물통을 부수겠다니까！%b
5aeabde0b5	나는, 나 말고는 가족 대부분이\n여자였으니까 알겠는데,%b
5af8773604	여기 전장은 좁으니까,\n다들 떨어지지 않게 조심해.%b
5b0b54dd4c	히냐～？%b
5b12f70a02	마법구의 정체는\n마법력의 순수 결정체라고 전해진다.%b%h현재의 마법 과학에서는\n마법력을 이세계에서 새어 나온 허무의 이물,\n즉 카오스의 힘이라고 정의하고 있다.%b%h마법구란\n카오스의 힘을 결정화한 것으로 추측된다.%b%h팔코 저\n「가르만 오브 연구」%b
5b24adab3a	그, 여기군\n여기에 마법구슬을 놓으면 되는 거였지%b
5b50e45a88	아마, 저 2체를 쓰러뜨리면\n출구가 모습을 드러낼 것입니다！%b
5b5b3347a6	호라이의 구슬은\n이미 설치되어 있다.%b
5b5be98ea3	이걸로,하이랜드 갈 수 있겠다！%b
5b688699d2	그리고,츠키구미 두목의 이름을 걸고\n당신을 돕겠다고 맹세하마%b
5b6aeaf0e4	자, 승부를 가려보지 않겠습니까.%b
5b715c6e4e	%z하지만, 그런 약한 모습을\n안심하고 드러낼 수 있는 건,\n네가 상대이기 때문이야.
5b81f10875	우리의 역할은,\n갈만오브의 수호에 있노라.%b
5b8401462c	「%nS」이군요.\n사주시는 겁니까, 공주님？
5bac35e77c	그런！\n말도 안 되잖아, 토호호～.%b
5bb3835d84	세이료카쿠는 이 앞%b
5bb96e7361	・어, 어라？\n여긴・？%b
5bbd03b95f	생각한 대로\n이 돌엔 뭔가 장치가 있었나 보네.%b
5bd00f257f	일행은 문을 열려고 했지만\n무엇을 해도 열릴 기미가 없었다.%b
5be55b0c63	게다가, 앞으로의 일을 생각하면,\n정보를 모으거나, 장비를 갖추거나,\n여기서 준비를 해둬야・.%b
5bec4ab3bb	얍！%b
5bfe41abe6	이런 상태를\n로맨틱 대폭주라고 하는 거야.%b
5c02753383	으왓！%b
5c051fec72	마법구는 안 부수는 게 좋아,인 거야\n카오스 힘이 풀리면 곤란해,인 거야%b
5c0aff6fbb	천재인 나님이니까,%b
5c20a4ec64	공주님！저, 아까 깜빡 졸다가,\n안 좋은 꿈을 꿨어요.%b
5c4b121f00	야마타이보정
5c8162a00e	그것도 이것도\n드래군의 용기사 덕분이라니,\n참 고마운 일이 아닌가.%b
5c99e2dae6	%z소인은, 배 수리를 맡겠사옵니다.
5cbc0250a7	조심하세요！%b
5cbd420707	전장에 돌입하기 전에,\n설명해 둘 게 있다.%b
5cc66e9fcd	이런 곳에서 시간을\n잡아먹을 수는 없는 거네.%b
5d265180c9	%z이런 기회가, 그렇게 여러 번 있을\n거라 생각하지 마☆
5d353ab9c4	【마나의물방울】은\nMP를 회복시키는 아이템이고,%b
5d5532462b	어떤 힘을 가지고 있는 걸까.%b
5d555daed3	그 아이들은 카무이코탄의 아이들이다！\n네놈 아이일 리 있느냐！%b
5d8dd390b3	磧%=
5d96571cb9	자, 나는 신경 쓰지 말고, 가라！%b
5db47a137c	익시즈까지 돌아갈까요？
5db9b967a9	%z그럼 또 봐
5dbe07d191	반대쪽 문이 열리는 장치 같아요%b
5dcf947e56	나즈나 대신, ７인위원회를\n혼내줬으면 좋겠어, 인 거네.%b
5def4a4feb	그만두는 게 좋을 것 같네・,\n근데, 뭔가 신경 쓰이는걸～.%b
5df42acc38	저기를 지나면 세이료카쿠다%b
5e16aeab8a	이것이・사념・？%b
5e28db6bb0	어째서 이렇게,\n울퉁불퉁한 걸까요？%b
5e3226dca2	참가하지 않아도\n내기는 할 수 있는 거지.%b
5e3338513b	놈들의 마법을 어떻게\n견디느냐로 승부가 결정되겠지.%b
5e5fa236ce	어라？\n바닥이 꺼졌어%b
5e9fb4d6c2	알았다, 알았어.\n맘대로 해, 이제.%b
5ea3020cae	야마타이에서의 추가 이벤트를\n거쳐온 것처럼\n플래그를 변경했습니다%b
5ea44a00e9	%z응・.
5ea91da949	아스카～, 괜찮은 거야？\n다친 데는 없는 거야？%b
5eb4ef27dd	・미안해, 뮤.\n그만 흥분해버려서.%b
5eb79dd00f	내가 용으로 변신해서\n너희를 「붙잡을」게.%b
5ecb627fc8	뮤, 환영 앞에 쓰러지다
5eecb05b6b	내 감으로는,\n이 고목에 뭔가 있을 것 같아.%b
5ef2504dfb	수정 기둥이 원인 같지는 않고・%b
5f3312d63f	으～！！\n아스카한테 붙지 마～.%b
5f405a9098	조만간, 싸우다 보면,\n전술에 치우침이 생겨난다.%b
5f67f6b103	용서 못 해！\n카달 놈들！%b
5f7c59a93f	으하하하하하하,\n아쉽게 됐군.%b
5f894b0757	다들・반드시 카달을\n쫓아내 보일게・.%b
5fd2db5d1b	저, 짐이 가득 차신 것 같아요.\n다음에 다시 오시는 게 어떨까요, 뮤 님？
5fe8f8bdb4	아무래도, 여기에는 【호라이의\n구슬】이 딱 맞을 것 같다.%b
5fed2f944c	이제, 더는 없어요？\n큭큭큭・%b
601311a24a	시라나미라면 뭔가 알지도 몰라.%b
601d73eb92	적의 환술이 풀려서\n출구가 보이게 된 것 같네.%b
602ecb2bad	너무해！\n나도 엄연한 여자아이라고！%b
603cf241b1	그럼, 잠시 기다리기로 하지요.%b
6055a87901	뮤는 【호라이의 구슬】을 꼈다%b
608293a009	아스카와의 첫 만남・\n떠올릴 때마다 황홀한 거네.%b
609ab92c67	이 결착은, 제 손으로 지어야 한다고\n생각하지 않으시나요！？%b
60bfca5797	잘못하면 목숨을 잃을지도 모르오만.%b
60cd781c5e	강해！\n강한 거다～제！%b
60d6ba2e97	하이랜드로 못 가면\n의미가 없는 거네.%b
60d8f1c34d	７인위원회가 차원의 문을 부순 탓에,\n만만찮아 보이는 괴물들이 우글거리는군%b
60e10592c0	이 문에는, 뭔가의 장치가 되어 있어요.%b
60ec076f65	하지만, 혹시라도, 끝까지 살아남으면,그야말로,당신,영웅이지요%b
60fed8fb63	쳇, 남아있는 건가・。\n거긴 부탁한다, 뮤！%b
610a168571	라스트 배틀 기동
612d66a2a4	내가【용변화】로 변신할 테니까,\n저쪽 적은 맡길게.%b
613f477091	계획・？%b
614f70ee52	\n뭘 파실래요？
6163baab40	뮤, 앙주, 다들,\n무리하지 말아 줘・。%b
6177cde8bf	근처에 마을 있으면\n뭔가 얘기를 들을 수 있을지도%b
6183ac7942	어찌 됐든,\n방해하는 놈은 두들겨 부술 뿐이야.%b
619f5140d8	우선은, 여기서\n빠져나갈 방법을 생각해야만 하겠어.%b
61a3fe0f32	이 하늘의 색,\n그리고, 바람의 향기・。%b
61b5c4927d	어라？！\n어째서 여기에？！%b
61b5d55e94	식신이 계약 강매냐？%b
61c9ee62df	비탈길이 방해되는구려.%b
61d12611f2	이 위급존망의 상황에\n여러분께 도움이 되지 못해\n소인,애끊는 심정이오이다%b
61d512c308	\n뭘 사시려는 겁니까？
61f06d3c4f	%z물론！\n그치,나즈나☆
62146d40ce	마법구는 이대로 두고\n원래 세계로 돌아가자.%b
62406f0a8c	・뭐 됐어. 아무튼, 다들 다친 데는 없지？%b
62445ced0e	%z으음・.
624718109c	감사합니다. 다른 것도 파시겠어요？
625987de5f	이 큰 물통을 부수면 되는 거군.%b
6276b89a8d	짜증 나～.\n돈도 없으면서 오지 마！
62914f5f5a	카오스 힘의 파동이 강해진 탓인지,\n몬스터도 상당히 흉포해진 것 같아.%b
6299961999	・왠지, 불쌍하다.%b
629c3a52a7	여기서 국경을 넘어 더 남쪽,\n항구 마을 오르트마에는, 디아네라는\n솜씨 좋은 여자 선장이 있다더군요.%b
629c3f6fb8	아마츠의 거울은\n이미 설치되어 있다.%b
62aafc3ca4	또, 또 지진이에요！%b
62b7d71eb6	여기가 얘기로 듣던 해저신전이란 거네%b
62cf30564c	여기가, 호라이산.\n우리 카무이코탄족의 성스러운 땅.%b
630c2ed89b	아,나즈나만큼은 아니지만\n엄청난 미소녀가 있어인거야！%b
63105d6f18	「%nS」를\n팔 거냐？
6311f270ab	조금밖에 안 움직여,인 거야 근데 몇\n번 밀면,열릴 것 같아,인 거야%b
6323a59d65	칫, 아～짱이랑 같이면 좋았을 텐데.%b
632bceb6ce	아무래도 적의 환술이 풀려서\n출구가 보이게 된 것 같아.%b
634bcf09fb	적을 전멸시키거나,\n「퇴각」을 하면 되는 거예요.%b
63525814a0	으, 윽・\n서, 설마 내가 지다니・%b
635b624c8a	아무래도, 이 문에는, 뭔가 장치가 되어 있는 것 같다.%b
635be7c08f	계단을 내려갈까？
636db039d0	누구냐！%b
637d8cc278	그리 멀지 않은 곳에,\n이 문을 열기 위한 뭔가가\n있을 것 같네요.%b
6381fb4de2	아름다움은 죄다～제！%b
63d26451cb	말 안 듣는 녀석은\n때려서 쓰는 거야.%b
63f5225531	나를,\n기억 못 한다고！%b
6406fafab7	근데, 러스티, 이런 데서 딴짓하고\n있어도 되는 거야？%b
640d357fb3	이 돌에는 뭔가 장치가 있는 것 같사와요.%b
6418692212	뭔가 장치가 있을 것 같은데,\n지금은 취할 방법이 없어・.%b
644fcb0302	어・？%b
6459d93f79	계획・？\n무슨 계획을 말하는 거야？%b
64a107179b	%z미안해.\n나는, 나 자신의 불안과 짜증을,\n러스티에게 풀며 달랬었어.
64afc26abc	앙주, 안 돼！\n가면 안 돼！%b
64e6d22f99	\n그래서, 뭘 팔 거냐？
64eb8134fc	저게 ７인위원회인 거예요%b
64f01da032	안 듣기
651176e787	잔재주 없이 정면 돌파！%b
651add25ce	이 하늘의 색,그리고 바람의 향기・%b
651c263f0c	그래, 자연 발생치고는,\n괴물들이 너무 많잖아.%b
652104f314	아, 응.\n괜찮아.%b
6521ae4d50	혹시, 리그로드 전역에서,\n내 선조와・,%b
6525e5a987	카무이 동료로 넣을까？
652be2abe3	그렇다면, 나즈나가,\n너를 처단하는 거야！%b
653d5e90c2	지금, 1번 밟아버렸으니\n앞으로 3번・%b
6549a1ca38	고맙수다.\n다른 것도 사시겠소？
6549d964c9	그래서, 어떠셨나요？리그2 체험판,\n재미있으셨나요？%b
656264a9a4	・저～기, 여보세요？%b
65647542fa	웬 놈이냐%b
6589cdc105	%z그런 소릴 하는 입은, 이거다！
658eeab978	이 문을 열면,\n카무이코탄 사람들을\n구해낼 수 있겠네！%b
65a610af65	조금씩이라면 움직이나 보네%b
65b607a14f	아아,타지 사람인 건 알겠구먼\n손님들 말투에 사투리가 있으니%b
65bc3d6935	\n무엇을 사 주시겠소이까？
65dfa165ae	그곳은, 불길이 뿜어져 나온다%b
65eaaae9bb	왜 자꾸 붙는 거야？%b
65ee3f75ad	팔러 오신 거로군요？
66170c87dd	\n어느 것을 구입할까요？
662c4048cd	거기도 미끄러지기 쉬우니, 주의가 필요하겠지.%b
668a03f6e1	그런 걸로,\n안 넘어간다고.%b
66984396ca	%z뮤！\n안녕이구나！
66a5b86d88	전열에 안 합류한 사람을\n이쪽으로 돌려주실 수 없을까요%b
66d744d2c4	용서할 수 없다・%b
66d78d7ba3	나즈나가 동료로 합류했습니다%b
66ded39409	이 문에는,\n뭔가 장치가 되어 있는 것 같아.%b
66fab6ae49	오랜만에 둘만 있는 거네,인 거야・%b
673b88fd9f	%z이걸로,세계에 평화가 왔어,인 거야！
6741089483	다른 사람은 속여도\n내 눈은 못 속여.%b
67831133d9	미안하네, 이런 항구도 아닌 곳에\n배를 대게 해서.%b
67aee66b23	확실히, 아름답기는 하지만,\n고대인들은 무엇을 위해 이런 것을\n만들었을까요？%b
680acb55bd	７인위원회는 쓰러뜨렸을 텐데도,\n몬스터들의 흉포화는\n가라앉을 기미가 없어요！%b
681acd6f06	토호호～.%b
682e9be7c8	앞으로 가는 거야냥%b
6869efa0ef	젠장,\n이 위에 올라도 아무 일 없어！%b
686e04f1ae	저기에는 뭔가 장치가 있는 것 같아！%b
687ef9e7cd	그런데,\n이가의 마을이란 건 어디 있어？%b
688d701dcc	내 눈이 틀리지 않았다는 거네.%b
688eb7d9e3	우리는 세상에\n새로운 질서를 가져오려는 자.%b
689a5889ce	비탈길이 있잖아.%b
68aab486da	어쩌실래요？%b
68aca43ee3	아, 답은 말하지 말아주세요.\n제가 맞혀 보일 테니까요.%b
68ae873f7a	적이 중간 기슭에도 있다는 건\n건널 방법이 없는 건 아니라는 거군.%b
68b60149bc	사람이 지나갈 만한 큰 뒤틀림이\n생기고 있는 겁니다%b
68d0115400	여기엔 【호라이의 구슬】이\n딱 들어맞을 듯합니다%b
68d8520509	이런 건, 시라나미가\n잘 알고 있을지도 몰라.%b
6908c0ea10	우선,\n갈만오브를 찾는 게 우선이겠네.%b
692ade9290	이제부터가 진짜 승부야%b
692b9b19e6	한 번 돌아가서\n장비 갖추는 게 낫겠어%b
692d1036bc	몇 번이고「조사한다」인 거네！%b
6961f18713	얘들아！\n저기 출구가 보여.%b
6962c97c30	정말이지,７인위원회 놈들, 대체\n얼마나 남을 괴롭혀야 속이 시원할까%b
6975bb2bbf	응？%b
697a6cc8f9	레지스탕스에 가담한\n알렉트리아 대도서관 사람은,\n당장이라도 처분해야 한다！%b
6996a41a1b	아니면, 몸이 안 좋으신 건가요？%b
699ed4c2eb	1．파티는 8명까지.%b
69ad33a4f6	먼저 나아가려 해도\n출구가 안 보이는 듯한데？%b
69b7fd728e	ＢＯＯＴ５는 시점 전환과\n동료 선택이 가능%b
69c5e1b92a	%z진심으로 감사드립니다,뮤 공주님
69ca312b76	한 번 더 조사해볼까.%b
69e3c1a945	저건, ７인위원회！\n・그래, 그런 거였군요.%b
69f5ecfb87	어라？\n짐이 가득 찬 것 같은데요？
6a1da3ce63	바보, 바보다고요.%b
6a2f3e5852	챙겨두자.%b
6a3710e8f0	%z천만에.\n감사 인사를 받을 정도의 일은,\n아무것도 안 했는걸.
6a3a7c838a	어떤 힘을 가지고 있는 걸까.\n다들, 조심해.%b
6a569736e8	시점５-----멀리서 본 대각 시점-----
6a5edf4e15	「%nS」이군요.\n사주시는 겁니까？
6a70b8662c	나 또한 이 지방을 맡은 사내다.%b
6a875b743c	젠장, 나도 카카루크란에 쳐들어가서\n실컷 날뛰고 싶다고！%b
6a8aef5567	７인위원회는 쓰러뜨렸어, 근데,\n왜 괴물들은 얌전해지지 않는 거야？%b
6a8d23f1a9	응？%b
6a944066e2	이런, 놀리시면 안 되죠, 공주님.\n팔 만한 게 없으신 것 같은데요.
6abf46e8f8	・이봐？%b
6ac8295999	고목으로 계곡에 다리 놓였어요%b
6acaf1443b	이렇게 된 이상, 옛날 일이니,\n없던 일로 해줄 테니,\n나의 일도 용서해다오.%b
6b22e48a10	그래,동생아%b
6b2cbaa808	게다가 이 다리들에는\n함정이 설치되어 있는 듯하오이다.%b
6b6dff765a	７인위원회를 쓰러뜨리면\n괴물들도 얌전해질 거야%b
6b807ce7ce	몇 번이고,「조사한다」뿐이다%b
6b80d6f480	안녕 안녕.\n근데 뭐, 다른 것도 살 거야, 그런 느낌？
6b841d2ab7	이 목소리는・！？%b
6bc111e5c3	그런 것 같군.\n다 캐버린 건지,\n아니면, 다른 이유가 있는 건지・.%b
6be0c261f8	그 점, 알고는 있는 거겠지？%b
6be3068e5e	%z그리고, 남은 익시즈의 선체는,\n디아네 씨 일행에게 주겠어.
6bff953e13	루나한테, 카카루크란에 간 모두가,\n여기로 돌아온다고 들었다고.%b
6c033ccbfb	뮤는 고목을 밀어볼까 하다\n마음을 고쳐먹었다%b
6c1101d8e2	방심 말고,가자！%b
6c1e7ddcce	흐응, 이게 수정 기둥이구나, 인\n거야 조금 정도는 깎일지도, 인 거야%b
6c28527a14	나는 도망친 게 아니야！%b
6c4ca2e0d1	마법구는 이대로 두고\n원래 세계로 돌아가자！%b
6c580eb8e6	뱃사람으로서의 당신 소문은,\n드래군에서도 듣고 있습니다.%b
6c7d7690fb	요즘 계속되는 지진하며,\n뭔가 불길한 예감이 들어.%b
6c95a8441a	・하지만, 어쩌면,\n어딘가에서 쓸모가 있을지도 몰라.%b
6c99610488	마침, 드래군 성 근처에서\n올라온 거였다더라고.%b
6c9a4b34ac	맞아, 타마모야！\n잊다니 너무하잖아！%b
6cae2810c0	그 전에,그래비티 사람들의 얘기를\n자세히 들어보면,\n뭔가 알 수 있을지도,그런데！%b
6cc1e539bf	이 자식,계속 지껄이게 뒀더니！\n그 목,베어주마！！%b
6cc61bd195	공주님께서는\n마음에 걸리는 일이 있으신지요？%b
6cf9948b4d	뭘, 사양할 것 없어.\n받아둬！%b
6d01a766e2	안 돼！\n물 긷기 시킬 거니까！%b
6d0a3125a0	혹시 모르니 설명해둘까？%b
6d12183421	디아네의 선조는, 리그로드 전역에서\n아서 님과 함께 싸운%b
6d31cd8717	관둘 거야, 진짜？\n그럼, 다른 볼일이라도 있어？
6d36d64f09	무기를 사주시려는 겁니까, 공주님
6d4138edcf	또 와？\n뭔가 사가라고？\n그런 느낌.%b
6d4c6f7321	간다！！%b
6d4fdfd62c	그럼, 어서\n결계가 풀리는지 시험해 보자.%b
6d5bb4f30c	%H%m1%V100［%m0마도사%m1］%V0%m0\n
6d6a93bb53	러스티, 몸은 괜찮은 거야？\n어디 아픈 데 없어？%b
6d9fdf8c33	그럼 이 천재지변은\n７인위원회의 영혼이\n카오스의 힘으로 일으켰다는 거야？！%b
6da50485c9	이럴 줄 알았다니까\n이리될 줄 알았다고%b
6daeeafc42	맞아, 시라나미라면\n어떤 장치인지 알지도 모르겠군.%b
6dc1110f71	2층에 오르는 건\n포기할 수밖에 없는 거구나%b
6dc2417e10	흐음, 이런 곳에 석상이.\n이것도 고대 유적의 일부인 걸까？%b
6dc53f0630	잠깐・내가 어렸을 적,\n그렇게 부르던 녀석이, 분명・.%b
6de5cddb7b	여긴 이제 버려진 장소인 걸까？%b
6de8cda7a7	이건 너무하네・%b
6debe70eef	으아아아아악！\n그만둬,그만두란 말이다！%b
6e0e6e7067	그렇다면, 나는 내 마음에 따라,\n너를 처단하겠어！%b
6e39e4e9b5	이봐 타타라！\n멍하니 있지 말고\n지시를 줘！%b
6e3e6ed467	・싫다,\n왠지 긴장되기 시작했어・.%b
6e4d2cd6af	모처럼이니까, 다시 한번 조사해볼까.%b
6e50425ca8	내가 있는데도・너무해！\n으으으으・.%b
6e51216081	동료를 선택해 주세요.%b
6e6a8efad9	무섭냐？%b
6e76e0a725	좋아！간다！%b
6e8a9a4cbf	감사합니다！\n다른 것도 파실래요,뮤 왕녀님？
6ebbf21a5d	너 같은 놈한테 붙잡혀 있었다고\n생각하니, 온몸이 근질거리는걸.%b
6ebcf31a9f	적을 전부 해치우지 않으면\n이 앞으론 못 나아갈 것 같네・%b
6f197206db	사실은 부러운 거지？%b
6f20972d70	아까부터, 드래군 성 쪽이\n뭔가 소란스러운 것 같은데요,%b
6f2baa6d3c	잠깐, 기다려, 타마모. 너, 방금\n자기 자신을 시라나미라고 했지？%b
6f67070c7e	또 오세요,부탁드려요 공주님%b
6f7fdef95d	아쉽게 됐군.\n시간 초과다.%b
6f92e41b28	설마 앙주 아버지도\n저놈한테 당한 건가？%b
6f96ecc329	뮤를 동료로 넣을까？
6f9c525525	・뭔가 협박처럼 들리는데？%b
6faafa6104	근데, 철치고는 상당히 가볍고,\n가벼운 것치고는 아주 단단한 것 같아%b
6fc9a1a209	여기까지 물러난 게 정답이군%b
6fdd4d1c6e	오오！%b
6fe78edb43	뭘까, 이거.\n・안개인가？%b
7010560825	그럼, 조금 길안내를\n해 드릴까요.%b
701864018f	여기에 갈만오브를 가져오면,\n익시즈를 부활시킬 수 있다는,\n얘기였는데・.%b
703209c796	뭔가 특별한 의식을 치르는 장소처럼도\n보이는데・.%b
704c0858f9	사이가 좋든 나쁘든,\n나랑은 상관없고.%b
705c70dfb8	여기에는 【호라이의 구슬】이\n딱 맞게 들어가게 되어 있는 것 같아%b
707720bd1c	드디어\n이쪽으로 건너올 수 있었소.%b\n
708a3ab5da	아스카는 【아마츠의 거울】을 꼈다%b
70b13fec10	여기 있는 모두를 데리고선,\n더 이상 앞으로 나아갈 수 없겠어.%b
70b1a7335c	갈자드를 쓰러뜨리면\n카달군은 머리 잘린 뱀 신세\n라는 거네！%b
70d04131d9	저희 방어구는, 죄다 일급품이에요！\n
70d33fd58e	%H%m1%V100［%m0병사%m1］%V0%m0\n
70d3df0b48	있잖아,아스카,이거 뭐？%b
70d48c4662	뮤는 괜찮을까？%b
70df71bb11	목숨 아깝다면 이 자리를 떠나라！%b
70e37b031b	세이브데이터보정
70ed50cb96	앗！\n타마모냐！！%b
70edc08d93	칼끝에 앉은 잠자리가 둘로 잘린다는\n말이 있을 정도라구.%b
70f7d722a0	아직, 안쪽에 아이들이・.%b
71080c1b7b	축하합니다.\n최하층에 도착하셨습니다.%b
711cb06fe1	예・분부대로 하겠습니다.%b
7132414b9f	이 수정 기둥 탓인가？%b
713eac7e6a	여기서 북쪽으로 가면 뮤 님의\n드래군 성이 있죠.%b
7150ec6a5a	안 움직이는 건 아니겠지만\n・.%b
7156354134	【플라이서】마법의 효과는\n8에서 9턴 지속되니까,%b
715f1157c8	여기를 넘으면\n닌자 저택인데・.%b
716de3d271	다시 오지 않으면\n이 문은 안 열리겠네.%b
71823ca0d4	필요 없어진 물건을\n인수해 드릴게요.\n
71a3495d24	%z디아네 님！\n당신을 믿고 부탁이 있사옵니다！
71ac07ab90	아니오
71c57d43c6	저것이 ７인위원회란 말이오.\n놈들이야말로, 모든 원흉이로군.%b
71d8cebf1d	4번째를 밟아버렸어요.\n
71ea770603	７인위원회, 그놈들・.%b
71f03b7a2f	여긴,오보로 계곡이다\n여길 나가면 쿠리카라겠지%b
7213297110	이게 수정 기둥이죠？%b
722b973e92	그렇군, 이건 그거네,%b
725a40e501	이제, 이 방법밖에 없다고 생각해서,\n정령계를 뛰쳐나온 거야%b
7297ead399	이건 분명 ７인위원회의 저주다！%b
72be704c32	정말, 어쩌나 싶었는데, 정 들면\n고향이라더니 딱 맞는 말이더군.%b
72dcf1f6d4	아, 응, 부탁해요.%b
72e41cda61	내 이름은 아스카.%b
72f61bf4e8	금이란 건 엄청나게 많은 광석 속에\n아주 조금씩만 들어 있는 거라고.%b
72fc26e69a	이걸로 세상은 원래대로인 걸까・？%b
730c9b3794	족자에는 「사도아도」라고 적혀 있다.%b
731ea71cbc	%z・그렇지 않아.\n러스티가 있어준 덕분에\n내가 얼마나 든든했는지・.
73312879f3	그놈은 카달의 장군이라는 중요한\n지위를 맡고 있지만,%b
73429737fa	시점４---------거리 시점--------
7348fb5c39	%z그럼,\n자물쇠 달린 창고에 숨겨두는 거야！
7356b1abed	너희 짓이었구나！%b
7362afbdcf	그걸 부숴버리면 물이 흘러서\n불이 꺼진다니까.%b
73630d44ca	그건, 뮤 님을 좋아하니까\n괜히 놀려보고 싶어지는 거예요.%b
7395f42555	병사 한 명 한 명이 안 강해도\n강한 장수 있으면 군단이 강해진다%b
73add29edd	흐음, 수정 기둥이라는 게, 이건가.\n꽤, 아름답구나.%b
73adebe8c5	에필로그 1
73e69b5e06	칫, 부숴버리는 건 안 되는 건가？%b
740bfb523e	어쩌면 ７인위원회가 일으킨\n천재지변 탓일지도 모른다.%b
740d3abc4a	내가 여기 온 건,\n아버지 말씀을 듣고,%b
740d8b01ba	그래.\n분명, 이게 우리가 찾던 물건이겠지%b
7434d7d208	공주님이 저희 마을 사람들에게\n친근하게 말을 걸어주시니까,우쭐해져서\n실례되게 캐묻는 소리를 해버려서요.%b
74422b7303	흥, 별것 아니군.\n자, 어서 서두르자.%b
74493be45a	말라카이트를 입수한 상태로\n플래그 보정 완료%b
746776ca58	이게 큰 물통이지！？\n부순다！！%b
7469d07736	오오,\n늦지 않았다니까！！%b
747a2b4c4e	・흠.%b
748f9234c1	바보라고는 안 했는데・.%b
74a9320058	A팀과 B팀으로 나뉜 싸움에서,\n승자를 맞추는 게임이야.%b
74ab532b0e	용서 못 해！\n７인위원회・！%b
74c278d7c7	뭐야, 별거 아니네.\n자, 어서 서두를게.%b
74e4bd3f86	【호라이의 구슬】을 얻었다%b
750695ca63	・윽.%b
750f80a4fb	카무이는 【야사카의 곡옥】을 꼈다%b
751091acc9	왜 안 열리는 걸까？ 어딘가에 문을\n여는 스위치가 있는 걸까？%b
752c4eaf3c	다음부턴 부디 조심하는 게 좋겠어요.%b
752d4cf497	뮤！용으로 변신해서, 「윈드」로 적을\n아래로 떨어뜨리는 거야！%b
7545c57839	아스카！우리도, 도와줄게！%b
755db16846	이하, 현자 위스코의 고찰에서 인용한다.%b%h무릇 마법에 종사하는 자로서\n가르만 오브에 숨겨진 힘의 가능성에\n매료되지 않는 자는 없을 것이다.%b%h하지만 그 안에 숨겨진\n카오스의 힘은 괴물이다.%b%h그것은 절대적인 허무의 흔들림이다！%b%h모든 것이 허수 차원 저편으로\n멸망한 뒤에는 늦다.%b%h그러므로 마법구의 연구를 금하라！\n필요하다면 탄압하라！%b%h팔코 저,\n「가르만 오브 연구」%b
756957cb96	루나에게 들은 거구나.%b
7577f77fea	아쉽구먼.\n시간 초과일세.%b
757a24b4dd	・이게 뭐야？\n나, 모르겠어.%b
757b9692ad	그 루나라는 요정이,\n다들 이곳으로 돌아온다고,\n알려줬어요！%b
75d109158f	이걸로 하이랜드에 갈 수 있어,냥%b
75f82d277e	그런 이유로\n나즈나는 미래 남편과 싸워인거야！%b
762be104f6	다리가 놓였어！%b
763e2928ab	맞다,\n시라나미라면 뭔가 알지도 몰라！%b
7643f4b8d5	북쪽 방향으로 걸어갔다고 했어.%b
766acafac3	이걸로 카달에게 끌려간\n동생을 찾겠소%b
767a298187	그래도 신경 쓰지 마요.%b
769809e686	만약 이 용암 강에라도 떨어지면\n그걸로 끝장이겠지.%b
76a730dc33	해냈다, 열렸어！%b
76aaf520c4	나즈나도,나즈나도 있단 말야！%b
76c3fcf53f	문답무용이다！%b
76c85d22ed	갈만오브를 노린다면,\n누구든, 이를 배제한다.%b
76ceae021d	으윽・\n다・～제・%b
76f3ba87b7	이 몸의 특수마법 「어스몰」로도 적을\n아래로 떨굴 수 있는 것이다～제！%b
7702949744	뮤・힘든 거야？%b
770e219cf6	그리하면 다리 없어도 저쪽으로 가\n적을 쓰러뜨릴 수 있단 말이지%b
770e3ba04f	이쪽 세계는,\n나랑 팔코랑 익시즈로\n어떻게든 해볼게.%b
771e9aa935	다리가 부서져서,\n여기 갇혔다는 걸 알았을 때는,%b
7725e0b77c	뮤・조심해.\n앙주도 다들도・。%b
772bc6e480	뮤・괜찮으려나・.%b
7731ea6974	저쪽 걸 타면 야마타이로\n가는 거였던가・.%b
775019b0fb	리그로드 대륙을 북으로 도는 항해를\n한 뱃사람이 항행 중에 연기를 봤대%b
7761ad5cc7	다리도 아무것도 없잖아・.\n어떡하지・뮤？%b
77808bab14	이봐 이봐, 이런 곳까지 오긴 왔는데\n뭔가 근거는 있는 거겠지？%b
7789f580db	생각한 대로였네.%b
77ce34c9f7	도중에 있는 문은 열에 의한 팽창으로\n열기 어려워져 있을 거라니까%b
77d4623642	나를 쓰러뜨려 봤자\n７인위원회님의 계획엔\n아무 지장도 없어요%b
77ee7fe799	응.\n그렇게 들었어.%b
77f40cdbe6	이 땅에 무슨 일이 일어나도,\n용기사단은, 저희를 지켜주시겠죠？%b
7838604763	다들, 괜찮아？\n나도 같이 싸우고 싶어！%b
7843233add	이 지형 때문 아닐까？%b
785e4d3efa	여기를 지나면, 드디어 게텐성이야.%b
788ca18a6b	군대라는 건 그런 법이야.%b
788ea6a9d7	・누구냐！\n이런 곳에 식신을 봉인한 놈은！%b
78c18452ac	자, 열렸다.%b
78c32b8c54	앞으로 갈까요？
78c696a1f3	이미 끝난 이벤트의 세이브 데이터를 보정합니다.%b
78e9fc3059	와아, 뮤 누나,\n오늘은 뭐 하고 놀아줄 거야？%b
78f581bae8	사실은,주금도사가 며칠이나 걸려\n이계서 정령을 불러내어 종자가 되도록\n계약을 맺는 건데 말이지%b
78fa13c5a1	여기 있는 책 중에 익시즈 수리법이\n분명 적혀 있을 거야！%b
78fa69266e	얼음 봉인이 풀리려 하고 있어！%b
79221b74d3	말 안 듣는 애는,\n엉덩이 찰싹이란다～.%b
792af515d4	여기엔 【야사카의 곡옥】이\n딱 맞게 들어가게 돼 있잖아%b
793332499e	돈이 부족하신 듯하군요\n아무리 공주님이라도 저희도 먹고살아야 해서\n나쁘게 생각 말아주세요
793848106e	어딘가에서 그럴듯한 물건을\n손에 넣고 나서\n다시 한번 시도해 볼까・.%b
79481184d6	네가 갈자드구나！%b
79858ef947	７인위원회라는 놈들과 갈자드가\n무엇을 꾸미고 있는지도 모르겠고.%b
7987f81a93	쳇, 안 열리잖아・.\n뭔가 장치가 되어 있는 거겠지.%b
79979b46de	드디어, 갈자드와의 결전인가！\n다들, 준비는 됐어？%b
79dc037866	카무이는 【호라이의 구슬】을 꼈다%b
79f0ea34bf	%z러스티・고마워.
7a0592a61d	이쪽 일은 걱정하지 마시고,\n마음껏 싸워 주세요！%b
7a1958b4de	근데, 우리만으로\n갈자드를 쓰러뜨릴 수 있을까・？%b
7a47d824c8	어떡하지, 고민되는 거야, 인 거야.%b
7a58416979	하지만,지금은 카달군에게 인질로 잡힌\n카무이코탄 사람들 구하는 게 먼저야.%b
7a61289853	（위쪽 시점 전환）［４／７］\n　바로 위에서의 시점으로 전환합니다.\n　화면 안 캐릭터의 ＨＰ／ＭＰ를 표시합니다.\n（옆쪽 시점 전환）\n　옆에서의 시점으로 전환합니다.\n　그리드가 표시되어, 지형을 확인할 수 있습니다.
7a6fc7c7f7	계획・대체 무슨 소리냐！%b
7a75ca4f3d	【７인위원회 탑 뒷문】
7a92d88302	후딱 해치워 버리자.%b
7aad964747	이게, 식신인가・.%b
7ab7c8aaf8	【아라미타마의 보검】을 얻었다%b
7accf97461	하지만,이쪽 세계는 평화로워져서\n나즈나는 심심해진 거야,인 거네%b
7acd217ec3	흠, 누군지는 모르겠지만\n이 몸을 제쳐두고 석상이 되다니,\n조금 건방진 것이다～제～！%b
7afcdff454	여전히 이곳의 괴물들은,\n카오스의 힘의 영향을\n받고 있는 것 같단 말이지.%b
7b0bc874ba	어라？\n밀면 쓰러질 듯해！%b
7b4899d915	좋아！\n
7b50c3f27c	우오오, 이, 이건！%b
7b5e31441f	여긴 오보로 계곡이다%b
7b955ec7ea	우냐～？%b
7b970aec31	미안하군,뇌까지 근육이야%b
7b9d8255d4	\n（방향）［１／５］\n　명령 선택을 합니다.
7b9fa2a064	%H%m1%V100［%m0포로%m1］%V0%m0\n
7bcea5fc07	어서 오세요, 뮤 님.%b
7bdb96254f	나는 어찌 되든 상관없으니・.%b
7be9ff01c4	아아,그 달콤한 기억에 풍만한 가슴이\n두근대는 거야,인 거네！%b
7c05e3997f	・이래선 2층으로 올라갈 수 있을 것\n같지 않네.%b
7c210952f2	・아～쨩.%b
7c3a47473c	밀어버릴까나？%b
7c69e7b093	・큭☆%b
7c77cda50f	이런 무도한 짓이・\n2층에 올라가는 건 무리이겠구려.%b
7c7b7817a9	%z잘 지내, 뮤.\n좋은 여왕이 되렴！
7c9354006f	밀면, 쓰러질지도 모르겠군.%b
7c9750dc5e	그렇다면 가르쳐줘,\n갑자기 리그로드 대륙을 갈라놓은,\n무지개색 빛의 벽은 대체 뭐야？%b
7ca3d0ad70	드디어 뜻을 이뤘다,７인위원회를 이겼다！%b
7ca639eb11	시점６-----가까운 대각 시점-----
7caa1b0c08	바보야！\n이건 네가 바란 결말이다%b
7cb1053983	적 수가 많은 거예요,%b
7cbce26a75	지하 통로에서 말라카이트를 찾아서\n그래비티로 가자！%b
7ccb2c99a8	이럴 때는,\n순순히 남에게 묻는 게 최고라구～제！%b
7ccc157109	%z네, 미지의 대포 기술도 있으니까요.\n그걸 조사해서 한 권의 책으로 엮는\n건 사서관으로서 당연한 임무예요！
7cef0ca0bf	조심하고 있으면 돼.\n집중과 해방을 잘 나눠 써！%b
7d17292ece	이 수정 기둥이 원인 같진 않지만%b
7d2b8af893	%z잘 있어요, 여러분과 함께한 여행을\n저는 결코 잊지 않을 거예요！
7d2d1f0125	%H%m1%V100［%m0도와주는 사람%m1］%V0%m0\n
7d3230de7e	지형을 솟아올려\n적 있는 곳을 비탈로 만드는 거구나！%b
7d4821475d	이쪽은 카달행 게이트였지.%b
7d5a3a1f24	이 문을 열려면,\n다시 오지 않으면 안 될 것 같아.%b
7d72a3d312	하지만, 열쇠를 여는 거라면,\n나한테 맡겨！%b
7d891781e0	파괴・혼란・？%b
7d902f6c83	A팀과 B팀으로 나뉜 싸움에서,\n승자를 맞추는 게임인 거지.%b
7d94617f8c	이대로 가면 큰일 난다！%b
7daaae76d4	공주님이 여기 계신다는 건,\n별일 아닌 게 뻔하지요.%b
7dacf958c6	장치 쪽도 반응이 없다.%b
7dbb89952f	그러니까, 어서 오세요, 그런 느낌.\n무슨 용건이신가요, 그런 느낌？
7dc735f04f	그리고,괴물 중엔 투명화해서\n모습을 숨기는 기술을 가진 놈도 있어%b
7df8a2bea5	다들 준비됐어？\n간다！%b
7dfdfc1f91	고마워 루나！%b
7e18cdbf66	%z모두, 잘 지내！
7e30edb2ae	야마타이편
7e3488a7de	그걸 찾으면\n익시즈를 고칠 수 있어！%b
7e6f905201	뭐, 우리한텐 익시즈가 있으니까,\n어떻게든 될 거야！%b
7e7f18cb0b	저보다도, 아이들을・.%b
7e80aeb83f	그래서, 시라나미,\n너는 언제까지\n우리한테 붙어 다닐 거야？%b
7e979ab151	호오,이것이 전설에서 말하는\n보물 파수꾼인가%b
7ec7e88d65	뭐,지금은\n인술 자체가 우리들 밥벌이지만 말이야%b
7f18768f0e	저건・！%b
7f33b596fe	어디 보자,물통은 어디지？%b
7f33c96301	７인위원회 여러분의 통치에는 아무런 불만도 없어.\n그럼, 눈곱만큼도 없고말고.%b
7f3eda4cee	아～짱은 정말 부끄럼쟁이라니까%b
7f42bfb338	시련의 미궁에 들어갈까？
7f48543b60	그것이온데, 형님.%b
7f5c4b44db	하지만,열쇠가 없는 이상\n억지로 여는 수밖에 없겠군%b
7f6a376502	실은 그 실력을 보고,\n당신의 힘을 빌리고 싶습니다.%b
7fc1039453	이 유적, 리그로드 사가의 전투 당시\n이미 영웅들에 의해 탐색되었기에\n그런 것은 발견되지 않았습니다.%b
7fced1f782	구더기와 썩은 고기를 뒤지며\n땅을 기어다니는 짓 따위 못 한다！%b
7fdd048f1e	내가 잘못했어.%b
7fef4d6925	아이들은 다른 곳으로\n끌려가 버렸습니다.%b
7ff38506aa	자, 간다！！\n다들, 조심해！%b
7ff53c5562	고목이 쓰러진 덕분에\n다리가 생겼어,그런거네%b
8004e6fadf	이런 곳에서 다치면\n짐이 될 뿐이잖아.%b
801db6481f	그게 나을지도 몰라.%b
801fe2f278	이렇게 단단한 금속을 가공할 시설이\n있을지, 그게 문제로군.%b
8028381c12	영웅 아서 님과 엘리제 님의\n피를 이어받았어.%b
804da56f64	뮤 님께는,아무리 감사해도 부족합니다%b
80576c2e73	타타라는 【호라이의 구슬】을 꼈다%b
8088246211	・제발, 아스카.%b
80add62902	2층에 올라가는 건\n포기하는 게 좋을 것 같다.%b%h
80c25199c8	음, 특별히 장치는 없는 것 같은데,\n딱 봐도 수상한 느낌이야.%b
80d540c57e	시험 삼아 밀어보는 거야, 냥.%b
811c17c908	아～쨩도, 가끔은,\n조금은 생각이란 걸 한다구！%b
811f8fa98e	이게 말라카이트가 틀림없어 보이네.%b
8123ea0436	해적이라고 해도, 그녀의 몇 대 전\n조상이, 그랬다는 거지, 지금은\n어엿한 뱃사람 집안이야.%b
8126c7195b	요정 루나한테,\n다들 여기로 돌아온다는 말을 들었어%b
8135424778	여긴 산 중턱이라\n언제 산이 무너질지 걱정이라서 말이지%b
8141729281	【플라이서】마법의 효과는\n8에서 9턴 지속되오이다.%b
815299e48f	아마츠의 거울은\n이미 설치돼 있어%b
816b682f83	전으로 갈까요？
8179883bed	↓↓↓↓ＢＯＯＴ４그거↓↓↓↓
81811ad752	저건, 다이간 아니야！%b
8199be3670	보검은 단단히 박혀서\n빠질 것 같지 않은 것 같다.%b
81a1253c26	이런 곳에 갇혀서는！ 이래서야, 완전\n새장 속 새가 아니냐！%b
81ca36816e	음, 뭐지？%b
81cc06c2c5	어머어머, 시끄럽다 했더니,\n새끼 쥐들이 도망쳤나 보네～？%b
81e4a7a0c2	슬슬, 오냐오냐하는 걸 그만두는 게\n어때, 러스티.%b
81f3d231b0	아버님！%b
820d2d102f	나를 쓰러뜨려 봤자,\n７인위원회님의 계획에는,\n아무런 지장도 없습니다.%b
820fc76dc3	에이잇, 이름을 대라！！%b
82108b43ae	이대로라면, 아버님의 영혼은・。%b
8210b825de	혹시 【플라이서】마법을\n쓸 수 있다면,%b
82185e7564	돈이 부족하구먼\n돈이란 겉은 좋아도 속은 검은 법이오%b
8249a2ab03	몇 번이고,「조사한다」뿐이야%b
82509af762	%z그러니까,미안하다고 말하잖아！\n정말！\n어떻게 말해야 용서해 줄 건데？
8255c8c473	세이료카쿠는 이쪽%b
82a229c511	일단,\n저기까지 도달하면, 우리 승리인 거지.%b
82b73211a5	무슨 소리야, 아스카！%b
82d66a3087	참가는 안 해도\n내기는 할 수 있어%b
82fbef5725	우선, 어떻게든\n여기까지 도착해야만 하는군.%b
833990d277	잠깐만！\n아～짱, 이게 무슨 소리야！%b
8340ec0f9d	이 정도 숫자가 상대면\n한 번에 쓰러뜨리는 건 무리일지도%b
835b4d190a	뭐, 어쨌든, 지금은 해적이 아니라,\n제대로 된 뱃사람이지만요.%b
835dfd5c42	저희 마을을\n소멸시키려 했던 빚을\n지금이야말로, 갚아주는 거예요！%b
837a2c6774	한번, 용기사 훈련을 보고 싶네요.\n멋있겠죠・.%b
83823f5977	아마츠의 거울이라면\n이미 설치되어 있었지.%b
83943b7ebc	・응.\n고마워.%b
83c3ee67d8	・뮤・.%b
83c9258878	이 앞은,목표하는 곳과 다르오\n하이랜드로 가는 출구를 찾겠소%b
83cc056ce5	앞으로 갈 길이 없는 듯하다%b
8402dbde08	오！%b
8434f90ecf	카무이의 여정
844b4b5dc1	%z안녕！
845c9332a4	아무래도, 다시 한번 오는 편이\n좋을 것 같아요.%b
847c2c20fa	조사해보자.%b
84829c39f5	이렇게 많이 받아도 되는 거야？！%b
8482ec2b31	그는 보물의 파수꾼 역할만을 위해\n오랜 세월을 이곳서 지낸 것이었구나.%b
84957ceb73	친구로서 만난 두 사람은, 어느새\n서로 격렬하게 끌리게 되지.%b
849b67ba70	아～짱,\n우리 둘만 남았네・우후후후☆%b
84a73ad9e9	기다려！%b
84b77611f0	포 정비는 끝났어요！\n이번엔 저도 데려가 주셨으면 해요.%b
851ed56cf4	그래요.\n또 와주세요！%b
852000eed4	나는, 나를 믿는 자를\n개죽음시킨 적이 단 한 번도 없다.%b
854b1f86e1	%z그런 이유이니\n다시 한번 익시즈에 태워 주세요.
858b6ed534	이 제단에 갈만오브를\n놓으면 되는 거니까.%b
8599c2e6ea	그러니까, 미궁협회에서 등록을 해야만\n하는 거지.%b
85a5123124	앙주는 고목을 밀어볼까 하다\n마음을 고쳐먹었다%b
85a9213f2f	・다들, 가자・.%b
85c305839c	・앙주・멈춰줘！ 이 사념체는 세계를\n멸망시키려 하고 있어！%b
85cfd55b42	안 열리는 것 같아요%b
85d137871b	여기 있어봤자 시간 낭비일 뿐이야.%b
85ed6aeed6	분명 뭔가 장치가 되어 있는 거예요.%b
85f26c0459	뮤가・사라졌어・！\n갈자드와 함께・？%b
86021f3f86	으어어～.\n이게 제단인 거다～ 제.%b
8620125ebb	어떻게 할까, 뮤？%b
86602a28a1	시점７---------쿼터뷰--------
867b30e4ea	오르트마해방
8697477b1d	이런, 몸이 움직인다～제！\n누군진 모르지만 살았다～제！%b
86aab9b3b3	위스코 님은\n리그로드에서 구름바다의 현자라\n불릴 정도인 분이시니까요.%b
86b01ed5fc	산길을 지날까요？
86b3afca63	「%nS」시죠.\n사시는 겁니까？
86f920fbb3	아무래도 딱히 해는 없나 보다%b
8712b8adac	봐봐, 디아네 씨의 배가\n멀어져 가고 있어.%b
87260f9a83	「%nS」네요.\n사주시는 건가요？
872845a7a8	어쩌면 ７인위원회가 일으킨\n천재지변 탓일지도 모르겠지만・.%b
87345a7bbf	마법구는 이대로 두고\n원래 세계로 돌아가자.%b
8747084496	어딘가에서 그럴듯한 물건을\n손에 넣고 나서 시도해 보자.%b
8772246da9	보검은 단단히 박혀서\n빠질 것 같지 않아 보인다.%b
8782db7504	뮤 왕녀님・,\n당신, 팔 만한 물건 같은 거 없잖아요.
87946119dc	・아마, ７인위원회가 남긴 원한,\n악의, 그런 사념이,%b
87c0a1ccee	어머어머.\n사이가 좋은 건지 나쁜 건지・。%b
87c9e923f9	음, 그대들이었느냐！？%b
87cb92e6b0	여기에 물을 넣으면 되는, 셈이군.%b
87dde80aac	해냈어요！\n７인위원회를 쓰러뜨렸어요！%b
87eb970f63	이 다리를 건너면, 하이랜드로\n갈 수 있는 거다～ 그래！%b
8800c647a1	숨은 마을 쿠리카라 어르신%b
8808f8099d	지형에 상관없이\n반대편으로 건널 수 있을 텐데・%b
881fa1262d	이 몸의 천재적인 안목이\n익시즈에서 본 것과 같은 걸\n느꼈다～구.%b
88297c4629	걱정해주는데・뭐야！%b
883c72e5f1	나즈나도 괜찮구나.%b
88471657fc	정말이지, 그놈들다운 방식이네.\n짜증 나.%b
884e440825	기다려, 다들.%b
8868c0e46c	%z잘 가는 거야, 뮤！
88717445ef	７인위원회・\n어디까지나 우리의 평화를\n어지럽힐 셈이로군・。%b
88840b1341	아, 앙주！%b
88bd8e38ef	야마타이는 이가의 시노비\n%b
88c6c9baeb	%z뭐, 뭔데！
88d7060e7e	【하이랜드 마을】
88eb8ba76e	이게 수정 기둥이구나%b
88f0ad7985	・그대도 힘들겠구나・.%b
88f279b003	이놈을 쓰러뜨리고\n드래군 성을 되찾아주마！%b
89439bf505	어쩔 수 없지,\n마법구는 이대로 두고\n원래 세계로 돌아가자・%b
898234ce44	하이랜드는, 바로 코앞이에요.%b
899cecd097	무기를 살 거냐？\n
89befd52c1	빠르게 정리해 버리자.%b
89c74a12c5	킹을 동료로 넣을까？
89dc767bde	좋아, 도착했다！ 여기에 갈만오브를\n놓으면 되는 거였지.%b
89e7c788ab	변수초기화
89f59a5a93	정면으로 맞서 싸워도 안 져！%b
8a01b2f983	루나한테 카카루크란에 간 모두가,\n여기로 돌아온다고 들었지 뭐.%b
8a34419c66	이 문을 열려면,\n다시 와야만 한다는 거네.%b
8a38b9642f	사도야말로 내 길이란 뜻？\n그래봤자 행복해지는 것도 아닌데%b
8a513b0a34	여기에는 재밌는 장치가 있거든.%b
8a549f60e6	세상에, 야사카의 곡옥은\n이미 설치되어 있잖아.%b
8a799bfb87	그렇죠, 그런 거죠？%b
8ace3b3db9	즉, 이 문을 열려면,\n다시 와야 한다는 거군.%b
8acf32cfbf	다리 없이도 절벽을 넘어\n반대편으로 건널 수 있소이다만%b
8acf902ef5	여기 토란은, 리그로드 대륙의 숨은\n마을 바트람에서 흘러들어온 이민자들이\n만든 마을이라고～.%b
8ad2a88b95	나즈나도,\n７인위원회한테 화났어, 그런 거야！%b
8ad581b941	과연 여기까지 올 수 있을까요？\n큭큭큭・%b
8af691e1c4	군인으로서,\n명령에 따랐을 뿐입니다.%b
8afb0a6a3c	어떤 힘을 가지고 있다는\n것이오？%b
8aff271618	그러고 보니, 동생도, 언젠가 이\n수정 기둥의 수수께끼를 풀고 싶다고\n말했었소이다.%b
8b1754485e	너에게 드래군 구출을 위한\n원군을 부탁하러 왔는데・.%b
8b74be67ae	봐, 안개가 걷혔어！%b
8b9c26b9d1	2층에 올라가는 건\n포기하는 게 좋을 것 같아.%b
8ba640a91a	어딘가에 이걸 여는 장치가\n있을 것 같다～ 라구！%b
8ba89d0444	인정하기는 분하지만, 이런 건,\n시라나미가 잘 아는 거야.%b
8bb3cff3f1	그쪽에 있는 건\n퀸즈랜드의 왕자로군요.%b
8bc63330d6	저 녀석들의 마법을 어떻게\n견디느냐로 승부가 결정되는, 거다.%b
8bc6e380b6	가자！%b%h
8bd58de4b7	이 문을 열면,\n카무이코탄 사람들을\n구해낼 수 있어！%b
8bff588c68	원래는 시노비의 요새였지만,\n카달에게 빼앗겨서,\n지금은 그놈들의 소굴이 돼 있다%b
8bffae910e	그러면, 다리가 없어도 너희는 건너편으로 갈 수 있어.%b
8c1375469c	전투로 치면 든든한 아군이지만\n식신이란 건\n호락호락하지 않은 성격인 듯해%b
8c6e7c8524	%z언젠가 내 마을에 놀러 와줘.\n유카리와 함께, 환영할게.
8c7d989aba	아마츠 거울은\n이미 설치돼 있어,인 거야%b
8c860ccfd9	제군과 노는 것도 여기까지%b
8c8d9eb6b7	그래야 이가 최강의 닌자지. 그런데,\n안 일어난 녀석이 있는 것 같은데.%b
8ca0f89a15	아무래도, 저 트롤리를 타면\n어딘가로 데려다주는 장치인 것 같아.%b
8ca1bb612d	이 돌엔 뭔가 장치가 있는 듯한데.%b
8ce2a82ce7	과연, 그런 종류의 책은,\n동생이 여러 권 쓴 적이 있소.%b
8ce80723c0	뭐, 괴물들이\n눌러앉을 가능성은 있으니까,%b
8ce95e468e	위스코라는 녀석도 참 안됐군.%b
8cf44db4aa	・방금 건 좀 늙은이 같았군.%b
8cf9f1c55f	대체 무슨 일이 일어나는 걸까,\n세상은 평화로 돌아온 게 아니었어？%b
8d03ec20a9	와아！\n열렸어요！%b
8d16a65d52	이건・대체, 뭔가요？\n저도 전혀 모르겠어요.%b
8d24aadd12	대체 어떤 힘을 가진 거구나？%b
8d4749673c	네가 갈자드구나！\n사람들을 괴롭히는 악당 놈！%b
8d6fe678de	이 전장은 좁다！\n떨어지지 않도록 조심해라！！%b
8d6fed3aec	응？\n그게, 무슨 소리야？%b
8d7d40053a	저게 ７인위원회구나.%b
8d8871cc66	저도 괜찮아요.%b
8d92989f50	모래 구멍에 뭔가 있어？%b
8d95a04b56	나로서는,\n갈만오브 수호자와의 싸움이\n더 흥미로웠지만.%b
8daf1c4fff	너 혼자만의 힘으로,\n어떻게 될 문제가 아니야.%b
8dbf1a4312	오르트마를 지켜야 해！%b
8dd1c6cf8c	좋아, 한번, 화끈하게 날뛰어 볼까！%b
8dde1959e0	그럼,그 특별한 도구가 뭔데？\n어디 있어？%b
8deab36bf6	따라서 레벨업은 없다.%b
8e0d6f9cd8	후후후,\n오래 기다렸다！%b
8e14f13c1a	%z・시라나미라면,\n야마타이에서 두 번째 미녀니까,\n노력하면, 야마타이에서 두 번째 정도\n남자는 찾을 수 있을지도, 인 거야！
8e3c2e4192	팔코라 하오.%b
8e4b2d2488	그거 예쁘더라？%b
8e9aef1e8f	미안하지만,무리한 부탁이다%b
8ea2ec414a	큭・,\n아직도 안 열리는 거야？！%b
8eaf215f21	역시,\n저 물질은 갈만오브였군요.%b
8ee9246df0	잘 오셨소이다.\n한데, 무엇을 구하러 오셨소？
8eeb5ac3c4	뮤는 고목을 밀어보았다.%b
8ef27fbef1	너, 뮤한테 반했잖아？%b
8efa51a6de	그럼 완전, 아～쨩이 생각 없이\n싸움만 좋아하는 애 같잖아！%b
8f136238f4	듣기로는,\n이 안쪽에 적의 대장이 있어서,%b
8f24aff9dd	정신력만으로는 이길 수 없다는 걸\n가르쳐주마！%b
8f5916a198	그럴 리는 없을 것 같은데.\n어디, 잠깐, 발로 걷어차 보자고.%b
8f5e4a45fd	아무래도 저놈을 이기는 것 말고는\n도망칠 방법이 없는 것 같군%b
8f626e6324	좋아,좀 더 가까이 가서 조사해 보자%b
8f6aecbea1	이번에야말로,\n그 갈만오브를 받아가겠어！%b
8faf6e34c8	리그로드 이벤트 테스트
8fb5b92282	문이 열렸다.%b
8fbe3bfdf6	바닥 안 보이는 구멍이 있다\n안쪽 방은 안 보인다%b
9006bc77c5	그러니까, 천천히 둘러보면 되잖아.\n
90104aa533	예를 들면, 저기다.%b
903168660a	각개격파당하지 않게\n조심해야 해.%b
903367427c	뭐니 뭐니 해도,조상 대대로\n바다와 살아왔으니\n그저 그런 뱃사람들과는 역사가 달라%b
9038276c91	・아무리 봐도 벽이야.%b
9048873944	퇴각하자.%b
904b9a2ac0	그건, 네가 러스티라서 그런 거야.%b
906bdbcf5a	모처럼 이가 최강의 닌자를\n구하러 와줬는데.%b
9092ae8bf8	으음, 벽을 가만히 쳐다보면서,\n대체 나는 뭘 하려던 거였지？%b
909453f702	동생분・이지？\n다행이야, 호크아이！%b
90ba466a4f	이런 곳에 무슨 의미가 있는 건가？%b
90c3d83123	%z아.
90d3dedc92	%z그럼, 그런 걸로\n해두는 거야, 인 거야！
90e403c600	떨어질 때 발판으로 쓸 수 있고\n적을 묶어두는 데도 쓸 수 있지%b
91017b9da8	익시즈에서 본 것과 같소이다.%b
911fdae690	시점２---낮은 시점（가장 근접）----
9129aed8b0	퇴각하자%b
913946b64e	어딘가에 이 문을 움직이는 구조가\n있을 것이오.%b
913ec0f6f5	네 이노오옴！\n내 원한을 풀어다오오오오.%b
914906b011	시라나미라면\n더 자세히 알지 않을까？%b
91543ed8a0	모두, 기다려,\n지금 바로 꺼내 줄 테니까！%b
916c345e81	으어어어어어어어.\n소인, 소인 감격입니다.%b
917db5dc6c	음・？%b
922879e72b	안 열려！？\n안에서 잠겨 있어！！%b
92644593d7	감사하기 그지없소.\n그밖에 사실 것이 있소이까？
92657855fe	역시 저 사람이, 아스카구나！%b
926dc4d4f8	이런 곳에서・끝나는・건가.%b
9283927112	（수평 시점 전환）［６／７］\n　월드에서는 사용하지 않습니다.
9287f8eab0	아～짱・잘 지냈어？%b
928e7701ad	그만두시는군요, 뮤 님.\n그럼, 다른 볼일이 있으신가요？
929043877a	%z・저기 말이야・.\n너희들, 정말로 날 따라오는 거냐！？
92f139dc0f	우선, 침착하게,\n이 자리에서 적의 화살을 피하자.%b
93218ab51b	A팀과 B팀으로 나뉜 놈들 싸움에서\n어느 팀이 이길지 거는 거야.%b
9333575ff0	%z자꾸 두 번째 두 번째라고 하시는데,\n그럼, 첫 번째는 누군데！
937f5a111b	목숨 있어야 뭐든 있지！%b
938077ce16	나의・\n귀여운・아이들・.%b
939223496b	뭐라고,이 몸을 멤버서 빼다니\n뭘 모르는 것도 정도가 있다～제！%b
9396ec79a4	\n어느 것을 파시겠습니까？
939c3a9017	하지만 문은 열팽창 때문에\n열기 어려워져 있다.%b
939d11dcbc	역시 생각한 대로다.%b
93ca1239e4	뭐야, 그만두시는 겁니까.\n다른 볼일이 있으신가요, 뮤 왕녀님？
93f248fa9a	지금 바로 꺼내 주는 거예요！%b
940b46a24a	이 다리를 건너면,\n하이랜드로 갈 수 있는 것이오.%b
94198548ab	%z정말, 이 아이는 걱정을 시킨다니까.
94455650e9	이놈을 쓰러뜨리면\n드래군 성을 되찾을 수 있는 거지.%b
94648987df	・있잖아, 다이간.\n우리, 잘 하고 있을까？%b
94a0af45f4	뮤！！！%b
94b21ddef1	카달의 병사와 마주쳤다！！%b
94cbdd8896	부서졌어！\n이래선 2층으로 못 올라가！%b
94dcb67763	루나에게 카칼클랜에 간 모두가,\n여기로 돌아온다고 들어서 말이지.%b
94fa1a2742	축하해！잘했어！%b
950dc86b88	아무래도, 이 문에는,\n뭔가의 장치가 되어 있는 것 같다.%b
952eafd2cf	이건 뭔가요, 인가요？%b
9531711824	적은 코앞이라 이거지.\n한번 해보자고！%b
953c1adeb9	이 목소리！%b
954c252ebb	다들, 잠깐 못 본 사이에\n한층 성장한 것 같군.%b
95a1d2d74e	혹시 앙주의 아버님도\n저 사람한테 당하신 건가요？%b
95ab259e3e	환술이 풀려서\n출구가 나타난 것 같다.%b
95ce8a7427	드디어, 이 앞이 세이료카쿠네.%b
95e2a65a50	・라는 것도 안 되는 거지요.%b
9610d795d6	블록이라는 마법 있잖아.\n그 사용법을 가르쳐줄게.%b
962268c610	미안, 못 알아봤네・.\n오늘은 웬일로 남자 친구랑 같이네.%b
9622785b27	아무 일도 안 일어나는데？%b
9625b18eca	에휴.\n드디어 도착했다.%b
963f2b9e65	대체,무슨 일이 벌어지는 거지・？%b
9672efbc79	뭐, 뭘, 별일 아니야,\n곧 가라앉을 거야・.%b
9686fc71fb	여기서 밖으로 나가자%b
96884c693d	동료가 될지도 모르는 킹 군이\n죽어버리게 되니까 말이야.%b
9696758a25	그렇다곤 해도,구름 잡는 얘기네%b
96bbae04a6	으냥？\n익시즈에서 본 거랑 똑같다냥.%b
96c128a4bb	제일 먼저 저희 가게를 찾아주셨으니,\n감사합니다.%b
96d73da700	그렇다면 이게 말라카이트라는 게\n틀림없겠군.%b
96e8dfbe2f	앗！\n고목이 쓰러져서 다리가 됐어%b
970d9789a0	게텐 성에는 카달군의 사령관\n갈자드라는 놈이 있다지？%b
970db340ad	어～머, 넌 또 뭐야？%b
9718ad26db	열릴 때까지 몇 번이고\n살펴봐야 한다니까.%b
9775cbdaa7	러스티！%b
9792e6312a	우리는 그런 기술이 없으니까,\n최대한 조심하는 수밖에 없지.%b
979b75073d	이, 이곳은・리그로드？！\n게다가, 루나！%b
97c9679087	야사카의 곡옥은\n이미 설치되어 있어.%b
97f48437a6	어이\n오늘 무슨 볼일이야？
9802b0686e	근처에 마을 있으면\n정보도 모을 수 있을 텐데%b
9805caa485	・아, 저기？%b
981c5ec045	얍！%b
982091702b	뮤, 카오스의 힘의 영향을, 더 이상\n이쪽 세계에 퍼뜨리지 않기 위해,\n일손이 필요한 것입니다.%b
9853c44b81	스스로 자기 싸움 방식에\n틀을 씌워버리기 때문이지%b
98543a8ff9	배테스트
985f345b80	됐어, 잊고 있었던 건 용서해줄게.%b
985f637461	호라이 구슬은\n이미 설치된 듯하다%b
98640f3285	도망쳐！\n여기서 죽을 순 없어！%b
987bf4466a	하지만, 아쿠텐의 최후는,\n놈의 악행에 분노한\n군중에 의한 사지찢김이었지%b
989cf9195d	밀어볼까요？%b
98c4d8606b	이 몸의 뷰티풀하고 원더풀한\n육체가 비치고 있는 것이다～제～！%b
98ceb59dd9	'뭐야'라니, 인사가 그게 뭐야.%b
98d2d34fd6	%H%m1%V100［%m0시라나 3%m1］%V0%m0\n
98dcc70450	어디 보자,어떤 구조인지\n잠깐,언니한테 보여줘 봐～.%b
98fe780435	적을 전부 해치우지 않으면\n이 앞으론 못 나아갈 듯해！%b
990cca94e8	남은 적을 조심하면서\n출구로 향하자！%b
993f2b0a3a	아스카 불쌍한 거네, 그런.\n나즈나가 위로해 줄게, 그런.%b
995f45f61f	보검은 안 빠지는 듯해,인 거네%b
9983ae5f16	이얍！%b
9989291f29	아무래도 숨겨져 있던 출구가\n모습을 드러낸 모양이오이다.%b
999a776db8	%z말씀대로이옵니다.\n바다에 띄워 배로 쓰는 것 말고는,\n달리 쓸모가 없사옵니다・.
99a0767bce	카오스의 힘은 사람 영혼의\n집착을 받아 변화하는 것%b
99abf32f47	잡담은 이 정도로 하고,\n승부를 가려보지 않겠습니까.%b
99ae8fd1a7	푸하하하하・！%b
99e9e13c7e	저건・분명, 시노비야！\n그렇다는 건, 포위당한 게 아스카？%b
99eedb3051	우리의 잠을 깨우는 자,누구냐！%b
99fc63712c	가자！%b
99fe30fff9	야마타이도 해방하고\n리그로드도 구할 수 있다는 거네！%b
9a0d794ed4	일단, 이 다음은 제품판에서 즐겨주세요.%b
9a1796376b	알았어, 알았다고.\n사과하면 되는 거지？%b
9a1cfcc2aa	어딘가서 그럴듯한 물건을\n손에 넣고 나서\n다시 시도해 보는 거야,인 거야%b
9a29ae034e	한 번 더,\n위험한 장소를 말하겠다.\n잘 들어줘.%b
9a2c973258	분명, 전설에 따르면\n다이간은 불사신이라고 했었는데,%b
9a3177d395	아니오
9a5142ee84	이 세계를, 우리가 지키는 거야！%b
9a56caabc9	사도아도라니・.%b
9a8011346f	%H%m1%V100［%m0%s5%m1］%V0%m0\n・에헷☆%b
9a8a91a1c0	・근데, 갈만오브가 없으면,\n익시즈를 부활시킬 수 없어.%b
9a8b58ae22	여기가 해저신전이라는 거군%b
9aa7ae8c75	호크아이를 동료로 넣을까？
9ab19af9c1	그때 한 줄기 바람이 스쳤다！%b
9ab262d102	이게 뭐야,그런거야？%b
9ac480f253	그렇군！%b
9aceddb6a8	아까 그 보답을 해주지！%b
9aeb04926d	아니오
9b22b46090	이제 됐어,이렇게%b
9b33529ef0	이건・.%b
9b3ae363e6	다치면 얼마든 치료해 줄 테니\n사양 말고 말해！%b
9b4722aaa8	너희들은 찾아도 없고,\n어떻게 될지 걱정했어.%b
9b4766f99b	쿡☆\n운명의 사람과 만나기 위한\n외톨이였을지도 몰라？%b
9b4986524f	여기에 갈만오브를 놓으면,\n빛나는 날개가 부활하는 거군.%b
9b4e49b94f	그렇군, 여기 몬스터들은,\n７인위원회의 짓의 영향을 받아\n흉포화된 거야！%b
9b57486e54	그만뒀어.\n다른 건？
9b58ef6a8c	짜증 나～？\n팔 물건 없잖아～.
9b7efbcc08	이제 곧 적의 공격도 강력해질 거야,\n다들 조심하자！%b
9b886d3a32	요정 루나한테,\n다들 돌아온다고 들었구나.%b
9b89ecb39a	그런！\n시간이 없는데！%b
9b92ace7d8	나도 참, 정말 훌륭한 생각이에요！%b
9b95d36eda	그래서,스스로 자신에게 봉인을 걸고\n언젠가,나즈나를 필요로 해줄,%b
9ba9eecf96	어머, 약해, 인 거야.%b
9bad2f8d96	이곳을 건너려면\n내가 수화로 매로 변신해서\n다들 옮기는 편이 나을 듯하다%b
9bc42ad6f7	아무튼 시간 없다니까！\n서둘러야지！%b
9c00c53ac2	반대쪽 문이 열리는 장치 같네%b
9c017cac26	내가 보기엔,\n거기에도 뭔가 장치가 있는 것 같아.%b
9c0b025f85	７인위원회 개자식들은\n쓰러뜨렸는데,%b
9c7090db7f	・이겼다.%b
9c74f56b89	아무래도 이 바닥돌은\n뭔가의 스위치인가 보네.%b
9c78472f5b	인간 이외의 종족이라는 건,\n그렇게 드문 일이 아니야.%b
9cae6a9a4d	나도,\n위험한 다리는 여러 번 건너왔다고.%b
9d090b30a7	즉, 무사시 할아버지와\n함께 싸운 용기사의 자손인가？%b
9d09b8e2d0	모두, 체력 소모에 조심해！！\n그럼, 가자！！%b
9d442b3ad3	금단의 서라 불리는 책에는\n손을 대서는 안 된다.%b%h죽음과 맞닿은 위험한 도박이 된다.%b
9d4ecd5d13	나로서는,\n양동 부대가 더 좋았는데 말이야.%b
9d4f4a3ba3	여기서 만난 것도,\n서로 우연은 아닌 듯하오.%b
9d5c7f6a70	아이들은, 이곳 두목에게 붙잡혀 있습니다.\n지금은, 무사한지도 알 수 없습니다.%b
9d612b295c	여기서는 적의 마법을 어떻게\n견디느냐로 승부가 결정될 거야.%b
9d6d863624	받아둘까・.%b
9d71c85a57	이건・고목？\n한번 밀어볼까？%b
9d7997bf83	우선 갈만오브란 걸\n찾으러 가야겠군・.%b
9d87e1ec16	이제 곧 적의 공격도 강력해질 거야,\n다들 조심해！%b
9dc381f0cd	세상에 혼란을 뿌린 대가를\n치르게 해주겠다！%b
9dcf55717d	（순차 선택）［５／７］\n（역순 선택）\n　동료가 된 다른 멤버와 교체합니다.
9dd7a43578	라고 해도, 지금은 아무 도움도\n안 되겠지만요.%b
9de36b6bb7	대단한 건 아니지만,\n이걸 가지고 가게！%b
9de7a61399	카달군의 잔당이네요.%b
9dee127140	이시스의 피라미드라고 불리는 건축물이\n있다는 이야기예요.%b
9df67dc554	%H%m1%V100［%m0죄수%m1］%V0%m0\n
9e5471b90d	마법구는 이대로 두는 게\n좋다～제！%b
9e8f737dc9	우리의 불안 요소가 바로 그거지・。%b
9e97b666a7	뭘 찾는 거야～？
9e9d2d76a0	【진실의 반지】덕분이야！%b
9e9ef036dd	불이 꺼졌다！！%b
9eaf0efc22	그거야말로 무슨 소리야, 러스티！%b
9ef699dbf5	어서 오시게\n다른 것도 사는가？
9f27bb4c3a	그런 난폭한・！%b
9f30fe90ba	혹시 폭발이라도 하면, 큰일이군.%b
9f370b18b9	이세계 카칼클랜 가는 문 말이야？\n리그로드 전역에 나오는？%b
9f3c47f780	나중에 끼어든다 한들, 두 사람\n사이에 비집고 들어올 틈은 없어！%b
9f9f6b7149	오오오오, 나의 동료여！%b
9fa93ef4d1	특수마법인【보호실드】를\n걸어주지 않을래？%b
9fb79feab8	딱히 반응도 없는 것 같고.%b
9fba374d0e	어쨌든, 제군들이 우리의 방해를\n하게 둘 수는 없다.%b
9fbd344ddf	너희를 쓰러뜨리려 동료를 모아왔다！%b
9fd1596845	으어？\n발밑 바닥돌이 가라앉았다～구！！%b
9fdd91ce96	실은, 내 부하들이\n카달군에 붙잡혀버렸어.%b
9fecb5e8a9	이 위로는, 어떠한 일이 있더라도\n뮤 님께 협력할 각오입니다.%b
9ff6bc9fbb	즈갹？\n반대쪽 문이 열려버렸다～ 라구！%b
a01431d950	\n자,공주님,뭘 파시겠어요？
a01911ecab	결계동을 여는【호라이 구슬】인가・%b
a03a4bd936	아,뜨거워！\n일단 물러날 수밖에 없나？%b
a06a507437	돈이 부족하면 못 팔아.\n이쪽도 장사니까 말이지\n나쁘게 생각하지 마
a06c0670ae	이런 세계 따위 없어지면 좋을 텐데！%b
a09ebe3484	그보다도, 여기서 나가자.\n다들 가족도 걱정하고 있을 거야.%b
a0afcb70d7	큭큭큭큭・\n재밌는 게임이었어요.%b
a0ca5eed79	그게 그러니까・.%b
a0d7bcf694	아무래도, 그 방은,\n더 아래쪽으로\n이동해 버린 것 같아.%b
a0e001d2d1	생각해보면,동생이 고대 마법 문명에\n흥미를 가진 건 이 수정 기둥을\n조사한 게 계기였소・。%b
a13c022cfb	아까 그 스위치는\n이 다리를 놓기 위한 거였어！%b
a141573d66	%z에헤.\n미안해.
a1575ccb2a	어라・？\n여기만 왠지 다른 데랑 다른데・.%b
a1dcb8cbb1	시점１--거의 바로 위 시점（원거리）--
a1e310c98f	우리가 만들 새 세계의 주민들에게는\n그리 불릴지도 모르지만%b
a1ebe227f2	문을 밀어도 열리지 않았다.\n그래서 당겨보았다・%b%h
a20bb5738d	그때마다 다시 일어나 보이겠다！\n온몸 피의 마지막 한 방울까지！%b
a255c8d6f7	%z정말・.\n・바보☆
a2610bdf59	하지만,전멸해서\n처음부터 다시 하는 것보단 나아！%b
a268afe840	마법을 어떻게 견디느냐로\n승부가 결정된다니까！%b
a295043e0f	카오스의 힘의 파동이 강해지고 있어！%b
a29538af68	이 앞이 세이료카쿠다\n방심하지 말고 가자%b
a29d5b307b	여기에는 【아마츠의 거울】이\n딱 맞게 들어가게 돼 있어%b
a2a6bbe087	그러니까, 여기에 갈만오브라는 걸\n가져오면 되는 거잖아.%b
a2b2e03a2e	기다려！！%b\n！？%b
a2b85c20cd	1. 파티는 8명까지랍니다！%b
a2d348aadc	무사시 할아범처럼\n세상을 구할 수 있을까・.%b
a2f9415378	서두르자%b
a303ad8036	일단, 지금은 그만둘까・.%b
a30f150518	생각했었소만,\n그렇게는 되지 않은 모양이구려.%b
a31567ba28	모두 조심해！%b
a336c73292	나도 「새의 정령」으로,\n새로 변신하는 편이 좋을까・？%b
a354b6a810	안으로 갈까요？
a37a91dc8f	이게 폭발하면 엄청난 일이 벌어지겠어%b
a381275633	으옷！\n다리가 놓였다～구！%b
a38def0b35	나 정도 되는 천재쯤 되면\n단박에 알아챌 수 있다만,%b
a3b5ce5e66	이거야！\n팔코가 말했던 게！%b
a3ecdbd1e9	%z나즈나・.
a3f68b7824	그러려면,\n우선,여길 어떻게 건널지를%b
a401d026c8	공포로 지배하는 것보다\n훨씬 쉬운 일이지.%b
a410889996	（결정）［２／５］\n　명령 결정을 합니다.
a4111a40d9	그렇게 많이는 못 드시죠？\n무리하지 마세요！
a430ad51a0	이 하늘색 시노비 복장을 입은 적은\n【쿠구츠】라는 기술로,\n상태 이상을 일으킨다구！%b
a44343875e	2층에 오르는 건\n포기할 수밖에 없을 듯하다～제！%b
a4520c737e	히히이로카네・？%b
a45a24dc7d	이런, 그런 무서운 표정 짓지\n마세요. 그냥 좀 놀려본 것뿐이에요.%b
a45d13760d	아마츠 거울이라면\n이미 설치돼 있어%b
a4784b65a0	저건 뭘까요・？\n받침대 같은데요.%b
a47dcf7f78	수정에 ７인위원회 멤버들의\n모습이 비치고 있다%b
a48553dd9b	뭐, 준다고 하니까,\n받아두자고.%b
a497b97b37	이건 뜻밖이군・.%b
a4a411ebec	여유부리지 말라고！%b
a4a52c8d4b	적을 전멸시키거나,\n「퇴각」을 하면 되는 거지！%b
a4abf3e246	그걸 머릿속에 넣어두면,\n멀리서 날아오는 활 공격도,\n그렇게 무섭지 않을 거야.%b
a4b997aac2	응！\n맡겨둬！%b
a4d34fa84b	아니, 우리는 딱히 아무것도・.%b
a4f828d9fe	소문에 의하면, 어딘가의 미궁에\n전설의 마도사가\n갇혀 있다더라.%b
a4fcd435f9	아스카랑 같이라면\n어디든 가,인 거야！%b
a50af4e109	뭐야 잔챙이들뿐이잖아.%b
a50c7b2e43	감옥에 갈까요？
a5378fe539	쿠리카라 멸망
a53b41dc36	아니오
a53e9adc28	이 몸을 데려가는 거다～제！%b
a55cbec66a	필요 없어진 거 있어？\n사줘도 되려나, 그런 느낌.\n
a580b0d04d	그리 많이 들지도 못하는 주제에\n욕심은%b
a581ec0c9a	저긴 산길이라 경사가 가파르다.%b
a58fb9b15e	설마 카칼클랜에 남겨두고 온\n７인위원회 놈의 짓인가！%b
a5a20f3091	뮤, 저 풀이 나 있는 근처에\n【어스몰】을 걸면%b
a5b3111966	아차, 내가 약해지면 어떡해.%b
a5b439feba	아무튼,그놈은 【산바람】이라는 던지기\n기술을 쓴다더군%b
a5c5130d8b	경험 적은 분,다친 분 등\n조금이라도 불안 요소가 있는 분은\n들어가지 마십시오%b%h
a5c8168d02	%H%m1%V100［%m0%s0%m1］%V0%m0\n꿈쩍도 안 하는군・인가.%b
a5ca7ecf8d	콱 해치워 주는 것이다～제～！%b
a5f4c2f770	이벤트 테스트
a602679549	허나, 기술의 레벨업은\n가능하다오.%b
a60581b832	오호・뮤 왕녀님의 모습이\n보이지 않는 것 같군요.%b
a613f86e62	테스트
a62bf9ac99	그래서,금은 가치가 있어%b
a6380612a9	이 돌은 뭔가의 스위치인가효？%b
a641476552	좋아,이번엔 갈 수 있을 것 같군\n다들,준비는 됐나？%b
a646f046b0	%z황송하옵니다.
a672b30324	그렇다면, 문제는, 활을 쓰는 적이군%b
a68c872906	우리는 고대 마법 문명을\n연구하고 있습니다%b
a69d878104	하하아,그렇다면,드래군의 용기사들이\n훈련이라도 하는 거군요？%b
a6bf647129	안색이 좋지 않으신 듯한데,\n뭔가 걱정거리라도 있으신가요？%b
a6c3644255	당신은,위대한 선인들의 노고에 경의와\n경탄을 품는 마음이 없는 건가요！%b
a6e429a5b4	상태 이상은\n2～3턴 동안 지속된다.%b
a6f25fb79d	너희를 쓰러뜨리기 위해\n먼 길을 여행해왔어！%b
a71cc0d0ec	우리가 감옥을 부순 걸 들키기 전에,\n빨리 도망쳐야 해！%b
a72c6f1a54	응냐～？%b
a72d4d0bd3	유적을 나갈까요？
a73ded85cf	쳇, 이 비탈길이 성가시군%b
a741a0a7d2	당신이 히바리의\n오빠인 타타라 씨？%b
a75f3a3877	그렇습니까.\n또 오세요, 뮤 왕녀님.%b
a76ad73c0b	내 귀여운 아이들을\n어디로 데려갈 셈이냐！%b
a76e6a8924	%z소인을・, 익시즈 호에 남게 해\n주시지 않겠습니까！
a7736b31c6	그럼, 한발 먼저,\n리그로드로 갈 테니까・。%b
a7887bde51	기다려,아버님！%b
a788d7092e	실은, 드래군 왕국을 비롯한\n리그로드 대륙 전체가%b
a7a230540a	정말 축하합니다！\n이후 자동으로 리셋됩니다.%b
a7b4729874	4. 미궁의 경험치는\n전부 무효가 됩니다%b
a7c772a3fe	・미안해.\n뮤, 나즈나, 그만 흥분해버려서.%b
a7cd33cc67	이놈만 이기면\n드래군 성을 되찾는 거구나！%b
a7ed0f6b57	%z자연만은 참 많은 곳이로군요.
a7f9ba77a0	이 마을의 무기점과 방어구점을\n운영하는 건, 매인간이야.%b
a810f921af	왜, 왜 아스카는 안 혼나는데,\n나만 이런 꼴을 당하는 거야？%b
a82bda16ff	근데, 갈만오브가 없으면,\n안 되는 거네, 그런데.%b
a86a0de4cd	좁은 곳이로구려.%b
a879c53e26	그것을 말씀드릴 수는 없군요,\n뮤 왕녀.%b
a87dc3edf0	아, 뮤 공주님！\n오늘은, 몰래 데이트인가요？%b
a898286dd7	음・？\n거기 있는 건 누구냐！！%b
a89d1b7457	쿠리카라구제
a8c6427c44	그리고,어떤 문헌을 해독하게 했습니다%b
a8ea80d6a0	여기가 카달군 갈자드 님의\n거성인 줄 알고서 그러느냐！%b
a8f1b2ce7f	%z그래！\n그치,시라나미☆
a91e8ce4f1	여기가 동쪽 숲이야%b
a91f8bbb01	속이 풀릴 때까지,\n여기저기 들쑤시고 다니면 되잖아.%b
a92bb4c629	좋아, 열렸다！%b
a93cb52e31	귀중한 철과 광맥,\n그리고 기술자들을 지키기 위해\n고안된 것이 인술이라는 거지.%b
a94e33fd92	피라미드 안에는,\n수많은 장애물이 있을 거예요.%b
a95284a6f7	아무래도, 그냥 동굴은 아닌 것\n같은데 ・.%b
a992eb5262	%z소리가 작아！
a99b3b9318	그곳에는 리그로드 전역의 영웅의\n자손이 살고 있다더라.%b
a9ac0fa6b9	게다가 적 수도 많으니\n각개격파가 정석이지%b
a9b04c3cfa	든든하구먼！%b
a9c218bb21	다 같이 나눠서 찾자！%b
a9c87c282e	지난번엔 졌지만 이번엔 이긴다고에～！%b
a9cd15b8c6	아, 아아, 그래・.%b
a9fda66b41	아무것도 안 보이잖아.%b
aa2ff021d3	저쪽 걸 타면 카달로\n가는 거였던가・.%b
aa386f8fcc	상대로 부족함이 없다！\n가겠소이다！%b
aa463a37fe	그렇다면,지체 없다！\n남은 무리 쓸어버리고\n출구로 나아갈 뿐이오%b
aa82ffa1e3	그렇지,\n긴장과 이완을 나눠 써야 해%b
aa86a96e32	상대에게 조종당하거나, 약해지거나\n하는 상태 이상을 회복시켜주는\n【암리타】까지！%b
aa9f5a9a93	여기에 끼울 만한 물건은\n안 가지고 있네요.%b
aab995d0f0	드래군의 용기사 뮤입니다！\n여러분을 구하러 왔어요！%b
aabf9012d1	누군진 몰라도,\n신세 좀 지겠다！%b
aabfac9f5e	이걸로 안개 걷혀서\n언제든 여길\n지나갈 수 있게 되겠네！%b
ab192d3cde	７인위원회가 지고,\n평화가 돌아왔어！%b
ab1fd622f5	어라？\n문이 안 열리는데？%b
ab23b1fa82	고대 마법 문명이 어쩌고저쩌고,\n말했었소만.%b
ab3c38482d	%z잘 가, 나즈나.
ab3f2bc859	%z물론, 아스카랑 나즈나인 거야！
ab54f3aecd	아까 그 장치는\n이 다리를 놓기 위한 거다냥.%b
ab61b0bfcf	이럴 때는,\n최대한 뭉쳐서 싸우는 편이\n유리할 거예요.%b
ab769574bc	이것이 말라카이트임에 틀림없소이다.%b
ab7c8223ac	이런, 이런・\n또 왔습니까.%b
ab82e449aa	하지만, 그 전에,\n야수들을 물리칠 필요가 있어요.%b
ab8a4b8152	과연 이 세상에 있는 마법력은\n대체 어디서 오는 것인가？%b%h예전 전역에서 이세계의 문이 열렸을 때\n나는 분명히 느꼈다.%b%h이세계야말로\n우리 세계에서 말하는 「마법력」의 근원,\n즉 부(負)의 역장이다.%b%h양쪽은 각지에 흩어진 수정을 통해\n밀물과 썰물 같은 힘의 흔들림으로\n서로 균형을 유지하고 있다.%b%h힘의 흔들림이 커지면\n양쪽의 균형이 무너지고 거대한 마법력이 생겨나\n양쪽 세계에 혼돈을 흩뿌린다.%b%h그것이 카오스의 힘이라 불리는 것이다.%b%h위스코 저,\n「마법 세계의 진실」%b
ab97bc8f3e	반대쪽 문이 열리는 장치인 듯하오.%b
ab9bac7925	알았어！\n「기술 사용」의 「용의 기술」이지！%b
ab9d8e81ed	용기사의 긍지를 걸고 맹세해주겠느냐？%b
aba8a980d4	뭐,나한텐 아직 그런 인연은 없지만%b
abb98ee414	소박하게 살아가는 사람들의,\n작은 평화를 어지럽힌 것은, 너냐！%b
abb9ba9297	%z사나운 곰신이여！\n용맹한 매신이여！\n야마타이 신들이여！\n성과를 굽어살피소서！
abc11563c4	잘 있거라.%b
abd32a1d64	이놈을 쓰러뜨리고\n드래군 성을 되찾자！%b
abda0ba6c3	여기는 단숨에 돌파한다！%b
abeade2530	어서 오게,숨겨진 마을 바트람에\n시련의 미궁에 도전해봤나？%b
abf144592e	알렉트리아 대도서관 무투사서의 이름을\n걸고 그들을 용서할 수는 없어요.%b
abf51e3836	세상에,호라이의 구슬은\n이미 설치되어 있잖아%b
ac19189b25	즉, 이 문을 열려면,\n다시 와야 한다는 것이오.%b
ac466b014b	자, 자, 장래를 약속했다니,\n그게 무슨 소리인 거야, 냥！？%b
ac73a6a554	나는 그 아야히메 님의 손녀인\n오보로 계곡의 미즈타마니라%b
ac7cd24603	후.\n다행히 무사한 것 같네.%b
ac91514bef	아버님・\n제가 아버님의 원한을 풀어드렸어요！%b
ac9ef5c7ce	이대로 계속 밀면,\n언젠가는 열리겠지.%b
aca30ca9a5	적을 쓰러뜨리면, 훈련은 끝이야%b
acd5a007bc	좋았어！\n고목이 다리 대신이 됐다！！%b
acf6ca44e0	%z・이겼다・！
acfd12c0fe	환술로 숨겨졌던 출구가\n모습을 드러냈어,인 거야%b
acfd9221c4	적이 중간 기슭에도 있다는 건\n건널 방법이 없는 건 아니겠지.%b
ad02386636	그 전에,그래비티 사람들의 얘기를\n자세히 들어보면,\n뭔가 알 수 있을지도 모르겠네%b
ad065c446f	%z꽤, 재밌었어！\n또 보자, 뮤！
ad341bfe2c	팔 만한 물건은 없는 것 같은데？
ad35cadf1c	애로우스톤과 말라카이트인가.%b
ad453fcae4	%z러스티 주제에 건방지게・.
ad65ddf0e1	답례는, 리그로드를 도우러\n와주는 걸로 퉁쳐줄게！%b
ad7a81b8d5	네가 바란 세계다！\n뭘 거부할 필요가 있단 말이냐！%b
ad809f9e2f	그럴 때, 리그로드 전역에서\n악당 겐유사이와 싸운 식신이 있었다고\n들었어.%b
ad84124a85	이걸 타면 카달로\n가는 거였지・.%b
ad9f12388c	냐냐～？%b
ada2f269f3	이런 천재지변이 계속되는 건\n놈들의 짓이구나！%b
adb45c7d53	놈들의 마법을 어떻게\n견디느냐로 승부가 결정된다！%b
adc7c68a9b	엣！？%b
adf97b7c14	감사합니다.%b
ae15c64856	음성테스트
ae1f032ec0	다른 놈들은 속아도\n내 눈은 못 속여.%b
ae3723ee57	꺄악！%b
ae67728b59	이 큰 물통을, 부숴야 해！%b
ae7bb80ad5	너희들,어디로 가려는 거지！ 허가\n없이 국경을 넘는 건 용납 못 한다！%b
aea5452570	원래대로면,야마타이를 빙 돌아서\n히가타란 항구에 대면 좋겠지만,%b
aeb0516469	근데, 그 전에, 그래비티 사람들의\n얘기를 자세히 들어보면, 뭔가 알 수\n있을지도 몰라.%b
aeb7412470	아이들을 돌려받도록 하지%b
aef2016417	2층에는 어머니가 좋아하시던 그림이\n걸려 있었는데・%b
af0b6a7fa8	야사카의 곡옥은\n이미 설치되어 있다.%b
af3f8cdb3d	근데, 갈만오브가 없으니까,\n지금은 아무것도 할 수 없어.%b
af4fccd2a1	시련의 미궁에 도전하려면,\n우선,저기,미궁협회에서\n접수를 해야 한다네%b%h시련의 미궁에 들어갈 수 있게 되는 건\n그 다음이라구%b
af6fe7f6d4	그리고 우리가\n갈자드를 쓰러뜨리는 거야！%b
afa2dcf68b	왠지, 평소보다 몬스터가\n흉포해 보이는데・.%b
afb0036241	그럼 다들！간다！%b
afbff8b05c	장치도 반응이 없어,인 거야%b
afd9c2b2d6	뭐, 그것도 앞으로 2번이면\n끝내드리죠.%b
afdea01729	어디입니까！\n어디 있습니까！%b
afea0cf385	뭘 사주시겠어요？
affcc3055c	이렇게 된 이상, 너희들만이라도,\n도망쳐요！！%b
b03557db17	이 절벽을 건너려면 나는 이가\n옮기거나 마법으로 뜨는 수밖에 없어%b
b07da66754	고죠의 여의적.\n%b
b0a33b1574	이 길로 마을에 돌아가는 거지\n다들,준비는 됐어？%b
b0ae2e2f60	아버님 손에 이끌려 왔었지・。%b
b0bb921882	그렇구나・그렇지.\n아스카가 있어줘서 다행이야.%b
b0ddc9da09	아스카랑은 다른 거네, 인 거야・.%b
b0e9ad36e2	어이쿠, 발밑이 휘청거려서\n넘어질 뻔했다지.%b
b1639d1ca9	수정 기둥에서 소리가！%b
b16bba761a	젊다는 건, 부럽네요.%b
b16d9d0fa0	제법 실력이 늘었구나！하지만, 아직 멀었다고에～.%b
b1819a74e7	잘 있거라, 내 딸아.%b
b1a1fdbd12	이게 뭐지・？%b
b1aba8ae45	어쩔래？%b
b1abc4d391	이런, 이런, 너희 때문에 킹 군이\n죽어버렸군요.%b
b1effa5714	여기 몬스터들이 흉포화된 건,\n７인위원회가 차원의 문을\n열려고 하고 있기 때문이군요！%b
b1fde0bddd	조금, 말이 지나쳤던 것 같군요.%b
b218e3df3a	다들 무사해？%b
b2216daa87	아니오
b23ab12612	・괜찮아.\n무사히 어머니한테 데려다줄 테니까.%b
b25b01a6f9	정말 고마워！\n타마모짱！%b
b25c1e52a5	뭐냐！%b
b262020c32	아마 그럴 거예요%b
b279b32e2d	문은 열리지 않았다%b
b286c74142	돈이 부족해요！\n지갑이 두둑해지면 또 와주세요.
b2c729bc43	앙주,\n이 사막은 어디까지 이어지는 거야？%b
b2cb3f51d1	익시즈 전
b2d0c2c519	확실히, 어떤 의미로는 이 상황은\n막다른 길이군%b
b2d5fc120c	%z갈만오브를 빼내 버리면,\n익시즈는 이제 움직이지 않는 거지,\n팔코？
b30a67253f	%z과연,그렇다면 소인도 함께 승선하여\n셋이서 이국과의 무역 사업을\n시작해 보는 건 어떻겠습니까？
b316ec7494	어딘가에서 목소리가 들려온다%b
b3241f0408	이 가게 방어구는 다 일급품이랍니다.
b33557e756	호호호, 그럼,안녕히！\n다음엔 이기겠다고요！%b
b336a8e5e5	나가기
b3428c93c0	네.\n저도 그렇게 생각해요.%b
b349bfed0b	아뿔싸！%b
b3509ac901	동료가 아이들을 구해줄 테니까,\n다들 안심하는 거네,인 거예요%b
b354c86ea5	어라・？%b
b37fe48620	이런 건,시라나미 씨한테 보여주면\n뭔가 알 수 있을지도 몰라요%b
b38151da3b	기다리고 있어, 다들.\n지금, 구하러 간다！%b
b39d4d55c0	동생과 함께,\n세계를 지켜 보이겠소.%b
b3acadffda	사막서 나갈까요？
b40b457f18	내 부하들은,\n여기서 서쪽에 있는 닌자 저택에 붙잡혀 있다.%b
b44e6fb2c7	이런 때는 개별로 집중공격 당하지\n않도록 하지 않으면 피해가 커진다고.%b
b453ecd24d	이제 안돼요%b
b45f59c9ef	그게 뭔데？%b
b467a97f44	빨리 끝내고 와.%b
b473e62440	７인위원회는\n대체 무슨 생각을 하는 걸까요.%b
b47893445a	이거,\n리그로드에 있는 수정 기둥 얘기야？%b
b4924309bb	여기가 해저신전이군요.%b
b4ad1f1bcf	다소의 희생은 그야말로 대사를 앞둔\n작은 일일 뿐・.%b
b4b008e992	아아,이계에서 소환한 정령의 일종이야%b
b4c088157e	７인위원회 놈들！\n내가 쓰러뜨린다！%b
b4ef86196c	・뭐, 적을 다 쓰러뜨리고 나서\n찾아도 늦지 않겠지.%b
b4f606415c	장래를 약속한 여자를 잊다니！%b
b4f729a539	응\n태세를 가다듬고,다시 나아가자！%b
b500690e80	이럴 때는, 근처 마을이나 도시에서\n어르신께 여쭤보면,%b
b51aa9d9c0	아니, 내가 말하고 싶은 건\n그런 게 아니라・。%b
b51f03bc27	자, 우물쭈물하고 있을 수 없어 이가\n마을에서 아스카라는 사람을 찾아야 해%b
b526fb06d5	아아아,부탁이다%b
b536df0650	%z팔코, 디아네, 호크아이\n고마워！
b54bf639a9	내가 용으로 변신할 거야.%b
b55ce0f30a	그 책의 제목은\n분명・카오스의 서였습니다.%b
b57a4ba4ce	너를 해치우고,\n야마타이에 평화를 되찾는 거예요！%b
b57fe3dc76	이제 남은 건 갈만오브를\n찾아내는 것뿐이군요.%b
b593a72f36	하지만, 만약 아군이 되어준다면,\n든든하겠지？%b
b59fb81af0	%H%m1%V100［%m0%s13%m1］%V0%m0\n%z음,\n
b5a7acfd50	천천히 둘러보세요.
b5ddc204df	이 루나라는 요정한테\n얘기는 들었어！%b
b5de936014	헤헤헤！\n죽여주는군, 이 긴장감！%b
b5ff9418fb	반한 여자가 행방불명인데, 언제까지\n그렇게 우물쭈물하고 있을 거야！%b
b668d5b91e	・응.\n알아, 아는데・.%b
b696d74e5f	지금은 눈앞 적 쓰러뜨리는 데\n집중하는 게 나아%b
b6992ca3d4	내 부재중에 허락 없이\n오보로 계곡에 있던 어리석은 자는？！%b
b6a6c112ab	봐！\n여기에 뭔가를 끼우도록 되어 있어.%b
b6a98f1b3c	나님은 고목을 보면\n무작정 밀고 싶어지는 거다～제！%b
b6aa70550b	・고목은 꿈쩍도 하지 않았다！%b
b6aac430bb	뮤！드디어야！%b
b6cbf4256f	아득히 먼 그래비티 앞바다에\n익시즈가 잠들어 있다고 전해진다.%b%h익시즈란\n「빛을 이루는 날개」를 뜻하는 고대의 말이다.%b%h그 실체는\n공중을 나는 배다.%b%h팔코 저,\n「빛날개 전승」%b
b6dd59f5e8	７인위원회는, 그런 곳에\n무슨 흥미를 가진 걸까요.%b
b717a7a68f	발밑이 꺼져 넘어질 뻔했다,인 거야！\n왜 이런 게 있는 거냐,인 거야？%b
b71dc4f4c9	앙주！！！%b
b7303339c0	왜, 왜 나만！\n토호호・.%b
b73b065782	어서 와.\n다른 것도 팔래？
b749ec8d42	젠장！젠장！！젠장！！！\n이런 내가, 이 꼴이라니！！%b
b74bd208d4	이가 최강의 이름이 운다！\n빌어먹을 함정에 걸려들다니！%b
b7772cc9a2	반대쪽 문이 열려버린 거야, 인 거야%b
b788bf36e7	계획・？\n뭔 소리를 하는 거야？%b
b7898b779f	아니, 그렇게 말해도・.%b
b798aabb09	흥, 별거 아니네.\n좋아, 앞으로 나아가자.%b
b7c3a46d29	뭐든 좋으니 얼른 육지에 올라가자%b
b7d88a8115	미궁에 도전하고 싶다면\n미궁 협회에서 등록하도록.%b
b7f395f87e	저희가 향하는 곳은,\n하이랜드가 아니었나요？%b
b80718ca9c	알았어！\n하지만, 일단,밖으로 나가자%b
b826323fa0	미안하다, 다이간.%b
b83d685cfd	돌아가시는 길도 조심하세요.%b
b8420de45c	후우・. 드디어 도착했다니까.%b
b85d6112b3	영혼이 되어・우리는・\n반드시・세계를・.%b
b869665c9f	드래군의 용기사 뮤.%b
b8698dc07b	좋아, 다들, 들어봐.%b
b86cf9025e	근데 왠지 신경 쓰이는 거야냥%b
b87e7b084c	이게 뭘까, 철인가？%b
b884b18632	장치 쪽도 반응이 없네.%b
b896073da7	가난한 이들에게 나눠준다는\n여자 의적의 이름이잖아？%b
b8a0757e32	축하합니다.\n랭크에 등록되었습니다.%b
b8bf2899d9	고대 마법 문명이라・。\n그런데, 동생분 이름은？%b
b8c619eb99	%z맞는 거야！\n나즈나도 행복해지는 거야！
b8c6544949	카무이랑 협력해서, 구하러 왔어！\n다들 괜찮아？！%b
b934145c7a	여러분, 떨어지지 않도록\n조심하시게.%b
b935bdbe3b	무리하게 지나려 해도\n새까맣게 타버릴 뿐이겠지%b
b95158035d	하지만, 저로서도, 그게 어떤 건지는\n알기 어렵네요.%b
b96bcf0db1	저기・아스카？\n일어나！%b
b9824efd5c	어서 오시오, 게텐 성에%b
b988186125	허나,전문가에게 물어야지\n열쇠는 시라나미에게 묻는 게 좋겠소%b
b98b0b956e	그리고,소인이 장사하는 거군요
b9bb41b75b	자칫하면 목숨을 잃겠지만\n살아남으면 단숨에 영웅이지%b
b9dd5237ec	흠,여기서부터는 하이랜드로 이어지는\n길이 아닌 것 같다%b
b9e164d237	%H%m1%V100［%m0헌터%m1］%V0%m0\n
b9eb1da970	뭐, 뭐야！？\n수많은 목소리가, 울려온다！%b
b9ede1d085	%z안녕, 앙주！\n안녕, 타타라！
ba0a40aabf	러스티는？%b
ba1a6f0b03	한다
ba21d75575	마법구는 이대로 두고\n원래 세계로 가는 거구나！%b
ba2a479d8d	해냈다,인 거야\n７인위원회 이겼어,인 거야！%b
ba3a875302	・그럴 리가 없나.%b
ba3b456751	카무이코탄의 수인.%b
ba4722dcc3	자, 시작하죠.%b
ba5aea5374	이 상태로 계속 밀면,\n열릴지도 모르겠군.%b
ba737d3705	뭐니 뭐니 해도, 이 야마타이 자체가\n카달에게 제압당해 있으니까.%b
ba936296ac	이게 뭐야？\n나, 모르겠어.%b
baaac58f7f	여기서는 하이랜드로\n못 나가는 거다～ 그래.%b
bab9e67b7d	가만 들어주니！%b
bac4c8b4cd	두 분이서 달콤한 시간을 보내시려고,\n오신 건가요？%b
bb07938613	어디로든 꺼져 버려라！%b
bb2a688efb	말라카이트보정
bb2e79aa8b	존안을 뵙는 영광을 누려\n어깨가 으쓱하네요%b
bb2fa2112d	지금 당장, 오너라.%b
bb30549c2e	특별히, 볼일이 있었던 건 아니지만.%b
bb44f40a4f	넌？%b
bb4a9e5f7f	윽！\n아까보다 뜨거워！%b
bb4c444ed9	네가 갈자드인 거네요！%b
bb7e1ca755	・무서운 생각이 들어 버렸어.%b
bb8d851b92	대지의 절규는,현재 안개와 몬스터가\n발생하여 통행이 불가능합니다\n주의하시기 바랍니다\n　　　　　　　　　　　（오르트마\n자치회）%b
bb9f7ede10	퀸즈랜드의 왕자로,\n리그로드 전역을 싸운%b
bbb897521a	이제 여기서는 볼일이 없는데.%b
bbd3fae38e	그래비티로 가자！%b
bbda55941b	그런 얌전한 소리를\n할 리가 없잖으냐.%b
bbe5af64aa	어라？\n여기에 뭔가를 끼우도록 되어 있다.%b
bbe7d2695a	뭔지는 모르겠지만\n적장이 소중히 갖고 있던 물건이다\n어딘가에 쓸모가 있을지도 모르겠다%b
bc05ec4273	호라이의 구슬은\n이미 설치돼 있어%b
bc219eb7a9	어？\n근데 어느 돌도 금으론 안 뵈는데？%b
bc50028df5	그렇게 힘주고 있으면,\n나중에 지쳐, 뮤.%b
bc6246a2f0	그건, 가끔 눈치채고 있었어.\n특히, 그렇게 가슴을 폈을 때라든가.%b
bc763c234e	아버님！！%b
bc81ce6e8d	조금밖에 안 움직이네.\n근데, 더 밀면 열릴지도 몰라.%b
bc8248182e	그럼, 여기에 대해,\n다시 한번 설명해 둘까？%b
bc872ce056	그래비티로 가기 전에\n익시즈에 대해 더 조사해보자.%b
bc90bcbc9e	흐음・.\n뭔가 있을 것 같긴 한데・.%b
bcb102d559	저건, 개미지옥이라는 이름의\n생물이랍니다.%b
bd0538674a	내 실수 중 하나지.%b
bd062d47cf	이번에야말로, 힘내서 여기를 뚫고\n지나가자. 자, 간다！！%b
bd11ab8b29	・뮤,\n아직 아무한테도 얘기 안 했지？%b
bd22511477	%H%m1%V100［%m0%s3%m1］%V0%m0\n너・그거,\n날 감싸주는 거냐？%b
bd35da1f6c	주의력을 최대한 끌어올려라！\n안 그러면, 살아남을 수 없어！%b
bd49e85ecd	아마츠 거울은\n이미 설치된 듯하다%b
bd4d7a7107	자, 문제는,\n어떻게, 여기서 도망칠 것인가\n라는 건데・.%b
bd5b4ec5fe	다들, 신중하게！%b
bd663e23a2	야사카의 곡옥이라면\n이미 설치돼 있어%b
bd6696a83b	카달의 잔당이다！\n정면으로 맞서도 지지 않아！%b
bd89984fad	이가 최강의 시노비라는 말의 뜻을\n가르쳐주지！%b
bda3145884	뭐, 어쨌든,\n지금 당장 행동 개시할 수는 없겠군.%b
bdbabdcbc5	일단 가져가 볼까.%b
bdbc030e49	근데, 야마타이가 제압당했다고 해도,\n모든 게 다 카달군의 것이\n됐다는 건 아니라고.%b
bdc82d7da1	・바, 바보,무슨 소릴 하는 거야%b
bdca8f6e44	그거 참, 미안하게 됐군%b
bdccedefdb	이 사람 말이 맞는 거네.\n나즈나와 계약해, 인 거야.%b
bde0ec1aea	아버님 영혼이 ７인위원회 사념에\n사로잡혀 있는 거예요！%b
bdf2002a03	나쁜 짓 하는 게 삶의 보람인 건가？\n그런 짓 해서 뭐가 재밌는 걸까？%b
be0ba8677c	이런 곳에서\n시간 버릴 수는 없다고.%b
be18fcd857	마을로 돌아가 장비 갖추는 거야,냥%b
be283dd1af	이게 수정 기둥・예쁘네.%b
be2a43b703	저건・？%b
be34d92da5	（결정）［２／７］\n　메시지 넘기기에 사용합니다.\n　걷는 동안에는 작동하지 않습니다.
be3658494a	테스트종료%b
be3f5431ef	우리 편이 되겠다고 한마디만 하면,\n네놈의 동료들을 구할 수 있다！%b
be4160feaa	이걸로 익시즈를 고칠 수 있겠네.%b
be5ada8f11	음～？\n다리도 아무것도 없는 것 같은데・%b
be669fcdc4	좋아！적을 다 쓰러뜨렸다！%b
beeb0c8047	그래서,나는 야마타이로,\n원군을 부탁하러 가는 거야%b
bef5c1df9c	이 계단으로 지하로 내려갈 수 있다.%b%h
bf0eb45a64	아스카를 다치게 하면\n이 나즈나가 용서 안 해,인 거야！%b
bf11e2b0a5	아・앙주・！%b
bf2ad13a4c	어딘가에서 그럴듯한 물건을\n손에 넣고 나서\n다시 한번 시도해 보자.%b
bf2d329a88	좋아,간다！\n여기 적을 다 쓰러뜨린다！%b
bf3efa45cd	지금은 고대 유적서\n동생 팔코의 소재를\n확인하는 게 급선무입니다！%b
bf59ca79f2	이 몸의 죽여주는 몸이 비친다～제！%b
bf986e58db	시무룩・인 거야.%b
bf99172af6	이대로는 지나갈 수 없을 것 같아.%b
bf9ab9e726	아직이라면, 어디 한번 해보시게나.\n청춘의 추억이란 게 그런 거지.%b
bfc2b9244b	달라붙지 마.%b
bff0056834	어, 놀라게 하지 마.%b
bff2f101ff	게다가 적 수도 많으니,\n뭉쳐서 행동하는 게 좋아！%b
bff90909ce	이것 말고도,\n제가 모르는 출구가\n있을지도 모르겠네요.%b
bffad71277	고목 줄기를 밀어볼까요？
c0025ed248	안 그러면, 우리가 해온 일이\n헛수고가 되는 거잖아！%b
c00d43d928	이 호라이산은, 미끄러지기 쉬운 곳이니,\n한 번 더, 위험한 장소를 설명하겠다.%b
c01a6398e3	뭔가 장치가 되어 있어서,\n안 열리는 것 같다.%b
c02e5797a2	어차피 나로서는 모르겠어.%b
c03a7d0e43	결심이 서면, 등록하겠다고 말해주게%b
c062734970	반드시 찾아내서,\n본때를 보여줄 테니까！%b
c0661c04fe	다음엔 이긴다～.%b
c072add372	이게 제단인가・. 이 움푹 팬 곳에\n이걸 놓으면 되는 거군.%b
c0ba1970a4	어떤 힘을\n가지고 있는 걸까요.%b
c0f52a2b25	어라, 여기에 끼울 만한 물건은\n가지고 있지 않았던 거야%b
c10474b759	고마워, 디아네 씨.%b
c11e2bb793	카달로 간다고 말했었어？%b
c126ce6015	이대로 이 뒤틀림이 커지면 세계는・.%b
c12ae2470c	오, 잘 아네.%b
c13202df66	알았어, 알았어.\n너무 찰싹 달라붙지 마.%b
c14bd36d62	재교육이 필요하겠네요.%b
c154cfc399	적의 수나 이곳의 구조, 그런 걸\n조사한 뒤가 아니면 안 되겠지.%b
c15675cc76	뮤, 앙주, 다들・\n내 몫까지 놈들을 해치우고 와！%b
c1678e4c04	「%nS」를\n사라고요？
c173cad073	저건 ７인위원회・。%b
c19c79d041	%z그럼, 조용히 있어！
c1bd8e3e82	자, 덤벼라！%b
c1c52f98d0	뭐랄까,\n이게 자유라는 느낌인 걸까？%b
c1c582b73a	그게 무슨 논리야, 그건？%b
c1def2202c	근데, 어째서, 이런 곳에 마물들이？%b
c1e406f577	%z아, 아아・.
c1f24345e1	사도아도・？%b
c20d962cf1	얼른\n익시즈를 고쳐야겠는걸.%b
c20e3805ed	하지만 문헌에 전해지는 갈만오브\n와 저 물질의 특징은 일치해요.%b
c2667d7fe1	모두들, 각개격파당하지 않게\n조심하시게나.%b
c26ec589da	아～쨩한테 귀엽다는\n소리 안 들어도 괜찮거든～！%b
c284a0a131	어차피, 이 녀석들을\n전부 쓰러뜨리지 않고서는,\n게텐 성을 되찾을 수 없어.%b
c28a87b9a1	%z안녕！
c29616770d	정령 기운이 강해지는 거야,냥%b
c2a3fe5b0b	등록하기
c2b096f5e3	%z디아네 씨라면,\n이 배를 안심하고 맡길 수 있고,\n무엇보다, 앞으로의 부흥에는,\n배가 꼭 필요하니까.
c2b7396990	%z어느 쪽이든, 마찬가지잖아.
c2db77e090	하지만・,\n이제, 부탁받은 일은 끝냈다.%b
c305ca89a7	이 앞에 쿠리카라란 마을이 있다는데\n보아하니 다리도 뭣도 없는 듯하다・%b
c311ccdba7	설마・.\n카오스의 힘이・폭주！？%b
c339e3ac0b	（수평 시점 전환）［３／５］\n　화면 왼쪽 아래의 전체 지도를 열고 닫습니다.
c35fbb0c33	팔러 온 거냐？
c3604b549a	아무것도 안 보여,인 거야%b
c36962e961	신기한 물건이군.%b
c3b0c677b7	필요 없어지신 물건을,\n인수해 드리겠습니다.
c3de05c1f1	그거 큰일이 났었구나, 리그로드 대륙\n전체가 카달이라는 나라의 군대에게\n제압당할 뻔했다는 얘기구나？%b
c3f161eb86	으, 응.\n그렇겠네・%b
c421e91fcc	・했더니\n나즈나가 비친 거였어,인 거야！%b
c429d886c4	야사카의 곡옥은\n이미 설치돼 있어,인 거야%b
c430016414	・뮤！%b
c43eb2df2b	그러니 오르트마로 서두르자！！%b
c4540c4df0	익시즈의 부품은\n모두 특별한 광석으로 만들어져 있다.%b%h그중에서도 특히 중요한 광석이 두 종류 있는데\n말라카이트와 애로우스톤이라 불린다.%b%h말라카이트와 애로우스톤은\n익시즈의 구조상 빠질 수 없는 광석이다.%b%h이 두 광석이 없다면\n익시즈가 하늘을 나는 것은\n지극히 어려울 것이다.%b%h그래비티 장로 저\n「익시즈 구조론 1」%b
c46478516c	아마 붙잡힌 사람들은\n지하에 갇혀 있을 거야.%b
c46c896989	여기를 되찾으면\n같이 찾아줄게.%b
c46d9df119	그런데, 드래군 성 쪽에서, 뭔가\n소동이 일어나고 있는 것 같은데요.%b
c493eec6e6	이 섬 어딘가에,\n애로우스톤이\n있다던데・.%b
c49dfb0bdd	분명 파계승 아쿠텐의 말이었지.\n무법자 흉내를 내는 건가.%b
c4ce8c2184	좋아, 아스카를 돕자！%b
c51b513ce2	이런 곳에서 시간을\n낭비할 수는 없어.%b
c52ae08e53	불려서 튀어나온 식신 나즈나\n드디어 등장,인거인거！%b
c5300b2a96	어떻게든 도착한 모양이군.%b
c53cb3f657	형태 있는 건, 언젠가 부서진다고\n하잖아！%b
c56de87340	여기서 펀치가 날아오지 않으면\n허전해서 안 되겠는걸・.%b
c57d567467	2．아이템 반입,\n보물 반출은 자유.%b
c57e160cfd	그렇지, 구하러 가야 해・.\n근데 어떻게・？%b
c58ec46450	마인드워드를 찾았다！%b
c5ba4f887b	봐！다리가！%b
c5bd47827a	나즈나도,\n여기가 마음에 든 거야,냥%b
c5bf2321d3	%z그러니까, 지친 마음을 쉬게 하는\n데는 아주 좋은 곳이구나.
c5d48534ab	이대로 카오스를 증장시키면\n세상이 소멸해버린다고！%b
c5d53f1859	%z・잠깐 기다려주세요！
c5e5fa1ed5	괜찮아.\n아～짱이 함께니까.%b
c5ef3f4b2f	아아,그야말로 고대 마법 문명의\n정수가 지금 여기 있는 거예요・%b
c5f3213e05	일단, 갈만・오브라는 걸\n찾으러 가는 게 우선이겠군.%b
c5f9ec4cdc	７인위원회님으로부터 부름이 왔다.%b
c62df289b5	엥～？ 여기에 뭔가를 끼우도록 되어\n있는 거네.%b
c64d490935	（특수 기능）［７／７］\n　다른 캐릭터를 뒤쫓고 싶을 때 사용합니다.\n　미행동 캐릭터에 커서를 맞추고,\n　특수 기능 버튼을 누르면 직전에 이동한\n　캐릭터에 가장 가까운 포인트로 이동합니다.
c65b3c6143	이렇게 직접 보고 있어도\n믿기지가 않네요.%b
c666d87e0b	이 성가신 결계 덕분에\n뒷 야마타이에 있는 카달의 본거지에\n가까이 갈 수가 없어.%b
c6b52cb939	하지만,열쇠가 없는 이상\n억지로 여는 수밖에 없겠지%b
c7050bed74	이 부서진 봉인은,그야말로\n나즈나와 아스카의 사랑의 기념비네！%b
c71f15297c	여기를 지배하는 괴물은,\n두 마리 있어.%b
c73acde8bf	이 문을 열면,\n카무이코탄 사람들을\n구해낼 수 있다！%b
c7974a2317	비좁은 곳이네요.%b
c7a47f8ffc	우웁.\n소오, 속이～ 안 좋아아.%b
c7ab15e052	또 오라고.%b
c7ad533284	%z러스티！
c7d1ea6b92	장로가 말한 대로\n말라카이트가 있는 것이오？%b
c7f010206c	하지만 기술 레벨업은\n가능하다.%b
c7f413d666	・이제 됐지.%b
c8031b64df	하지만 마법구는 안 부수는 게 낫겠지\n혹시라도 카오스 힘이 풀리면 곤란하다%b
c817beb3ae	드디어 찾았다～구.\n말라카이트다～구.%b
c81d4c3675	쿠리카라보정
c821716c1f	익시즈 발진
c84d1807fb	아,여기 뭔가 장치가 있는 것 같아！%b
c857e935e0	７인위원회는 카칼클랜에 대해서도\n조사하던 듯합니다%b
c894cd8d7a	꾸물대다간\n갇힌다～제.%b
c8cfa90f22	그대에게 죽음은 주지 않는다\n우리와 함께 영원한 고통을 져라！%b
c8e4fa59a1	%z미, 미안.
c90b2a05e3	이건, 고대 마법 문명의 유적이군요.%b
c914b4d3d9	지쳐 있을 때가 아니야！\n다들, 이 앞이 세이료카쿠다！%b
c92183c227	오를 때도 말했지만\n이곳 지형은 미끄럽게 돼 있다\n
c92c6fa7aa	마법구란 고대 마법 문명의 유산으로,\n현재는 별칭 「가르만 오브」\n라 불리는 물건이다.%b%h고대 마법 왕국 시대의 번영은\n이 마법구의 개발 및\n활용에 의한 것이라 전해진다.%b%h팔코 저\n「가르만 오브 연구」%b
c943c73d8c	적은 없는 것 같네.\n얼른 지나가자！%b
c98e5c362c	너무 생생해서,\n지금도 가슴이 두근거려요.%b
c9a91233f9	아니・.\n그냥, 먼지가 좀 들어간 것뿐이야・.%b
c9aa5265a5	기다려！%b
ca12f9ea5b	（취소）［３／５］\n　메뉴를 빠져나오거나, 취소하기 위해\n　사용합니다.
ca3b5d00ef	으으으, 졌다고요.%b
ca5050cd05	타오르는 불꽃 같은 사랑이\n둘 사이에서 자란다는 거네？%b
ca54faf2af	절대 유일한 존재라야\n세상은 영원한 안정을 얻지%b
ca57212002	카오스의 제단으로 향할까요？
ca76a1b4ea	어라, 이건 대체 뭘까요？%b
ca7d5b0d5e	뮤,싸움 앞에서 열 올리는 건 좋지만\n좀 냉정해져서 전장을 봐.%b
caa7dcd980	・뮤도, 말이지・.%b
caa9e21623	다시 한번 설명해두지.%b
cacd958d66	그러네,\n다들, 힘내서 헤쳐나가자！%b
cae8da0b16	본 적 없는 적들뿐이네요.%b
caf1fe7236	뭔가 장치가 있는 듯한데, 지금은\n손쓸 방법이 없는 것 같은 거네%b
cb049f4922	・과연,\n쌓이고 쌓인 원한을\n풀려는 것이로군요.%b
cb04df7644	고맙다, 이 자식아.\n다른 것도 살 거냐？
cb15396ab6	그럼, 항구 마을 히가타로 가보자.%b
cb177eed21	저건 ７인위원회！？%b
cb2396d6e3	난 아무 짓도 안 했어！%b
cb2958bf18	모르는 것투성이네.%b
cb692783fe	이 수정으로 탄환을 만들면\n위력 높은 포를 만들 수 있는 거예요%b
cb7917bc4e	그렇다면, 여기 괴물들이\n흉포화된 원인은,\n아무래도, 저놈들에게 있는 것 같군.%b
cb8121c464	이 고목에는, 뭔가 있을 것 같다.\n밀어볼까・.%b
cb88c41aaf	아이들은 어디로 간 거야？%b
cb8e7e1262	논리적으로 생각하면,아까 그 장치는\n이 다리를 놓기 위한 거였군요！%b
cb8e82b6c0	이쪽으로 가면,\n안쪽에 방이 있어.%b
cba8e01d6f	아니, 역시 그만둘까・.\n근데, 뭔가 신경 쓰이는데.%b
cbb0d3ddda	어라？\n팔 물건이 없는 것 같은데요
cbc94ca38e	그 원통함, 내가 풀어주마！%b
cbd58304f1	우왓！\n익시즈호가 떨어진다！%b
cbd83ad5bb	어떻게 하면 돼？\n빨리, 알려줘.%b
cbdb795991	분명 어딘가의 장치를\n제어하는 거라고 생각해%b
cbdfa45e7b	어머, 그렇게 딱딱하게 굴지 않아도\n되잖아, 딱히 잡아먹지 않아.%b
cbe80559be	고맙습니다,공주님\n다른 것도 살까요？
cbfb9d35f6	역시, 이 인원으로는,\n아직 만전이라 하기 어렵군.%b
cc1591d9ef	나를 쓰러뜨리면 너희 승리,\n라고 해두죠.%b
cc332f92b0	이걸・여기에 놓고・됐다.%b
cc4db9222b	비탈길에서는 발을 맞추지 않으면\n각개격파당할 수도 있다.%b
ccb0910cd1	아무래도 마법을 쓰는 자가\n적 쪽에도 있는 모양이에요%b
ccb6e649f7	2층에 오르는 건\n포기할 수밖에 없어,인 거야%b
ccc2402d28	불편을 드려 죄송합니다.\n카지노는 현재 건설 중입니다.%b
cce2e7d469	그게 결계동이라 불리는 연유야.%b
cd0875e542	시점３-２２도 시점, 약간 쿼터뷰
cd2309e7b8	이걸로 끝장내 버려！%b
cd30eeed03	「%nS」로군.\n사달라는 거냐？
cd421e88bc	우리는\n아직 목적을 이루지 못했는데 말이지.%b
cd539b2b9d	시간이 지나\n효과가 절로 풀리길 기다리거나,%b
cd6514e7bf	・응, 역시 벽이다.%b
cd6ba64b92	%z하지만,정리되면 반드시 데리러 갈게\n퀸즈랜드의 왕비로서 말이야
cd7f9b2530	하지만,열쇠가 없으니\n억지로 여는 수밖에 없어%b
cd9d37c74e	민다
cdb16caf23	어머어머,꽤 시끌벅적하네%b
cdf5fb838c	방이 사라졌어・\n땅속으로 떨어져 버린 걸까.%b
ce05a815d9	「%nS」냐.\n진짜겠지？
ce5ee00c12	%z쿡☆\n아스카, 두 사람 잘 부탁해！
ceb7d52d62	이쪽 문을 열려면,\n다시 와야 하는 거야.%b
cec0135ce2	그런 거네！%b
cec3e137ff	%H%m1%V100［%m0마법사%m1］%V0%m0\n
cecd0e250e	리그로드 대륙,\n드래군 왕국의 용기사 뮤！%b
cee2ff6696	떨어질 수도 있으니까！%b
cf000eaa9b	감히 야마타이를\n엉망진창으로 만들어 준 거네요！%b
cf0796bae5	흐음・제단처럼도 보이는데,\n꼭 그렇다고 단정할 수도 없나・.%b
cf28821110	내 대단하게 강화된 감각이\n숨겨진 아이템을 발견했다～제―！%b
cf351c8bc2	봐, 환술로 숨겨졌던 출구가\n모습을 드러냈어.%b
cf38ed042e	수정 기둥이라・%b
cf62fe5092	앙주 씨・\n나・기다릴게요.%b
cf64f52855	이거 뮤 님.%b
cf9d001dfa	이래서는\n2층은 잔해 밑에 깔린 셈이겠군.%b
cfb7cff188	출구가 어느샌가 나타나 있는 거구나！%b
cfde6bbd02	목숨을 걸고서라도\n수리해 보이겠습니다.%b
cfdef7f0fe	이 초절 귀여운 식신 나즈나가\n네 식신이 되는 거야,인 거야%b
d0023bc2d5	이 책엔 「익시즈 구조론 1」이라고\n적혀 있으니,찾으면 2가 있을 거야！%b
d028385644	전설의 마도사%b
d0351f7721	안 열리는 거예요・.%b
d03e0f0aa8	그 금속으로 무기를 만들면,\n
d0430eae6b	그런가요.\n그럼 또 오시어요.%b
d045c35673	아이들은？\n아이들은 어디 있어？%b
d060b4e0bc	어서 오십쇼,뮤 왕녀님！\n오늘은 무슨 일로 오셨나요？
d0613bff1b	나는, 아～쨩을\n잊은 적 같은 거 없는데！%b
d08d79e1a5	나즈나는 아스카를\n따라갈 뿐인 거야, 인 거네.%b
d096c98de7	저놈들 때문에, 이 숲의 괴물들이\n흉포화된 거야, 인 거야！%b
d0b2340896	（결정）（Ａ）（Ｂ）（Ｃ）［２／５］\n　착지합니다. 단, 착지할 수 없는\n　장소가 있습니다.
d0c4417f0b	이제 아까 같은 실수는 안 해．．．\n다들, 정신 바짝 차리자！！%b
d0c8e31a10	다시 그래비티 마을 사람들 이야기에 귀 기울여보는 건 어떨까？%b
d104b00793	오르트마와 자르마를 잇는 가도의\n중간지점 서쪽 숲 근처야%b
d13a17d138	%z참으로 적재적소로소이다！
d16dcc0a49	섣불리 손댔다간,\n무슨 일이 일어날지 몰라！%b
d19e2bb456	다른 키는 사용하지 않습니다.　　　［５／５］
d1e99e5d22	%z아스카！\n정말 저 여자로 괜찮아！？
d1edb3e0c1	그쪽으로 가면,\n７인위원회 탑의 뒷문이에요？%b
d1fe1e26e5	이게 큰 물통이군.\n냉큼, 부숴버리겠어！！%b
d20bcd0dbc	예
d23ea817a4	어머, 이 고목는 당장이라도 쓰러질\n것 같아요. 좀 밀어볼까요？%b
d24432d392	근데,\n정작 중요한 갈만오브라는 게 없으면,\n의미 없잖아.%b
d25167a894	하지만,덕분에\n아～쨩이랑 다시 만났는걸%b
d25b8e4ac0	뭘, 이 정도쯤이야\n대단한 일이 아니외다.%b
d264aee314	살아요！\n아버님！%b
d293118c55	・알고 있어.%b
d2d356f13f	（특수 기능）［７／７］\n　비행 모드로 전환합니다.\n　시나리오상에서, 아이템을 얻지 못했다면\n　사용할 수 없습니다.
d2d3b7ba18	오오, 드래군이라니！\n나의 조모가 원정한 곳이 아니더냐！%b
d2d98ed3b4	야츠 테 타세 작(作)\n미소녀 마법전사 프린세스 드래군이라는\n이야기가 있는데, 꽤 재밌더라.\n　　　　　　　　　　　　　（클라리스）\n↑주인공 아야가 최고라니까！！\n　　　　　　　　　　　　　　　（아도베）\n↑모르는군,너희들.뭐니 뭐니 해도,\n「미소녀 검사,흑의 뇌광」이 최고지！\n　　　　　　　　　　　　　（엑세느）%b
d2ff6a6059	어～머 또 왔구나～？%b
d307f22364	대체, 뭐가 어떻게 된 거야！%b
d308a32d43	%z아！
d326092af3	・네, 아버님・.%b
d340d96a69	７인위원회님께 대드는 놈들이\n있다더군. 참 어리석은 자들이지.%b
d341c3d382	문이 안 열린다%b
d34a8c316a	그것을 말씀드릴 수는 없군요,\n뮤 왕녀.%b
d370bc8750	여기서도 갈만오브가\n발견된 거야！？%b
d381782b88	・아니.\n그렇게 말해도・.%b
d38d03b3c0	%z어？\n뭐야！？
d3cdbcac4b	3．몬스터들은\n돈을 가지고 있지 않다.%b
d3d3459e15	아～쨩・잘 지냈어・？%b
d3f2b0347d	어이구.\n다른 것도 파시겠소？
d3ffffda7e	무기를 찾고 있는 거냐？\n
d417d24894	%z그럼, 우리들은, 이만・.
d41ce9119d	끝
d4204b08a8	더 이상,카오스 힘이 이쪽 세계로\n흘러들지 않도록 차원문과 수정 기둥의\n능력을 일단 봉인하겠습니다%b
d42eb75ae4	당신들, 밖에서 왔지？%b
d464affb24	듣자 하니 ７인위원회는,\n카오스의 힘을 부활시키려 하는 모양이야.%b
d47ebf86ff	대체 어떤 힘을 가지고 있는 걸까.%b
d491f22b1c	이게 폭발하면,\n큰일이 나는 거네, 그런데.%b
d4a580dd8d	인질을 잘 구해내서\n아스카한테 칭찬받는 거야, 인 거야.%b
d4ad508ab2	이런 곳에,\n당장 쓰러질 듯한 고목이 있는 것이오%b
d4ae9669cd	너희들！\n해치워라！%b
d4c5725f54	식은 죽 먹기라고！%b
d4e299b531	여기에 물 넣으면 되는 거지%b
d4e43a1ec6	쉿！%b
d507d34c2b	나즈나, 잠깐 조용히 좀 있어줄래？%b
d50d38942e	쓰러진 고목이 다리 대신 돼서\n계곡을 건널 수 있게 됐어！%b
d51f0f8935	%z어차피,\n난 뮤의 욕구불만 해소 담당이잖아
d5285a819c	・벽, 이네.%b
d52894ef8c	시간은 없지만\n다들 확실히 구하기 위해서라도\n장비 갖추러 마을로 돌아가자%b
d546b9c83a	이건！！%b
d5a6d8f3ff	공주님・죄송합니다！%b
d5d36d4486	그중 하나가\n우리가 가지고 있는\n이거일지도 모른다는 거네.%b
d5fffcec23	자, 앞으로 나아가요.%b
d612ea3c3e	결심이 서면 등록하도록.%b
d62201ed3d	갑자기,폭발하지는 않겠지？%b
d62fe25f51	이세계의 문, 인가・.%b
d64ab24d04	일단 리그로드로 돌아가자！%b
d64b9aeb1e	지금은 눈앞 적 쓰러뜨리는 데\n집중하자%b
d6619891a2	차원의 길을 나갈까요？
d68b8855b8	이놈을 쓰러뜨리면\n드래군 성을 되찾을 수 있는 거군요！%b
d68d20e71c	그러면, 어느 순간 갑자기,\n이길 수 없게 되는 경우가 있다.%b
d6abd56125	말하는 걸 깜빡했는데\n다리에 폭약이 설치돼 있다는 듯해！%b
d6b3e4fe97	내 귀여운 아이들을\n다치게 하는 짓은 용납지 않겠다！%b
d6b67d931c	내 아버지가 살아 계셨을 땐,\n당신 쪽 아버지와,%b
d6b7f3d1f2	그러니까, 레벨업은\n없다니까요.%b
d6c073f5d7	어, 네.\n저는, 괜찮답니다.%b
d6cb17c84c	아, 잠깐, 나도 같이 갈게！%b
d6e0d1c651	기다려라, 결판을 내주마！%b
d70d5bfab3	뭐, 대충 이런 거다.%b
d719db526f	【야사카 곡옥】을 입수했습니다%b
d72173ac1e	그것보다,배를 띄우기 전에\n준비를 갖춰야 하지 않아？%b
d726637d2a	이 자식！%b
d726870a0c	이런 곳이지만,\n이제는, 내 집이나 다름없어%b
d733780bc5	인질을 구하는 중요한 임무,\n실패는 용납되지 않는다・%b
d748869ec4	2층에 올라가는 건\n포기하는 게 좋을 것 같다.%b
d75bdce11b	７인위원회！ 내 나라를 짓밟은 대가를\n치르게 하마！%b
d7793a9911	그러면 이가에서\n꽤 멀어져 버려서 말이지.%b
d798271d89	근데 잠깐만,\n그 두 광석은 대체 어디 있는 거야？%b
d7a0959d4d	운명인지, 우연인지 모르겠지만,\n목적은 카달 놈들이지？%b
d7c25c9def	시라나미는 【호라이의 구슬】을 꼈다%b
d7c8bcdae9	앙주 씨를 슬프게 하는 자는,\n나, 용서 안 할 거예요！%b
d7d44c0c9b	어라？\n이쪽은 하이랜드가 아닌 것 같아.%b
d7d700d41f	마법구는 원래 카오스의 힘을 봉인해\n두었던 것이잖아요？%b
d7ed90f904	이게,수정 기둥인가\n뭔가 신비로운 분위기를 지니고 있군%b
d7f79616d3	건방진 말 지껄이는 것도\n이게 마지막인 줄 알아라%b
d80d8f16c5	흥, 그래.\n아～짱 심술쟁이！%b
d815d53bb6	아버님・\n반드시 원군을 데려오겠습니다！%b
d828b8a94d	그렇다고 방심하면, 뜻밖의 곳에서 위험을 부를지도 몰라？%b
d82f414064	큰 물통이라 쓰여 있다%b
d89902df8a	그렇지！%b
d8b6e70e27	・여기는・.%b
d8c64cfa7e	뭘 살 거냐？
d8c6c63ac6	리그로드 대륙・？%b
d8c90f85e4	본 적도 없는\n적들뿐이군.%b
d8cf912d6c	%H%m1%V100［%m0%s11%m1］%V0%m0\n이것을 사용해서,\n사서무투의 힘을 시험해 볼까요？%b
d8d66e8518	으으～음, 시끄럽네・.\n편히 잘 수가 없잖아.%b
d8e5e8c1f7	냥？\n왠지 이상한 느낌이 드는데.%b
d8ec269e9d	괜찮아.%b
d94937323d	어서 오세요.\n어떤 용건이신가요？
d99c9fcc45	호라이의 구슬은\n이미 설치되어 있지요.%b
d9a736f38e	이 안쪽이온지？%b
d9afa99082	%z아스카아！！
d9c1c52c2d	%z그럼,\n언젠가 다시 뵙도록 하겠사옵니다,\n공주님！
d9d414c0dc	역시 움직이고 있는 것처럼 보이지\n않는군. 여기 있어봤자 소용없다고.%b
d9d5232b5b	분명 뭔가 유래가 있는 장소인 거다.%b
da2e4eeb3d	시점테스트
da30fc5137	이런 건, 시라나미한테 보여주는 게,\n좋은 거다～ 라구！%b
da4d6e7534	혼자인 편이 마음 편한데・.%b
da57efb655	냐？\n생각보다 인원이 적네？%b
da630997e2	７인위원회는 쓰러뜨렸는데\n이곳 괴물들은\n카오스 힘의 영향을 받는 듯해%b
da66df5c54	변수표시
da80235ca9	이 다리를 건너면,\n하이랜드에 갈 수 있어%b
da81a0d07c	음, 이게 제단이네.\n여기에 이걸 놓으면 되는 거였지.%b
daad6c7c03	여기에는 【호라이의 구슬】이\n딱 맞게 들어가게 돼 있는 거네%b
dab33bc9d4	사서 무투법의 힘을 쓰면,\n움직이지 않을 리가 없어요.%b
dab4adb00e	너 알고 있어？%b
daccb3b0a9	여기 있는 놈들에게서\n마법력이 느껴지는 거다～제～！%b
dad84a7136	「%nS」이시군요.\n구입해 드릴까요？
db238f13f6	특정 적을 쓰러뜨리면 열리게 되는\n장치인 모양이야%b
db58122408	여길 지나면 드디어 세이료카쿠다\n마을 사람들은 그곳에 잡혀 있을 거다%b
db69daa130	뭔가 있다고 해도, 이 계곡을 건너지\n못하면, 확인할 방법이 없네.%b
db6b4a8359	여러분, 떨어지지 않도록\n조심해 주세요.%b
db70b44881	뮤・부탁이에요,\n저를, 가게 해 주세요！%b
db87423800	흐음,아스카는 식신을 잘 아는구나%b
db8ebd0eda	（특수 기능）［４／５］\n　아이템 메뉴에서, 아이템을\n　정리할 수 있습니다.
db96e9f77f	저건 ７인위원회다！%b
db99404241	이 문엔 뭔가 장치가 있소. 어딘가에\n문을 움직이는 구조가 있을 것이오.%b
dba769762d	그게 무슨 소리야？%b
dbab625f39	７인위원회 놈들이,\n카칼클랜에 손을 댄 탓인가？%b
dbc0d16d03	계속 밀면 열릴 것 같다～ 라구！%b
dbcd2da30d	그렇지 않으면,인간 아닌 자에겐 마음이 없다는 비방이 사실인가%b
dbd2cf8f7c	・구하지 못했어・.%b\n타타라도・\n마을 사람들도・.%b
dbea79432e	이 몸의 뷰리풀하고 원더풀한 모습이\n비치고 있다～제～！%b
dbeb3cb7b3	조금이지만, 움직이는 것 같아.\n몇 번 밀어주면 열릴 것 같아%b
dc1a5375fa	저 안쪽은, 아직 아무도 들어간 적이\n없어. 뭔가 있다면, 저 안쪽이겠지%b
dc30062621	드래군 왕국의 용기사 뮤！\n이 앞에 볼일이 있다.%b
dc3e7999de	적은 신경 쓰지 말고\n어쨌든 다리 건너까지 도착해야 해！%b
dc4224895d	저것을 보십시오！%b
dc523bba4e	운이 좋구먼.\n자, 상금인 %SG다.\n어때？한 번 더 해보는 건.%b
dc54d964b2	・아무래도, 이 움푹 팬 곳에\n갈만오브를 놓아야 하는 것 같아요.%b
dc5bef9d53	아버님！%b
dc7a1c021c	불을 끄려면\n이 큰 물통을 부술 수밖에 없다！！%b
dc85f79949	보검은 빠질 것 같지 않네.\n딱히 반응도 없는 것 같고.%b
dc87f1114d	여기서 나즈나는 운명의\n아스카를 만난 거야인거야！%b
dcad41f9cc	・분명,\n그 괴력으로 수많은 강적을 이겼다던가%b
dcbb2e751c	세계는 우리가 지켜 보일게.%b
dcc4a38576	이 몸이 찍소리 못 하게 해준다～제！\n천재는 한 명이면 충분하다～제！%b
dcd4fdc4b7	익시즈에서 본 거랑 같다지.%b
dce6e513b2	아이들은・,\n아이들만은 다치게 하지 말아다오.%b
dce786d546	자세히 들어보면,\n뭔가 알 수 있을지도 모른다～ 제！.%b
dcfc5bcf28	다들, 무사하구나.\n・다행이다.%b
dd03dc3c27	맞아요.\n하지만, 적을 조심해야 해요.%b
dd05aa4fda	수는 많지 않지만\n방심하지 말고 가자！%b
dd2394f4c4	계획・대체, 무슨 계획이야？%b
dd3e81b514	여기가 나즈나가 잠들었던 동굴이구나%b
dd5f8ab27d	여기에 낄 만한 물건은\n안 가진 듯하다%b
dd60228f5e	여기에 ７인위원회 놈들이 있다.%b
dd72a427ce	그래도, 힘내서 계속 밀면\n열릴 것 같은 거예요.%b
dd7c43d059	혹시, 아이들은 벌써・？%b
dd7e34dea1	그래비티 사람들에게\n자세히 물어보는 게 어떨까요？%b
dd8010c849	%z뮤를 두고\n혼자 도망갈 수는 없어・.
dd828f51af	안 돼, 지금부터는 늦어！%b
dd9ad95e26	동생은 대체 어디에 있는 것이온지？%b
dda15183d0	알렉트리아 대도서관 관장의 딸이,\n７인위원회에 맞서고 있다더군.%b
ddbf066662	저기가 출구인 것 같네.%b
ddc3921d7b	하나만 더 있으면 결계동의 봉인\n해제에 필요한 물건이 모여서, 게텐\n성에 쳐들어갈 수 있어%b
ddc4fa2e7b	（수평 시점 전환）［６／７］\n　수평 방향에서의 시점으로 전환됩니다.\n　이 시점에서는, 전투에 관한 조작은 할 수 없습니다.\n　방향키（좌우）－－　좌우로 회전합니다.\n　방향키（상하）－－　상하로 이동합니다.
ddc771eee1	%z나님은 천재이므로,\n마법 수행을 계속하는 거다～ 그래！
ddf16ccf63	%z나이랑 같이 주름 늘어,인 거야！
de002fad64	돈이 부족하신 듯합니다\n아무리 왕녀님이 상대라도\n저희도 장사인지라,죄송합니다
de13cb02a8	그・러・니・까・！\n내가, 바로 그 시라나미라니까！%b
de30479ea3	근데, 그래비티의 장로도\n갈만・오브가 어디 있는지,\n자세히는 모르는 것 같았지만・.%b
de3ed4ecfa	수는 많지 않지만, 다들 신중하게！%b
de4365504f	안 부수는 게 나을 것 같은데？\n어떻게 생각해,러스티？%b
de5d06cd8b	７인위원회 야망을 막아주세요！\n저는 계속 차원의 문을 지키겠습니다%b
de995dcef7	%z타타라！
de9b860247	경고요！\n여기서부터 앞은, 시련의 미궁이라오.%b%h실력에 자신이 없는 자는 들어가면 안 된다.\n돌아오지 못해도 몰라～.\n　　　                    　　토란 자경단%b%h말없이 들어갔다간・혼쭐내줄 거다～～～.\n・농담이야！%b
dedd007191	여기가 차원의 길인가・.\n모두, 조심해！%b
dee3df03e9	입니다%b
df17534191	축하해！%b
df27e6efa0	어떻게든,\n여기를 빠져나가야만 해요.%b
df283298a3	근데, 그 전에, 그래비티 사람들의\n얘기를 자세히 들어보면, 뭔가 알 수\n있을지도 모르지.%b
df466e7086	이 몸에게 맡겨두면 세계 하나둘쯤\n거뜬히 구하는 거다～제！%b
df55871905	남자애가 그런 사소한 거에 얽매이면,\n안・돼・☆%b
df5bec7173	그게 있으면 뒷 야마타이 방면으로\n빠져나갈 수 있다는 거군・.%b
df656b3696	하지만,열쇠가 없으니\n억지로 여는 수밖에 없을 듯해%b
df6ff986d4	그러네.\n일단은 서둘러 가자！%b
df75dced1b	이 앞에 찾는 갈자드가 있을 거다%b
df9270e641	이 상태로는\n2층에 가는 건 무리일 것 같아.%b
dfb43a7357	잠깐,아스카,무슨 소리야！\n전력은 한 명이라도 더 필요해！%b
dfd1ca9c3d	이걸로 세상이 원래대로 오는 거야？%b
dfe26271c4	「%nS」로 될까？\n진짜 사는 거야？
dfe5c173e3	미궁협회
dfe9716050	７인위원회를 쓰러뜨리면\n이곳 괴물들도 얌전해질 줄\n알았는데 말이에요%b
e018e30e3c	뭣이！%b
e0223d1dfa	뭐라고！！\n이런 상황에 진정할 수 있겠냐！%b
e029ff948e	뭘 파시겠어요？
e02cfee389	・그거 아무리 봐도,\n내가 손해 아니냐？%b
e03d2099b0	감사합니다！\n다른 것도 사실래요,뮤 왕녀님？
e041099f93	이번 소란은, 원래를 따지자면,\n제 나라가 원인이에요.%b
e0742463df	７인위원회는 쓰러뜨렸는데도,\n이곳 괴물들의 흉포화는\n가라앉을 기미가 없다.%b
e0874cad4b	무슨, 드래군의 병사 된 자,\n이 정도로는 꺾이지 않습니다.%b
e0aad7b0d3	%z해냈다！\n우리, 정말로 세계를 지켰어！
e0cb23cbbb	어딘가에 여는 장치가 있을 거다～제！\n주변을 잘 찾아보는 거다～제！%b
e0de0a53e5	이 안쪽에 쿠리카라란 마을이\n있단 얘기도 있지만\n마을을 본 이는 없다%b
e0fc6ae690	이 앞이,세이료카쿠다%b
e11ca5d707	대체, 어떻게 된 건지 모르겠군.%b
e1537c9ab3	어？\n아아, 그건 뒷간이라고 하는 거야.%b
e1719a052d	이건 장치문이다～제！！%b
e177cf16b5	단숨에 해치워 버리는 거다～제！%b
e1841a15ab	혹시, 보석이거나 하면！%b
e18c5adb19	대체 어떤 힘을 가지고\n있다는 걸까.%b
e1bf8efa65	그건 모른다. 여행 도중, 어딘가에서\n손에 넣을지도 모르지.%b
e1dc23b408	자신들을 지켜줄 거라 믿었던 왕족이\n배신했으니 말입니다・%b
e1ffd14fb1	별다른 건 안 보이는걸.\n정말 아무것도 없는 걸까・？%b
e20855564a	ＢＯＯＴ５메뉴
e21b80df52	자물쇠가 걸려 있는 것 같다%b
e22a4cda60	그렇다면, 마법구는 이대로\n원래 세계로 돌아감이 좋으리라.%b
e233fd25bb	이 수정 기둥은,\n리그로드 대륙의 서쪽 숲과\n동쪽 숲에 있던 것과 매우 닮았다.%b
e235847609	이쪽 세계는,\n천재지변으로 대혼란인데%b
e248a098cc	시라나미가 동료가 되었습니다.%b
e250c82b1d	루나에게, 모두가 여기로 돌아온다고\n들었다.%b
e252ac3763	・%b아니, 괜찮아.%b\n너희 잘못이 아니야・%b
e25c5d23d2	부탁이에요！\n아이들을 구해 주세요！%b
e26df25c17	자～잠깐, 기다려！%b
e28b29befe	그래,우리는 세계를 지배하는 거다！%b
e2b0cec4c7	예
e2b32eef7e	낯익지 않은 적들뿐이군.%b
e2b9ad4141	못 놓친다고 했을 텐데！%b
e2cadddbe1	팔 만한 건 없는 모양이구먼.
e2decedb40	싸울수록 사이 좋다는 말이\n정말인가 보네%b
e2fc43cc59	네놈들,가족이 소중하면 방해 마라！！%b
e2fd47e303	다들, 각개격파당하면 안 돼！%b
e301724276	여인의 앞길을 막다니\n예의를 모르는 것도 정도가 있네요.%b
e303b1703b	나가자・%b
e33fe91251	좋은 기회니,두 번 다시 이런 일이\n안 일어나게 해주는 거야,인 거네%b
e370c2ced3	좋아,７인위원회를 이겼다！\n이걸로 세상에 평화가 오겠지%b
e39444c970	뮤는 【야사카의 곡옥】을 끼워 넣었다%b
e3a3208afb	저것이 ７인위원회란 말이오.\n용서할 수 없구려.%b
e3a8917710	마음에 안 드시나,아쉽네\n다른 볼일 있으신가요,공주님？
e3e7aa2479	（취소）［３／７］\n　시스템 메뉴로 들어갑니다.
e3fa5fd99e	%H%m1%V100［%m0타마모%m1］%V0%m0\n
e40d172a6f	%z무슨 소리야！\n러스티가, 드래군 왕가의\n데릴사위가 되는 거잖아！
e415f200f7	디아네 씨는 해적 자손이란 얘기야%b
e432b3cb44	비탈길 방해되네%b
e4432f7ff9	만에 하나라도\n마법구에 숨겨진 카오스의 힘이\n풀려나는 일이 있어서는 아니 되오.%b
e45e16cd4a	음, 지금 상태로는\n여기를 지나가는 건 무리야%b
e46a99b4dc	에잇,카달에 칼을 들이대다니\n참으로 어리석은 자들이냐！%b
e46b2bf4b4	내 이름을 알고 있는 것 같은데,\n당신들은 대체・？%b
e4827c1d40	돌아갈까요？
e48aa7dc17	아～짱！%b
e4a1ec6344	저 커다란 턱에 당하면,\n그냥은 넘어가지 못할 거예요.%b
e4acaefdd4	응, 이제 됐어.%b
e4b92ff4b0	이런！\n다리가 끊겨 버렸어！%b
e5074a454a	여기서 안으로 갈 수 있어%b
e525beba66	타타라는 【아마츠의 거울】을 꼈다%b
e52e6db3e4	수정 기둥 탓인가？%b
e5493f5241	매번 감사！\n다른 것도 사시겠어요？
e54cf35f6b	하지만 이 정도 규모의 지진을\n일으킬 수 있는 건・.%b
e56f4993ab	７인위원회는 쓰러뜨렸을 텐데,\n여전히 이곳의 몬스터들은,%b
e594cfddf8	그렇게 많이는 못 드시잖아요.%b
e59e9aac07	분명 이게 말라카이트야！%b
e5caf38d6c	우선, 싸움에 있어서는,\n높은 곳에 있는 쪽이 유리해.%b
e5ccbc4de4	이쪽으로 빠져도,%b
e5da205dfa	다들！\n
e5dfd805ca	정말, 마치 잠들어 있는 것 같아%b
e6310fced3	%z진짜,\n이럴 때만 협력하고 말이야・.
e6390cc39b	뭐, 일종의 미신이지만, 잠들어 있는\n식신이 내는 정신적인 파동, 이게\n괴물들에게는 쾌적한 모양이야.%b
e63db9e18b	사도아도,인 거야？\n그거,저주의 말 아냐,인 거야？！%b
e6655111f4	우훗☆\n결혼을 전제로 친구부터인 거야,인거네%b
e666f56810	이 수정 기둥 탓인가・？%b
e66d822473	여러분,부디 이겨 주세요！\n온 세상 생명을 지키기 위해！%b
e6725b496d	%z먼 이는 소문 들으라！\n가까운 이는 눈으로 보라！\n우리, 거대한 악을 이겼도다！
e6799c6291	이놈만 이기면\n드래군 성을 되찾는 거네！%b
e6b10f930c	・부탁한다.%b
e6d1571653	해냈다, 열렸다！%b
e6e903ded9	저기가, 사막의 출구예요.\n그 너머에는 유적이 있다고 들었어요.%b
e70bdcc6a6	둘이 만난 지 얼마 안 됐어도\n사랑의 깊이론 안 지는 거야,냥！%b
e7121d58a3	저기다！%b
e715390025	거기도 미끄러우니 조심해%b
e721631740	내가 배신자라고 불리는 건,\n네가 신경 쓸 일이 아니야.%b
e728397cee	%H%m1%V100［%m0챠챠%m1］%V0%m0\n
e72b48e54a	어라？\n아쉽지만 돈이 부족한 것 같은데요.
e7652a85d3	여기에 물 넣으면 되는 거네,인 거야%b
e775bdeeff	애당초, 우리가 한 게 아니니까\n괜찮아！%b
e77bc7e143	%z시끄러워！\n얼른, 나즈나 굴로 돌아가버려！\n가끔은, 놀러 가줄 테니까！
e77e786bbd	특히 그놈은 강적이야.\n조심해.%b
e783983ebf	도움이 될 만한 건\n없는 것 같네.%b
e7a62e2b4a	옆에 소화용 물이 가득 찬 통이\n있다니까,%b
e7cdc7ca15	%z자, 돌아가자・。\n우리가 태어난 곳으로！
e7f61bbdd4	\n뮤 님, 뭘 팔아주시겠어요？
e80d5517ec	저건 ７인위원회！%b
e81c4ebb4a	하지만, 방심하지 마,뮤！%b
e83a3d7d28	러스티는 【호라이의 구슬】을 꼈다%b
e841d055f7	팔코！%b
e86c3ea347	히바리는 잘 지내고 있으려나 거구나・%b
e86ec66f21	여기에는 뭔가 장치가 있을 듯하다%b
e898393bee	나즈나는 【아마츠의 거울】을 꼈다%b
e8a19a56c6	저 계단 위에는 뭔가 있을 것 같군.%b
e8a3192045	일단 마을로 돌아가서,\n장비를 갖추는 편이,\n살아남을 가능성도 늘겠지.%b
e8a56652c0	카달의 잔당이다！\n정면으로 돌파하자！%b
e90e1924cd	팔 만한 물건은 하나도 없잖아.\n늙은이라고 얕보는 게로군・.
e9113c74c6	근데 괜찮을까？\n유서 깊은 건물을 이렇게 해도？%b
e91691995c	여기에 물 넣으면 되겠지%b
e93a526a88	근데,그쪽서 매듭지으면\n이쪽 세계도 원래대로 돌아오는 거지？%b
e9507d6e3b	뮤, 카오스의 힘의 영향을,\n더 이상 이쪽 세계에 퍼지지 않도록,\n저희가 해보겠습니다.%b
e954489d4c	근데, 문제는 그것뿐만이 아니지？%b
e958ee1669	이건, 참,\n엄청 단단한 광물이네요.%b
e975fe1f48	아스카까지！\n어째서,이런 애랑 계약하는 거야！%b
e97ea71d6b	오, 빛을 내고 있구먼・.\n이건 익시즈에서 본 거랑 똑같군.%b
e99b6acb63	７인위원회님께 대드는 레지스탕스 놈！%b
e9b9840599	・천재지변이다.%b
e9cc95a944	알고 있어・.%b
e9dd3fd28b	쓸데없는 걸 베어 버렸군・.%b
e9e23ae5c8	보검은 단단히 박혀서\n빠질 것 같지 않군.%b
e9e962af0c	「%nS」를 사도 되는 거야？\n진짜 괜찮아？
e9f1b3d46f	활로 공격할 땐 높은 곳서 낮은 곳을\n노리는 게 유리하다%b
ea04b2d2fa	그런 거라면, 나한테 맡겨！\n공짜로 야마타이까지 태워다 줄게！%b
ea4f6376b4	여기에는 【호라이의 구슬】이\n딱 맞게 들어가게 돼 있어%b
ea6282a536	할 텐가,안 할 텐가\n그럼,상품인 %SG일세%b
ea73de08c7	설마・하기야.%b
ea89183e40	자, 나즈나가 동료가 된 이상,\n여기 있을 필요는 없지.%b
ea9f523858	좋아, 히가타에 가서,\n디아네 씨를 만나자！%b
eab1ebd338	오셨습니까요.\n무슨 볼일이신가요？
eadb129c4f	아니. 갈만오브를 넘기는 일, 있을\n수 없다.%b
eae2d86a9e	팔 만한 물건은 없는 것 같은데요？
eaf8cf419c	팔코도 기뻐할 것이오！%b
eafd0c07cd	자, 또 밟았네.\n앞으로 2번이에요.%b
eb0e892b96	마법구는 안 부수는 편이 좋겠어요.\n카오스 힘이 풀리면 곤란하니까요.%b
eb13a393ad	매번 감사！\n다른 것도 파시겠어요？
eb32e37123	・더 이상 아무도,\n죽게 할 수 없어・！%b
eb472b21f0	여기에 갈만오브가 있으면, 익시즈가\n부활한다는 걸 아는 거다～ 제！%b
eb67a00072	어머～, 잘 알고 있잖아, 인 거야！%b
eb75616d7e	이 문을 열면,\n카무이코탄 사람들을\n구해낼 수 있어！%b
ebb3f67a74	좋아, 내보내줄게.%b
ebbcb0cbaf	뭐,적을 쓰러뜨리고 나서\n찾아도 늦지 않을 거야%b
ebd0c7d8d2	나로선 모르겠지만, 시라나미라면,\n이 문을 여는 방법을 알지도 몰라.%b
ebe10617da	이건, 내가 카달에 갔을 때의\n카오스게이트지.%b
ec049a6786	으윽！%b
ec13492b1f	아-, 얼버무렸어-！%b
ec188e4978	으윽！\n아, 아프다～제.%b
ec3d188871	다시 설명을 들을까요？
ec4c1b8efb	저, 뮤 님, 파실 물건이 없으신 것 같은데요.
eca923c1cc	으하하하하하,\n아쉽게 됐군.%b
ecacdf3552	좋아,\n관문 너머로 동료를 찾으러 가자！%b
ecbde40cee	드디어, 이 앞이 세이료카쿠,인 거야%b
ecbf998c63	여기에 갈만오브를 놓는 거다～ 제！%b
ecc868ab1e	그리고・.%b
eccfed94a8	이 앞이 세이료카쿠였지.\n좋아, 긴장을 늦추지 말고 가자.%b
ecd180dfd1	오？\n이 고목,당장 쓰러질 듯한데%b
ecdd7efc14	잠깐 기다려.%b
ece54c5885	냐냐냣！\n다리가 놓였다냥, 다냥！%b
ece84243ec	여기는 옛날부터 괴물들의 소굴이었어.%b
ecf892a62c	으음．．．\n무거운 문이에요%b
ed11789f6b	봐！\n엄청, 큰 산이야・！%b
ed14b12f7e	뭔가 쓸모가 있을지도 몰라,\n일단 챙겨두자.%b
ed19ad33ac	결계동의 봉인 해제에 필요한 물건이,\n이걸로 전부 모였네.%b
ed22daf494	%H%m1%V100［%m0미즈타마%m1］%V0%m0\n
ed40f2fce5	아마츠의 거울은\n이미 설치되어 있지요.%b
ed474bdedd	좋아, 한번 밀어볼까！！%b
ed48276027	곤란한걸,\n앞으로 갈 길이 안 보이는데%b
ed5114784f	조금씩 움직이는 것 같아요%b
ed7a8cc2a5	그건 그렇고,\n얼음에 갇혀 있는 것 같은데,\n아스카, 무슨 방법 있어？%b
ed93e0dc26	식신이 사람들에게 미움받는 건,\n그게 원인이야.%b
edb429024e	↓↓↓이벤트 그거↓↓↓
edba17fa66	%z좋아,이번엔 이긴다！
edbbba577b	이런,여기에 끼울 만한 물건은\n안 가지고 있는 것 같은데%b
ede8c0f6d6	시라나미 동료로 넣을까？
edf769f25e	라니, 우후후후.\n사실은 그림책에서 읽은 거지만요.%b
ee01e505dd	나즈나는 날 수 있어서 괜찮지만,\n여기서 발을 헛디디면\n큰일인 거야！%b
ee1a15471c	%z그래！\n그럼, 갈만오브는,\n드래군 왕가가 맡아두마.
eea4076d65	그래서\n뇌까지 근육인 야만인은 싫은 거예요！%b
eea52e7c32	잘못해서 카오스의 힘이\n풀려나면 안 되니까.%b
eec09957ab	카달과 싸우는 사람들을 모아서\n갈자드에게 도전하면,%b
eecc5e7f80	어라？\n아쉽지만 돈이 부족하신 것 같아요, 뮤 님.
eecf159097	어이어이, 그렇게는 못 들지.\n관두시죠, 관두시죠.
eed24c01db	여기에 뭔가 장치가 있을 듯한데,\n지금은 취할 방법이 없군・%b
eee34e010e	뭐, 뭐지？%b
ef2a46d1a0	조심해！\n미끄러지면 다치는 걸론 안 끝나！%b
ef61618491	뮤 님,\n부디 마음을 굳게 가지세요.%b
ef737588c1	정말 있었다니・.%b
ef8e29a860	요정 루나가\n알려준 거다～제！%b
ef96ec1147	그것도 그렇군.\n여기서 이러쿵저러쿵해봤자 소용없지.%b
efa4845ca0	아아！%b
efb22adc20	용이 되면,\n강 속에 있는 적이 있는 곳까지,\n날아갈 수 있어！%b
efdcdab778	근처에 마을 있으면\n뭔가 알 수 있을지도 몰라%b
f003bed7ad	고향 일은 걱정하지 마.\n나에게 맡겨줘.%b
f02d87d267	이상한 눈으로 보지 마！\n러스티 변태！！！%b
f05ed83a44	허, 뭔가, 신비로운 곳이군.%b
f06693064f	용케도 이렇게 잡다한 사람들을\n한데 다룰 수 있군요.%b
f06711cb22	으음・. 아무래도, 그냥 동굴이라고는\n생각되지 않네%b
f08310f26c	아버님의 영혼을,\n해방시켜드려야 해！%b
f085cdc731	%z이쯤에서 작별을 고할게！\n안녕, 뮤！
f086be008a	이렇게 높은 곳에서 미끄러져 떨어지면\n그냥은 안 끝나겠지%b
f0db9cce76	여러분,서둘러 주세요！\n우리에게 남겨진 시간은 얼마 없습니다%b
f0dc749083	이런,이런,아쉽군요%b
f0f3cdcffb	%z그렇게 정해졌으면, 앞으로의 항해에\n대해, 다 같이 이야기해 보자고！
f0fb007837	다들・？！%b
f11171bac1	이렇게 공주님의 얼굴을\n뵙고 있으니,\n또 한층 아름다워지신 것 같군요.%b
f12bd92524	그래비티 너머에\n익시즈가 있다는 건가・.%b
f14292aceb	그리 많이 드실 수 있어요！？\n무리하지 마세요,뮤 왕녀님
f168ab5699	여기가 카카루크란・。%b
f1845c8d3c	하아・。%b
f19fe67141	카칼클랜으로 갑니까？
f1c02d87c6	어, 왜 그래, 뮤？%b
f1e408d4b2	이건, 나조차도 못 지나가겠네.%b
f1fa97aeaa	%z뮤 공주님！\n무사하십니까！！
f216599ae1	한꺼번에 위로 못 가니까\n조심하는 거야！%b
f25862967b	계획・？\n대체 무슨 소리냐！%b
f266bdb301	%z과분한 말씀・.
f27cd9b84a	다시 한번,그래비티 사람들의 얘기를\n자세히 들어보면,\n뭔가 알 수 있을지도 모르겠군%b
f281a5e050	자, 잠깐 기다려봐,%b
f28c948a5a	문에 치사한 장치를 해놨군%b
f2a80cfb43	이 반짝이는 방식은 익시즈에서 본\n것과 매우 흡사한 듯하다.%b
f2b8c10c9a	어이 어이,뭘 그렇게 과장해%b
f2ba5b9278	%z끝났네・.
f2ca1ccf9e	%z잘 있어, 뮤！\n행복해야 해！
f2d0cb00a6	카달 놈들이\n제멋대로 굴었나 보군.%b
f30c18a617	좋아, 그럼 시작해 볼까. 다들,\n양동이 목적이라는 걸 잊지 마！%b
f319410100	뭔가가 모셔져 있었던 것 같아.\n호쇼인 같은 걸까？%b
f3252d586a	살짝 밀면, 분명 쓰러질 것이오.%b
f3780796b5	용서 못해요！%b
f38105b0bb	응.\n정말 야마타이까지 왔구나・。%b
f3a58ccefe	%z에엣！\n이렇게 대단한 배를\n정말로 받아도 되는 거야！？
f3bcb7c7cd	이, 이봐, 왜 말이 없는 거야.%b
f3e1551d27	역시, 갈자드의 짓이었군！\n・끔찍한 짓을！%b
f4026c7359	아아, 그 금속으로 무기를 만들면,\n
f40985cbac	이런, 카달의 생존자다～제～！\n
f411fabe32	다들, 잠깐만 기다려줘.%b
f420717383	이런 곳에서\n시간을 낭비할 때가 아닌데.%b
f49a557ef2	음,이 몸의 뷰티풀하고 원더풀한\n육체 비침을 방해하는군～제！%b
f4a08f0c39	이봐 이봐,\n네가 먼저 말 꺼낸 거잖아？%b
f4a64483f8	게다가, 닌자 저택을 무너뜨린 이상,\n관문의 수비도 허술해졌을 거다.%b
f4e27131b9	무사시 할아버지도,아버지도\n식신을 부리고 있었으니까%b
f4ebe11907	리그로드 대륙에 원군을 보낸다 해도,\n야마타이는 이미 카달에게\n제압당해버렸고, 말이지.%b
f4f887dedf	신경은 쓰이지만・%b
f52e33ebc4	나즈나랑 아스카가 힘을 합치면,\n갈자드 따위\n간단히 해치워 버리는 거야！%b
f547af4624	마을 사람들은,다들 드래군 왕가를\n신뢰하고 사모해요%b
f552e7af60	언젠가, 평화로워지면,\n시험해볼게요.%b
f563f6df27	그때까지는,\n조금 더 강해져 있어주시면\n좋겠군요.%b
f5734c5f1a	７인위원회 놈들이\n차원의 문에 손을 댄 탓인가？%b
f5919f4ca8	몇 가지 주의사항이 있으니\n일단 들어보게.%b
f59e0bd66a	아, 이가 마을이란 건,\n시노비라는 전사들의 고향이야.%b
f5abfb5009	본 적 없는 적들뿐이네.%b
f5c3391945	애로우스톤을 입수했습니다.%b
f5c898b8a3	만약 발을 헛디디면,\n그냥은 안 끝날 거야.%b
f5e13a3172	여전히 이곳의 몬스터들은,\n카오스의 힘의 영향을\n받고 있는 것 같다・.%b
f5e70b58cb	음성 볼륨
f5ec99ff9a	소생은 알 수가 없소.%b
f5fb080241	요즘, 전쟁이 있는 것도 아니고,\n참으로 태평성대라,\n세상이 무탈해서 다행입니다요.%b
f6011e0013	갈만오브가 있는 곳에\n짐작이 안 간다면,%b
f605cee2c5	쿠리카라멸망후
f61981ad21	어서 오세요, 여러분.%b
f62b12005e	여기엔 【호라이의 구슬】이\n딱 맞게 들어가게 돼 있잖아%b
f6331d8583	몇 번을 올라도 힘드네\n세이료카쿠 가는 길은！%b
f6382f9231	비탈길이 있는 거구나.\n각개격파당하지 않게 조심하는 거구나%b
f6383fb9ef	카오스게이트
f67bd2bbb3	여긴 카달군 관문인 걸\n알고 이러는 거냐！？%b
f690bd0255	이곳 오르트마와 마찬가지로,\n배를 이용한 장사로 북적인다더라.%b
f69f41d10d	내 일 따위 상관없다！\n세계를 구하거라・앙주！%b
f6cffa1df0	여기가, 서쪽 숲이야.%b
f6de5cfa0d	하지만, 그런 걸 하고 있을 때는\n아니에요.%b
f6e3eb6f3a	친하게 지냈다고 하니\n힘이 되어주지 못하는 게 미안하다%b
f7015fb00d	다리가 놓였다%b
f7089b7aa8	%z그 여자가 싫어지면,\n언제든지, 나즈나를,\n데리러 와줘, 인 거야인 거야！
f70ae9aade	%H%m1%V100［%m0신상%m1］%V0%m0\n
f718a878c8	해냈다！%b
f720df70aa	그～리고 말이야,날 쓰러뜨리는 건\n불가능하니까～.%b
f7298bd556	・에헷☆%b
f72b64e930	그럼, 그때 다시 오자.%b
f73935ceb2	%z러스티 주제에 나한테 의견을 내다니,\n건방지다구！
f747dade5a	다가가면 쾅이라니까！\n이 녀석들은 조심하라니까.%b
f7516c4db0	잘 오셨습니다, 뮤 왕녀님.\n생각보다 일찍 도착하셨군요.%b
f75175f43d	시라나미가 괜찮다면,\n동료가 되어주지 않을래？%b
f788135808	%z그것보다, 이거 어쩔 거야.\n이 익시즈 호 말이야.
f78f4ddb53	・그나저나, 신경 쓰이는군.%b
f792463336	아,혹시 여기엔 【아마츠의 거울】이\n딱 맞게 들어가게 돼 있는 거 아냐？%b
f79b0b4637	이 사냥꾼이 네놈들을\n포포론 주민들처럼 숙청해주마！%b
f79d0fbe9b	알아！\n알고는 있지만・.%b
f7cc938126	으・.\n여긴 대체・？%b
f7ef223185	타국 원군 요청을\n막기 위함일 것이오%b
f7f767703d	이가 최강의 시노비 집단\n「츠키구미」 두목이다%b
f8101f8b9f	카무이코탄의 신령이시여\n부디,동료들에게 축복을！%b
f8104146a0	집중공격을 받지 않도록 조심하자.%b
f83008ee8e	요정 루나가\n알려준 것이다～제～！%b
f8459b8746	별로～☆%b
f84cdc23f2	감사하기 그지없소.\n그밖에 파실 것이 있소이까？
f89933b17e	오, 다리가 놓였는걸.%b
f8c7ac0a09	아, 근데, 수정 기둥이라는\n신기한 건축물이 있어서,%b
f8ebae4ccb	몇 번이고,「조사한다」할 수밖에%b
f8f6e14be3	카달의 잔당이야！\n다들, 신중하게！%b
f904461620	이럴 땐,근처 마을이나 도시에서\n옛이야기에 밝은 노인께\n얘기를 들으면 좋을 거예요%b
f915e4e6d4	%z좋네・！\n내가 배를 몰고・.
f92ce1ca43	차원의 문이 닫혀 버린 우리에게\n도망칠 곳은 없어！%b
f94da24ba4	해냈다, 열렸어！%b
f964aab23f	%z안녕, 시라나미！
f96847eb6f	잠깐,조용히 좀 해줄래？ 자물쇠 따는\n건 소리와 손끝 감각이 중요해%b
f98ebca2f1	천재인 나님한텐 아무것도 아니지만\n일반인들에겐 좁은 곳이다～제！%b
f9d5e1b065	아무래도, 먼저 바닥의 장치를\n살펴보는 편이 좋을 것 같네요.%b
f9f7de4110	진짜인지 아닌지 조사만이라도 해볼까%b
f9fe22fb9d	손님들, 벌써 시련의 미궁에\n도전해 보셨소？%b
fa1df80437	탈출할까요？
fa2011417f	맡겨 두라고.%b
fa4fa0613f	아, 참참, 내 본체가 아니라\n분신을 쓰러뜨려버리면,%b
fa69711ad3	자, 아스카의 동료를 도우러 가자！%b
fa771780eb	뭐가 안정인가요%b
faad2081c4	히바리가 행복하게 살 수 있는 세상을\n되찾기 위해서라도,\n쓰러뜨려야 하는 거예요.%b
fab58615f0	아스카는 【호라이의 구슬】을 꼈다%b
fabbbf2800	설마, 또, 야마타이에서 겐유사이가\n쳐들어왔다는 건 아니겠지. %b
fabca5dab0	이런 곳에서\n발이 묶일 수는 없어요.%b
fac121275c	그런 짓 안 했잖아！%b
fac7c802be	세이료카쿠는 이 앞이야,있는거야\n빨리 마을 사람들 구하는거야,인거야%b
face21086f	이곳에 묻혀 있는 것은 아닐까\n생각하고 있었던 듯합니다.%b
fae22d63fb	걱정되는 거야！%b
faedf8322b	사람도 땅도 없는 세상에서\n뭘 지배하겠다는 거야！%b
faf26b1dee	러스티를 동료로 넣을까？
fb05890f82	몇 번이고,「조사한다」뿐이겠어%b
fb2bc9ddb5	안쪽은 병사들로 가로막혀\n아이들 모습조차 확인 못 합니다%b
fb2c46a0bc	%H%m1%V100［%m0관장(악)사념%m1］%V0%m0\n
fb36a749bc	당연히, 구하러 갈 거지？！%b
fb39636db2	혹시 【플라이서】마법을\n쓸 수 있다면,%b
fb47462df6	실은 익시즈 호를 부활시켰을 때・.%b
fb4c5291cc	지금, 모처럼 아～짱이랑,\n알콩달콩하고 있었으니까,\n방해하지 말라고！%b
fb6a900321	왔구먼.\n그래서, 뭘로 하겠나？
fb7861a91c	여기는 미끄러지기 쉽다%b
fba7fd274c	이 상태로 몇 번 밀면,\n열릴지도 몰라.%b
fbb1f147e2	레지스탕스 안에는,\n알렉트리아 대도서관 관계자가\n있다는 이야기다.%b
fbbee86164	지금, 그런 위험한 도박을\n할 필요는 없겠지.%b
fbc21f99b0	저는 이런 육지가 있다는 얘긴\n들은 적이 없어요.%b
fbcd8de53e	리그로드는 대체 어떻게 된 거야！%b
fbf5e55986	이놈을 쓰러뜨리고\n드래군 성을 되찾겠다～제！%b
fc0cfc7add	그대 몸에서는 피 냄새가 난다\n내 동료에게 해를 끼쳤구나？%b
fc16dda026	금지된 일이긴 한데,\n아무도 불만을 말할 수가 없어.%b
fc1d5f4050	분명,동생은 학자를 한다는 얘기야%b
fc2571d199	・뭐, 그래도, 얘깃거리는 되겠지.%b
fc2aa980c2	역시 이렇게 장치가 많아서는,\n쉽게 풀리지 않는군.%b
fc6893f5a6	그런데, 네 부하들은,\n어디에 잡혀 있는 거야？%b
fc69e0bfb4	그곳이라면, 카달행 배를\n찾을 수 있을지도 몰라.%b
fcb9ccfdd4	분명, 제1차 리그로드 전역에서,\n겐유사이의 휘하에 있던\n여자 마장이 아니었던가？%b
fcbe7922fd	그럴까・？%b
fcc49cb06f	공주님, 어서\n익시즈 호 추락 현장으로 가시죠！%b
fd11659e92	다소 무리해도\n어쨌든 돌파하는 수밖에 없겠네%b
fd1d4db64e	７인위원회가 쓰러졌다는군\n평화로운 세상이 찾아오는 거야！%b
fd24aaac0c	그게 전혀 짐작이 가지 않소%b
fd27c53dd2	・재밌군.%b
fd34201cd5	이런 건, 역시,\n시라나미 씨가\n잘 알지 않을까요？%b
fd5ea8744a	그 기개는 훌륭하지만・%b
fd931c5267	으윽！\n천재인 이 몸도 처음 보는\n적이다～제！！%b
fda892c275	좋아,여기서 나가서\n마을서 장비 갖추자！%b
fde4e5f7d9	리그로드의 바다 관문\n오르트마를 봉쇄함은,%b
fde8e885bf	%z무서우면,\n혼자서「퇴각」하면 되잖아！？
fdfe332794	이제 와서 배신할 거냐！%b
fe03d17bfc	뮤 님을 놀리는 것도,\n애정 표현이랍니다.%b
fe09890d75	이봐, 러스티, 정신 차려！%b
fe0d4c1a40	벽이야,인 거야%b
fe30eab9d7	오오, 고목가 쓰러져서 다리가 됐다.\n이걸로, 저쪽으로 건널 수 있겠군.%b
fe3a86fd50	좁은 곳이니까,\n다들 떨어지지 않게 조심해！%b
fe45e4a051	이제, 반응은 없는 것 같네.%b
fe50937d6b	그렇게 많이는 못 들잖아.\n관두라고.
fe54d47984	%z다들 고향으로 데려다 주고 싶은데\n괜찮을까？
fe7080a9e8	그렇다면, 힘을 합쳐\n저 녀석들을 몰아냅시다！%b
fe92bd5eb0	모두, 기다려,\n지금 바로 꺼내 줄 테니까！%b
fea2af016d	잠깐 설명해 두겠는데,\n여기는 옛날부터 괴물들의 소굴이었어.%b
fee140a3ab	예를 갖춰, 이름을 대거라！%b
fee66082ba	새는 바람을 탄다\n하늘 높이 향한다%b
fef725bb54	그,그런！\n넌 어떻게 할 거야！？%b
fefd4370be	길 막는 건물이지\n이가 동쪽과 서쪽에 하나씩 있다고%b
ff0f6c5d87	그래. 이걸로 게텐 성에 쳐들어갈 수\n있겠어.%b
ff1ca44210	감동～！\n뮤가 웬일로 다정하잖아！%b
ff2b538a82	지난다
ff55c66425	이쪽은 ７인위원회 탑의 뒷문이야.\n우리가 향하는 곳은, 하이랜드야.%b
ff6585e49b	%z여기가 나의 고향 쿠리카라구나.
ff67e06154	（취소）［３／７］\n　행동 지시, 정보 표시의 취소를 합니다.\n　아무것도 하지 않았다면, 시스템 메뉴로\n　들어갑니다.
ff78634073	타타라 동료로 넣을까？
ff7cecfc3d	적은 그대로 미끄러져 떨어져서\n큰 피해를 입을 게 틀림없어！%b
ffb98d4e10	잠깐 탐험해 보자.%b
ffd47fa1d1	그렇다냥.\n분명 이게 말라카이트다냥.%b
ffd70130aa	누군진 모르겠지만, 고맙다는 말은\n해야겠군. 고마워.%b
ffd96562c7	하지만,그리하면,아버님의 영혼이・！%b
bdfa457b34	　드래군 왕가의 꽃. 용기사의 힘을 물려받아, 용의 기술과 검술을 쓰는 미소녀 전사다. 조금 기가 세고 제멋대로인 구석도 있지만 （「조금？」 -러스티） 사실은 상냥하고 상처받기 쉬운 소녀다.\r\n성우／히사카와 아야.\r\n
100cbcd54a	　뮤가 용의 기술로 용으로 변화했을 때의 모습이 바로 이것.눈매에 뮤의 모습이 남아 있다.귀여운 얼굴을 하지만,성장하면 입에서 드래곤 브레스를 내뿜고,날개로 회오리바람을 일으키게 된다.용으로 변신할 수 있는 건,드래군 용기사의 혈통의 거다\r\n
0d3b05a36c	　리그로드 전역으로 이름 높은 아서와 엘리제의 피를 이은 퀸즈랜드의 왕자.아서에게서 내성적인 성격을,엘리제에게서 신성 마법의 재능을 이어받았다고,세간에는 알려져 있다.신성 마법 외에 공격 마법도 쓸 수 있다\r\n성우／타카기 와타루\r\n
168cef6e0c	　야마타이 이가에 사는 시노비 집단 「츠키구미」 두령.리그로드 전역의 명장 무사시의 피를 이어 인법을 쓴다.의리 두텁고 정에 약하다.고향에 어머니와 아끼는 여동생이 있다\r\n성우／히야마 노부유키\r\n
7e13a6e0ab	　주인이 없는 식신이었으나, 아스카와 만나, 일방적으로 주종의 연을 맺어버렸다. 이것이 아스카의 숨겨진 재능인지, 나즈나의 개성인지, 의견이 갈리는 부분이다. 활 기술과 특수 마법을 사용할 수 있다.\r\n성우／시라토리 유리\r\n
a1f87fd8f1	　고죠를 소란케 하는 여도적.본명은 타마모,아스카의 소꿉친구다.줄곧 동경하던 아스카와 재회하며 그 마음이 사랑임을 깨닫는다.활과 도둑 기술을 쓴다\r\n성우／아라키 카에\r\n
17952e4200	　카무이코탄 마을 족장.대자연 정령의 힘으로 곰이나 매로 변신한다.고향에서 훌륭한 족장으로 존경받으며,유카리라는 매력적인 여성과 연인 사이다\r\n성우／오츠카 아키오\r\n
6c76d4a04e	　카무이가 대자연 정령의 힘을 빌려 매로 변신한 모습.상공에서 단숨에 내려앉아 적을 치거나,적을 붙잡아 절벽 아래로 떨군다.이 모습으로 데미지를 계속 입으면 원래 인간 모습으로 돌아간다\r\n
b235c83b8c	　카무이가 대자연 정령의 힘을 빌려 곰으로 변신한 모습.눈썹께에 옛 모습이 남아 있다.날카로운 발톱으로 적을 벤다.이 모습으로 데미지를 계속 입으면 원래 인간 모습으로 돌아간다\r\n
1f92e22be3	나는 야마타이 카무이코탄의 촌장,\r\n카무이라 불린다\r\n（결번）\r\n
04e0b07c1a	　쿠리카라의 기술자 이니시에 중에서도 손꼽히는 실력자.화약으로 탄을 쏘는 포술을 다룬다.투박한 겉모습과 달리 여동생을 아끼고,닿지 않을 여인에게 마음을 두는 섬세한 면도 있다\r\n성우／고리 다이스케\r\n
c7101b013d	　알렉트리아 대도서관의 무투 사서.높은 지위의 아버지 밑에서 부족함 없이 자란 아가씨.그 탓에 융통성이 없거나 남의 마음에 둔감하기도 하지만,정의감은 남달리 강하다.사서무투법의 사용자\r\n성우／이노우에 키쿠코\r\n
d838860b61	　전설의 마도사라 불리는 재능 넘치는 마법사.공격,신성,특수 전 마법을 자유자재로 쓴다.반인반마 켄타우로스족의 몇 안 되는 생존자.켄타우로스는 독자 언어를 써서,그의 인간 말은 무섭도록 문법을 무시한다\r\n성우／모리카와 토시유키\r\n
5b9e2c3510	　오르트마에서 무기,방어구 가게를 운영하는 매인.독학으로 익힌 검술에 더해,상공에서 내려오며 공격을 가하는 새의 기술도 쓸 수 있다.야마타이와의 교역을 위해,무사 말투를 쓰던 것이,그것이 평소 말투가 돼버렸다\r\n성우／호소이 오사무\r\n
6a76a14255	　여성 시노비를 특히 쿠노이치라 한다.야마타이의 여성 시노비가 카달군에 투항했다.여성의 무기를 살린 「매혹」은 강력해,저항력 없는 남자는 그녀들의 매력에 홀려 아군과 적군조차 못 가린다.사랑은 눈이 먼다는 말 그대로다\r\n
1294ff414e	　원래는, 야마타이의 시노비였으나, 카달의 군문에 항복한 배신자. 공격력은 그리 대단치 않지만, 대상을 뜻대로 조종하는 「쿠구츠」를 사용한다. 이 술법에 걸리면, 아군이 아군을 향해 공격을 걸어오기 때문에,반격도 할 수 없어,고전을 면치 못할 것이다\r\n
e2aadbf616	　원래는 야마타이의 시노비였으나, 카달 군의 침공과 함께 투항한 자. 그중에서도, 특히, 실력이 뛰어난 시노비를 조닌이라 하며, 혹독한 수행 끝에 익힌 「투명화」 「회복 주문」 「지렬권」 등의 다채로운 기술로 공격해온다.\r\n
dcd9ce027e	　산들을 누비는 원시적인 종교 활동에 몸을 던지면서도, 그 혹독한 수행과 계율에서 낙오한 승려. 도중에 포기했다고는 하나, 산을 누비는 수행의 성과로 「엔쿠자」나 「바람 주문」을 습득했다. 스스로를 갈고닦는 일은 어떤 형태로든 성과를 가져오는 법인가.\r\n\r\n\r\n
bd91bae637	　원래는 카달의 일반 시민이었던 자들이 카달에 의해 소집되어, 최소한의 마법만을 주입받았을 뿐이다. 무기를 사용한 전투는 할 수 없으며, 마법으로 공격해온다고 해도, 위력이 약한 주문뿐이다.\r\n
64239c60ed	　카달 군에 소속된 마도사. 마도사 계열로서는, 이번 야마타이 침공에서 중심 전력이라 할 수 있다. 혹독한 훈련을 통해, 여러 강력한 마법을 사용할 수 있다. 특히, 「프리즈 블래스트」는, 얼음에 갇혀 행동 불능이 되므로,어떻게든 선수를 쳐서 처치하고 싶다\r\n
f7715a0bd3	　카달 군을 구성하는 일반적인 보병. 어쨌든 수가 많다는 점을 채워야만, 그 우위성을 발휘할 수 있다. 대부분은, 카달국의 일반 시민을 병사로 만든 것으로, 「스트라이크」에 의한 공격밖에 하지 못한다.\r\n
54d244483a	　활에 의한 공격을 전문으로 하는 카달 군의 병사다. 병사보다는, 상위로서 우대받고 있다. 사거리가 긴 「롱샷」은 무섭지만, 품속으로 뛰어들면, 빈약한 장비의 그들은 쉽게 쓰러뜨릴 수 있을 것이다.\r\n
c347ef3b11	　카달 군의 보병. 수많은 전투를, 그 넘치는 완력만으로 버텨온 맹자. 카달 군의 주력이며, 이번 야마타이 침공에서는 중심 전력으로서, 특히 중요한 장소에 배치되어 있다.\r\n
504794f0cd	　야마타이에 예로부터 사는 요괴. 새처럼도 보이지만,이것 역시 오니이며,어엿한 요괴다. 바람 속에 산다고 하며,돌풍과 함께 나타나 사람을 채가거나,던져 떨어뜨리거나 한다. 이 오니에게 붙잡히면,무사히 넘어가지는 못할 것이다\r\n
758da1938d	　늪이나 강에 서식하는 요괴. 장난이나 나쁜 짓도 하지만, 때로는 사람에게 도움이 되기도 한다. 물가의 요괴임을 생각하면, 약점은 저절로 보일 것이다. 「용해액」, 「독물」 같은 공격에는, 특히 주의하고 싶다.\r\n
5693ddec5d	　원래는 산에 사는 신들의 일원이었던 듯하나,인간에게 두려움을 사는 사이,마침내 요괴가 돼버렸다.「투명화」를 사용해,모습을 보이지 않고 다가와 「번개 주문」 등으로 공격해온다.투명화를 무력화할 수단이 없으면 고전할 것이다\r\n
3910385d98	　예로부터 땅에 사는 요괴지만,순수한 요괴가 아니라 분노로 악령에게 영혼을 빼앗긴 인간이 변한 것이라 여겨진다.「몸통박치기」라는 단순한 수단뿐이나 공격력이 높아 초반엔 고전할지 모른다\r\n
c5027c02b7	　굶주려 죽은 자의 마음이 만든 요괴라 한다.「에너지 드레인」으로 HP를 빨지만,굶주림이 지나쳐 앞뒤를 안 가리기에 동족 살상도 적지 않다.어떤 의미로는 가엾은 존재다\r\n
ce645aab5c	　야마타이에 예로부터 사는 여우 요괴.암여우가 오래 살면 꼬리가 더 자란다고 여겨진다.꼬리가 여럿인 여우는 온갖 술법을 쓰게 된다.구미호는 그중에서도 가장 강력해 주의가 필요하다\r\n
e6bdbf600a	　오니 중에서도, 특히 완력이 강해,그 때문에 「강철」 오니라 불린다. 공격의 종류는 적지만,그 괴력에서 뿜어져 나오는 「와일드 펀치」에는 주의가 필요할 것이다. 이 요괴와 싸울 때는,튼튼한 방어구를 갖추어 두고 싶은 법이다\r\n
fe2ec61cb7	　쿠리카라에서 만든 카라쿠리（기계 인형）.사람 없는 창고 등에서 감시용으로 쓰인다.수상한 자를 행동 불능으로 만들려 몸통박치기로 자폭한다.문제는 그들에겐 움직이는 모든 게 수상한 자라는 점이다\r\n
112f8b1052	　오보로 골짜기의 시노비.유서 깊은 시노비 가문 아야히메의 후손이라 본인은 우긴다.허나 실체는 그저 산적이다.지기 싫어하는 그녀는 여러 번 뮤 일행을 가로막고는 그때마다 도망친다.이즈나오토시,바쿠레츠자키 같은 기술을 쓴다\r\n
6bb9680a30	　직립보행하는 거대 도마뱀.굵고 강한 꼬리 근육으로 몸을 세우는 듯하다.뾰족한 발톱과 굵은 팔에서 뿜는 「킬러 펀치」는 강력해,제 몸보다 훨씬 큰 먹잇감도 쓰러뜨린다.사막이나 산지를 좋아한다\r\n
00fa799ce7	　사막에 사는 대형 곤충.모래땅에 구멍을 파고 어리석은 짐승이나 인간이 빠지길 기다린다.경사진 모래 구덩이는 발버둥 칠수록 희생자를 더 깊이 끌어들인다.안쪽에서 기다리는 개미지옥에게 산 채로 체액을 빨린다\r\n
ca24cb37e7	　하늘을 나는 신통력을 지닌 원숭이 인간.인간과 짐승의 중간,이른바 수인이라 불리나 인간으로 못 돌아간다.수인의 특성대로 자연 회복 능력이 있어 웬만한 상처는 그 자리에서 낫는다.단호한 공격이 필요하다\r\n
09f4759725	　돼지 얼굴을 한,짐승과 인간 사이의 이른바 수인이다.수인답게 자연 회복 능력이 있어 어지간한 상처는 곧 낫는다.둔해 보이는 겉모습과 달리 「플레임 애로우」 같은 기술을 자유자재로 다루니 얕볼 수 없다\r\n
1df8c85ac1	　하반신이 뱀의 모습을 한 인간형 몬스터. 다소나마 지성을 가지고 있기는 하지만, 그것은 주로, 사람을 죽여서 먹기 위해 쓰인다. 직접적인 공격 수단은 가지고 있지 않으며, 다른 몬스터를 「스트롱」이나 「큐어힐링」으로 지원하고, 몫을 나눠 받는다.\r\n
df82df38de	　사람들에게 가장 사악한 존재로 두려움과 미움을 사는 몬스터. 영혼을 빼앗기 위해 지상에 찾아온 악마의 화신, 혹은, 오래 산 사악한 뱀이라고도 한다. 두려운 것은, 그 입에서 내뿜는 「드래곤 브레스」로, 인간을 산 채로 썩게 만든다고 전해진다.\r\n
2e35df081d	　바다에 사는 거대 도마뱀 몬스터.사막의 리자드와는 친척이나 서식지는 정반대다.굵은 꼬리로 상체를 지탱해 직립보행한다.바닷속에서 먹잇감을 효율적으로 잡으려 「전격」을 쓴다.전기 충격으로 먹잇감을 마비시킨다\r\n
d42b4f71eb	　상반신이 인간 여성, 하반신이 뱀 모양인 몬스터. 오비스와는 친척 관계이지만, 오비스가 다른 몬스터를 보조하는 데 비해, 타라타는 「그래비티 프레스」 같은 직접 데미지를 주는 마법을 사용한다. 결과적으로 인간을 먹이로 삼는 것은 둘 다 다르지 않지만\r\n
8301aa7195	　신화 시대,신을 섬기던 성스러운 여전사가 타락해 어둠의 몬스터가 됐다고 전해진다.사실 여부는 차치하고 강력한 신성 마법을 쓰니,마법 쓸 틈을 주지 말고 쓰러뜨리고 싶다\r\n
6a77d725a2	　뼈만 남아서까지,싸움을 그만두지 못하는 전사의 처참한 말로.전장에서 원한을 남긴 채 죽은 병사에게,고위 마도사의 사악한 마법으로,잠깐의 생명을 부여한 몬스터.죽음에 대한 공포심이 없다는 점에서,무서운 상대가 될 것이다\r\n
d9ad31358f	　아득한 옛날 사람들이, 죽은 자의 영혼의 불멸을 바라며, 건조 처리한 시체에, 고위 마도사가 사악한 마법으로, 다시 힘을 부여한 몬스터. 일반 무기로도 데미지를 줄 수 있지만, 그 마법적인 태생 탓에, 마법에 대한 저항력이 강하다.\r\n
6da8aa8f29	　방황하며 나타난 죽은 자의 영혼. 묘지 등을 정처 없이 떠돌지만, 때로는,고도의 마법으로,유적의 파수꾼이 되어 있는 경우도 있다. 영체이기 때문에,일반 무기는 소용이 없다. 신성한 힘이 깃든 무기나,마법으로만 쓰러뜨릴 수 있다\r\n
499313ed41	프로필 문구 없음.\r\n
6aecd850d8	　폭탄과 화기를 다루는 기동보병.카달군에 아주 최근 도입된 병사다.야마타이 어느 지방에 전해지는 포술을 흉내 냈다는 설도 있으나 진위는 모른다.등에 진 포에서 쏘는 「대통」 「축소 폭탄」은 고전을 부른다\r\n
b9c9776779	　강력한 마법을 다루는 여마도사이며, 카달 군 중에서도 이색적인 존재다. 주로, 7인 위원회의 신변 경비를 맡는 임무를 위해,특히 마력이 뛰어난 여성을 등용하고 있는 듯하다. 카달의 소녀 중에,위치가 되기를 동경하지 않는 자는 없다고도 한다\r\n
bf73c27e0d	　카달 군의 장군이나 7인 위원회 같은 고위 직책에 있는 자를 지키기 위해 조직된 엘리트 병사. 특히 활을 다루는 데 능하며, 마법 「스트롱」으로 강화된 활은 그 누구도 쓰러뜨린다고 한다\r\n
3be21f3db2	　리자드종 중에서도 가장 흉포한 몬스터.굵은 꼬리로 상반신을 지탱해 일어서서 「분노의 화염」으로 먹잇감을 잡는다.몰래 다가가려 모습을 감추는 「은형법」을 쓴다.등 뒤에서 화염을 맞기 싫다면 숨기 전에 처치할 수밖에 없다\r\n
a5cd83f515	　모래로 만든 인형에 고위 마도사가 마법력으로 임시 생명을 부여한 것.일종의 골렘.그렇게 고도의 기술은 없지만,그 이상한 괴력으로 뿜어져 나오는 일격에는,주의가 필요할 거다.또한,그 몸은 모래로 돼 있기 때문에,공격의 위력을 흡수해버릴 거다\r\n
2f0cc203c6	　도마뱀과 인간의 중간에 있는 수인.다른 리자드종과 달리 지성을 지녔다.무기를 써 「J스트라이크」 「잠재우기 폭탄」 같은 기술로 공격한다.수인답게 자연 회복 능력을 지녀 어느 정도 상처는 곧 낫는다\r\n
22f15c711b	　매의 날개와 얼굴을 지닌 수인,매인의 여전사.수인답게 자연 회복 능력이 있어 어느 정도 상처는 그 자리에서 낫는다.비행도 성가시지만 「하드 크래시」에 관통 능력이 있어 특히 주의가 필요하다\r\n
e84506aec0	　저주로 죽은 자의 머리에서 만들어낸 불사의 박쥐. 시체로부터 저주로 만들어졌다는 특수성으로, 일반 무기에 의한 공격을 일절 받지 않으며, 성스러운 힘이 깃든 무기나, 마법으로만 데미지를 줄 수 있다. 죽은 자의 평안한 잠을 가져다주는 자에게 저주 있으라.\r\n
92b9572fbe	　드래곤의 반쯤 전설화된 흉포함을 모르는 사람은 없을 것이다. 하지만, 지상에서 최강의 드래곤이, 이 아크 드래곤이라는 사실은 그다지 알려져 있지 않다. 다행스럽게도, 사람이 다니지 않는 극히 한정된 지역에만 서식하고 있기 때문이다.\r\n
e79b494d20	　고위 마도사에 의해 만들어진 인조 몬스터. 그 마법적인 태생 때문인지, 「심판의 빛」 같은 강력한 마법을 자유자재로 다룰 수 있다. 하지만, 타격에는 약해, 사람이 만든 것의 불완전함을 드러내고 있다.\r\n
64b7262a16	　죽어서도,안식을 허락받지 못한 암흑의 마도사.생전에는 고스트 등 언데드 계열 몬스터를 만드는 비법을 행했다.죽은 자의 평안을 어지럽힌 자가 치를 대가는 크며,그들은,스스로 원하든 원치 않든,시도사로서 죽은 뒤에도 계속 싸울 운명에 있다\r\n
b4252ef75f	　수많은 전투를 헤쳐 나와 등과 팔에 포를 심고 공격력을 더욱 갈고닦은 정예 병사.폭탄과 화기를 다루며 「분사포」 「조종 폭탄」 같은 기술로 공격한다.압도적 화력과 정면으로 맞서는 건 용기를 넘어 어리석다\r\n
d248e12d7b	　활을 전문으로 다루는 카달 군의 병사. 몇 가지 재료를 조합해 만든 독자적인 활은 강력하여,보통 완력으로는 당길 수 없을 정도라고 한다. 그 강력한 활에서 쏘아지는 멀티 애로우는,아무리 튼튼한 방어구도 손쉽게 관통한다고 한다\r\n
4890a8b754	　마술을 극한까지 익힌 극소수에게만 주어지는 계급.이름 그대로 「카오스 사이트」 「기가 힐링」 「스트롱글」 같은 고도의 마법을 자유자재로 다룬다.특히 스트롱글은 많은 병사의 힘을 한 번에 올리는 무서운 지원 마법이다\r\n
b96683ef3b	　카달군 여마도사 중 가장 높은 마법력을 지닌 자에게 주어지는 칭호.마법 공격에 거의 무적을 자랑하며 강력한 마법을 자유자재로 다룬다.아름답고 용감한 그 모습을 동경하지 않는 카달 소녀는 없다고 한다\r\n
cb82ec00c5	　카오스의 힘을 받아 변화한 드래곤,그것이 헬드래곤이다.「데스 브레스」 「프리즈 스톰」 같은 강력한 기술은,그렇지 않아도 성가신 몬스터를 한층 더 흉악하게 만들고 있다.대책 없이 돌진하는 것만으로는 이길 수 없다는 걸 잊지 않는 편이 신상에 좋을 거다\r\n\r\n
7f04fb949e	　카오스의 힘의 영향을 받아,변이한 곤충형 몬스터.여러 개의 팔을 이용해 쏘아내는 「브레이크 샷」은,비행형 캐릭터의 천적이 될 수 있을 거다.「다크 매터」도 사용하므로,가능하면 상대의 사거리 밖에서 싸우고 싶다\r\n
f0d8d4d62c	　묘지에서 방황하며 나타난 영혼이, 카오스의 힘을 받아 실체화한 몬스터. 그 특수성 때문에, 일반 무기에 의한 공격은 전혀 통하지 않으며,성스러운 힘이 깃든 무기나,마법으로만 데미지를 줄 수 있다\r\n
37fea03a7a	　카오스의 힘을 받아 태어난 몬스터.여러 팔로 「비트 드라이브」 「헬즈 파이어」 「기가 힐링」과 타격,공격 마법,회복 마법을 자유자재로 다루는 데다 이쪽 마법 공격 대부분이 무효화되니 주의가 필요하다
7b740ecb0e	　카오스의 힘으로 기이한 모습이 된 몬스터.오른손에 검을 들고 빈손으로 신성 마법을 자유자재로 쓴다.검술 「검무」,공격 마법 「스타라이트」를 버텨내기란 쉽지 않을 거다\r\n
572ab0b9a0	　이번 야마타이・리그로드 침공 작전에서 전 카달군을 지휘하는 최고 책임자다.카달군에서도 견줄 자 없는 전사이며 무용이 뛰어나고,명령 수행을 위해 모든 걸 내던지는 전형적인 단순 군인이다\r\n
e80b861b2f	　7인 위원회에 의해 카달 군의 최고 지휘관으로 임명된 무인. 야마타이에서 만났을 때보다도 더욱 강력해져 있으며, 게텐성에서 싸웠을 때는 봐준 것이었다는 말은, 아무래도 거짓이 아닌 듯하다.\r\n
3fb48696c4	　카달에서 갈자드와 나란히 7인 위원회의 신임을 받는 무장. 갈자드와 함께 리그로드 대륙을 정복한 후, 뮤를 쫓아 야마타이로 건너간 갈자드를 대신해, 리그로드를 지배해왔다. 마법에 뛰어나, 강력한 마법을 사용해온다.\r\n
650d90512b	프로필 문구 없음.\r\n
3875ad50a2	　카오스의 힘에 의해, 정신체를 아스트랄이라는 몬스터로 실체화시켰기 때문에, 자기 자신은 움직일 수 없다. 정신체인 아스트랄이 상처를 입으면, 그들 자신도 상처를 입지만, 카오스의 힘을 얻은 그들을 상처 입히기는 쉽지 않을 것이다.\r\n
b1e4acaba9	　카오스의 힘을 사용해, 7인 위원회가 만들어낸 몬스터. 궁극의 마법 「라그나로크」를 사용하는 능력을 부여받았다. 게다가, 「기가・힐링」을 사용해 데미지를 회복시키므로, 쓰러뜨리기는 쉽지 않다. 표정이 없다는 점이 섬뜩하다.\r\n
a2a289e083	　카달국을 지배하는 7인 위원회의 멤버는,한 사람 한 사람이 우수한 마도사다.그 때문에,궁극의 마법 「라그나로크」와 「홀리 아크」를 쓸 수 있다.무시무시한 공격력이지만,그들을 쓰러뜨리지 않고서는,세계에 평화는 오지 않는다\r\n
a69e52850e	　카달군에 투항한 시노비의 우두머리.야마타이에서 네고로로 알려진 시노비 집단의 수장이었으나 카달에 항복했다.특히 「야마아라시」는 그의 특기이며,모여 있으면 이 기술로 내던져져 큰 피해를 입는다\r\n
99d32b51b5	　호쇼인을 맡고 있는 카달 군의 장수. 이름에서 알 수 있듯이, 야마타이에서 현지 조달된 용병 장수. 훔친 HP를 자신의 HP 회복에 쓰는 「HP 훔치기」 같은 비열한 수단이 어울린다. 믿고 싶지 않지만, 여자인 듯하다・・・\r\n
2b6778fbf2	　고죠와 호쇼인을 잇는 고죠 대교를 주로 수비하고 있는, 현지 조달 장군. 최후의 수단으로, 고죠 대교에 폭발물을 설치해 두었다. 차차와는 어떤 심정에 근거한 고유한 인간관계를 맺고 있는 듯하나, 그다지 그 일은 생각하고 싶지 않다.\r\n
3c747ef4df	　세이료카쿠를 맡고 있는 카달 군의 늙은 마도사.노령으로 인해,현실 인식에 혼란이 보이며,카무이코탄의 아이들을 자신의 아이라고 믿고 있다.하지만,「선더 블래스트」 「메가 힐링」 같은 강력한 마법을 자유자재로 다루므로,주의가 필요할 거다\r\n
efeb6062b5	　돌 등으로 만든 상에 고위 마도사가 생명을 불어넣어,고대 권력자의 무덤이나 이름 모를 문명의 성지를 도적에게서 지키게 했다고 한다.리그로드 사가의 영웅 전설에 이름을 남긴 다이간도 그런 석상이었다 전해진다\r\n
06a727b9f5	　드림 래버린스에 킹을 봉인하고 있는 마도사. 장난스러운 외모와는 반대로,사람의 정신을 조종하는 데 능하여,그 뒤틀린 정신이 보여주는 환영은,광기로 가득 차 있다고 한다.그가 이런 변경지에 있는 것은,그 뒤틀린 유머가 배척당했기 때문이다\r\n
bea876a3ba	　드래군성을 맡은 카달 군의 무장. 마도사 출신이라, 「선더 블래스트」 「카오스 사이트」 같은 고도의 마법을 사용해 공격해온다. 이미 제압된 성을 맡고 있다는 점에서도 알 수 있듯이, 전투력은 그다지 대단하지 않다. 점령지 정책을 위한 인사일까.\r\n
98c355966b	　카무이코탄 마을의 여자. 카달 군에 의해 인질로 잡혀 있다.\r\n
ad72823f9c	　카무이코탄 마을의 남자아이. 카달 군으로 인질로 잡혀 있다.\r\n
8e1b66c31d	　카무이코탄 마을의 여자아이. 카달로 인질로 잡혀 있다.\r\n
aea40e5f7d	　카무이코탄의 여자.카무이의 연인\r\n
499313ed41	프로필 문구 없음.\r\n
499313ed41	프로필 문구 없음.\r\n
499313ed41	프로필 문구 없음.\r\n
499313ed41	프로필 문구 없음.\r\n
499313ed41	프로필 문구 없음.\r\n
499313ed41	프로필 문구 없음.\r\n
8f03c4de72	　드래군의 병사.\r\n
499313ed41	프로필 문구 없음.\r\n
c003011c6a	　호크아이의 남동생.고대 마법 문명 유산 연구로는 카달에도 이름이 알려진 명망 높은 학자.고대 마법 문명의 유산을 열광적으로 사랑한다\r\n
499313ed41	프로필 문구 없음.\r\n
499313ed41	프로필 문구 없음.\r\n
499313ed41	프로필 문구 없음.\r\n
499313ed41	프로필 문구 없음.\r\n
499313ed41	프로필 문구 없음.\r\n
499313ed41	프로필 문구 없음.\r\n
499313ed41	프로필 문구 없음.\r\n
499313ed41	프로필 문구 없음.\r\n
499313ed41	프로필 문구 없음.\r\n
499313ed41	프로필 문구 없음.\r\n
499313ed41	프로필 문구 없음.\r\n
2506d251c0	도구점
52722cd06c	무기점
5bddb5a4e8	방어점
6004587f70	투기장
7cac69c56c	술집
e1217978b6	민가
1ef11ef9ef	잡화점
efa244adb3	ＨＰ를 １００ 회복할 수 있다
