key	file	offset	bytes
000176394b	/WS00.MAP	80834	51
0011dec350	/HS10.MAP	185252	47
0014adcae3	/GM00.MAP	188420	32
00151091c1	/CT20.MAP	170767	55
0022f17ec1	/KD00.MAP	169886	22
003501543f	/DL00.MAP	122611	63
003cf39cbb	/WY00.MAP	224781	67
004728e985	/KS00.MAP	171036	82
004f959ee4	/CK00.MAP	180438	47
0056fa222f	/GM00.MAP	200002	10
00625bd117	/KM01.MAP	141337	63
0065048e59	/IG00.MAP	170130	51
00725168c8	/BL00.MAP	126358	53
0076f62abb	/ZM00.MAP	157214	43
0078f19946	/WY00.MAP	218846	42
007edf13b7	/GT20.MAP	140110	33
0082ea09df	/IG00.MAP	174492	294
00958362b0	/IP00.MAP	164035	30
009952ea3f	/MP00.MAP	185595	71
00a381b1be	/MP00.MAP	181398	63
00ae8cb724	/MH00.MAP	179026	10
00aea65ee0	/GT10.MAP	51272	22
00b4dda9ff	/NT00.MAP	61236	24
00b64b12a7	/BL00.MAP	127133	10
00b64b12a7	/BL00.MAP	127174	10
00b64b12a7	/TM00.MAP	132113	10
00b64b12a7	/TM00.MAP	132154	10
00bcc215f2	/HS10.MAP	181641	16
00be4521e4	/WY02.MAP	211785	20
00c79fb88f	/IG00.MAP	166184	31
00db6e0cd0	/KS00.MAP	173204	65
00e9738472	/ZM00.MAP	149328	42
00f3abe639	/AT20.MAP	83950	57
00f951bda9	/GT00.MAP	147303	86
00f975636f	/AT00.MAP	196794	26
00fad915a2	/CK00.MAP	177383	45
0100893f27	/ITEMHELP.MSG	5456	78
010b9a217d	/GT20.MAP	140364	71
010ffc4a45	/NT20.MAP	152675	67
01104ef49a	/CK00.MAP	177461	20
0118378401	/IS10.MAP	62477	61
011a75f5ca	/HS00.MAP	72372	45
011aa8391e	/QH00.MAP	160294	128
012c437303	/CT10.MAP	196135	47
013072e1c2	/IG00.MAP	172450	45
013072e1c2	/MH00.MAP	165124	45
0133bf2728	/TJ40.MAP	144543	45
0133bf2728	/TJ41.MAP	144550	45
01380f0690	/IP00.MAP	162195	51
013a44c0de	/WC00.MAP	225738	57
013b8ae519	/IS10.MAP	62573	67
014e2b933a	/QH00.MAP	154683	59
0157a8511a	/GT20.MAP	139888	20
016823492e	/GM00.MAP	188316	71
0168c61670	/IZ00.MAP	56090	53
016e8905ef	/MH00.MAP	179854	51
01733a5c54	/GH00.MAP	151532	53
0197c3f5f5	/NJ10.MAP	135250	73
01a104acfb	/ZM01.MAP	141651	327
01a2c9c9fa	/GM00.MAP	195047	30
01a32a19ae	/SK00.MAP	116500	53
01b871640a	/IG00.MAP	178006	51
01b871640a	/IG00.MAP	178243	51
01bd41f566	/HS00.MAP	73802	39
01c50dae55	/IZ00.MAP	62505	45
01d658c104	/AT20.MAP	91010	53
01de3b762a	/CT10.MAP	197193	28
01ed7b2cb0	/IG00.MAP	166796	69
01eedc91f1	/MP00.MAP	193777	59
01f5c23b2c	/BOT4.MAP	27663	12
01f84377f7	/IG00.MAP	171870	22
01fa1734b9	/GM00.MAP	192654	38
01fac60473	/CK00.MAP	165386	42
01fbd00691	/IG00.MAP	181416	32
020e85a4db	/DIARY.MSG	4040	260
020e85a4db	/DIARY.MSG	4532	260
020f6ca4bd	/DG21.MAP	96504	65
02143fd878	/TM00.MAP	132216	47
0215daf77f	/ITEMHELP.MSG	2044	56
021ec53253	/BL00.MAP	124951	18
021ec53253	/ZM00.MAP	155740	18
022659bb58	/KR00.MAP	96857	110
022ac3c740	/HL00.MAP	132722	28
022b1a8573	/MH00.MAP	183551	49
022b1a8573	/WR00.MAP	239691	49
022bdcf90e	/MP00.MAP	183139	32
023585b1cd	/NT20.MAP	150296	47
02363a9995	/BOT4.MAP	28123	55
023ee3f14b	/GB00.MAP	186633	12
0240a0fdfd	/GM00.MAP	198126	27
0247af05a2	/WR00.MAP	224063	30
024f3e0b83	/ITEMHELP.MSG	7976	94
02546a6dc7	/NT31.MAP	137543	22
025aa9e2f9	/WY02.MAP	211500	18
02771160dd	/HL00.MAP	135531	57
02809abb32	/ZM00.MAP	157297	35
0289af617e	/KD00.MAP	165594	59
028c42ff38	/OT00.MAP	180298	24
02a1b773dc	/GB00.MAP	196889	58
02a4d99ed1	/NJ10.MAP	127598	86
02a4d99ed1	/NJ10.MAP	136386	86
02a70533e8	/NZ10.MAP	110005	41
02ac084f8b	/DG10.MAP	92462	53
02b26f7028	/DG21.MAP	97553	36
02c4653f8a	/WY00.MAP	223589	12
02c94cdf76	/MH00.MAP	167205	64
02cf91411e	/NJ10.MAP	130952	26
02d3f5dc85	/WAZAHELP.MSG	3232	54
02df55ba0c	/KM10.MAP	51321	30
02f925ba48	/GM00.MAP	205173	22
02fe33b3a3	/AT00.MAP	185976	71
0307c49e4e	/GM00.MAP	192521	30
030c296adc	/HL10.MAP	98910	33
03140fa0b6	/KM00.MAP	158967	43
0314b0a493	/HL00.MAP	131118	21
0317fc6642	/NZ10.MAP	112691	26
03192236c8	/GB00.MAP	179356	71
031a958d45	/KS00.MAP	168231	30
032b2af61a	/KM10.MAP	55832	24
032b2af61a	/KM10.MAP	56005	24
0338443e81	/IG00.MAP	165077	59
033ffb71a2	/IG10.MAP	157918	40
03431de20b	/OT00.MAP	178332	53
034a80a65e	/HL10.MAP	97446	50
03506047ea	/AT00.MAP	181666	67
0360452f67	/OT02.MAP	165052	55
03637c2229	/CT20.MAP	167235	29
036c6cdb90	/NT20.MAP	143617	116
03754de164	/OT01.MAP	168139	63
037c1657f7	/CK00.MAP	177882	20
037f063ae8	/KM00.MAP	157225	80
03876f64f5	/RT20.MAP	121491	53
0392c06b2c	/QH00.MAP	159577	24
03a7ce86d7	/WC00.MAP	218532	55
03abcc8f6f	/ES01.MAP	74046	73
03abcc8f6f	/WS01.MAP	79048	73
03b130406b	/WC00.MAP	230392	65
03b607d062	/AT00.MAP	189643	63
03b87b1d60	/GT00.MAP	146830	45
03c18d47b1	/NT31.MAP	138391	107
03c7386c6e	/WY02.MAP	216592	53
03c993763b	/FIR3.MAP	108621	60
03cb6c7b53	/WY00.MAP	228840	55
03cb6cabe0	/ITEMHELP.MSG	4636	26
03da770e39	/IG00.MAP	177681	71
03edec1aed	/KR00.MAP	101205	71
03f2516742	/WR00.MAP	228170	76
03f5207fbd	/KR00.MAP	97206	12
03fc3ca798	/GB00.MAP	176401	65
04012ab630	/NT21.MAP	130775	37
0414f6d45c	/IZ00.MAP	54141	49
04150ad19a	/WY00.MAP	216699	59
04165a2b8b	/JG10.MAP	148924	69
0417b7e2eb	/CK00.MAP	174708	65
041ae65122	/IS10.MAP	59590	77
041ccd6c41	/NT30.MAP	107987	96
041cd22da4	/GM00.MAP	194502	20
041f70524c	/IG00.MAP	164381	51
0422280b54	/CT10.MAP	189761	34
042a0e9e72	/BL00.MAP	128078	61
0431521ddc	/AT20.MAP	86447	18
043b66cadc	/GH00.MAP	152084	28
043e557967	/KD00.MAP	164753	104
044649533b	/KR00.MAP	95340	32
044fea41e3	/CT20.MAP	169374	65
044fea41e3	/CT20.MAP	169620	65
04544f48d4	/KB00.MAP	55367	43
04544f48d4	/KB20.MAP	62780	43
0454f5da42	/KS00.MAP	173627	24
0458f9ea10	/KS00.MAP	174163	51
045fa8863a	/ITEMHELP.MSG	2508	56
047a3bf5c6	/KM10.MAP	51939	26
0480f5ab6b	/NZ00.MAP	116834	45
0485d0232e	/CT10.MAP	188916	47
0485d0232e	/CT10.MAP	192079	47
0487507844	/ES10.MAP	77304	14
0487507844	/WS10.MAP	82267	14
048f9c9595	/NJ00.MAP	158388	51
04983ac2ed	/GM00.MAP	186839	55
0499361f4a	/CT20.MAP	167055	83
04a8304173	/WC00.MAP	227049	55
04a9fa3c4f	/AT00.MAP	178806	42
04b0e0692e	/WK00.MAP	105420	79
04b76171d5	/HY00.MAP	136741	40
04bb9a2c8c	/HL00.MAP	135620	31
04be8f6fc9	/GB00.MAP	192849	63
04be8f6fc9	/GB00.MAP	194702	63
04be8f6fc9	/GB00.MAP	195716	63
04c69aee21	/WC00.MAP	210513	49
04cf6d050e	/GB00.MAP	184778	71
04d0677e5a	/CK00.MAP	177796	53
04d10dbe0b	/GT10.MAP	51744	35
04d7b9d6a2	/ZM00.MAP	145792	71
04dee261e3	/JG00.MAP	130379	63
04ee25b130	/TM00.MAP	132296	77
04f0e69a1e	/AT00.MAP	177059	47
04f538dfae	/ITEMHELP.MSG	5272	66
04f751e5b6	/MP00.MAP	183290	22
04f97f9460	/DIARY.MSG	10300	174
050a284f90	/HL00.MAP	130463	35
050cc0de42	/QH00.MAP	150138	36
0515b1bfb6	/WY00.MAP	221990	41
052c0f25ee	/OB00.MAP	158867	61
05312af4c6	/BL00.MAP	124843	29
05312af4c6	/ZM00.MAP	155632	29
05383b31fb	/NT20.MAP	148996	73
0540bdf54e	/OT00.MAP	168163	43
054aae3ea5	/IZ00.MAP	62685	30
0553f4b93e	/RT20.MAP	106829	34
0553f4b93e	/RT20.MAP	112899	34
055dba29b2	/ITEMHELP.MSG	10436	68
056ff2330b	/CK00.MAP	161033	39
056ff2330b	/MH00.MAP	163814	39
057040a76a	/WY02.MAP	215522	49
05729a1ad7	/IP00.MAP	159203	51
058c189ab3	/MH00.MAP	179202	61
05ae13d122	/GT20.MAP	141781	18
05b3bc23e3	/WAZAHELP.MSG	12360	53
05b7e696eb	/BL00.MAP	126310	47
05b7e696eb	/MP00.MAP	182046	47
05b7e696eb	/OT00.MAP	168017	47
05b7e696eb	/OT01.MAP	168749	47
05b7e696eb	/ZM01.MAP	146319	47
05cd92842d	/OB00.MAP	155856	63
05d79794dc	/MH00.MAP	181667	18
05d98b3d6e	/IG00.MAP	171134	25
05d98b3d6e	/MH00.MAP	164242	25
05f4e77ae4	/IG01.MAP	154125	32
0601488a94	/ES01.MAP	77831	65
0609ff2db4	/GM00.MAP	198399	41
0612ab82c3	/WAZAHELP.MSG	12036	48
0615410d20	/WR00.MAP	235042	22
0615410d20	/WR00.MAP	235644	22
0619a51abf	/CT10.MAP	188431	34
061a997aa0	/GM00.MAP	189788	57
062c6b6ed8	/IS10.MAP	60076	82
0633f33989	/NJ00.MAP	156833	36
0633f33989	/NJ00.MAP	157939	36
063b9d52ad	/WAZAHELP.MSG	6572	46
0646dc533b	/IZ00.MAP	65838	79
0658a4a922	/MP00.MAP	187592	51
065a8f28d1	/CK00.MAP	168738	39
065ee2de05	/CK00.MAP	173351	53
066fd58c12	/IG00.MAP	172591	20
067c76ab55	/IG00.MAP	171932	39
067c76ab55	/MH00.MAP	164607	39
068359ffc2	/DL00.MAP	120078	24
06836ad931	/KM00.MAP	146721	53
06936da346	/WC00.MAP	216936	20
0696b5162a	/KB10.MAP	56075	61
06a939ccf4	/NJ10.MAP	131680	73
06b5041a76	/QH00.MAP	155250	74
06b9d916a0	/JG10.MAP	149025	58
06cb5a42d2	/BL00.MAP	126794	57
06cb5a42d2	/TJ30.MAP	52849	57
06cb5a42d2	/TJ31.MAP	54905	57
06cb5a42d2	/TJ32.MAP	49265	57
06ceb62533	/MH00.MAP	163707	19
06cf55b9e6	/KR00.MAP	100996	59
06ddcb4e25	/KM00.MAP	153530	77
06e76e7c08	/MP00.MAP	190959	86
06eaadc421	/WK00.MAP	106328	55
07023bec9b	/HL00.MAP	132488	41
07072f5040	/NT20.MAP	143992	14
070834e34c	/IG00.MAP	172204	23
070834e34c	/MH00.MAP	164879	23
070b4551e5	/AT00.MAP	189212	65
0717401bd0	/CT20.MAP	167575	63
07220336c6	/CK00.MAP	174169	28
0723110e8d	/KS00.MAP	173776	20
07255928a8	/DG10.MAP	93251	61
07308e8521	/WC00.MAP	220484	77
074bdd583a	/OT00.MAP	176321	51
0750a6d5f1	/RS01.MAP	50391	18
075a3a4415	/KK00.MAP	134460	61
0761c5fd65	/NJ10.MAP	128714	33
0767d945d9	/HS00.MAP	77135	37
076b27caa6	/WK00.MAP	108587	37
076bf6bc0c	/MK00.MAP	147260	43
076bf6bc0c	/MK00.MAP	147347	43
076bf6bc0c	/MK00.MAP	147437	43
076bf6bc0c	/MK00.MAP	148356	43
076bf6bc0c	/MK00.MAP	148437	43
076bf6bc0c	/MK00.MAP	148671	43
076bf6bc0c	/MK00.MAP	148752	43
076e8f9f09	/WAZAHELP.MSG	7884	64
0775433dc2	/BL00.MAP	126256	53
0775dadbdc	/GB00.MAP	171552	86
077adda315	/IS10.MAP	61454	56
07944e63d4	/NT20.MAP	148636	84
079473d1e0	/KK00.MAP	131910	20
079473d1e0	/KK01.MAP	130505	20
0798a3e751	/QH01.MAP	145742	53
079b51a07a	/DG21.MAP	97146	43
079c334770	/IG00.MAP	160026	42
079ca9dc32	/CT20.MAP	172339	45
07a1c90791	/MP00.MAP	188167	54
07abb53ce7	/HL00.MAP	132906	34
07b4f3d456	/JG10.MAP	148792	6
07b7834979	/MP00.MAP	179198	16
07bff42731	/MP00.MAP	184804	65
07cf7100d3	/IG00.MAP	168381	82
07e2381f34	/WR00.MAP	238595	24
07e2c010e1	/WY02.MAP	216177	34
07e46877c6	/NZ10.MAP	110669	16
07e4a060bc	/WC00.MAP	221611	57
07eb2baa10	/WK00.MAP	104725	59
07f0f5e668	/OT00.MAP	178589	45
07f5ccfd3a	/WC00.MAP	223813	71
07f9ad5098	/MP00.MAP	193869	12
08153b88bf	/RT20.MAP	103635	24
08153b88bf	/RT20.MAP	105504	24
081a097217	/DIARY.MSG	9584	208
081dd1afd6	/NT20.MAP	146382	88
081ea5d791	/CK00.MAP	173873	14
0821171de9	/AT00.MAP	182634	59
0821171de9	/AT00.MAP	183498	59
082303b7d3	/KS00.MAP	173921	65
0824d8591b	/MH00.MAP	162046	67
082dac4bfd	/KS00.MAP	171972	53
08376c2ea0	/NT30.MAP	104477	24
083ba1250e	/MP00.MAP	186102	45
0840077c34	/NJ10.MAP	129427	24
084a4e753c	/GM00.MAP	190042	50
085957741d	/GB00.MAP	188250	73
085957741d	/GB00.MAP	190804	73
085befaf81	/WY00.MAP	221326	80
085fec55e2	/CT10.MAP	196214	55
086739336b	/WR00.MAP	227153	34
0871fb4315	/IS10.MAP	60914	49
08728bcfcc	/GM00.MAP	190125	56
08728bcfcc	/GM00.MAP	190742	56
087b434bcd	/CK00.MAP	177126	37
087ebad4ec	/NJ10.MAP	134026	57
088697cdca	/KR00.MAP	110513	41
08962cb338	/CK00.MAP	164969	70
089be5d9f7	/ZM00.MAP	154788	20
08b1ace57d	/IG00.MAP	175498	65
08b1ace57d	/IG00.MAP	175820	65
08bebaa11a	/KD00.MAP	166476	57
08c231a99d	/NT20.MAP	148295	30
08c6ba95c1	/GM00.MAP	184197	66
08c8da2386	/OT00.MAP	166094	29
08c8da2386	/QH00.MAP	148493	29
08c8da2386	/ZM00.MAP	154542	29
08cf4df1fd	/MH00.MAP	181305	53
08d2c887e8	/GM00.MAP	194115	32
08dbcd9ff0	/TJ51.MAP	45661	55
08dc207352	/AT00.MAP	173073	82
08e11e63a3	/HS10.MAP	183808	48
08e342529d	/JG00.MAP	134390	26
08e9eb9f55	/NJ10.MAP	135901	36
08f677857a	/GB00.MAP	175358	55
090320a653	/BL00.MAP	125143	25
0904056add	/WY00.MAP	220582	28
09148940b6	/HL10.MAP	99092	41
0919e2a4dc	/HY00.MAP	133239	28
091fbab233	/WR00.MAP	229949	38
0929d96415	/WY00.MAP	227020	55
093b2f4232	/WY00.MAP	234702	63
093b2f4232	/WY00.MAP	235079	63
09423e99f1	/AT00.MAP	193913	59
0942ac682a	/CK00.MAP	161521	27
0945360802	/IG10.MAP	155817	30
0952aaabc0	/ITEMHELP.MSG	8956	38
0952b401de	/MH00.MAP	168426	22
0952b401de	/MH00.MAP	171065	22
095401ba99	/WR02.MAP	212882	36
09652c664e	/CT10.MAP	197309	69
09666908fc	/ST10.MAP	82149	57
096998c6bd	/GT20.MAP	140666	47
096e8ceea0	/QH00.MAP	157767	34
0975402256	/GM00.MAP	179908	34
097ae4691a	/AT00.MAP	190777	110
09815c7889	/IG00.MAP	167715	57
0985360444	/CT10.MAP	195964	43
09923def90	/WC00.MAP	223312	49
09965bb917	/KM00.MAP	147300	40
09a1785d00	/OT00.MAP	169755	53
09ab0a013e	/DG10.MAP	92651	26
09af0dbb7b	/WAZAHELP.MSG	9336	49
09b496b03d	/CK00.MAP	166602	10
09b49a16de	/OT00.MAP	169273	49
09d1e3d147	/KM10.MAP	55587	27
09d3ff61a1	/IG00.MAP	158673	36
09d422da42	/GT00.MAP	146355	43
09ddd0105b	/ZM01.MAP	141402	60
09e796049e	/MK00.MAP	149953	51
09e95f300c	/IZ00.MAP	52364	57
09f347eb92	/BOT5.MAP	27399	37
09f8e928b3	/RT20.MAP	118246	55
09fc4a6f6c	/OT00.MAP	177734	36
09ff9ce08b	/KM10.MAP	54811	42
0a0204f425	/KD00.MAP	167927	77
0a06a400ac	/GB00.MAP	172225	61
0a1462579e	/GT00.MAP	146430	37
0a16d7da69	/WAZAHELP.MSG	9672	46
0a2db009c5	/CK00.MAP	179819	45
0a344fd8a4	/IG00.MAP	169951	27
0a4d8c5a85	/KK00.MAP	130783	57
0a4d8c5a85	/KK01.MAP	129378	57
0a4f3d5594	/SK00.MAP	117587	40
0a54c82366	/GM00.MAP	201592	23
0a54c82366	/GM00.MAP	201721	23
0a575ea8b1	/AT00.MAP	191642	71
0a5fbb1cd5	/CK00.MAP	169925	61
0a69ceadab	/OT01.MAP	167251	73
0a753d7c4d	/NT00.MAP	61152	51
0a786a6b7e	/GM00.MAP	206281	84
0a88847d01	/KM00.MAP	145241	51
0a8c12ed55	/GB00.MAP	179268	55
0a8e5509de	/GM00.MAP	171527	208
0a907f5c77	/AT10.MAP	168640	98
0a922d41dc	/TJ50.MAP	30121	45
0a922d41dc	/TJ51.MAP	45297	45
0a9ae6ef87	/WR10.MAP	211011	61
0a9c8198b9	/GM00.MAP	195734	102
0aa3d1366b	/QH00.MAP	151433	92
0aaa0acf85	/ZM01.MAP	143803	55
0ab328d3f0	/WR00.MAP	220575	38
0ab4221512	/HL10.MAP	95743	32
0ab6645ea8	/WAZAHELP.MSG	11284	36
0ac0e0ec26	/GM00.MAP	201534	26
0ac47965f8	/NZ00.MAP	118005	16
0ac47965f8	/NZ00.MAP	119259	16
0ac47965f8	/NZ00.MAP	120107	16
0ad0b1a9bc	/STATHELP.MAT	2294	259
0ad352eba9	/CT10.MAP	187608	69
0aecfd7ddb	/HL00.MAP	132207	24
0aed022f0c	/GT00.MAP	148920	55
0b00aef17b	/WK00.MAP	105184	43
0b028d643b	/MH00.MAP	179037	12
0b078e18bb	/WR00.MAP	223461	24
0b0a05e8f6	/MH00.MAP	184564	55
0b1d32c8b5	/GB00.MAP	188045	24
0b1d32c8b5	/GB00.MAP	190599	24
0b1d32c8b5	/OT01.MAP	165028	24
0b2202bdea	/WK00.MAP	103930	29
0b2285d829	/NJ10.MAP	130090	90
0b2b0450a6	/OB00.MAP	159057	30
0b2c66d962	/HL00.MAP	135905	32
0b2cf74df8	/NT20.MAP	152395	28
0b2e9061a1	/BL00.MAP	126622	47
0b2e9061a1	/TJ30.MAP	52677	47
0b2e9061a1	/TJ31.MAP	54733	47
0b2e9061a1	/TJ32.MAP	49093	47
0b31f78c99	/IS10.MAP	59302	51
0b3c554b5b	/QH00.MAP	158475	39
0b3e06467c	/WAZAHELP.MSG	2676	48
0b4af795d2	/WY00.MAP	234561	20
0b50f2c89f	/HL10.MAP	96832	79
0b53a3026c	/WR00.MAP	218372	45
0b53a3026c	/WR02.MAP	214394	45
0b557b3edb	/KM00.MAP	160636	63
0b557b3edb	/KM00.MAP	161970	63
0b557b3edb	/KM00.MAP	163968	63
0b59b385f4	/MP00.MAP	193186	36
0b5c358724	/KD00.MAP	162007	74
0b5ec65650	/NJ10.MAP	137147	45
0b699229f3	/CK00.MAP	179656	51
0b6a823126	/QH00.MAP	150758	76
0b6abe56ac	/OT00.MAP	174919	61
0b6abe56ac	/OT00.MAP	177050	61
0b6c4f00fd	/WC00.MAP	223272	8
0b6e266361	/WR00.MAP	239233	26
0b7279ab2c	/NZ11.MAP	107679	71
0b7d3782ca	/GM00.MAP	177096	63
0b7e2b3125	/NT20.MAP	149818	61
0b9235d8fe	/RT20.MAP	109691	82
0b9235d8fe	/RT20.MAP	116537	82
0b97473eb2	/QH00.MAP	151726	24
0b97473eb2	/QH00.MAP	151945	24
0bb02ee64a	/WR02.MAP	218264	45
0bbd7aa6a2	/WY00.MAP	225742	108
0bc777d86b	/MP00.MAP	194815	24
0bdac4adf8	/OT00.MAP	173787	69
0bf6c0f801	/AT20.MAP	87487	61
0bfc69f156	/JG00.MAP	140135	82
0c0b2037eb	/OT00.MAP	169573	59
0c0eed3eea	/IG01.MAP	155324	30
0c12316c6b	/AT20.MAP	89238	36
0c23ac3fe3	/GT20.MAP	142105	55
0c2662d45b	/CK00.MAP	166534	35
0c2f416b25	/OB00.MAP	153534	51
0c3081e3e1	/FIR3.MAP	108796	41
0c30d94004	/RT20.MAP	115021	32
0c484ccbca	/KK00.MAP	133238	22
0c4957e903	/IY00.MAP	122284	16
0c4c466c09	/OT01.MAP	164498	38
0c4c5e82c1	/ZM00.MAP	150757	94
0c4cef8aac	/CT10.MAP	187039	42
0c68563143	/RT20.MAP	102612	65
0c68563143	/RT20.MAP	104615	65
0c6c803dea	/TM00.MAP	131576	81
0c794be103	/WY00.MAP	216892	53
0ca3471f14	/AT00.MAP	188672	96
0ca9de0de1	/IS10.MAP	60861	16
0caca71c8d	/AT20.MAP	82443	8
0caca71c8d	/AT20.MAP	87293	8
0caca71c8d	/GM00.MAP	200697	8
0caf24796d	/DG10.MAP	90868	49
0cb3a3a750	/NJ10.MAP	137056	59
0cb3a3a750	/NJ10.MAP	137364	59
0cbf99ee73	/OB00.MAP	154239	32
0cc6e40504	/QH00.MAP	154926	88
0ccdd9ba47	/GM00.MAP	202598	45
0cdccd8c80	/WY02.MAP	212537	41
0ce226f3d1	/HL10.MAP	96198	55
0ce250d74b	/KM00.MAP	151840	106
0ce405055e	/OT00.MAP	181219	96
0ce7b6fff8	/IZ00.MAP	52813	53
0ce89833b6	/WR00.MAP	229386	26
0cfeb82cbb	/GM00.MAP	197618	53
0d15426926	/NJ10.MAP	131996	28
0d1f19cbcc	/MP00.MAP	196161	53
0d208f6c0e	/IG10.MAP	156196	55
0d297e6ddb	/WAZAHELP.MSG	1672	56
0d2cecfda2	/CT00.MAP	112362	7
0d2cecfda2	/CT10.MAP	105942	7
0d2cecfda2	/CT20.MAP	87666	7
0d33a8bc21	/WC00.MAP	230896	45
0d36ad4a60	/KS00.MAP	170434	22
0d3e2ec4ac	/HY00.MAP	133581	83
0d3e2ec4ac	/HY00.MAP	133781	83
0d4557c936	/WS00.MAP	81690	22
0d4557c936	/WS10.MAP	82420	22
0d49976aff	/WC00.MAP	212128	51
0d5d016676	/HY00.MAP	105102	10
0d5d016676	/IY00.MAP	99922	10
0d5d016676	/TST2.MAP	105054	10
0d63e3c20c	/KR00.MAP	107452	94
0d63e3c20c	/KR00.MAP	107742	94
0d6bb2ef23	/NZ10.MAP	109515	67
0d7055283a	/HS10.MAP	181994	55
0d74d434a0	/GT20.MAP	139217	8
0d74d434a0	/GT20.MAP	139515	8
0d74d434a0	/NT21.MAP	131922	8
0d74d434a0	/NT21.MAP	132210	8
0d74d434a0	/RT30.MAP	138727	8
0d74d434a0	/RT30.MAP	139006	8
0d85c919fe	/QH00.MAP	163102	47
0d85c919fe	/QH00.MAP	163278	47
0d95298aab	/ZM00.MAP	152876	64
0d95c01174	/MH00.MAP	182184	49
0d9beb2f35	/CT20.MAP	173531	59
0d9c3dc630	/HS10.MAP	182447	71
0d9c3dc630	/HS10.MAP	183173	71
0da5140f48	/HS10.MAP	185698	41
0da573535d	/AT00.MAP	197232	67
0da6a029fb	/KR00.MAP	100627	33
0daa32ebd7	/GB00.MAP	185118	30
0dbf4a3152	/WY00.MAP	222840	22
0dc363e166	/HL10.MAP	100325	26
0dc5655656	/IS10.MAP	62750	55
0dd6eaeeb3	/RT20.MAP	117660	63
0de3e0accd	/IS10.MAP	60757	67
0def2181b3	/MH00.MAP	169799	94
0def2181b3	/MH00.MAP	172438	94
0df6fdc2ac	/QH00.MAP	148703	31
0dfed2a6c5	/KB20.MAP	61665	14
0dff5b9d05	/WAZAHELP.MSG	7648	28
0e0d3cd5fa	/WY00.MAP	233658	22
0e0d3cd5fa	/WY00.MAP	233691	22
0e0efa06f0	/GT10.MAP	46244	75
0e122f91cb	/GM00.MAP	174278	67
0e23ed1500	/KR00.MAP	107869	36
0e33186c37	/HL00.MAP	135844	28
0e3f0d5f8d	/GB00.MAP	189146	49
0e44d52304	/GM00.MAP	184631	22
0e45e62ff2	/WAZAHELP.MSG	6284	42
0e4ea8ac83	/WR00.MAP	225264	59
0e4fe15b9e	/HL10.MAP	98944	34
0e63559ec8	/KM00.MAP	150243	57
0e65e97b44	/IZ00.MAP	61514	33
0e65e97b44	/IZ00.MAP	62289	33
0e68ca64dd	/GM00.MAP	174061	70
0e6be1c416	/IG00.MAP	158311	63
0e6faab812	/CT10.MAP	186761	39
0e6faab812	/CT10.MAP	186854	39
0e6faab812	/CT10.MAP	186999	39
0e6faab812	/CT10.MAP	187082	39
0e6faab812	/CT10.MAP	187208	39
0e6faab812	/CT10.MAP	187302	39
0e6faab812	/CT10.MAP	187381	39
0e6faab812	/CT10.MAP	187568	39
0e6faab812	/CT10.MAP	187678	39
0e6faab812	/CT10.MAP	187778	39
0e6faab812	/CT10.MAP	187862	39
0e6faab812	/CT10.MAP	187956	39
0e6faab812	/CT10.MAP	188035	39
0e6faab812	/CT10.MAP	188119	39
0e6faab812	/CT10.MAP	188281	39
0e792b3137	/GM00.MAP	195462	24
0e797d8286	/DG10.MAP	92414	16
0e797d8286	/ZM01.MAP	138119	16
0e8425ee1b	/OT00.MAP	167046	38
0e8665c758	/IG00.MAP	181325	59
0e99afcb4b	/CK00.MAP	171232	41
0e9a833519	/KR00.MAP	108829	57
0e9a833519	/KR00.MAP	109313	57
0ea2c87745	/IP00.MAP	160211	44
0ea7d17781	/GM00.MAP	182310	36
0ea8cfefc9	/CT00.MAP	165335	71
0eb120e954	/NJ10.MAP	128328	42
0ee8369c91	/DL00.MAP	122253	42
0eec840fb8	/IG00.MAP	170208	49
0ef693d329	/MP00.MAP	181765	30
0efa5dc2d1	/MH00.MAP	160646	61
0efead51dd	/CK00.MAP	167616	72
0efeb4e7f8	/RT20.MAP	113695	86
0f032f48cf	/GM00.MAP	195616	37
0f07e8d56d	/DG10.MAP	92337	45
0f08776ad1	/WC00.MAP	214449	36
0f0a41e6d8	/NT20.MAP	144045	73
0f15421efa	/OB00.MAP	152332	39
0f1d9bc0b2	/IZ00.MAP	64679	20
0f1f85897f	/GB00.MAP	183848	63
0f1fc38bb3	/AT00.MAP	197622	35
0f266fbdb1	/ITEMHELP.MSG	5152	68
0f276522e1	/HL00.MAP	129383	77
0f28a52f79	/WAZAHELP.MSG	4456	32
0f2996841a	/DG00.MAP	137468	28
0f2bbbeca1	/JG00.MAP	141513	51
0f2e508283	/JG00.MAP	142034	18
0f360966b3	/WC00.MAP	207040	65
0f36b5674d	/WR00.MAP	234375	69
0f49eb8f2a	/DS00.MAP	84189	40
0f4baaf570	/ZM00.MAP	153265	40
0f4dce5024	/WC00.MAP	230973	26
0f4dce5024	/WC00.MAP	231386	26
0f6cdab537	/NZ00.MAP	117152	34
0f9803d409	/WY02.MAP	217549	28
0fb33ffd25	/IZ00.MAP	61403	79
0fb33ffd25	/IZ00.MAP	62178	79
0fb4e588fb	/ZM00.MAP	142571	40
0fbd8a89ff	/RT20.MAP	112232	36
0fd1dbb73b	/HS10.MAP	184414	28
0fe76283be	/KM10.MAP	51794	22
0fec3190e3	/ITEMHELP.MSG	4820	54
0fee06f654	/OB00.MAP	158479	32
0ff1a4fb71	/IG00.MAP	178674	86
0ff42a5670	/KS00.MAP	168624	28
0ff907f256	/MP00.MAP	179801	57
100244a3ee	/IP10.MAP	136358	77
10055c4ca8	/HS00.MAP	70137	30
1005f85b4d	/HL10.MAP	94712	71
10084e7db0	/GB00.MAP	178332	63
10178247d2	/RT20.MAP	107872	78
10239611a2	/KS00.MAP	18900	16
1025fd392f	/HL10.MAP	98713	20
1030a65fd9	/GB00.MAP	184212	36
10328bf273	/ZM00.MAP	152729	24
103426ce9e	/DG10.MAP	93345	67
1039cf79b2	/SB00.MAP	73131	72
104fa6044e	/NT20.MAP	149386	75
105e4403a6	/BL00.MAP	127058	45
105eee3ab7	/ZM00.MAP	156160	29
106403504d	/GM00.MAP	188835	71
1064b01f4a	/CK00.MAP	163281	224
1077a4d03c	/SK00.MAP	116910	33
107bfacf4d	/KM10.MAP	50609	20
10a1e4f1d6	/MP00.MAP	181499	43
10a23d688f	/ZM01.MAP	141165	67
10af9a38c1	/WY00.MAP	218647	28
10b244b1be	/BOT4.MAP	27922	14
10b8935510	/BOT5.MAP	27903	24
10bb47ed1c	/ZM00.MAP	156252	36
10be2b3838	/JG02.MAP	125605	47
10c7b14a99	/SK00.MAP	117887	34
10c9a65026	/NJ10.MAP	127410	44
10cbf39d27	/OT00.MAP	181053	57
10d8dee3e6	/KM00.MAP	155177	67
10debb87e9	/MH00.MAP	184455	76
10e87c29ac	/BL00.MAP	125700	31
10f52033fe	/KM10.MAP	47616	40
10fa4c9687	/AT20.MAP	83639	22
10fa629037	/AT00.MAP	176901	34
10fe7c8b2e	/KM00.MAP	156944	75
11016afa3e	/WR00.MAP	225827	45
1103f95be4	/MP00.MAP	176521	33
110750caad	/KM00.MAP	150332	69
1108f47096	/IG00.MAP	168003	59
110bf2b55f	/TJ20.MAP	30086	45
110bf2b55f	/TJ21.MAP	45222	45
110bf2b55f	/TJ22.MAP	49130	45
110bf2b55f	/ZM00.MAP	158030	45
1114b6f43e	/AT00.MAP	181604	30
1116c251ff	/HY00.MAP	137423	40
11194299c8	/HY00.MAP	132123	26
112014b148	/MK00.MAP	147577	63
1137c49966	/MP00.MAP	174635	24
1139b0dbab	/OT01.MAP	165958	59
114c573beb	/CT10.MAP	195528	38
1156eff814	/NZ10.MAP	108947	16
115966438e	/GB00.MAP	180297	47
115d420964	/GM00.MAP	187270	34
115df136d4	/ZM00.MAP	157476	55
1166836584	/SK00.MAP	116712	37
116850ae94	/GM00.MAP	196372	54
116af5a4ee	/SK10.MAP	93759	36
116b64b113	/AT20.MAP	89413	49
117992689f	/KS00.MAP	167807	53
117e05ef4e	/IP00.MAP	158534	40
118499dc1a	/NZ10.MAP	112479	75
118f16f1a5	/RT00.MAP	159491	61
1191290218	/AT00.MAP	182806	49
119579351e	/ZM01.MAP	145224	39
11a0cf5ab2	/OB00.MAP	156865	43
11a258fc19	/MH00.MAP	174016	49
11a2f3a951	/HY00.MAP	135179	34
11a959cd05	/WY00.MAP	223004	77
11b83d5195	/HS00.MAP	76185	29
11bf640630	/KM10.MAP	49470	37
11bf640630	/KM10.MAP	49929	37
11bf640630	/KM10.MAP	50182	37
11bf640630	/KM10.MAP	50243	37
11bf640630	/KM10.MAP	50410	37
11bf640630	/KM10.MAP	50571	37
11bf640630	/KM10.MAP	50630	37
11bf640630	/KM10.MAP	50714	37
11bf640630	/KM10.MAP	50877	37
11bf640630	/MH00.MAP	183601	37
11bf640630	/MH00.MAP	183695	37
11bf640630	/QH00.MAP	162409	37
11bf640630	/QH00.MAP	162523	37
11bf640630	/QH00.MAP	163064	37
11bf640630	/QH00.MAP	163150	37
11bf640630	/QH00.MAP	163240	37
11bf640630	/QH00.MAP	163326	37
11bf96a008	/JG00.MAP	137963	78
11bf9c6a53	/NT20.MAP	149225	34
11c4020ce8	/CK00.MAP	166166	42
11cfa998b4	/NJ10.MAP	127183	37
11cfa998b4	/NJ10.MAP	135620	37
11e482e158	/AT20.MAP	88247	43
11e482e158	/AT20.MAP	88526	43
11ecedf4f7	/KM00.MAP	145159	49
11f1210a5a	/IG01.MAP	154885	59
11f2ce2d05	/OT00.MAP	174149	26
11f2ce2d05	/OT00.MAP	176451	26
11fb285a15	/KK00.MAP	131735	12
11fb285a15	/KK01.MAP	130330	12
11fd343edb	/WY00.MAP	218920	28
120630c4ac	/CT00.MAP	112346	11
120630c4ac	/CT10.MAP	105926	11
120630c4ac	/CT20.MAP	87650	11
120e8812fb	/IG00.MAP	172875	227
121d9e8138	/DG00.MAP	137068	34
12205962ae	/GM00.MAP	196300	31
1226173fd4	/RT20.MAP	108145	84
12275585f0	/IG00.MAP	179188	53
122e41aab1	/CK00.MAP	169110	51
122f6cdcef	/ITEMHELP.MSG	4188	40
122f6cdcef	/ITEMHELP.MSG	4232	40
12335ea5a3	/AT20.MAP	83259	61
123c27073b	/IS10.MAP	61053	57
1244a67060	/MP00.MAP	182907	28
1249a7f5eb	/IG10.MAP	158273	49
1256564aa4	/HL10.MAP	96286	84
125c7bc755	/WR00.MAP	217979	47
125c7bc755	/WR02.MAP	214001	47
125f9e62ae	/GT00.MAP	148652	31
12633500da	/ITEMHELP.MSG	8244	78
12671866e1	/ZM01.MAP	145184	39
126bd9c8ac	/CT10.MAP	195494	33
126cea4bc4	/RT20.MAP	105056	14
127527ed2f	/NZ10.MAP	59926	11
127527ed2f	/NZ11.MAP	59926	11
127b3a67a3	/KD00.MAP	165379	38
127c71d506	/WAZAHELP.MSG	9388	45
1289556329	/NZ00.MAP	118219	30
12a15b9a18	/KEYHELP.MAT	828	153
12ae91f08f	/NT20.MAP	147988	49
12b114dbd4	/WAZAHELP.MSG	6384	24
12b8498378	/KS00.MAP	170599	42
12c5cd6edb	/MP00.MAP	191296	53
12c9bdaf49	/KR00.MAP	101361	24
12cbfd2283	/WY02.MAP	217492	25
12db19bdfe	/KS00.MAP	167509	40
12e20204ec	/IZ00.MAP	64600	37
12e20204ec	/WR02.MAP	215567	37
12f3b2b6f6	/KR00.MAP	96210	53
12f3b2b6f6	/OT00.MAP	170400	53
12fbd851fd	/WR00.MAP	224783	69
130bf81793	/DS00.MAP	85961	53
13197b2681	/WY00.MAP	234082	51
131ec0a0ea	/ZM00.MAP	154929	16
132026c9d1	/HS00.MAP	75265	65
132345d92b	/GM00.MAP	198248	60
132be7758e	/GM00.MAP	197179	37
132eaa3106	/KM00.MAP	154923	69
1333f96a90	/ITEMHELP.MSG	10652	64
133d18059a	/WY02.MAP	213172	54
134489531e	/AT00.MAP	175811	38
134b5a4f96	/ES10.MAP	76142	28
134b5a4f96	/WS10.MAP	81105	28
134d1b78d4	/WR00.MAP	222761	43
134eb4fe81	/TM00.MAP	82006	8
134ece17e8	/WR00.MAP	230359	59
1352cc6986	/ZM00.MAP	157054	29
1354ebc288	/KM00.MAP	160373	40
13560e6e24	/ES01.MAP	74264	49
13560e6e24	/WS01.MAP	79309	49
136aa35342	/GM00.MAP	184500	98
13700ea0e7	/KR00.MAP	104067	90
137d0e15f6	/IG00.MAP	158785	92
13863aef42	/GB00.MAP	178657	59
138bc8030f	/BL00.MAP	128266	59
138bd45aa1	/HY00.MAP	136400	4
138bd45aa1	/HY00.MAP	136624	4
138bd45aa1	/HY00.MAP	136904	4
138bd45aa1	/HY00.MAP	137715	4
138bd45aa1	/HY00.MAP	138029	4
138bd45aa1	/NJ00.MAP	157758	4
138bd45aa1	/NZ00.MAP	118610	4
138bd45aa1	/NZ00.MAP	119458	4
138bd45aa1	/OB00.MAP	157359	4
139925dd0c	/GM00.MAP	195883	34
139ad1fc40	/AT00.MAP	175240	71
139d2f9a77	/IG00.MAP	171077	28
139eb2cfbe	/RT20.MAP	115700	16
139eb2cfbe	/RT20.MAP	116165	16
13a1aa4ec9	/CT20.MAP	166783	53
13abd89284	/CT10.MAP	192508	69
13aeafbaca	/IZ00.MAP	52198	53
13b42d5b4e	/GM00.MAP	187973	30
13bfcd633f	/MP00.MAP	182662	55
13bfd3f0bf	/WY00.MAP	219257	18
13c0b91906	/WC00.MAP	207629	53
13c83fc73f	/CT20.MAP	167511	32
13d10919c8	/QH00.MAP	153485	71
13d8a88733	/DG10.MAP	90809	26
13f711beba	/KR00.MAP	110419	63
1404373d19	/MP00.MAP	188878	63
1408c5d3db	/DG10.MAP	90202	31
1408c5d3db	/DG10.MAP	90286	31
1408c5d3db	/DG10.MAP	90346	31
1408c5d3db	/DG10.MAP	90400	31
1408c5d3db	/DG10.MAP	90455	31
1408c5d3db	/DG10.MAP	90496	31
1408c5d3db	/DG10.MAP	90557	31
1408c5d3db	/DG10.MAP	90606	31
1408c5d3db	/DG10.MAP	90679	31
1408c5d3db	/DG10.MAP	90777	31
1408c5d3db	/DG10.MAP	90836	31
1408c5d3db	/DG10.MAP	90918	31
1408c5d3db	/DG10.MAP	91233	31
1408c5d3db	/DG10.MAP	91512	31
1408c5d3db	/DG10.MAP	91611	31
1408c5d3db	/DG10.MAP	91755	31
1408c5d3db	/DG10.MAP	91839	31
1408c5d3db	/DG10.MAP	91925	31
1408c5d3db	/DG10.MAP	91978	31
1408c5d3db	/DG10.MAP	92080	31
1408c5d3db	/DG10.MAP	92203	31
141aa9f466	/MP00.MAP	180474	41
141b5bf811	/BL00.MAP	125771	45
141b5bf811	/OT00.MAP	167474	45
141e3e618f	/AT00.MAP	188536	67
14205d968d	/MH00.MAP	161948	65
1420bc2993	/HL10.MAP	95661	49
1425217cf8	/GM00.MAP	173695	20
142c183f01	/BOT4.MAP	27702	16
1440ef2d54	/WAZAHELP.MSG	7724	46
14560d22c0	/IS10.MAP	61685	22
1457a81e0b	/KS00.MAP	47546	9
146c596495	/IZ00.MAP	64387	112
146c596495	/WR02.MAP	215354	112
146e9fa5fb	/AT20.MAP	90037	20
146ffdc03a	/OT00.MAP	167580	30
147cde9477	/AT00.MAP	180896	10
1482befaa1	/MH00.MAP	182575	26
1488cfdb07	/AT00.MAP	192472	70
148ea4afd3	/ZM00.MAP	143280	8
149076872a	/GM00.MAP	178495	65
1492e95bca	/KR00.MAP	108714	82
1499745c89	/CK00.MAP	175654	53
14a7e656b6	/CK00.MAP	172279	41
14ab0b4a55	/OB00.MAP	153421	74
14c3022065	/DL00.MAP	121033	24
14d00362c7	/WR00.MAP	226932	38
14d758dabb	/NT20.MAP	146634	10
14de4e1851	/WR00.MAP	219260	55
14deae63cb	/GT20.MAP	140062	16
14ec80d906	/MP00.MAP	192871	61
14ee2bca02	/ZM00.MAP	142966	20
1502f1e8e8	/AT20.MAP	84747	24
1506e03c24	/GB00.MAP	186382	49
150f15b0dc	/GM00.MAP	197765	30
151a3990e6	/BOT4.MAP	28313	49
151dc15929	/JG00.MAP	141980	14
1527e90de7	/BOT5.MAP	27737	6
1527e90de7	/BOT5.MAP	27776	6
1527e90de7	/BOT5.MAP	27813	6
1527e90de7	/BOT5.MAP	27852	6
1527e90de7	/BOT5.MAP	27889	6
1527e90de7	/BOT5.MAP	27928	6
1527e90de7	/BOT5.MAP	27969	6
1527e90de7	/BOT5.MAP	28006	6
1527e90de7	/BOT5.MAP	28043	6
1527e90de7	/BOT5.MAP	28080	6
152cd6e3e5	/OT00.MAP	179390	22
153098e6b9	/AT00.MAP	196463	57
153796656c	/KD00.MAP	161641	70
1541183035	/AT00.MAP	182542	59
1541183035	/AT00.MAP	183406	59
154585fb9d	/SK00.MAP	116296	41
15563b8e49	/QH00.MAP	154550	100
155d3aafb1	/AT10.MAP	165705	59
1569c5ee4b	/MP00.MAP	178736	29
15721a5461	/ES01.MAP	76707	59
15721a5461	/WS01.MAP	81881	59
1572a5a9fd	/IG10.MAP	156905	75
1572f71648	/AT01.MAP	165613	18
157defa02e	/KM00.MAP	146579	105
1582114759	/WC00.MAP	208465	26
1587dd2e53	/KM00.MAP	149444	37
15903ef60e	/NT21.MAP	130695	41
15916a30f2	/GB00.MAP	192649	40
15916a30f2	/GB00.MAP	194502	40
15916a30f2	/GB00.MAP	195516	40
159d77f064	/GB00.MAP	189227	8
15a055aa35	/MH00.MAP	173287	30
15a166a37a	/HL00.MAP	133808	47
15aa412a9a	/JG00.MAP	132828	75
15b44cafbf	/KD00.MAP	163944	45
15b4ab6a6a	/ZM00.MAP	147687	76
15bd0af637	/WC00.MAP	230115	49
15bdd064b8	/DIARY.MSG	11284	100
15d5e94654	/ITEMHELP.MSG	6816	36
15d72c4520	/IG10.MAP	154375	30
15da6ec7ce	/KD00.MAP	163287	41
15e2c77fb6	/KB00.MAP	56008	51
15e2c77fb6	/KB10.MAP	56533	51
15e2c77fb6	/KB20.MAP	62017	51
15e2c77fb6	/KB20.MAP	63421	51
15e51110b7	/CT10.MAP	189834	40
15eb70d1ef	/OT00.MAP	180543	47
15f2b1cc98	/GM00.MAP	204601	49
15fba8af6d	/WS00.MAP	82224	47
15fba8af6d	/WS10.MAP	82954	47
160c6e13b4	/HY00.MAP	137847	51
161388d239	/KK00.MAP	133357	49
161a168fe7	/CT20.MAP	169813	69
161a3b4b3f	/GB00.MAP	182217	26
1623bb422f	/HS10.MAP	184059	54
16339e5b63	/WR00.MAP	230100	10
163c127d3a	/WS00.MAP	82995	47
163c127d3a	/WS10.MAP	83725	47
164c35d0bb	/IG00.MAP	166627	49
164c81d68d	/KB00.MAP	56147	26
164c81d68d	/KB10.MAP	56672	26
164c81d68d	/KB20.MAP	63560	26
164c81d68d	/KB20.MAP	64203	26
164de470b9	/HY00.MAP	133415	53
164de470b9	/HY00.MAP	133696	53
1650f0b9ef	/CK00.MAP	161324	49
1651c68939	/AT00.MAP	172032	63
165c042a9b	/HL10.MAP	97374	39
1669f7b942	/GT10.MAP	46351	68
1669f7b942	/GT10.MAP	46963	68
166fba3294	/WR00.MAP	222297	77
16761ef43c	/ITEMHELP.MSG	11412	36
167734bdca	/GT10.MAP	51125	51
16b4e451e1	/HS00.MAP	70437	59
16b4e451e1	/HS00.MAP	70954	59
16b82e2689	/OB00.MAP	155726	41
16c01cd532	/KS00.MAP	18836	16
16cac89c6e	/MP00.MAP	184389	69
16d5bb31bb	/GM00.MAP	197546	32
16dc93d47f	/JG00.MAP	139793	17
16dd1c585f	/IZ00.MAP	51303	14
16e5f0828e	/DG21.MAP	95503	39
16e5f0828e	/DG21.MAP	95711	39
16e5f0828e	/DG21.MAP	95905	39
16e5f0828e	/DG21.MAP	96057	39
16e5f0828e	/DG21.MAP	96216	39
16e5f0828e	/DG21.MAP	96852	39
16e5f0828e	/DG21.MAP	97106	39
16e5f0828e	/DG21.MAP	97329	39
16e5f0828e	/DG21.MAP	97513	39
16e5f0828e	/DG21.MAP	97646	39
16e5f0828e	/DG21.MAP	97963	39
16e5f0828e	/DG21.MAP	98378	39
16e5f0828e	/DG21.MAP	98930	39
16e5f0828e	/DG21.MAP	99088	39
16e5f0828e	/DG21.MAP	99252	39
16e5f0828e	/DG21.MAP	99529	39
16e5f0828e	/DG21.MAP	99730	39
16e5f0828e	/DG21.MAP	99859	39
16e5f0828e	/DG21.MAP	100069	39
16fa820c62	/WK00.MAP	106415	49
16ff664910	/WS00.MAP	80683	73
170d30cb81	/NT20.MAP	145992	80
171a7bb541	/MH00.MAP	168480	76
171a7bb541	/MH00.MAP	171119	76
17235c5fc2	/CK00.MAP	168809	57
172b340288	/NZ10.MAP	110301	14
172cf66ebe	/HY00.MAP	136669	40
174555bf07	/GM00.MAP	182473	80
174cb4d175	/MP00.MAP	190620	75
17556eb274	/DG21.MAP	96813	30
175700e8c3	/OT01.MAP	163771	65
176879f380	/IG00.MAP	170473	31
1768be9d40	/GB00.MAP	182965	29
17743b8c8b	/GM00.MAP	196003	45
178438af99	/ES00.MAP	76326	51
178438af99	/ES10.MAP	77667	51
179454b92f	/MH00.MAP	176070	51
17a21887e4	/RT20.MAP	106591	65
17a21887e4	/RT20.MAP	112628	65
17a21d4579	/NZ00.MAP	118411	90
17a5fecff5	/SK10.MAP	94227	37
17a5fecff5	/SK10.MAP	94484	37
17aaa9d19c	/AT20.MAP	84373	61
17ad0f5ec3	/SK10.MAP	92476	63
17b14a28be	/RT20.MAP	111217	59
17c5f4513a	/MP00.MAP	187856	108
17c827989a	/IP00.MAP	164186	26
17d7db2d1f	/ITEMHELP.MSG	3600	52
17d935ef09	/HY00.MAP	135817	43
17d935ef09	/HY00.MAP	136125	43
17d935ef09	/HY00.MAP	137141	43
17d935ef09	/HY00.MAP	137348	43
17dc4b8f48	/DIARY.MSG	7324	234
17de440db6	/WY00.MAP	219401	28
17e169b3c1	/WY00.MAP	227410	61
17e2df3bfe	/GB00.MAP	177235	63
17e790fbdb	/IG10.MAP	156606	32
17f38b6f38	/ES01.MAP	75353	63
17ffeacb95	/RT20.MAP	120124	80
17ffeacb95	/RT20.MAP	122470	80
1808bca70a	/AT00.MAP	185454	92
18099dca0f	/IY00.MAP	122109	55
18099dca0f	/IY00.MAP	122457	55
180e71ae4d	/AT20.MAP	85605	55
181a1a5495	/CK00.MAP	175950	82
182ae40ef2	/RT20.MAP	125255	63
182b92e4d4	/KR00.MAP	104754	76
182ed88e89	/HY00.MAP	135406	41
18315616d0	/KR00.MAP	97867	34
18336a879d	/IG00.MAP	170959	31
18336a879d	/KR00.MAP	94765	31
18336a879d	/MH00.MAP	164069	31
184bcab05f	/WC00.MAP	227391	18
184bcab05f	/WC00.MAP	227420	18
184bcab05f	/WC00.MAP	228790	18
184d2e012c	/CK00.MAP	170967	34
185553eaaf	/AT00.MAP	187321	106
185e9f5f40	/ZM00.MAP	149130	79
18602c0899	/MH00.MAP	170635	28
187674f60f	/CK00.MAP	161073	76
187674f60f	/MH00.MAP	163854	76
187ba48285	/KM00.MAP	159190	41
1887fc554f	/HS10.MAP	181567	42
1888ee7519	/MP00.MAP	182208	63
188a38d999	/KD00.MAP	167420	38
188a4c1919	/WR00.MAP	218553	57
188a4c1919	/WR02.MAP	214575	57
188dd9fb98	/TM00.MAP	131747	38
189b6467fa	/BOT3.MAP	27679	10
18a2d4b1da	/BL00.MAP	128326	33
18afc0d4c7	/WR02.MAP	217461	47
18b2404078	/AT20.MAP	90822	69
18b32fd3f0	/ES00.MAP	74885	65
18c350b736	/NT20.MAP	149911	22
18ce1b4ff4	/WAZAHELP.MSG	4584	42
18df36117f	/CT00.MAP	166153	51
18df891234	/AT00.MAP	178690	16
18f152ea23	/WC00.MAP	230549	73
18f2482436	/MK00.MAP	149093	25
190305428f	/KR00.MAP	102781	57
190acbd318	/OT00.MAP	166225	53
190bbb569f	/GM00.MAP	171952	334
190d7c0dfb	/CT10.MAP	192882	57
191421fd84	/GM00.MAP	197796	31
191c11a8aa	/GM00.MAP	198014	51
1928f45dc8	/QH01.MAP	145179	39
1929417445	/WAZAHELP.MSG	2264	86
192f89ebf0	/IG00.MAP	168892	75
19388cbcba	/WR00.MAP	222672	57
193ec93e4c	/HL00.MAP	135684	57
1944efe665	/WY02.MAP	216521	32
196407a7f3	/GT00.MAP	148323	18
19692e365c	/CT10.MAP	189658	71
19692e365c	/CT10.MAP	193606	71
196ca4dabc	/GT20.MAP	139661	24
19772ae5fc	/GM00.MAP	183083	61
197811df9b	/GM00.MAP	202991	32
197b568ddf	/RT20.MAP	115653	14
197fdb745f	/WR10.MAP	211610	51
1982b0f059	/HY00.MAP	137566	73
1988e800c6	/MH00.MAP	164979	66
19988ade51	/CT10.MAP	188159	18
1998d29182	/NT20.MAP	143830	67
199c30c0b0	/GM00.MAP	195654	42
199c30c0b0	/ZM01.MAP	146092	42
19a0334df4	/FIR3.MAP	108204	12
19a619d7c4	/BOT4.MAP	28386	34
19ae8e1e4b	/AT00.MAP	191076	65
19af8b6749	/WC00.MAP	220694	61
19c02cb7df	/CK00.MAP	165199	38
19c7286411	/KM00.MAP	149413	29
19d135e641	/ZM01.MAP	138167	57
19d2e05c3b	/FIR0.MAP	22544	8
19d2e05c3b	/RT20.MAP	22640	8
19d65c047b	/HL00.MAP	135138	34
19e0393e37	/AT00.MAP	191561	63
19e3c04b14	/IG00.MAP	165617	90
19e4a8d06e	/DIARY.MSG	12152	198
19e6f8c347	/GM00.MAP	203480	33
19ecbcb60e	/JG00.MAP	131782	38
19f21a497c	/NT20.MAP	143765	26
19f6692eda	/ZM01.MAP	138013	20
19f69d76d3	/WY02.MAP	214926	32
1a021ec694	/CK00.MAP	168946	30
1a02eaa4ca	/MP00.MAP	191078	63
1a04546560	/WAZAHELP.MSG	12244	51
1a0af485c6	/WR00.MAP	228078	59
1a0d3b6f19	/WY00.MAP	231582	22
1a15805df6	/KM00.MAP	157794	24
1a1a7e25df	/IZ00.MAP	52633	51
1a23d38049	/CT10.MAP	197072	30
1a31451a5f	/KR00.MAP	103623	94
1a3e9d9d9a	/NZ00.MAP	117728	61
1a3e9d9d9a	/NZ00.MAP	118980	61
1a3e9d9d9a	/NZ00.MAP	119828	61
1a3e9d9d9a	/NZ00.MAP	120797	61
1a4874d46e	/GM00.MAP	173850	86
1a5a36dd35	/ITEMHELP.MSG	4276	42
1a5e91c2a8	/WAZAHELP.MSG	1604	64
1a613124dd	/IG10.MAP	155728	88
1a6a6d5e81	/WK00.MAP	106874	16
1a7cdab910	/KR00.MAP	110331	57
1a7f3d8e20	/HS00.MAP	77089	14
1a87178d11	/AT00.MAP	172216	51
1a8882b840	/IZ00.MAP	65097	55
1a9e646423	/WC00.MAP	228472	51
1aa3270e2f	/ES10.MAP	77094	38
1aa3270e2f	/WS10.MAP	82057	38
1aa4246e24	/HS00.MAP	74546	63
1aab89654a	/GT10.MAP	50963	22
1aabef0969	/IP00.MAP	157545	41
1aae85320c	/KB00.MAP	54687	49
1aae85320c	/KB20.MAP	62100	49
1aafc72e4a	/IZ00.MAP	57454	16
1aafc72e4a	/IZ00.MAP	57863	16
1ab9b8f548	/ZM00.MAP	145244	61
1ac3685e37	/NT00.MAP	27477	7
1ac85d7596	/WC00.MAP	230753	34
1acc849e86	/CK00.MAP	177514	61
1ad090e369	/BL00.MAP	125087	55
1ad090e369	/ZM00.MAP	155876	55
1ad201dbcf	/OT01.MAP	167952	40
1ade24c6c9	/GB00.MAP	177188	14
1adf826579	/KS00.MAP	168051	71
1ae1f34409	/IZ00.MAP	52556	45
1aea57c4e9	/GT20.MAP	141831	20
1aed250187	/GT10.MAP	51677	35
1af1931b2a	/MH00.MAP	167694	86
1af60ed923	/KM00.MAP	145733	24
1af94e62e8	/NJ10.MAP	127050	33
1af94e62e8	/NJ10.MAP	127290	33
1af94e62e8	/NJ10.MAP	127376	33
1af94e62e8	/NJ10.MAP	127509	33
1af94e62e8	/NJ10.MAP	127564	33
1af94e62e8	/NJ10.MAP	127685	33
1af94e62e8	/NJ10.MAP	127892	33
1af94e62e8	/NJ10.MAP	128063	33
1af94e62e8	/NJ10.MAP	128138	33
1af94e62e8	/NJ10.MAP	128371	33
1af94e62e8	/NJ10.MAP	128424	33
1af94e62e8	/NJ10.MAP	128518	33
1af94e62e8	/NJ10.MAP	128748	33
1af94e62e8	/NJ10.MAP	128826	33
1af94e62e8	/NJ10.MAP	135487	33
1af94e62e8	/NJ10.MAP	135658	33
1af94e62e8	/NJ10.MAP	135727	33
1af94e62e8	/NJ10.MAP	136090	33
1af94e62e8	/NJ10.MAP	136141	33
1af94e62e8	/NJ10.MAP	136297	33
1af94e62e8	/NJ10.MAP	136352	33
1af94e62e8	/NJ10.MAP	136473	33
1af94e62e8	/NJ10.MAP	136680	33
1af94e62e8	/NJ10.MAP	136735	33
1af94e62e8	/NJ10.MAP	136885	33
1af94e62e8	/NJ10.MAP	137022	33
1af94e62e8	/NJ10.MAP	137193	33
1af94e62e8	/NJ10.MAP	137330	33
1af94e62e8	/NJ10.MAP	137567	33
1af94e62e8	/NJ10.MAP	137675	33
1af94e62e8	/NJ10.MAP	137772	33
1af94e62e8	/NJ10.MAP	137860	33
1af94e62e8	/NJ10.MAP	137946	33
1af94e62e8	/NJ10.MAP	138009	33
1afd472468	/GM00.MAP	178334	34
1afdc8f016	/CT20.MAP	173416	82
1b03ef3072	/NZ10.MAP	114536	61
1b0573f3a4	/ITEMHELP.MSG	7572	62
1b0760f5e0	/GB00.MAP	183671	53
1b0d26cd1b	/GB00.MAP	175536	71
1b1995de03	/WC00.MAP	220247	63
1b1a3c084c	/GB00.MAP	196108	59
1b22176afd	/WR02.MAP	218585	49
1b2e506a7b	/KB10.MAP	57233	14
1b2e506a7b	/KB10.MAP	57258	14
1b2fa13957	/ZM01.MAP	140374	53
1b3c64d14b	/NZ10.MAP	110825	65
1b3dac6cf3	/WR02.MAP	218413	94
1b5de4d2ee	/DIARY.MSG	2244	233
1b6188a116	/JG00.MAP	132433	63
1b6b306f40	/NT30.MAP	103198	65
1b7413cb42	/WS00.MAP	80569	26
1b85461898	/WR00.MAP	231925	24
1b85461898	/WR00.MAP	231965	24
1b86f7b984	/MP00.MAP	179774	26
1b9a2e1ad8	/BOT4.MAP	27768	10
1b9fb9a802	/KR00.MAP	101690	45
1ba2bdaab4	/WS00.MAP	80360	55
1ba3151d59	/IG00.MAP	166541	53
1ba3cfb16b	/GB00.MAP	173620	57
1ba8d674c5	/MH00.MAP	166750	49
1baca19269	/KD00.MAP	166298	49
1bc2dbd796	/MH00.MAP	178939	69
1bc86c92ea	/WY00.MAP	218345	57
1bcfab3655	/MH00.MAP	181232	40
1bd069a8db	/WC00.MAP	211108	24
1bd363032f	/AT00.MAP	183661	22
1be0e8abca	/AT00.MAP	191954	49
1bfd8cd882	/CK00.MAP	162173	25
1c04b0dd47	/IZ00.MAP	62754	84
1c0690620d	/BOT4.MAP	28234	28
1c0b7283d4	/GM00.MAP	193081	86
1c0bd0d82b	/HS00.MAP	74381	64
1c1cbaf34d	/KM00.MAP	151600	45
1c27dab3ae	/GT20.MAP	139828	8
1c27dab3ae	/RT20.MAP	102752	8
1c27dab3ae	/RT20.MAP	104755	8
1c27dab3ae	/RT20.MAP	104795	8
1c27dab3ae	/RT20.MAP	104835	8
1c27dab3ae	/RT20.MAP	104924	8
1c27dab3ae	/RT20.MAP	104964	8
1c31f74a7d	/RT20.MAP	109808	57
1c31f74a7d	/RT20.MAP	116654	57
1c496928ce	/GT10.MAP	48432	49
1c4b87e095	/NJ10.MAP	134115	65
1c4e41438d	/KS00.MAP	174485	36
1c4ec4571b	/GB00.MAP	186168	8
1c577eddc3	/CT20.MAP	172417	63
1c5c1cf3dc	/NT20.MAP	148358	57
1c77e7724f	/MH00.MAP	161318	53
1c87402c60	/HL00.MAP	131869	51
1c9f9470ac	/OT00.MAP	173678	102
1ca071d13d	/AT20.MAP	87224	37
1ca62f9fc4	/IP10.MAP	136508	34
1ca75e6098	/GM00.MAP	173333	162
1cb2d82bf1	/CK01.MAP	157534	14
1cc06f7715	/KM00.MAP	159777	58
1cc0709618	/GT20.MAP	139947	16
1ccd100c8e	/IP00.MAP	156675	16
1ccd100c8e	/IP00.MAP	156697	16
1ccd100c8e	/IP00.MAP	164859	16
1cce071c02	/IG00.MAP	178792	36
1cd029f67e	/CT20.MAP	170546	36
1cdb664ab6	/GM00.MAP	196935	27
1ce097224f	/GM00.MAP	184942	45
1ce09c8aea	/QH00.MAP	159759	55
1ce5db05b7	/QH00.MAP	149451	32
1ced5d0969	/CK00.MAP	169597	63
1cf6683d70	/KR00.MAP	104586	47
1d024f5a65	/MH00.MAP	183191	73
1d0b40ff49	/WK00.MAP	106061	39
1d0d22a492	/MH00.MAP	168887	75
1d0d22a492	/MH00.MAP	171526	75
1d28d9bf78	/KS00.MAP	18772	16
1d34058085	/MH00.MAP	168781	67
1d34058085	/MH00.MAP	171420	67
1d38196d58	/WY02.MAP	215869	37
1d3bdf0172	/IG10.MAP	154012	51
1d40ecf992	/NT20.MAP	145590	20
1d502b659c	/WAZAHELP.MSG	5200	40
1d5de32e08	/TM00.MAP	130595	18
1d62a2e18f	/WY00.MAP	220642	55
1d6bc6fff0	/WY00.MAP	217342	56
1d6e98174c	/GB00.MAP	189043	70
1d7435a04f	/IG00.MAP	169393	33
1d8206aca7	/WS01.MAP	80541	63
1d82f8694e	/ITEMHELP.MSG	1492	42
1d82fd04b1	/DIARY.MSG	5056	235
1d85981f25	/CT10.MAP	190216	51
1d8696b2be	/WC00.MAP	212356	24
1d89efee77	/WR00.MAP	237231	51
1d89efee77	/WR02.MAP	216333	51
1d8a13b2b0	/SK00.MAP	116244	20
1d8ef443c6	/AT00.MAP	172481	26
1d90ea8abc	/KB10.MAP	55716	24
1d91b97def	/WAZAHELP.MSG	8760	48
1d9506cda3	/WAZAHELP.MSG	5788	51
1da385600f	/NT20.MAP	152455	41
1da4405264	/IZ00.MAP	51913	30
1da9b31185	/MH00.MAP	161224	61
1daa7e1ddf	/MP00.MAP	180560	16
1db26efc8d	/IZ00.MAP	49651	32
1db67aa194	/KR00.MAP	101308	20
1dba76d9eb	/AT00.MAP	192132	31
1dba76d9eb	/AT00.MAP	192197	31
1dba76d9eb	/AT00.MAP	192297	31
1dba76d9eb	/AT00.MAP	192375	31
1dba76d9eb	/AT00.MAP	192440	31
1dba76d9eb	/AT00.MAP	197853	31
1dba76d9eb	/AT00.MAP	197984	31
1dd3a7e672	/GB00.MAP	194180	53
1dd3a7e672	/GB00.MAP	195194	53
1dd9fd71e4	/HY00.MAP	136445	49
1de61c3c8f	/CK00.MAP	179411	10
1de61c3c8f	/NT20.MAP	151300	10
1de7223666	/KZ00.MAP	171259	16
1de7223666	/KZ00.MAP	172604	16
1de7223666	/WY00.MAP	216365	16
1de7223666	/WY00.MAP	233887	16
1deba33072	/KK00.MAP	133953	67
1debd50f25	/MK00.MAP	149715	42
1df0247da7	/KM10.MAP	53271	40
1df63ac11c	/WC00.MAP	218619	51
1dfc2f184a	/NT31.MAP	138545	14
1dfcc4cae0	/NT20.MAP	144873	37
1e00a905c3	/KM10.MAP	47323	18
1e00e834fd	/TM00.MAP	132735	55
1e02d17370	/MH00.MAP	181510	59
1e0ed59052	/ITEMHELP.MSG	1684	58
1e17da2c4e	/AT10.MAP	161438	22
1e1a94b88f	/IG00.MAP	176786	40
1e1a94b88f	/IG00.MAP	177199	40
1e206df6dd	/ITEMHELP.MSG	9572	80
1e20ffcd48	/IZ00.MAP	65248	34
1e304f9c3a	/IG00.MAP	160479	84
1e33530e46	/GM00.MAP	198154	27
1e34ed799e	/ZM01.MAP	139469	51
1e4500ff59	/KD00.MAP	170531	34
1e5e018066	/HS10.MAP	183576	38
1e64bde942	/ITEMHELP.MSG	10616	34
1e8af924df	/QH00.MAP	148881	22
1e9dcf2897	/KS00.MAP	171391	72
1e9fb6ff91	/CT00.MAP	165527	60
1ea79f9868	/GB00.MAP	184668	78
1ea9e0ccbe	/GB00.MAP	191648	32
1eabc134b1	/MP00.MAP	180577	18
1eaccfa004	/DG10.MAP	92010	69
1eaccfa004	/DG10.MAP	92235	69
1ead304096	/ZM00.MAP	146345	53
1eade2f861	/WR00.MAP	223315	27
1eaf147553	/DS10.MAP	78538	39
1eb0899a9d	/MH00.MAP	162232	67
1eb4b54385	/QH01.MAP	146769	49
1eb6d1033c	/AT00.MAP	177227	18
1ec06066ed	/WC00.MAP	209056	12
1ec9cf0841	/MP00.MAP	181220	55
1ed541cb0f	/AT00.MAP	185734	24
1ed83b4347	/RT20.MAP	109093	94
1ed83b4347	/RT20.MAP	114645	94
1edae0b15d	/KB00.MAP	55169	18
1edae0b15d	/KB10.MAP	55772	18
1edae0b15d	/KB20.MAP	61615	18
1edae0b15d	/KB20.MAP	62582	18
1ee2bc5d7d	/ZM00.MAP	154442	67
1ee2df128d	/WAZAHELP.MSG	11772	62
1ee2dffecb	/AT00.MAP	187988	65
1eeb01b944	/GT00.MAP	146499	41
1ef76cf918	/WC00.MAP	231186	49
1ef8328601	/IG00.MAP	161866	51
1efa2e91e5	/GM00.MAP	196115	66
1efd56d509	/AT00.MAP	181443	18
1f04dfb38c	/KR00.MAP	93921	30
1f04dfb38c	/ZM00.MAP	155316	30
1f1711f5a4	/CK00.MAP	168122	20
1f1729e6be	/NT20.MAP	145261	37
1f2c79fb42	/WY02.MAP	212097	55
1f2e09c473	/HS10.MAP	184298	36
1f35cfe150	/AT00.MAP	197176	24
1f37e0c15d	/WR10.MAP	211329	18
1f40384d6d	/AT00.MAP	196553	22
1f56abd09d	/BL00.MAP	125169	26
1f56abd09d	/ZM00.MAP	155960	26
1f5b088f9e	/WR00.MAP	238651	30
1f677f1f1a	/RT20.MAP	102519	54
1f677f1f1a	/RT20.MAP	104522	54
1f6d8a244d	/WR00.MAP	240881	96
1f70ecd1ef	/KS00.MAP	172645	67
1f759aa34b	/RT20.MAP	126491	51
1f796b0e76	/NT31.MAP	138038	93
1f7b747adf	/MH00.MAP	161850	65
1f83e54a37	/GM00.MAP	202015	30
1f8d4f5d70	/NJ10.MAP	128172	49
1f93c41d0e	/OT01.MAP	166321	92
1fa1f0f6cd	/ZM01.MAP	142663	38
1fba6720e0	/CT10.MAP	197015	24
1fbc2289d0	/CT00.MAP	166086	34
1fbe57931a	/IG00.MAP	163892	22
1fbff11698	/DL00.MAP	121325	32
1fc0b84d4a	/HS00.MAP	74704	45
1fc134e3a6	/CK00.MAP	177024	69
1fc1bae75b	/MP00.MAP	186477	61
1fc38cb8a6	/KM00.MAP	151507	61
1fc8e2ebe1	/IG10.MAP	159278	63
1fcdef479b	/KK00.MAP	131177	28
1fcdef479b	/KK01.MAP	129772	28
1fe0f3944c	/GB00.MAP	172319	61
1fe6872d32	/ZM01.MAP	140004	32
1fee2e7413	/KS00.MAP	167194	37
1ff1700294	/GM00.MAP	186427	108
1ff1700294	/GM00.MAP	186623	108
1ff263e52a	/WC00.MAP	222948	86
200ca6eedb	/CT20.MAP	174276	63
201d81ca9b	/AT00.MAP	189422	63
20283e78ea	/WC00.MAP	206350	65
202852177f	/WY00.MAP	235704	8
20297d5244	/DG20.MAP	66638	53
20297d5244	/IXXX.MAP	22097	53
20297d5244	/RS00.MAP	48537	53
20297d5244	/TEST.MAP	141765	53
20297d5244	/TST2.MAP	128513	53
20297d5244	/TTTT.MAP	97209	53
203b3ef4a3	/IS10.MAP	55027	7
203b3ef4a3	/ST10.MAP	76859	7
203d4820eb	/IP10.MAP	135428	28
2049803b5d	/GB00.MAP	186750	26
2049d65982	/MP00.MAP	189788	59
204b52f499	/KD00.MAP	162192	72
2054462ca5	/MH00.MAP	174435	63
205461787d	/MP00.MAP	191901	43
2054c4ada1	/GB00.MAP	178516	24
2055e40627	/GM00.MAP	198183	33
2067e53cae	/KS00.MAP	171627	61
206a5b108c	/GM00.MAP	200818	21
207a89f6c8	/WAZAHELP.MSG	7280	40
2091729e01	/WAZAHELP.MSG	2620	52
2093e052f4	/WS01.MAP	80447	61
2095f4f651	/ST10.MAP	82238	51
209a5b2b3b	/OT00.MAP	180130	41
20a18725ea	/AT00.MAP	193026	20
20a716daa5	/HS00.MAP	73348	24
20a716daa5	/HS00.MAP	73652	24
20ae72de72	/WR02.MAP	213506	19
20bb76d6cf	/ES01.MAP	74865	73
20c212c4db	/DIARY.MSG	6716	240
20d413182d	/WC00.MAP	217243	34
20e7c4e905	/HL00.MAP	133732	43
20e9556ca6	/RS01.MAP	51167	88
20ee58ffdf	/WR02.MAP	217826	61
20f2cd4097	/AT00.MAP	171354	8
20f2cd4097	/AT00.MAP	171382	8
20f2cd4097	/AT00.MAP	171396	8
20f2cd4097	/AT01.MAP	165082	8
20f2cd4097	/AT01.MAP	165110	8
20f2cd4097	/AT01.MAP	165124	8
20f2cd4097	/AT10.MAP	160878	8
20f2cd4097	/AT10.MAP	160906	8
20f2cd4097	/AT10.MAP	160920	8
20f2cd4097	/AT10.MAP	161045	8
20f2cd4097	/AT10.MAP	161384	8
20f2cd4097	/AT20.MAP	81544	8
20f2cd4097	/AT20.MAP	81572	8
20f2cd4097	/AT20.MAP	81586	8
20f2cd4097	/BL00.MAP	124605	8
20f2cd4097	/BL00.MAP	124633	8
20f2cd4097	/BL00.MAP	124647	8
20f2cd4097	/BL00.MAP	128572	8
20f2cd4097	/BL10.MAP	40637	8
20f2cd4097	/BL10.MAP	40665	8
20f2cd4097	/BL10.MAP	40679	8
20f2cd4097	/BL20.MAP	57854	8
20f2cd4097	/BL20.MAP	57882	8
20f2cd4097	/BL20.MAP	57896	8
20f2cd4097	/BL30.MAP	42653	8
20f2cd4097	/BL30.MAP	42681	8
20f2cd4097	/BL30.MAP	42695	8
20f2cd4097	/BL40.MAP	80747	8
20f2cd4097	/BL40.MAP	80775	8
20f2cd4097	/BL40.MAP	80789	8
20f2cd4097	/BL50.MAP	51193	8
20f2cd4097	/BL50.MAP	51221	8
20f2cd4097	/BL50.MAP	51235	8
20f2cd4097	/BOOT.MAP	25167	8
20f2cd4097	/BOOT.MAP	25195	8
20f2cd4097	/BOOT.MAP	25209	8
20f2cd4097	/BOOT2.MAP	142013	8
20f2cd4097	/BOOT2.MAP	142041	8
20f2cd4097	/BOOT2.MAP	142055	8
20f2cd4097	/BOT3.MAP	27069	8
20f2cd4097	/BOT3.MAP	27097	8
20f2cd4097	/BOT3.MAP	27111	8
20f2cd4097	/BOT4.MAP	26940	8
20f2cd4097	/BOT4.MAP	26968	8
20f2cd4097	/BOT4.MAP	26982	8
20f2cd4097	/BOT5.MAP	26687	8
20f2cd4097	/BOT5.MAP	26715	8
20f2cd4097	/BOT5.MAP	26729	8
20f2cd4097	/CK00.MAP	160600	8
20f2cd4097	/CK00.MAP	160628	8
20f2cd4097	/CK00.MAP	160642	8
20f2cd4097	/CK01.MAP	156626	8
20f2cd4097	/CK01.MAP	156654	8
20f2cd4097	/CK01.MAP	156668	8
20f2cd4097	/CT00.MAP	164386	8
20f2cd4097	/CT00.MAP	164414	8
20f2cd4097	/CT00.MAP	164428	8
20f2cd4097	/CT10.MAP	186558	8
20f2cd4097	/CT10.MAP	186586	8
20f2cd4097	/CT10.MAP	186600	8
20f2cd4097	/CT20.MAP	166445	8
20f2cd4097	/CT20.MAP	166473	8
20f2cd4097	/CT20.MAP	166487	8
20f2cd4097	/DG00.MAP	135233	8
20f2cd4097	/DG00.MAP	135261	8
20f2cd4097	/DG00.MAP	135275	8
20f2cd4097	/DG10.MAP	89158	8
20f2cd4097	/DG10.MAP	89186	8
20f2cd4097	/DG10.MAP	89200	8
20f2cd4097	/DG21.MAP	95368	8
20f2cd4097	/DG21.MAP	95396	8
20f2cd4097	/DG21.MAP	95410	8
20f2cd4097	/DL00.MAP	119913	8
20f2cd4097	/DL00.MAP	119941	8
20f2cd4097	/DL00.MAP	119955	8
20f2cd4097	/DS00.MAP	83611	8
20f2cd4097	/DS00.MAP	83639	8
20f2cd4097	/DS00.MAP	83653	8
20f2cd4097	/DS10.MAP	78313	8
20f2cd4097	/DS10.MAP	78341	8
20f2cd4097	/DS10.MAP	78355	8
20f2cd4097	/ES00.MAP	74210	8
20f2cd4097	/ES00.MAP	74238	8
20f2cd4097	/ES00.MAP	74252	8
20f2cd4097	/ES01.MAP	73745	8
20f2cd4097	/ES01.MAP	73773	8
20f2cd4097	/ES01.MAP	73787	8
20f2cd4097	/ES10.MAP	74724	8
20f2cd4097	/ES10.MAP	74752	8
20f2cd4097	/ES10.MAP	74766	8
20f2cd4097	/FIR0.MAP	95010	8
20f2cd4097	/FIR0.MAP	95038	8
20f2cd4097	/FIR0.MAP	95052	8
20f2cd4097	/FIR1.MAP	134270	8
20f2cd4097	/FIR1.MAP	134298	8
20f2cd4097	/FIR1.MAP	134312	8
20f2cd4097	/FIR2.MAP	114211	8
20f2cd4097	/FIR2.MAP	114239	8
20f2cd4097	/FIR2.MAP	114253	8
20f2cd4097	/FIR3.MAP	107670	8
20f2cd4097	/FIR3.MAP	107698	8
20f2cd4097	/FIR3.MAP	107712	8
20f2cd4097	/GB00.MAP	171363	8
20f2cd4097	/GB00.MAP	171391	8
20f2cd4097	/GB00.MAP	171405	8
20f2cd4097	/GH00.MAP	150992	8
20f2cd4097	/GH00.MAP	151020	8
20f2cd4097	/GH00.MAP	151034	8
20f2cd4097	/GM00.MAP	171176	8
20f2cd4097	/GM00.MAP	171204	8
20f2cd4097	/GM00.MAP	171218	8
20f2cd4097	/GM01.MAP	164633	8
20f2cd4097	/GM01.MAP	164661	8
20f2cd4097	/GM01.MAP	164675	8
20f2cd4097	/GT00.MAP	145693	8
20f2cd4097	/GT00.MAP	145721	8
20f2cd4097	/GT00.MAP	145735	8
20f2cd4097	/GT10.MAP	46060	8
20f2cd4097	/GT10.MAP	46088	8
20f2cd4097	/GT10.MAP	46102	8
20f2cd4097	/GT20.MAP	138860	8
20f2cd4097	/GT20.MAP	138888	8
20f2cd4097	/GT20.MAP	138902	8
20f2cd4097	/HL00.MAP	128791	8
20f2cd4097	/HL00.MAP	128819	8
20f2cd4097	/HL00.MAP	128833	8
20f2cd4097	/HL10.MAP	94171	8
20f2cd4097	/HL10.MAP	94199	8
20f2cd4097	/HL10.MAP	94213	8
20f2cd4097	/HL11.MAP	92229	8
20f2cd4097	/HL11.MAP	92257	8
20f2cd4097	/HL11.MAP	92271	8
20f2cd4097	/HS00.MAP	69056	8
20f2cd4097	/HS00.MAP	69084	8
20f2cd4097	/HS00.MAP	69098	8
20f2cd4097	/HS10.MAP	181163	8
20f2cd4097	/HS10.MAP	181191	8
20f2cd4097	/HS10.MAP	181205	8
20f2cd4097	/HY00.MAP	131032	8
20f2cd4097	/HY00.MAP	131060	8
20f2cd4097	/HY00.MAP	131074	8
20f2cd4097	/IG00.MAP	157291	8
20f2cd4097	/IG00.MAP	157319	8
20f2cd4097	/IG00.MAP	157333	8
20f2cd4097	/IG01.MAP	153208	8
20f2cd4097	/IG01.MAP	153236	8
20f2cd4097	/IG01.MAP	153250	8
20f2cd4097	/IG10.MAP	153612	8
20f2cd4097	/IG10.MAP	153640	8
20f2cd4097	/IG10.MAP	153654	8
20f2cd4097	/IP00.MAP	156462	8
20f2cd4097	/IP00.MAP	156490	8
20f2cd4097	/IP00.MAP	156504	8
20f2cd4097	/IP10.MAP	135240	8
20f2cd4097	/IP10.MAP	135268	8
20f2cd4097	/IP10.MAP	135282	8
20f2cd4097	/IS00.MAP	160422	8
20f2cd4097	/IS00.MAP	160450	8
20f2cd4097	/IS00.MAP	160464	8
20f2cd4097	/IS10.MAP	58117	8
20f2cd4097	/IS10.MAP	58145	8
20f2cd4097	/IS10.MAP	58159	8
20f2cd4097	/IXXX.MAP	21939	8
20f2cd4097	/IXXX.MAP	21967	8
20f2cd4097	/IXXX.MAP	21981	8
20f2cd4097	/IY00.MAP	121564	8
20f2cd4097	/IY00.MAP	121592	8
20f2cd4097	/IY00.MAP	121606	8
20f2cd4097	/IZ00.MAP	49285	8
20f2cd4097	/IZ00.MAP	49313	8
20f2cd4097	/IZ00.MAP	49327	8
20f2cd4097	/JG00.MAP	130034	8
20f2cd4097	/JG00.MAP	130062	8
20f2cd4097	/JG00.MAP	130076	8
20f2cd4097	/JG01.MAP	125176	8
20f2cd4097	/JG01.MAP	125204	8
20f2cd4097	/JG01.MAP	125218	8
20f2cd4097	/JG02.MAP	125391	8
20f2cd4097	/JG02.MAP	125419	8
20f2cd4097	/JG02.MAP	125433	8
20f2cd4097	/JG10.MAP	148642	8
20f2cd4097	/JG10.MAP	148670	8
20f2cd4097	/JG10.MAP	148684	8
20f2cd4097	/KB00.MAP	54489	8
20f2cd4097	/KB00.MAP	54517	8
20f2cd4097	/KB00.MAP	54531	8
20f2cd4097	/KB01.MAP	54120	8
20f2cd4097	/KB01.MAP	54148	8
20f2cd4097	/KB01.MAP	54162	8
20f2cd4097	/KB10.MAP	55248	8
20f2cd4097	/KB10.MAP	55276	8
20f2cd4097	/KB10.MAP	55290	8
20f2cd4097	/KB20.MAP	61091	8
20f2cd4097	/KB20.MAP	61119	8
20f2cd4097	/KB20.MAP	61133	8
20f2cd4097	/KD00.MAP	160770	8
20f2cd4097	/KD00.MAP	160798	8
20f2cd4097	/KD00.MAP	160812	8
20f2cd4097	/KK00.MAP	130325	8
20f2cd4097	/KK00.MAP	130353	8
20f2cd4097	/KK00.MAP	130367	8
20f2cd4097	/KK01.MAP	128979	8
20f2cd4097	/KK01.MAP	129007	8
20f2cd4097	/KK01.MAP	129021	8
20f2cd4097	/KM00.MAP	144869	8
20f2cd4097	/KM00.MAP	144897	8
20f2cd4097	/KM00.MAP	144911	8
20f2cd4097	/KM01.MAP	140951	8
20f2cd4097	/KM01.MAP	140979	8
20f2cd4097	/KM01.MAP	140993	8
20f2cd4097	/KM10.MAP	47087	8
20f2cd4097	/KM10.MAP	47115	8
20f2cd4097	/KM10.MAP	47129	8
20f2cd4097	/KM10.MAP	47273	8
20f2cd4097	/KR00.MAP	93348	8
20f2cd4097	/KR00.MAP	93376	8
20f2cd4097	/KR00.MAP	93390	8
20f2cd4097	/KS00.MAP	167036	8
20f2cd4097	/KS00.MAP	167064	8
20f2cd4097	/KS00.MAP	167078	8
20f2cd4097	/KZ00.MAP	171064	8
20f2cd4097	/KZ00.MAP	171092	8
20f2cd4097	/KZ00.MAP	171106	8
20f2cd4097	/MH00.MAP	160272	8
20f2cd4097	/MH00.MAP	160300	8
20f2cd4097	/MH00.MAP	160314	8
20f2cd4097	/MK00.MAP	147133	8
20f2cd4097	/MK00.MAP	147161	8
20f2cd4097	/MK00.MAP	147175	8
20f2cd4097	/MP00.MAP	174300	8
20f2cd4097	/MP00.MAP	174328	8
20f2cd4097	/MP00.MAP	174342	8
20f2cd4097	/MP01.MAP	125672	8
20f2cd4097	/MP01.MAP	125700	8
20f2cd4097	/MP01.MAP	125714	8
20f2cd4097	/NJ00.MAP	155256	8
20f2cd4097	/NJ00.MAP	155284	8
20f2cd4097	/NJ00.MAP	155298	8
20f2cd4097	/NJ10.MAP	126782	8
20f2cd4097	/NJ10.MAP	126810	8
20f2cd4097	/NJ10.MAP	126824	8
20f2cd4097	/NT00.MAP	60438	8
20f2cd4097	/NT00.MAP	60466	8
20f2cd4097	/NT00.MAP	60480	8
20f2cd4097	/NT10.MAP	132466	8
20f2cd4097	/NT10.MAP	132494	8
20f2cd4097	/NT10.MAP	132508	8
20f2cd4097	/NT20.MAP	143429	8
20f2cd4097	/NT20.MAP	143457	8
20f2cd4097	/NT20.MAP	143471	8
20f2cd4097	/NT21.MAP	130014	8
20f2cd4097	/NT21.MAP	130042	8
20f2cd4097	/NT21.MAP	130056	8
20f2cd4097	/NT30.MAP	102449	8
20f2cd4097	/NT30.MAP	102477	8
20f2cd4097	/NT30.MAP	102491	8
20f2cd4097	/NT31.MAP	137306	8
20f2cd4097	/NT31.MAP	137334	8
20f2cd4097	/NT31.MAP	137348	8
20f2cd4097	/NZ00.MAP	116288	8
20f2cd4097	/NZ00.MAP	116316	8
20f2cd4097	/NZ00.MAP	116330	8
20f2cd4097	/NZ10.MAP	108790	8
20f2cd4097	/NZ10.MAP	108818	8
20f2cd4097	/NZ10.MAP	108832	8
20f2cd4097	/NZ11.MAP	107286	8
20f2cd4097	/NZ11.MAP	107314	8
20f2cd4097	/NZ11.MAP	107328	8
20f2cd4097	/OB00.MAP	149988	8
20f2cd4097	/OB00.MAP	150016	8
20f2cd4097	/OB00.MAP	150030	8
20f2cd4097	/OT00.MAP	165905	8
20f2cd4097	/OT00.MAP	165933	8
20f2cd4097	/OT00.MAP	165947	8
20f2cd4097	/OT01.MAP	163339	8
20f2cd4097	/OT01.MAP	163367	8
20f2cd4097	/OT01.MAP	163381	8
20f2cd4097	/OT02.MAP	163116	8
20f2cd4097	/OT02.MAP	163144	8
20f2cd4097	/OT02.MAP	163158	8
20f2cd4097	/OT10.MAP	162871	8
20f2cd4097	/OT10.MAP	162899	8
20f2cd4097	/OT10.MAP	162913	8
20f2cd4097	/QH00.MAP	148304	8
20f2cd4097	/QH00.MAP	148332	8
20f2cd4097	/QH00.MAP	148346	8
20f2cd4097	/QH01.MAP	144955	8
20f2cd4097	/QH01.MAP	144983	8
20f2cd4097	/QH01.MAP	144997	8
20f2cd4097	/RS00.MAP	48379	8
20f2cd4097	/RS00.MAP	48407	8
20f2cd4097	/RS00.MAP	48421	8
20f2cd4097	/RS01.MAP	49705	8
20f2cd4097	/RS01.MAP	49733	8
20f2cd4097	/RS01.MAP	49747	8
20f2cd4097	/RT00.MAP	158967	8
20f2cd4097	/RT00.MAP	158995	8
20f2cd4097	/RT00.MAP	159009	8
20f2cd4097	/RT20.MAP	101869	8
20f2cd4097	/RT20.MAP	101897	8
20f2cd4097	/RT20.MAP	101911	8
20f2cd4097	/RT30.MAP	137961	8
20f2cd4097	/RT30.MAP	137989	8
20f2cd4097	/RT30.MAP	138003	8
20f2cd4097	/SB00.MAP	72182	8
20f2cd4097	/SB00.MAP	72210	8
20f2cd4097	/SB00.MAP	72224	8
20f2cd4097	/SK00.MAP	115539	8
20f2cd4097	/SK00.MAP	115567	8
20f2cd4097	/SK00.MAP	115581	8
20f2cd4097	/SK10.MAP	91855	8
20f2cd4097	/SK10.MAP	91883	8
20f2cd4097	/SK10.MAP	91897	8
20f2cd4097	/SS00.MAP	68588	8
20f2cd4097	/SS00.MAP	68616	8
20f2cd4097	/SS00.MAP	68630	8
20f2cd4097	/SS10.MAP	68635	8
20f2cd4097	/SS10.MAP	68663	8
20f2cd4097	/SS10.MAP	68677	8
20f2cd4097	/ST00.MAP	115439	8
20f2cd4097	/ST00.MAP	115467	8
20f2cd4097	/ST00.MAP	115481	8
20f2cd4097	/ST10.MAP	81924	8
20f2cd4097	/ST10.MAP	81952	8
20f2cd4097	/ST10.MAP	81966	8
20f2cd4097	/TEST.MAP	141607	8
20f2cd4097	/TEST.MAP	141635	8
20f2cd4097	/TEST.MAP	141649	8
20f2cd4097	/TJ00.MAP	143982	8
20f2cd4097	/TJ00.MAP	144010	8
20f2cd4097	/TJ00.MAP	144024	8
20f2cd4097	/TJ01.MAP	143982	8
20f2cd4097	/TJ01.MAP	144010	8
20f2cd4097	/TJ01.MAP	144024	8
20f2cd4097	/TJ10.MAP	29706	8
20f2cd4097	/TJ10.MAP	29734	8
20f2cd4097	/TJ10.MAP	29748	8
20f2cd4097	/TJ11.MAP	44834	8
20f2cd4097	/TJ11.MAP	44862	8
20f2cd4097	/TJ11.MAP	44876	8
20f2cd4097	/TJ20.MAP	29753	8
20f2cd4097	/TJ20.MAP	29781	8
20f2cd4097	/TJ20.MAP	29795	8
20f2cd4097	/TJ21.MAP	44889	8
20f2cd4097	/TJ21.MAP	44917	8
20f2cd4097	/TJ21.MAP	44931	8
20f2cd4097	/TJ22.MAP	48797	8
20f2cd4097	/TJ22.MAP	48825	8
20f2cd4097	/TJ22.MAP	48839	8
20f2cd4097	/TJ30.MAP	52358	8
20f2cd4097	/TJ30.MAP	52386	8
20f2cd4097	/TJ30.MAP	52400	8
20f2cd4097	/TJ31.MAP	54414	8
20f2cd4097	/TJ31.MAP	54442	8
20f2cd4097	/TJ31.MAP	54456	8
20f2cd4097	/TJ32.MAP	48774	8
20f2cd4097	/TJ32.MAP	48802	8
20f2cd4097	/TJ32.MAP	48816	8
20f2cd4097	/TJ40.MAP	144106	8
20f2cd4097	/TJ40.MAP	144134	8
20f2cd4097	/TJ40.MAP	144148	8
20f2cd4097	/TJ41.MAP	144113	8
20f2cd4097	/TJ41.MAP	144141	8
20f2cd4097	/TJ41.MAP	144155	8
20f2cd4097	/TJ50.MAP	29770	8
20f2cd4097	/TJ50.MAP	29798	8
20f2cd4097	/TJ50.MAP	29812	8
20f2cd4097	/TJ51.MAP	44946	8
20f2cd4097	/TJ51.MAP	44974	8
20f2cd4097	/TJ51.MAP	44988	8
20f2cd4097	/TJ60.MAP	29817	8
20f2cd4097	/TJ60.MAP	29845	8
20f2cd4097	/TJ60.MAP	29859	8
20f2cd4097	/TJ61.MAP	45001	8
20f2cd4097	/TJ61.MAP	45029	8
20f2cd4097	/TJ61.MAP	45043	8
20f2cd4097	/TJ62.MAP	48861	8
20f2cd4097	/TJ62.MAP	48889	8
20f2cd4097	/TJ62.MAP	48903	8
20f2cd4097	/TJ70.MAP	52470	8
20f2cd4097	/TJ70.MAP	52498	8
20f2cd4097	/TJ70.MAP	52512	8
20f2cd4097	/TJ71.MAP	54430	8
20f2cd4097	/TJ71.MAP	54458	8
20f2cd4097	/TJ71.MAP	54472	8
20f2cd4097	/TJ72.MAP	48886	8
20f2cd4097	/TJ72.MAP	48914	8
20f2cd4097	/TJ72.MAP	48928	8
20f2cd4097	/TM00.MAP	130100	8
20f2cd4097	/TM00.MAP	130128	8
20f2cd4097	/TM00.MAP	130142	8
20f2cd4097	/TM00.MAP	133702	8
20f2cd4097	/TM10.MAP	68439	8
20f2cd4097	/TM10.MAP	68467	8
20f2cd4097	/TM10.MAP	68481	8
20f2cd4097	/TM20.MAP	78095	8
20f2cd4097	/TM20.MAP	78123	8
20f2cd4097	/TM20.MAP	78137	8
20f2cd4097	/TM30.MAP	101367	8
20f2cd4097	/TM30.MAP	101395	8
20f2cd4097	/TM30.MAP	101409	8
20f2cd4097	/TM40.MAP	44443	8
20f2cd4097	/TM40.MAP	44471	8
20f2cd4097	/TM40.MAP	44485	8
20f2cd4097	/TST2.MAP	128355	8
20f2cd4097	/TST2.MAP	128383	8
20f2cd4097	/TST2.MAP	128397	8
20f2cd4097	/TTTT.MAP	97051	8
20f2cd4097	/TTTT.MAP	97079	8
20f2cd4097	/TTTT.MAP	97093	8
20f2cd4097	/WC00.MAP	205796	8
20f2cd4097	/WC00.MAP	205824	8
20f2cd4097	/WC00.MAP	205838	8
20f2cd4097	/WC00.MAP	228890	8
20f2cd4097	/WC00.MAP	229171	8
20f2cd4097	/WC01.MAP	199161	8
20f2cd4097	/WC01.MAP	199189	8
20f2cd4097	/WC01.MAP	199203	8
20f2cd4097	/WK00.MAP	103476	8
20f2cd4097	/WK00.MAP	103504	8
20f2cd4097	/WK00.MAP	103518	8
20f2cd4097	/WR00.MAP	217656	8
20f2cd4097	/WR00.MAP	217684	8
20f2cd4097	/WR00.MAP	217698	8
20f2cd4097	/WR01.MAP	210349	8
20f2cd4097	/WR01.MAP	210377	8
20f2cd4097	/WR01.MAP	210391	8
20f2cd4097	/WR02.MAP	212525	8
20f2cd4097	/WR02.MAP	212553	8
20f2cd4097	/WR02.MAP	212567	8
20f2cd4097	/WR10.MAP	210511	8
20f2cd4097	/WR10.MAP	210539	8
20f2cd4097	/WR10.MAP	210553	8
20f2cd4097	/WS00.MAP	79260	8
20f2cd4097	/WS00.MAP	79288	8
20f2cd4097	/WS00.MAP	79302	8
20f2cd4097	/WS01.MAP	78747	8
20f2cd4097	/WS01.MAP	78775	8
20f2cd4097	/WS01.MAP	78789	8
20f2cd4097	/WS10.MAP	79669	8
20f2cd4097	/WS10.MAP	79697	8
20f2cd4097	/WS10.MAP	79711	8
20f2cd4097	/WY00.MAP	215706	8
20f2cd4097	/WY00.MAP	215734	8
20f2cd4097	/WY00.MAP	215748	8
20f2cd4097	/WY00.MAP	217874	8
20f2cd4097	/WY00.MAP	229030	8
20f2cd4097	/WY01.MAP	208919	8
20f2cd4097	/WY01.MAP	208947	8
20f2cd4097	/WY01.MAP	208961	8
20f2cd4097	/WY02.MAP	210833	8
20f2cd4097	/WY02.MAP	210861	8
20f2cd4097	/WY02.MAP	210875	8
20f2cd4097	/ZM00.MAP	140745	8
20f2cd4097	/ZM00.MAP	140773	8
20f2cd4097	/ZM00.MAP	140787	8
20f2cd4097	/ZM01.MAP	137584	8
20f2cd4097	/ZM01.MAP	137612	8
20f2cd4097	/ZM01.MAP	137626	8
20f5d2e1c3	/IZ00.MAP	63087	18
2102fe8b8b	/CK00.MAP	171775	24
2105be506c	/HL10.MAP	98979	33
2108d8e065	/SK00.MAP	120309	64
210bf91543	/NT20.MAP	152334	28
211436716a	/KR00.MAP	99071	28
2114a77367	/OB00.MAP	154461	47
21192d6b64	/CK00.MAP	161766	36
212172ba20	/RT20.MAP	123695	59
2126f3f588	/NJ00.MAP	158305	51
21297c9c28	/WC00.MAP	213788	75
2132427c9d	/FIR3.MAP	108073	24
2133835863	/BL00.MAP	125429	18
2133835863	/ZM00.MAP	156791	18
213c31c411	/AT20.MAP	86642	51
21476f5ebc	/DG21.MAP	98003	86
2159641686	/WR00.MAP	222836	51
2160363a27	/IG00.MAP	170764	70
216da43b3f	/GM00.MAP	197672	60
2179700b17	/DS00.MAP	84262	61
2183b93a7f	/WC00.MAP	212413	69
2190adbf53	/AT00.MAP	195643	53
2192b25f5f	/RT30.MAP	138508	45
2195bfea1f	/MH00.MAP	173658	51
21a2c6a571	/DS00.MAP	85430	51
21a34e9740	/HL00.MAP	134961	57
21a3b01c15	/NJ10.MAP	137709	62
21a9cba1ae	/ITEMHELP.MSG	8484	42
21aa605c90	/RT20.MAP	106896	71
21c6115907	/HL10.MAP	97623	44
21c93bbb9d	/MH00.MAP	179718	22
21c9f1053a	/IP00.MAP	157072	34
21ccf0a7c9	/SK00.MAP	119346	40
21d3eff0f5	/MK00.MAP	148715	36
21d8d93a28	/KR00.MAP	110769	23
21e01404b1	/QH00.MAP	158117	32
21f548ef77	/JG00.MAP	142486	61
21f9b5014e	/ST00.MAP	115928	53
220330fc33	/ZM01.MAP	141052	80
2204129615	/DS00.MAP	84009	35
220a84055b	/ZM00.MAP	141835	63
2216a7e780	/CK00.MAP	174232	41
22183e4fa5	/IS10.MAP	59449	104
22412016f6	/CK00.MAP	170640	49
2246357493	/CK00.MAP	173520	53
224ab10c57	/OB00.MAP	153685	61
224b341cf0	/MP00.MAP	192141	45
225c3d6ade	/RT20.MAP	117231	12
225da6cb56	/MH00.MAP	174617	57
226ff67bc5	/CK00.MAP	178887	67
22706ff6f2	/IG00.MAP	158474	30
2270e7de9a	/STATHELP.MAT	1004	278
228680c74b	/CK01.MAP	157308	51
2293041e63	/KR00.MAP	96378	33
22982ea094	/JG00.MAP	138891	90
229e491859	/IG10.MAP	158174	67
22aa7113db	/ZM00.MAP	146859	90
22b0b7b246	/CT10.MAP	191567	18
22c591ff4e	/MP00.MAP	182352	66
22cee4f19a	/WC00.MAP	220594	67
22e5238d7d	/CT10.MAP	188790	14
22e5238d7d	/CT10.MAP	191521	14
22e5238d7d	/CT10.MAP	191730	14
22e842952e	/ZM00.MAP	156130	29
22e98b10a1	/NT20.MAP	148448	59
22fb0b31c9	/AT00.MAP	171655	6
22fb0b31c9	/AT20.MAP	81691	6
22fb0b31c9	/BL00.MAP	124752	6
22fb0b31c9	/BL10.MAP	40792	6
22fb0b31c9	/CK00.MAP	178689	6
22fb0b31c9	/DG00.MAP	135425	6
22fb0b31c9	/DS00.MAP	86307	6
22fb0b31c9	/DS00.MAP	86344	6
22fb0b31c9	/DS10.MAP	79522	6
22fb0b31c9	/ES00.MAP	74357	6
22fb0b31c9	/ES10.MAP	74871	6
22fb0b31c9	/GB00.MAP	197629	6
22fb0b31c9	/GH00.MAP	151139	6
22fb0b31c9	/GM00.MAP	199650	6
22fb0b31c9	/GT20.MAP	139007	6
22fb0b31c9	/HL10.MAP	100563	6
22fb0b31c9	/HS10.MAP	181381	6
22fb0b31c9	/IG00.MAP	181718	6
22fb0b31c9	/IG10.MAP	153793	6
22fb0b31c9	/IP00.MAP	156658	6
22fb0b31c9	/IS00.MAP	163271	6
22fb0b31c9	/IS10.MAP	61978	6
22fb0b31c9	/IS10.MAP	62113	6
22fb0b31c9	/IY00.MAP	121711	6
22fb0b31c9	/IY00.MAP	121748	6
22fb0b31c9	/KB01.MAP	54267	6
22fb0b31c9	/KB01.MAP	54304	6
22fb0b31c9	/KK00.MAP	130472	6
22fb0b31c9	/KK01.MAP	129126	6
22fb0b31c9	/KM00.MAP	165905	6
22fb0b31c9	/KM10.MAP	47234	6
22fb0b31c9	/KR00.MAP	93626	6
22fb0b31c9	/KS00.MAP	175055	6
22fb0b31c9	/KZ00.MAP	171211	6
22fb0b31c9	/MH00.MAP	160549	6
22fb0b31c9	/MP00.MAP	174587	6
22fb0b31c9	/NJ00.MAP	155403	6
22fb0b31c9	/NT00.MAP	61982	6
22fb0b31c9	/NT20.MAP	143580	6
22fb0b31c9	/NT21.MAP	130414	6
22fb0b31c9	/NZ00.MAP	116435	6
22fb0b31c9	/NZ10.MAP	108969	6
22fb0b31c9	/OB00.MAP	150170	6
22fb0b31c9	/OT00.MAP	180611	6
22fb0b31c9	/OT01.MAP	163520	6
22fb0b31c9	/OT10.MAP	163583	6
22fb0b31c9	/QH00.MAP	148612	6
22fb0b31c9	/QH00.MAP	148649	6
22fb0b31c9	/RT00.MAP	159114	6
22fb0b31c9	/RT30.MAP	138108	6
22fb0b31c9	/SB00.MAP	72333	6
22fb0b31c9	/SK00.MAP	115686	6
22fb0b31c9	/SK00.MAP	115723	6
22fb0b31c9	/SS00.MAP	68735	6
22fb0b31c9	/SS00.MAP	68772	6
22fb0b31c9	/SS10.MAP	68782	6
22fb0b31c9	/SS10.MAP	68819	6
22fb0b31c9	/ST00.MAP	115586	6
22fb0b31c9	/ST10.MAP	82101	6
22fb0b31c9	/TM00.MAP	130247	6
22fb0b31c9	/TM10.MAP	68586	6
22fb0b31c9	/WS00.MAP	79407	6
22fb0b31c9	/WS10.MAP	79816	6
22fb0b31c9	/ZM00.MAP	158465	6
22fb0b31c9	/ZM01.MAP	138506	6
22fe508705	/ZM00.MAP	149978	36
230dd9d65e	/IG01.MAP	155075	122
23118ce963	/NZ10.MAP	113629	30
2315138412	/IS00.MAP	162326	61
231baf1aca	/OT01.MAP	168290	53
2325cb0ee2	/KR00.MAP	102185	76
2326b1dafa	/WAZAHELP.MSG	2808	30
2326b1dafa	/WAZAHELP.MSG	3620	30
233822f64f	/WY00.MAP	217984	14
235124a500	/ITEMHELP.MSG	1420	70
235a2d652f	/AT00.MAP	196942	16
235c8847e2	/HL10.MAP	98060	34
235ca65c40	/ZM00.MAP	149837	43
2362cc213b	/DIARY.MSG	11696	203
2364b9fdf1	/KS00.MAP	167660	28
236a9aa1cc	/HS00.MAP	75085	49
236fd23f75	/QH00.MAP	157834	71
2378dc3426	/RT20.MAP	121577	43
23864ec267	/ZM01.MAP	143219	69
238beca061	/IG10.MAP	158799	43
238f64f78f	/WY00.MAP	225952	26
2390df186e	/NZ10.MAP	113881	26
23911e8268	/OT00.MAP	178424	22
23a1851ca1	/IZ00.MAP	51975	57
23a7d53450	/WC00.MAP	224371	61
23b9b6d7bc	/KM10.MAP	54366	59
23c264888d	/KM10.MAP	51508	22
23c3e1a917	/MP00.MAP	175749	26
23c49e5612	/GM00.MAP	200124	18
23cdcb4983	/CT20.MAP	171876	71
23d700e204	/CK00.MAP	176525	67
23dca2fb86	/GT20.MAP	140606	28
23e3539dbb	/FIR1.MAP	134793	53
2410c25fb1	/ES10.MAP	75183	4
2410c25fb1	/WS10.MAP	80146	4
24175f96cd	/DG10.MAP	91356	80
242737560e	/HS00.MAP	75532	32
242e6b253b	/WAZAHELP.MSG	12296	61
2438f8aed7	/WC00.MAP	217979	12
243aac03c4	/WR00.MAP	220343	26
243aac03c4	/WR00.MAP	220380	26
24507b0369	/SK00.MAP	118394	45
24581ed5c0	/KM00.MAP	148656	32
24608123e7	/WR02.MAP	217919	37
2470dc5af8	/ITEMHELP.MSG	1132	36
2477e4f700	/AT20.MAP	87836	38
2479e43bef	/WR00.MAP	231801	24
247f92eb7e	/WS00.MAP	82778	32
247f92eb7e	/WS10.MAP	83508	32
2480fb484e	/HS00.MAP	72025	33
2480fb484e	/HS00.MAP	72136	33
2480fb484e	/HS00.MAP	72203	33
2480fb484e	/HS00.MAP	73373	33
2480fb484e	/HS00.MAP	73424	33
2480fb484e	/HS00.MAP	73496	33
2480fb484e	/HS00.MAP	73677	33
248b2d132d	/WC00.MAP	221948	34
248b5f240a	/AT00.MAP	181908	57
24961c7159	/GB00.MAP	191596	51
249f0d9e67	/IS10.MAP	58624	18
24b0707c15	/QH00.MAP	150867	53
24b4320f00	/WY02.MAP	217748	35
24c9067f86	/QH01.MAP	146599	32
24cb1a1b69	/AT00.MAP	195977	81
24ce596e77	/HL10.MAP	96769	30
24d12c7263	/DG21.MAP	99705	16
24da2b05f6	/HL00.MAP	129602	30
24df747c15	/DS00.MAP	85013	51
24e18e0e09	/HY00.MAP	133063	28
24f160df21	/WK00.MAP	109039	14
24f370a744	/IG10.MAP	155408	20
24f4685a89	/IZ00.MAP	54582	104
24fa5b0dc1	/IS10.MAP	63092	36
250b175119	/AT00.MAP	193267	41
250ce989b7	/ITEMHELP.MSG	5956	52
250ffc85ed	/IZ00.MAP	51565	20
2510cfe465	/WY00.MAP	226807	71
251c385950	/MP00.MAP	178869	47
2523437938	/IZ00.MAP	50921	67
252d69a987	/MP00.MAP	180647	22
252d69a987	/ZM00.MAP	154881	22
252de307ca	/BOT3.MAP	27586	22
2535167f10	/QH00.MAP	149860	51
254e44113b	/IP00.MAP	161307	40
2567810c7d	/KM00.MAP	158648	39
256f0dbbef	/NJ10.MAP	127084	67
256f0dbbef	/NJ10.MAP	135521	67
257293a176	/WR02.MAP	213432	42
2574a278a9	/GM00.MAP	205049	12
257d658b70	/CK00.MAP	162772	71
257d8c94ba	/WC00.MAP	210293	72
258273364a	/IG00.MAP	177785	51
2585cefcb3	/ZM00.MAP	145338	55
258a9cfcdf	/HS10.MAP	185420	16
259d056871	/OB00.MAP	150414	73
25b120359d	/GM00.MAP	194914	16
25bba08861	/IS00.MAP	163062	67
25bcb0f2cd	/NZ00.MAP	117643	53
25bcb0f2cd	/NZ00.MAP	118895	53
25bcb0f2cd	/NZ00.MAP	119743	53
25bcb0f2cd	/NZ00.MAP	120712	53
25bde50425	/BOOT2.MAP	142543	12
25bf4b0536	/OT00.MAP	175089	73
25bf4b0536	/OT00.MAP	177220	73
25bf8aa6f4	/KB10.MAP	56925	22
25bf8aa6f4	/KB20.MAP	63813	22
25c3423182	/NT30.MAP	108554	71
25db8029d8	/NZ10.MAP	112066	55
25dda96f3d	/RT30.MAP	138670	24
25dda96f3d	/RT30.MAP	138949	24
25ddc2592d	/KR00.MAP	108244	28
25e88249b5	/WC00.MAP	219576	14
25e9795803	/RS01.MAP	50855	49
25ec38a26c	/GT20.MAP	139582	40
25ef7f482f	/CK00.MAP	174855	65
25f1fde044	/MH00.MAP	176322	57
25f2740709	/NZ10.MAP	113579	18
25f954fc98	/IZ00.MAP	62877	59
25fbfe6ec8	/RT20.MAP	106368	24
260460f04e	/RT20.MAP	111479	16
260504a7a9	/ITEMHELP.MSG	6696	58
260a2e6eba	/KB10.MAP	55906	53
260e0a1fa4	/ES10.MAP	75920	26
260e0a1fa4	/WS10.MAP	80883	26
2616e1f23c	/KD00.MAP	167490	59
261ac26fef	/HL00.MAP	133491	53
261dfa104e	/CK00.MAP	162436	41
261dfa104e	/GB00.MAP	197313	41
261f84cf1e	/TJ40.MAP	144621	53
261f84cf1e	/TJ41.MAP	144628	53
2622a0620c	/HS00.MAP	72977	41
2622a0620c	/HS00.MAP	73042	41
263cab1b62	/ZM00.MAP	143666	24
263d3d2516	/IG00.MAP	165169	53
263e93132a	/KR00.MAP	97613	84
26447853f7	/WY00.MAP	227107	63
264879ae63	/AT20.MAP	82958	67
264c2fdf66	/NT30.MAP	106830	74
2657af44e3	/GB00.MAP	173315	36
265b54eee4	/DG10.MAP	90711	65
2662836eac	/JG00.MAP	141857	83
26685b5467	/NJ10.MAP	131521	81
2668b615ba	/WY02.MAP	217298	36
26736332de	/KS00.MAP	160803	8
2676c5f3d9	/NJ10.MAP	133290	26
2677f6931a	/IZ00.MAP	64731	51
268ed38042	/KM00.MAP	153857	49
2693406dcd	/IG10.MAP	156834	39
26a2bc81f2	/WR00.MAP	239007	20
26a41352ee	/ITEMHELP.MSG	1916	66
26a745b18d	/WC00.MAP	207309	34
26abc8796a	/WK00.MAP	107919	49
26b76ad4d8	/HS00.MAP	75675	45
26b874d6c0	/MK00.MAP	147641	39
26b874d6c0	/MK00.MAP	147901	39
26b874d6c0	/MK00.MAP	148088	39
26b874d6c0	/MK00.MAP	148833	39
26b874d6c0	/MK00.MAP	148935	39
26b874d6c0	/MK00.MAP	149053	39
26b874d6c0	/MK00.MAP	149119	39
26c1f5a83b	/WR00.MAP	218205	75
26c1f5a83b	/WR02.MAP	214227	75
26c208d871	/AT20.MAP	87722	81
26c39d5046	/GM00.MAP	199804	40
26ccd1f39b	/GM01.MAP	165059	63
26e50e6817	/IZ00.MAP	65424	43
26f28e0777	/WAZAHELP.MSG	7116	72
2700ca2044	/IP00.MAP	159409	20
2708cba450	/RT20.MAP	105985	71
2708cba450	/RT20.MAP	112053	71
271b60202a	/BOT4.MAP	27937	16
271b76aae5	/RT00.MAP	159584	23
272a9ee1be	/KK00.MAP	131789	31
272a9ee1be	/KK01.MAP	130384	31
272ea3baeb	/GT10.MAP	47978	63
27346e1361	/KZ00.MAP	171673	78
27390f23c6	/IZ00.MAP	54779	24
273da94d4d	/MH00.MAP	176412	35
273da94d4d	/MH00.MAP	176547	35
2740ab2c0c	/ZM00.MAP	144788	53
2742519cb6	/AT00.MAP	177720	6
2742519cb6	/KR00.MAP	101417	6
2742519cb6	/OB00.MAP	150630	6
2745251e43	/WY00.MAP	229084	36
274763e54a	/GM00.MAP	198217	30
275011c316	/RT20.MAP	120826	76
27510d86ad	/MP00.MAP	185763	65
275ca06559	/QH00.MAP	152397	24
27627a2c0c	/ES00.MAP	75490	36
2767728961	/WK00.MAP	105922	32
276e8cd5c9	/GM00.MAP	188224	59
277e3cd1a8	/WR00.MAP	228383	53
2780db39e6	/GM00.MAP	189244	67
27811e73e2	/MH00.MAP	169140	36
27811e73e2	/MH00.MAP	171779	36
27896a8026	/QH00.MAP	158830	55
2791204598	/KM00.MAP	153639	47
27958286d3	/JG02.MAP	125901	38
279dd6418b	/HS10.MAP	184735	47
279dd6418b	/HS10.MAP	186028	47
279e92faff	/AT00.MAP	192004	63
27a103c58d	/GT00.MAP	146212	26
27a8f0a2dc	/IS00.MAP	162195	55
27afe06e7c	/CK00.MAP	161455	37
27b92f5543	/CT00.MAP	165967	26
27b9bc37e6	/NZ00.MAP	117821	51
27bcfc8930	/IG00.MAP	180174	55
27bcfc8930	/IG00.MAP	180431	55
27beb6c811	/IG00.MAP	165954	61
27c5a3e0ba	/MP00.MAP	187650	117
27cf42c018	/IY00.MAP	121982	20
27cfc93d59	/GM00.MAP	200633	32
27e6ed3f83	/AT10.MAP	165911	507
27e75c9315	/KD00.MAP	162840	47
27f75b8b13	/MH00.MAP	163272	67
27fd7e43f5	/GT20.MAP	141123	51
27fdaf6ac4	/IG00.MAP	167369	24
2807e92b13	/DG10.MAP	89641	55
2819cbbac1	/KM10.MAP	55127	28
281fbdf58e	/NJ10.MAP	127926	55
281fbdf58e	/NJ10.MAP	136769	55
2821b7aa8e	/WY02.MAP	215945	22
2836e7fb7f	/GM00.MAP	196723	47
2842573d6e	/OT00.MAP	175201	32
2842573d6e	/OT00.MAP	177332	32
2850623d07	/ZM00.MAP	142278	55
2855ff7023	/GB00.MAP	187393	74
28580c3320	/HL10.MAP	98579	33
2866c4a332	/WAZAHELP.MSG	5280	40
286d10278f	/GT00.MAP	148167	22
286fccc444	/DG21.MAP	98418	30
287a8bfec4	/CK00.MAP	166570	24
287d3dbb87	/KD00.MAP	166963	38
287dd4a205	/MP00.MAP	197018	92
287fc13e51	/AT00.MAP	196852	57
288cd2ddbf	/GM00.MAP	192368	30
28a1f68092	/WY00.MAP	231232	22
28a1f68092	/WY00.MAP	231265	22
28ada7ef37	/IG00.MAP	170903	16
28b7253ba6	/GB00.MAP	176607	39
28b9efba20	/HY00.MAP	133179	28
28c0af1c62	/MH00.MAP	162454	61
28c45eec19	/WC00.MAP	206747	65
28d0d7f40d	/IZ00.MAP	49536	18
28d3d6678f	/KB10.MAP	55572	68
28d6dcdf96	/KB01.MAP	54872	47
28dfdcd790	/IZ00.MAP	50128	43
28e00db4a8	/AT01.MAP	165787	12
28e6bfef6c	/HL10.MAP	99505	34
28e6e776f5	/NT20.MAP	151961	26
28ea408e75	/AT00.MAP	184163	26
28ec22751e	/WR00.MAP	238066	24
28ec22751e	/WR10.MAP	211507	24
28ee465482	/IG00.MAP	165406	43
29097a2588	/AT00.MAP	186444	63
2917452e27	/IS10.MAP	60307	43
2923ab14df	/WC00.MAP	215967	26
2926629735	/WR00.MAP	236541	45
2926629735	/WR02.MAP	215643	45
2926acfa3a	/TJ10.MAP	30405	38
2926acfa3a	/TJ11.MAP	45533	38
2926acfa3a	/TJ20.MAP	30494	38
2926acfa3a	/TJ21.MAP	45630	38
2926acfa3a	/TJ22.MAP	49538	38
2926acfa3a	/TJ30.MAP	53079	38
2926acfa3a	/TJ31.MAP	55135	38
2926acfa3a	/TJ32.MAP	49495	38
29280d764a	/NT30.MAP	106671	61
292906915f	/BL00.MAP	126461	31
292906915f	/BL00.MAP	126512	31
292906915f	/BL00.MAP	126590	31
292906915f	/BL00.MAP	126670	31
292906915f	/BL00.MAP	126762	31
292906915f	/BL00.MAP	126930	31
292906915f	/BL00.MAP	127026	31
292906915f	/BL00.MAP	127204	31
292906915f	/BL00.MAP	127278	31
292906915f	/BL00.MAP	127378	31
292906915f	/BL00.MAP	127462	31
292906915f	/BL00.MAP	127542	31
292906915f	/BL00.MAP	127620	31
292906915f	/BL00.MAP	127679	31
292906915f	/BL00.MAP	127761	31
292906915f	/BL00.MAP	127833	31
292906915f	/BL00.MAP	127909	31
292906915f	/BL00.MAP	127976	31
292906915f	/BL00.MAP	128046	31
292906915f	/BL00.MAP	128140	31
292906915f	/BL00.MAP	128197	31
292906915f	/GB00.MAP	182185	31
292906915f	/GB00.MAP	182244	31
292906915f	/GB00.MAP	182342	31
292906915f	/GB00.MAP	182401	31
292906915f	/GB00.MAP	182485	31
292906915f	/GB00.MAP	182616	31
292906915f	/GB00.MAP	182712	31
292906915f	/GB00.MAP	182831	31
292906915f	/GB00.MAP	182933	31
292906915f	/GB00.MAP	182995	31
292906915f	/GB00.MAP	183079	31
292906915f	/GB00.MAP	183124	31
292906915f	/GB00.MAP	183222	31
292906915f	/GB00.MAP	183302	31
292906915f	/GM00.MAP	192963	31
292906915f	/GM00.MAP	193049	31
292906915f	/GM00.MAP	193168	31
292906915f	/GM00.MAP	193291	31
292906915f	/GM00.MAP	193362	31
292906915f	/GM00.MAP	193476	31
292906915f	/GM00.MAP	193580	31
292906915f	/GM00.MAP	193668	31
292906915f	/GM00.MAP	193776	31
292906915f	/GM00.MAP	193841	31
292906915f	/GM00.MAP	193896	31
292906915f	/GM00.MAP	193961	31
292906915f	/GM00.MAP	194022	31
292906915f	/GM00.MAP	194083	31
292906915f	/GM00.MAP	194148	31
292906915f	/GM00.MAP	194219	31
292906915f	/GM00.MAP	194307	31
292906915f	/GM00.MAP	194411	31
292906915f	/GM00.MAP	194470	31
292906915f	/GM00.MAP	194523	31
292906915f	/GM00.MAP	194609	31
292906915f	/GM00.MAP	194674	31
292906915f	/GM00.MAP	194739	31
292906915f	/GM00.MAP	194806	31
292906915f	/GM00.MAP	194882	31
292906915f	/GM00.MAP	194931	31
292906915f	/GM00.MAP	195015	31
292906915f	/GM00.MAP	195078	31
292906915f	/GM00.MAP	199046	31
292906915f	/GM00.MAP	199126	31
292906915f	/GM00.MAP	199204	31
292906915f	/GM00.MAP	199282	31
292906915f	/GM00.MAP	199388	31
292906915f	/GM00.MAP	200092	31
292906915f	/GM00.MAP	200143	31
292906915f	/GM00.MAP	200254	31
292906915f	/GM00.MAP	201114	31
292906915f	/GM00.MAP	202644	31
292906915f	/GM00.MAP	202765	31
292906915f	/GM00.MAP	202880	31
292906915f	/GM00.MAP	203024	31
292906915f	/GM00.MAP	203129	31
292906915f	/GM00.MAP	203213	31
292906915f	/GM00.MAP	203299	31
292906915f	/GM00.MAP	203389	31
292906915f	/GM00.MAP	203448	31
292906915f	/GM00.MAP	203653	31
292906915f	/GM00.MAP	204860	31
292906915f	/GM00.MAP	205017	31
292906915f	/GM00.MAP	205062	31
292906915f	/HL10.MAP	97232	31
292906915f	/HL10.MAP	97342	31
292906915f	/HL10.MAP	97414	31
292906915f	/HL10.MAP	97497	31
292906915f	/HL10.MAP	97591	31
292906915f	/HL10.MAP	97668	31
292906915f	/HL10.MAP	97762	31
292906915f	/HL10.MAP	97856	31
292906915f	/HL10.MAP	97940	31
292906915f	/HL10.MAP	98028	31
292906915f	/HL10.MAP	98095	31
292906915f	/HL10.MAP	98185	31
292906915f	/HL10.MAP	98292	31
292906915f	/KR00.MAP	95308	31
292906915f	/KR00.MAP	95373	31
292906915f	/KR00.MAP	95448	31
292906915f	/KR00.MAP	95534	31
292906915f	/KR00.MAP	95607	31
292906915f	/KR00.MAP	95707	31
292906915f	/KR00.MAP	95803	31
292906915f	/KR00.MAP	95911	31
292906915f	/KR00.MAP	96000	31
292906915f	/KR00.MAP	96092	31
292906915f	/KR00.MAP	96178	31
292906915f	/KR00.MAP	96264	31
292906915f	/KR00.MAP	96346	31
292906915f	/KR00.MAP	96412	31
292906915f	/KR00.MAP	96491	31
292906915f	/KR00.MAP	96588	31
292906915f	/MP00.MAP	179906	31
292906915f	/MP00.MAP	179974	31
292906915f	/MP00.MAP	180052	31
292906915f	/MP00.MAP	180130	31
292906915f	/MP00.MAP	180224	31
292906915f	/MP00.MAP	182320	31
292906915f	/MP00.MAP	182419	31
292906915f	/MP00.MAP	182516	31
292906915f	/MP00.MAP	182630	31
292906915f	/MP00.MAP	182766	31
292906915f	/MP00.MAP	182875	31
292906915f	/MP00.MAP	182984	31
292906915f	/MP00.MAP	183107	31
292906915f	/MP00.MAP	183172	31
292906915f	/MP00.MAP	183258	31
292906915f	/MP00.MAP	183313	31
292906915f	/OT00.MAP	169373	31
292906915f	/OT00.MAP	169461	31
292906915f	/OT00.MAP	169541	31
292906915f	/OT00.MAP	169633	31
292906915f	/OT00.MAP	169723	31
292906915f	/OT00.MAP	169809	31
292906915f	/OT00.MAP	169878	31
292906915f	/OT00.MAP	169968	31
292906915f	/OT00.MAP	170058	31
292906915f	/OT00.MAP	170123	31
292906915f	/OT00.MAP	170270	31
292906915f	/OT00.MAP	170368	31
292906915f	/OT00.MAP	170454	31
292906915f	/OT00.MAP	170517	31
292906915f	/OT01.MAP	167781	31
292906915f	/OT01.MAP	167920	31
292906915f	/OT01.MAP	167993	31
292906915f	/OT01.MAP	168107	31
292906915f	/QH00.MAP	150622	31
292906915f	/QH00.MAP	150726	31
292906915f	/QH00.MAP	150835	31
292906915f	/QH00.MAP	150921	31
292906915f	/QH00.MAP	151015	31
292906915f	/QH00.MAP	151066	31
292906915f	/QH00.MAP	151170	31
292906915f	/QH00.MAP	151231	31
292906915f	/QH00.MAP	151315	31
292906915f	/QH00.MAP	151401	31
292906915f	/QH00.MAP	151526	31
292906915f	/QH00.MAP	151612	31
292906915f	/QH00.MAP	151694	31
292906915f	/QH00.MAP	151751	31
292906915f	/QH00.MAP	151831	31
292906915f	/QH00.MAP	151913	31
292906915f	/QH00.MAP	162633	31
292906915f	/QH00.MAP	162698	31
292906915f	/QH00.MAP	162776	31
292906915f	/QH00.MAP	162854	31
292906915f	/QH00.MAP	162954	31
292906915f	/TJ00.MAP	144140	31
292906915f	/TJ00.MAP	144220	31
292906915f	/TJ00.MAP	144298	31
292906915f	/TJ00.MAP	144376	31
292906915f	/TJ00.MAP	144482	31
292906915f	/TJ00.MAP	144603	31
292906915f	/TJ00.MAP	144688	31
292906915f	/TJ00.MAP	144778	31
292906915f	/TJ01.MAP	144140	31
292906915f	/TJ01.MAP	144220	31
292906915f	/TJ01.MAP	144298	31
292906915f	/TJ01.MAP	144376	31
292906915f	/TJ01.MAP	144482	31
292906915f	/TJ01.MAP	144603	31
292906915f	/TJ01.MAP	144688	31
292906915f	/TJ01.MAP	144778	31
292906915f	/TJ10.MAP	29864	31
292906915f	/TJ10.MAP	29932	31
292906915f	/TJ10.MAP	30010	31
292906915f	/TJ10.MAP	30088	31
292906915f	/TJ10.MAP	30182	31
292906915f	/TJ10.MAP	30290	31
292906915f	/TJ10.MAP	30373	31
292906915f	/TJ10.MAP	30461	31
292906915f	/TJ11.MAP	44992	31
292906915f	/TJ11.MAP	45060	31
292906915f	/TJ11.MAP	45138	31
292906915f	/TJ11.MAP	45216	31
292906915f	/TJ11.MAP	45310	31
292906915f	/TJ11.MAP	45418	31
292906915f	/TJ11.MAP	45501	31
292906915f	/TJ11.MAP	45589	31
292906915f	/TJ20.MAP	29911	31
292906915f	/TJ20.MAP	29976	31
292906915f	/TJ20.MAP	30054	31
292906915f	/TJ20.MAP	30132	31
292906915f	/TJ20.MAP	30232	31
292906915f	/TJ20.MAP	30379	31
292906915f	/TJ20.MAP	30462	31
292906915f	/TJ20.MAP	30550	31
292906915f	/TJ21.MAP	45047	31
292906915f	/TJ21.MAP	45112	31
292906915f	/TJ21.MAP	45190	31
292906915f	/TJ21.MAP	45268	31
292906915f	/TJ21.MAP	45368	31
292906915f	/TJ21.MAP	45515	31
292906915f	/TJ21.MAP	45598	31
292906915f	/TJ21.MAP	45686	31
292906915f	/TJ22.MAP	48955	31
292906915f	/TJ22.MAP	49020	31
292906915f	/TJ22.MAP	49098	31
292906915f	/TJ22.MAP	49176	31
292906915f	/TJ22.MAP	49276	31
292906915f	/TJ22.MAP	49423	31
292906915f	/TJ22.MAP	49506	31
292906915f	/TJ22.MAP	49594	31
292906915f	/TJ30.MAP	52516	31
292906915f	/TJ30.MAP	52567	31
292906915f	/TJ30.MAP	52645	31
292906915f	/TJ30.MAP	52725	31
292906915f	/TJ30.MAP	52817	31
292906915f	/TJ30.MAP	52964	31
292906915f	/TJ30.MAP	53047	31
292906915f	/TJ30.MAP	53135	31
292906915f	/TJ31.MAP	54572	31
292906915f	/TJ31.MAP	54623	31
292906915f	/TJ31.MAP	54701	31
292906915f	/TJ31.MAP	54781	31
292906915f	/TJ31.MAP	54873	31
292906915f	/TJ31.MAP	55020	31
292906915f	/TJ31.MAP	55103	31
292906915f	/TJ31.MAP	55191	31
292906915f	/TJ32.MAP	48932	31
292906915f	/TJ32.MAP	48983	31
292906915f	/TJ32.MAP	49061	31
292906915f	/TJ32.MAP	49141	31
292906915f	/TJ32.MAP	49233	31
292906915f	/TJ32.MAP	49380	31
292906915f	/TJ32.MAP	49463	31
292906915f	/TJ32.MAP	49551	31
292906915f	/TJ40.MAP	144263	31
292906915f	/TJ40.MAP	144343	31
292906915f	/TJ40.MAP	144416	31
292906915f	/TJ40.MAP	144511	31
292906915f	/TJ40.MAP	144589	31
292906915f	/TJ40.MAP	144675	31
292906915f	/TJ40.MAP	144769	31
292906915f	/TJ40.MAP	144871	31
292906915f	/TJ40.MAP	144956	31
292906915f	/TJ41.MAP	144270	31
292906915f	/TJ41.MAP	144350	31
292906915f	/TJ41.MAP	144423	31
292906915f	/TJ41.MAP	144518	31
292906915f	/TJ41.MAP	144596	31
292906915f	/TJ41.MAP	144682	31
292906915f	/TJ41.MAP	144776	31
292906915f	/TJ41.MAP	144878	31
292906915f	/TJ41.MAP	144963	31
292906915f	/TJ50.MAP	29927	31
292906915f	/TJ50.MAP	29995	31
292906915f	/TJ50.MAP	30089	31
292906915f	/TJ50.MAP	30167	31
292906915f	/TJ50.MAP	30259	31
292906915f	/TJ50.MAP	30351	31
292906915f	/TJ50.MAP	30453	31
292906915f	/TJ50.MAP	30538	31
292906915f	/TJ51.MAP	45103	31
292906915f	/TJ51.MAP	45171	31
292906915f	/TJ51.MAP	45265	31
292906915f	/TJ51.MAP	45343	31
292906915f	/TJ51.MAP	45435	31
292906915f	/TJ51.MAP	45527	31
292906915f	/TJ51.MAP	45629	31
292906915f	/TJ51.MAP	45734	31
292906915f	/TJ60.MAP	29974	31
292906915f	/TJ60.MAP	30039	31
292906915f	/TJ60.MAP	30139	31
292906915f	/TJ60.MAP	30217	31
292906915f	/TJ60.MAP	30313	31
292906915f	/TJ60.MAP	30429	31
292906915f	/TJ60.MAP	30531	31
292906915f	/TJ60.MAP	30616	31
292906915f	/TJ61.MAP	45158	31
292906915f	/TJ61.MAP	45223	31
292906915f	/TJ61.MAP	45323	31
292906915f	/TJ61.MAP	45401	31
292906915f	/TJ61.MAP	45497	31
292906915f	/TJ61.MAP	45613	31
292906915f	/TJ61.MAP	45715	31
292906915f	/TJ61.MAP	45800	31
292906915f	/TJ62.MAP	49018	31
292906915f	/TJ62.MAP	49083	31
292906915f	/TJ62.MAP	49183	31
292906915f	/TJ62.MAP	49261	31
292906915f	/TJ62.MAP	49357	31
292906915f	/TJ62.MAP	49474	31
292906915f	/TJ62.MAP	49576	31
292906915f	/TJ62.MAP	49662	31
292906915f	/TJ70.MAP	52627	31
292906915f	/TJ70.MAP	52678	31
292906915f	/TJ70.MAP	52770	31
292906915f	/TJ70.MAP	52838	31
292906915f	/TJ70.MAP	52948	31
292906915f	/TJ70.MAP	53050	31
292906915f	/TJ70.MAP	53152	31
292906915f	/TJ70.MAP	53237	31
292906915f	/TJ71.MAP	54587	31
292906915f	/TJ71.MAP	54638	31
292906915f	/TJ71.MAP	54730	31
292906915f	/TJ71.MAP	54798	31
292906915f	/TJ71.MAP	54908	31
292906915f	/TJ71.MAP	55010	31
292906915f	/TJ71.MAP	55112	31
292906915f	/TJ71.MAP	55197	31
292906915f	/TJ72.MAP	49043	31
292906915f	/TJ72.MAP	49094	31
292906915f	/TJ72.MAP	49186	31
292906915f	/TJ72.MAP	49254	31
292906915f	/TJ72.MAP	49364	31
292906915f	/TJ72.MAP	49466	31
292906915f	/TJ72.MAP	49568	31
292906915f	/TJ72.MAP	49653	31
292906915f	/TM00.MAP	131348	31
292906915f	/TM00.MAP	131419	31
292906915f	/TM00.MAP	131544	31
292906915f	/TM00.MAP	131658	31
292906915f	/TM00.MAP	131715	31
292906915f	/TM00.MAP	131786	31
292906915f	/TM00.MAP	131894	31
292906915f	/TM00.MAP	131980	31
292906915f	/TM00.MAP	132184	31
292906915f	/TM00.MAP	132264	31
292906915f	/TM00.MAP	132374	31
292906915f	/TM00.MAP	132462	31
292906915f	/TM00.MAP	132544	31
292906915f	/TM00.MAP	132636	31
292906915f	/TM00.MAP	132703	31
292906915f	/TM00.MAP	132791	31
292906915f	/TM00.MAP	132873	31
292906915f	/TM00.MAP	132953	31
292906915f	/TM00.MAP	133033	31
292906915f	/TM00.MAP	133113	31
292906915f	/TM00.MAP	133228	31
292906915f	/ZM00.MAP	144676	31
292906915f	/ZM00.MAP	144756	31
292906915f	/ZM00.MAP	144842	31
292906915f	/ZM00.MAP	144938	31
292906915f	/ZM00.MAP	145020	31
292906915f	/ZM00.MAP	145089	31
292906915f	/ZM00.MAP	145212	31
292906915f	/ZM00.MAP	145306	31
292906915f	/ZM00.MAP	145394	31
292906915f	/ZM00.MAP	145443	31
292906915f	/ZM00.MAP	145527	31
292906915f	/ZM00.MAP	145650	31
292906915f	/ZM00.MAP	145760	31
292906915f	/ZM00.MAP	145864	31
292906915f	/ZM00.MAP	145917	31
292906915f	/ZM00.MAP	146034	31
292906915f	/ZM00.MAP	146103	31
292906915f	/ZM00.MAP	146213	31
292906915f	/ZM00.MAP	146514	31
292906915f	/ZM00.MAP	146559	31
292906915f	/ZM00.MAP	146637	31
292906915f	/ZM00.MAP	146731	31
292906915f	/ZM00.MAP	146827	31
292906915f	/ZM00.MAP	146950	31
292906915f	/ZM00.MAP	147022	31
292906915f	/ZM00.MAP	147157	31
292906915f	/ZM00.MAP	147237	31
292906915f	/ZM00.MAP	157855	31
292906915f	/ZM00.MAP	157920	31
292906915f	/ZM00.MAP	157998	31
292906915f	/ZM00.MAP	158076	31
292906915f	/ZM00.MAP	158176	31
292906915f	/ZM01.MAP	142368	31
292906915f	/ZM01.MAP	142431	31
292906915f	/ZM01.MAP	142527	31
292906915f	/ZM01.MAP	142631	31
292906915f	/ZM01.MAP	142717	31
292906915f	/ZM01.MAP	142813	31
292906915f	/ZM01.MAP	142919	31
292906915f	/ZM01.MAP	143009	31
292906915f	/ZM01.MAP	143089	31
292906915f	/ZM01.MAP	143187	31
292a4eb544	/ITEMHELP.MSG	4876	46
293506b72c	/GT10.MAP	47460	26
293b88b2cd	/SS00.MAP	69238	26
293b88b2cd	/SS00.MAP	69789	26
293b88b2cd	/SS10.MAP	69285	26
293b88b2cd	/SS10.MAP	69836	26
293c5ba051	/WY00.MAP	220896	84
294705d6b0	/KR00.MAP	105013	59
294c74f9da	/WC00.MAP	206845	69
294f0e2754	/GM00.MAP	197733	31
295103ba6c	/WR00.MAP	237146	53
295103ba6c	/WR02.MAP	216248	53
29521c7790	/IG00.MAP	176392	57
296ebfdad2	/WS00.MAP	79647	81
297559926d	/WC00.MAP	208636	42
2979feec54	/DS00.MAP	84544	16
297fe69471	/CK00.MAP	172676	47
2981ef9fc2	/WAZAHELP.MSG	8116	60
298ca92659	/ZM01.MAP	144482	27
2998f821f7	/MH00.MAP	179155	14
29a00914c3	/IG00.MAP	161364	53
29a4bc1dd1	/RS01.MAP	51535	82
29a6965c07	/IG00.MAP	172045	40
29a6965c07	/MH00.MAP	164720	40
29ad96172b	/CT10.MAP	188736	22
29ad96172b	/CT10.MAP	191467	22
29afe46431	/MP00.MAP	183738	51
29b458eb5e	/CK00.MAP	169196	47
29b98b3e76	/IS10.MAP	60995	26
29b9f6c212	/CT20.MAP	171204	39
29c761ccd2	/MH00.MAP	177069	36
29da737fc8	/WC00.MAP	215381	86
29dae99b5b	/IG01.MAP	153814	73
29e27aeb99	/RT20.MAP	110062	35
29e27aeb99	/RT20.MAP	116908	35
29e58391ac	/ZM00.MAP	157435	40
29f3341d08	/CT10.MAP	192971	55
2a03c369c7	/OT00.MAP	169493	47
2a092e7ba9	/NZ10.MAP	109389	94
2a0be827ac	/ITEMHELP.MSG	5340	38
2a1548f04f	/WY00.MAP	216598	69
2a1dfbf8dc	/OT00.MAP	174362	26
2a25f8e1ac	/NJ00.MAP	155979	26
2a4ab9596a	/BL00.MAP	126493	18
2a4ab9596a	/TJ30.MAP	52548	18
2a4ab9596a	/TJ31.MAP	54604	18
2a4ab9596a	/TJ32.MAP	48964	18
2a4ab9596a	/TJ70.MAP	52659	18
2a4ab9596a	/TJ71.MAP	54619	18
2a4ab9596a	/TJ72.MAP	49075	18
2a4c19565f	/GB00.MAP	184330	53
2a4c46b354	/GB00.MAP	196200	100
2a5b54d718	/RT20.MAP	105285	53
2a64f77642	/WC00.MAP	226540	90
2a65db2970	/ITEMHELP.MSG	6448	46
2a73bd6ffa	/KR00.MAP	94335	32
2a73bd6ffa	/ZM00.MAP	156190	32
2a74e95c4c	/KK00.MAP	132251	41
2a74e95c4c	/KK01.MAP	130846	41
2a76d30296	/ZM01.MAP	145557	44
2a7b9f9343	/BL00.MAP	127236	41
2a7c1e0b99	/NZ00.MAP	117218	53
2a7c1e0b99	/NZ00.MAP	120288	53
2a8cb3aa1c	/ZM00.MAP	143060	37
2aa2d2b6b3	/KM10.MAP	51848	59
2aa494d812	/KR00.MAP	96657	102
2aae36d811	/ZM01.MAP	139920	51
2aaebef2a5	/AT00.MAP	183347	26
2ab2604529	/NZ10.MAP	110932	24
2ab6a9ea81	/MP00.MAP	177227	57
2abb2233ee	/WC00.MAP	210594	34
2ac1668e2f	/KZ00.MAP	172306	28
2ac573c76f	/CK00.MAP	167516	68
2ac594faea	/NJ00.MAP	159280	12
2add0363ae	/WAZAHELP.MSG	12580	52
2ae25fe4e3	/CT20.MAP	170136	69
2ae69b6f0b	/KD00.MAP	161564	45
2aea2068ff	/CT00.MAP	164723	26
2aed75ee1c	/ITEMHELP.MSG	8692	60
2af26e1b92	/IG00.MAP	164147	88
2af35a973b	/IS00.MAP	162690	65
2b003c46a5	/WAZAHELP.MSG	10148	93
2b0c01552a	/IZ00.MAP	57377	45
2b0ec62e7c	/OT01.MAP	166838	65
2b12256a5f	/TM00.MAP	130818	47
2b193a5d1a	/WC00.MAP	229908	26
2b1bddda9a	/MH00.MAP	180314	98
2b1c2f0976	/GT10.MAP	48856	14
2b1c2f0976	/GT10.MAP	49515	14
2b1c2f0976	/GT10.MAP	50143	14
2b1c2f0976	/GT10.MAP	50910	14
2b1c3a0ad5	/AT00.MAP	195451	53
2b2580fbc6	/ZM00.MAP	147896	76
2b2ba6baf9	/NZ00.MAP	120209	47
2b39cd554c	/KK00.MAP	132293	24
2b39cd554c	/KK01.MAP	130888	24
2b432c97ed	/KR00.MAP	106457	55
2b554f2272	/OT01.MAP	165759	47
2b7587cd43	/IZ00.MAP	57196	18
2b7f496824	/KM00.MAP	157487	63
2b8693322a	/GM00.MAP	174813	45
2b88582678	/QH00.MAP	153311	43
2b9f7d9777	/KR00.MAP	103410	75
2b9ffbf0fa	/NJ10.MAP	128631	51
2b9ffbf0fa	/NJ10.MAP	135969	51
2ba6fbaaf2	/WC00.MAP	213364	39
2bb4f6354a	/RS01.MAP	50936	30
2bb7f847b9	/STATHELP.MAT	664	338
2bbfe9e990	/IG00.MAP	172625	13
2bc27678ef	/AT00.MAP	178246	32
2bddfa0144	/ITEMHELP.MSG	7892	80
2bdfe8b424	/HL00.MAP	133432	26
2bebfe3018	/AT00.MAP	188973	32
2bec4ac462	/WR00.MAP	232932	94
2bec4ac462	/WR00.MAP	233355	94
2bf5cc5178	/KD00.MAP	166037	65
2c06a791f0	/AT20.MAP	88145	69
2c221f7bf3	/CK00.MAP	170069	28
2c3dc68f72	/KM00.MAP	159650	49
2c50070a25	/DG21.MAP	99569	96
2c52e1b0cd	/ZM00.MAP	150884	24
2c5b14514e	/ZM01.MAP	144837	36
2c5f17bbf0	/IG00.MAP	167426	47
2c61eb51a9	/GM00.MAP	162718	8
2c61eb51a9	/GM01.MAP	162718	8
2c61eb51a9	/MH00.MAP	150258	8
2c64b7afc2	/WY00.MAP	221171	63
2c64d5d0da	/OT10.MAP	163120	36
2c71b58a27	/OT00.MAP	170870	61
2c769720b3	/WC00.MAP	221316	45
2c79a62562	/GB00.MAP	171671	53
2c81646ebf	/KD00.MAP	165117	28
2c81646ebf	/KD00.MAP	166416	28
2c81646ebf	/KD00.MAP	167743	28
2c893e04b4	/QH00.MAP	156464	45
2c947c67a4	/IS10.MAP	59084	94
2c9deeb16e	/WC00.MAP	224544	20
2c9f87b98d	/NJ10.MAP	131107	67
2ca122fd0f	/WR00.MAP	218692	61
2ca122fd0f	/WR02.MAP	214714	61
2cae5475b6	/WC00.MAP	221394	57
2cb1aff125	/DIARY.MSG	2036	204
2cb4ac2155	/KM00.MAP	160736	65
2cb5619e04	/WC00.MAP	213895	98
2cbc16a359	/GB00.MAP	180819	61
2cc30655e2	/ZM00.MAP	153312	150
2ccf29fa88	/GM00.MAP	205320	16
2cd1f54808	/AT20.MAP	90780	10
2ce32fb1f1	/BOT3.MAP	27568	17
2cee66d5c1	/MH00.MAP	181391	86
2cf019c900	/IP00.MAP	164244	41
2cf2e96cb4	/KD00.MAP	166604	79
2cf511a6df	/WC00.MAP	206602	112
2cf964cd66	/WC00.MAP	215692	26
2d0f9271ab	/OT00.MAP	166967	47
2d12089632	/WC00.MAP	223478	24
2d1487fa6b	/BL00.MAP	126045	30
2d1af98001	/HY00.MAP	137495	39
2d1b6d8161	/MP00.MAP	188025	33
2d1be9b133	/DS00.MAP	85879	49
2d1dadd2b7	/KM00.MAP	150879	57
2d2be3e3e5	/GT10.MAP	46782	39
2d2be3e3e5	/GT10.MAP	47389	39
2d37c42bfb	/WY02.MAP	216243	14
2d38204d72	/HL00.MAP	130199	36
2d39038806	/OB00.MAP	151056	43
2d39f625d9	/OT00.MAP	169841	36
2d448bd1a7	/NT20.MAP	151871	57
2d483435d6	/ZM00.MAP	155932	27
2d54bf3651	/WY00.MAP	232856	22
2d54bf3651	/WY00.MAP	232889	22
2d5d743672	/OT00.MAP	179774	53
2d614e14ac	/DG10.MAP	90638	40
2d62b64d52	/IG10.MAP	158621	53
2d6a43359f	/OB00.MAP	156690	29
2d6a790602	/BL00.MAP	127310	67
2d7047736c	/HY00.MAP	135547	53
2d750102c1	/ITEMHELP.MSG	6228	68
2d77a8f85d	/WK00.MAP	105259	30
2d782961d6	/JG00.MAP	136475	55
2d7df82ea4	/OT01.MAP	167034	47
2d7e22ab3f	/IZ00.MAP	49842	49
2d852c32a4	/CT20.MAP	168331	57
2d8b41b7bd	/ES01.MAP	75294	26
2d8b41b7bd	/WS01.MAP	80388	26
2d8d6c7675	/CK00.MAP	170799	35
2da80bf8e1	/KD00.MAP	165861	61
2da9ccb1b7	/KM10.MAP	57026	55
2dabfb9f36	/HS00.MAP	74309	37
2db535817b	/GM00.MAP	203685	47
2db8972c8d	/ZM00.MAP	141779	24
2db9b9be3e	/WS01.MAP	81060	69
2dcba6cb37	/KR00.MAP	106545	75
2dccc2f3b0	/CK00.MAP	161184	30
2dccc2f3b0	/IG00.MAP	170371	30
2dccc2f3b0	/MH00.MAP	163965	30
2dd0372426	/BOT4.MAP	27605	30
2dd0372426	/BOT4.MAP	27864	30
2dd65a2faa	/ZM00.MAP	150145	63
2dde38003e	/AT00.MAP	182951	53
2de0820a3f	/CK00.MAP	178706	75
2de4bbbb22	/WC00.MAP	208737	34
2de6e2b98b	/HL10.MAP	98639	23
2de9a02d63	/ZM00.MAP	144455	65
2dfb5fa84f	/QH01.MAP	146287	82
2dfefd65df	/CT10.MAP	188321	24
2e0888e013	/GM00.MAP	198441	45
2e1154d5f9	/CK00.MAP	160907	18
2e1154d5f9	/KR00.MAP	93827	18
2e1154d5f9	/MH00.MAP	163688	18
2e1154d5f9	/ZM00.MAP	155222	18
2e1642e72a	/QH00.MAP	156702	86
2e20677f64	/HS10.MAP	185468	96
2e4e90962f	/HL00.MAP	131394	30
2e4e90962f	/HL00.MAP	131523	30
2e5214a75e	/JG00.MAP	135542	47
2e5945cfe1	/HL10.MAP	99052	39
2e5a0e4ac5	/KB00.MAP	55219	53
2e5a0e4ac5	/KB20.MAP	62632	53
2e5bbb2cf1	/WAZAHELP.MSG	10332	78
2e5e226bf6	/NZ10.MAP	113070	38
2e5e514879	/HS10.MAP	186488	63
2e5eaf0281	/DG00.MAP	136003	63
2e64656ebf	/AT20.MAP	84876	20
2e738fc56b	/IS00.MAP	161056	65
2e76d208e9	/KD00.MAP	165233	36
2e77b4a999	/NJ10.MAP	130364	30
2e85653f2d	/ES00.MAP	77206	32
2e85653f2d	/ES10.MAP	78547	32
2e8cffc977	/KR00.MAP	95480	53
2e8f6cc1fc	/TM00.MAP	132576	59
2e9181a386	/DG00.MAP	135386	8
2e9181a386	/IP10.MAP	137535	8
2e941c27a3	/WY00.MAP	233724	24
2e941c27a3	/WY00.MAP	233759	24
2e95eec46e	/KK00.MAP	131852	26
2e95eec46e	/KK01.MAP	130447	26
2e979b67c8	/CT20.MAP	171337	77
2e98793595	/CT20.MAP	168112	45
2e98793595	/MK00.MAP	147391	45
2e98ba9e98	/WC00.MAP	220787	14
2ea056d0a5	/OT01.MAP	169914	53
2ea83c2c5a	/WY00.MAP	230700	41
2ead149931	/AT20.MAP	87333	51
2eb515ce00	/ZM00.MAP	157532	65
2eb856844e	/GB00.MAP	175949	80
2ebc8581ae	/WAZAHELP.MSG	3748	52
2ebca787c7	/KR00.MAP	107938	76
2ec6136e52	/GM00.MAP	181013	69
2ecdc6b80f	/CT20.MAP	172057	38
2ed0aba8fd	/KM00.MAP	149950	45
2ed54ce893	/NT21.MAP	130540	63
2ee0cf2aa9	/HL10.MAP	97026	71
2ee29c64e0	/WAZAHELP.MSG	7824	58
2ee34a5dac	/MH00.MAP	181054	65
2ee790ff9e	/KK00.MAP	133292	32
2ee80097a3	/IP00.MAP	163793	38
2eef03e657	/NT30.MAP	108216	76
2eeff13f68	/KD00.MAP	164305	86
2ef6b92344	/OT00.MAP	168960	35
2efc4d01e5	/AT00.MAP	183114	34
2f00114fcf	/GB00.MAP	186999	82
2f02991634	/WR00.MAP	218497	24
2f02991634	/WR02.MAP	214519	24
2f0621edbf	/QH00.MAP	148735	55
2f1052b3a3	/OB00.MAP	152174	36
2f17f973d7	/CT10.MAP	193842	34
2f1ece88a5	/MP00.MAP	183997	26
2f2f72ba3f	/GM00.MAP	197579	38
2f32393020	/HS10.MAP	184591	10
2f32393020	/HS10.MAP	185884	10
2f32393020	/KS00.MAP	172361	10
2f324f9a15	/GB00.MAP	183944	40
2f38109e3e	/WAZAHELP.MSG	8404	79
2f4fd6a184	/CT20.MAP	173663	53
2f69ee92f5	/CT20.MAP	168420	40
2f6e4c1fcd	/OB00.MAP	158543	26
2f737b38d1	/IP00.MAP	163946	57
2f76b68936	/GM00.MAP	175381	26
2f78e4047c	/WAZAHELP.MSG	11044	52
2f7a67c395	/RT20.MAP	123240	84
2f838e03da	/OB00.MAP	151755	62
2f8ca62650	/WC00.MAP	208710	26
2f9bdb7c35	/AT20.MAP	83504	22
2fafb0a9cf	/DL00.MAP	122705	45
2fd61cbbc4	/IG00.MAP	159136	57
2fd7f2521c	/GT00.MAP	146270	53
2fdbcd365c	/OT00.MAP	180742	30
2fdc5d27c4	/GB00.MAP	193265	34
2fdcbd691d	/KB00.MAP	56101	14
2fdcbd691d	/KB10.MAP	56626	14
2fdcbd691d	/KB20.MAP	63514	14
2fdcbd691d	/KB20.MAP	64157	14
2fe72e6ba8	/GT10.MAP	51215	18
2fe8ed363b	/AT00.MAP	194508	26
2fe94206a2	/WK00.MAP	104305	30
2feb1ba6f5	/JG00.MAP	134320	38
2feb54ecef	/SS00.MAP	69666	38
2feb54ecef	/SS10.MAP	69713	38
2febd587de	/CT20.MAP	172666	61
2feecce6e2	/AT00.MAP	192594	43
2ff7929880	/OT01.MAP	170081	441
2ff88ce7df	/IS10.MAP	60387	98
2ffdcfe67b	/AT00.MAP	184222	57
2fff64279b	/WY00.MAP	223710	53
3019eda6aa	/KM00.MAP	147119	71
301bd76372	/WC00.MAP	211847	53
3022e97673	/WC00.MAP	216676	30
302d8afd8c	/KD00.MAP	166229	36
303308ed3f	/KK00.MAP	130564	53
303308ed3f	/KK01.MAP	129159	53
303c27c7da	/AT20.MAP	91284	51
303ca4438f	/AT20.MAP	85081	49
303d7784e0	/GM00.MAP	205821	43
303e89dde2	/KB20.MAP	61850	63
30466fb17a	/CK00.MAP	164605	26
30488da06b	/JG00.MAP	131469	38
3049bf5bbf	/WR00.MAP	238547	16
304a67aaee	/WY00.MAP	234229	34
30597c7b8c	/ZM00.MAP	143723	73
305d815248	/NZ00.MAP	117303	43
30610602a2	/CT10.MAP	186967	31
306971f531	/HS00.MAP	76429	20
3077a0507d	/AT00.MAP	186048	24
3082ed8b69	/ITEMHELP.MSG	11488	58
30879e4b7e	/CT10.MAP	193151	38
30912ab937	/WR00.MAP	225510	53
3097d70839	/RT20.MAP	115840	18
3097d70839	/RT20.MAP	116307	18
30a1243567	/AT10.MAP	166450	84
30a9e3e2d9	/WR00.MAP	218312	28
30a9e3e2d9	/WR02.MAP	214334	28
30bf02af43	/WC00.MAP	212514	59
30c5a8b93f	/WC00.MAP	226663	39
30c6640cd2	/GM00.MAP	195697	36
30cdec87d7	/GM00.MAP	177192	83
30d6902974	/AT00.MAP	175944	26
30dcfca885	/HL10.MAP	94972	32
30e81bca76	/KM00.MAP	149654	45
30f1e3045e	/QH00.MAP	161425	67
30f81023ef	/IG00.MAP	172612	12
31010726af	/KM10.MAP	55070	25
310b93b698	/WC00.MAP	225051	26
310b93b698	/WC00.MAP	225282	26
310c1ef9e1	/ES10.MAP	76743	42
310c1ef9e1	/WS10.MAP	81706	42
3110c6a116	/ES01.MAP	77744	55
3110c6a116	/WS01.MAP	82918	55
31264a717a	/KR00.MAP	94085	39
31264a717a	/ZM00.MAP	155480	39
313f232deb	/ZM01.MAP	144874	39
3141696587	/IP00.MAP	157618	61
31477ded66	/IP00.MAP	156760	44
31477ded66	/IP00.MAP	156909	44
314e84b589	/GM00.MAP	180422	74
31523732e2	/BL00.MAP	125033	53
316565c829	/AT00.MAP	188334	31
316aafb137	/JG10.MAP	149916	18
316b74950d	/WY00.MAP	226165	40
3172937039	/WY00.MAP	233172	55
3179a8e644	/CT20.MAP	166572	37
3179a8e644	/CT20.MAP	166666	37
3179a8e644	/CT20.MAP	167017	37
3179a8e644	/CT20.MAP	167197	37
3179a8e644	/CT20.MAP	167265	37
3179a8e644	/CT20.MAP	167377	37
3179a8e644	/CT20.MAP	167473	37
3179a8e644	/CT20.MAP	167738	37
3179a8e644	/CT20.MAP	167807	37
3179a8e644	/CT20.MAP	167897	37
3179a8e644	/CT20.MAP	167993	37
3179a8e644	/CT20.MAP	168074	37
3179a8e644	/CT20.MAP	168158	37
3179a8e644	/JG02.MAP	125653	37
3179a8e644	/JG02.MAP	125716	37
3179a8e644	/JG02.MAP	125777	37
3179a8e644	/JG02.MAP	125863	37
3179a8e644	/JG02.MAP	126075	37
3179a8e644	/JG02.MAP	126163	37
3179a8e644	/JG02.MAP	126406	37
3179a8e644	/JG02.MAP	126453	37
3179a8e644	/JG02.MAP	126561	37
3179a8e644	/JG02.MAP	126628	37
3179a8e644	/NT21.MAP	130604	37
3179a8e644	/NT31.MAP	137441	37
3179a8e644	/NT31.MAP	137574	37
3179a8e644	/NT31.MAP	137696	37
3179a8e644	/NT31.MAP	137882	37
3179a8e644	/NT31.MAP	138000	37
3179a8e644	/NT31.MAP	138353	37
3179a8e644	/RT20.MAP	101996	37
3179a8e644	/RT20.MAP	102084	37
3179a8e644	/RT20.MAP	102276	37
3179a8e644	/RT20.MAP	102389	37
3179a8e644	/RT20.MAP	102481	37
3179a8e644	/RT20.MAP	102574	37
3179a8e644	/RT20.MAP	102822	37
3179a8e644	/RT20.MAP	103999	37
3179a8e644	/RT20.MAP	104087	37
3179a8e644	/RT20.MAP	104279	37
3179a8e644	/RT20.MAP	104392	37
3179a8e644	/RT20.MAP	104484	37
3179a8e644	/RT20.MAP	104577	37
3179a8e644	/RT20.MAP	105339	37
317a26d7b4	/CK00.MAP	178987	34
319346a3c6	/AT20.MAP	91206	41
319a7b4c7c	/WY00.MAP	217152	33
319c3dad5e	/OT00.MAP	171240	28
31a1f630a7	/MP00.MAP	184240	24
31a7ccfe02	/WS01.MAP	83005	98
31b3543d9c	/WAZAHELP.MSG	2048	54
31be48992f	/MH00.MAP	180716	28
31c5551bab	/CK00.MAP	168409	14
31c713c54a	/BL00.MAP	126451	8
31c713c54a	/GM00.MAP	199036	8
31c713c54a	/MP00.MAP	179896	8
31c713c54a	/QH00.MAP	162623	8
31c713c54a	/TJ00.MAP	144129	8
31c713c54a	/TJ01.MAP	144129	8
31c713c54a	/TJ10.MAP	29853	8
31c713c54a	/TJ11.MAP	44981	8
31c713c54a	/TJ20.MAP	29900	8
31c713c54a	/TJ21.MAP	45036	8
31c713c54a	/TJ22.MAP	48944	8
31c713c54a	/TJ30.MAP	52505	8
31c713c54a	/TJ31.MAP	54561	8
31c713c54a	/TJ32.MAP	48921	8
31c713c54a	/TJ40.MAP	144253	8
31c713c54a	/TJ41.MAP	144260	8
31c713c54a	/TJ50.MAP	29917	8
31c713c54a	/TJ51.MAP	45093	8
31c713c54a	/TJ60.MAP	29964	8
31c713c54a	/TJ61.MAP	45148	8
31c713c54a	/TJ62.MAP	49008	8
31c713c54a	/TJ70.MAP	52617	8
31c713c54a	/TJ71.MAP	54577	8
31c713c54a	/TJ72.MAP	49033	8
31c713c54a	/ZM00.MAP	157845	8
31d6781083	/GM00.MAP	175614	69
31d6781083	/GM00.MAP	176037	69
31d96df2db	/ZM01.MAP	144058	88
31dc5667a6	/AT00.MAP	185178	34
31dcc9e3c0	/WY02.MAP	213662	20
31e2cd9540	/WC00.MAP	226144	84
31e8732948	/KR00.MAP	109708	53
31ec015368	/NT30.MAP	104540	32
31eccf815b	/IG00.MAP	159910	35
31f75f269a	/OB00.MAP	151435	53
31fd597db8	/CT10.MAP	187342	38
31fd597db8	/CT10.MAP	187996	38
3215d01328	/WY00.MAP	234372	81
3216b98f40	/KD00.MAP	167352	67
321829c92e	/QH00.MAP	162011	88
321f28e511	/WC00.MAP	230819	45
32205c6215	/CK00.MAP	176153	40
3231915f46	/KS00.MAP	172713	96
32387b3310	/HS00.MAP	76814	45
3238fff1e1	/ZM01.MAP	140660	53
324628021a	/ES01.MAP	75069	47
32490a607c	/NT20.MAP	144157	51
324b26dc79	/AT10.MAP	168522	86
324fa15c61	/QH01.MAP	146951	62
3253bef85b	/WAZAHELP.MSG	8288	56
3253ea07e2	/GB00.MAP	183111	12
325a050ffc	/MH00.MAP	168001	30
325dec2900	/IG00.MAP	164872	32
3272673168	/MH00.MAP	166574	53
327cccd38d	/JG00.MAP	140417	47
327f11c631	/WY00.MAP	227657	34
32813e32b4	/IG00.MAP	167273	63
3293e91d76	/IZ00.MAP	60878	31
3293e91d76	/IZ00.MAP	61731	31
329a6fad7b	/IG00.MAP	157818	55
32a3c76115	/ZM00.MAP	151432	75
32bce8b28b	/DS10.MAP	79459	32
32c1a5ce5e	/RT20.MAP	118099	57
32d8c580a0	/KM00.MAP	161136	57
32d8c580a0	/KM00.MAP	161312	57
32dc08fe40	/KK00.MAP	133036	18
32e40d0bd7	/NT20.MAP	147106	67
32e89356eb	/WY00.MAP	223113	43
32e89356eb	/WY00.MAP	224706	43
32e89356eb	/WY00.MAP	225125	43
32eb44f0e1	/KR00.MAP	104968	12
32f22d1aca	/CK00.MAP	178031	32
32f4e301c9	/OB00.MAP	155066	31
32f8c99db1	/WAZAHELP.MSG	3924	42
330204cd26	/AT20.MAP	84466	16
3302262620	/DIARY.MSG	1792	243
331337febb	/SK10.MAP	92104	61
33164d7bca	/GM00.MAP	186190	59
332378bf94	/WR00.MAP	220448	32
332e47a65f	/WR00.MAP	229879	37
3331ae7b1e	/WAZAHELP.MSG	11900	64
3338649ad8	/WR00.MAP	231858	61
3338cdb291	/OT00.MAP	179089	41
33454ed55c	/NJ10.MAP	132774	20
334ffc7378	/KM10.MAP	50281	45
335252f3d2	/ITEMHELP.MSG	1580	50
33591f5a56	/GB00.MAP	183544	39
335a56d1f1	/GM00.MAP	195190	59
336b2c5042	/SK00.MAP	116169	43
336bff33f0	/HS00.MAP	72320	20
336d0fedb0	/IZ00.MAP	51750	28
336d54952f	/AT00.MAP	179036	77
336f39be74	/GB00.MAP	184065	12
337466ae17	/WC00.MAP	211285	63
3375d29a6f	/NT30.MAP	106943	30
3379af6c79	/KM00.MAP	158871	63
337d9a7b66	/HS10.MAP	182660	24
337d9a7b66	/HS10.MAP	183386	24
338229a803	/GT00.MAP	145842	8
338229a803	/HS00.MAP	69215	8
338229a803	/HY00.MAP	131218	8
338229a803	/IS00.MAP	163310	8
338229a803	/KD00.MAP	160956	8
338229a803	/NJ00.MAP	155774	8
338229a803	/NT10.MAP	132650	8
338229a803	/NZ00.MAP	116474	8
338229a803	/OB00.MAP	150209	8
338229a803	/RT00.MAP	159153	8
338229a803	/ST00.MAP	115625	8
338229a803	/TM20.MAP	78285	8
338229a803	/TM30.MAP	101557	8
33884178c7	/WS00.MAP	80788	14
338f19b6e3	/IP00.MAP	161843	32
338fa54dd8	/KM00.MAP	157937	51
3396c4ad86	/ES01.MAP	76603	16
3396c4ad86	/WS01.MAP	81777	16
339f730fcf	/MP00.MAP	196407	14
33a0be941d	/KR00.MAP	101456	75
33a44661fd	/IZ00.MAP	56884	37
33a44661fd	/IZ00.MAP	57030	37
33a44661fd	/IZ00.MAP	57079	37
33a44661fd	/IZ00.MAP	62647	37
33a44661fd	/IZ00.MAP	62716	37
33a44661fd	/IZ00.MAP	62839	37
33a44661fd	/IZ00.MAP	62937	37
33a44661fd	/IZ00.MAP	64906	37
33a44661fd	/JG01.MAP	125449	37
33a44661fd	/JG01.MAP	125678	37
33a44661fd	/JG01.MAP	125793	37
33a44661fd	/MH00.MAP	168032	37
33a44661fd	/MH00.MAP	168122	37
33a44661fd	/MH00.MAP	168234	37
33a44661fd	/MH00.MAP	168388	37
33a44661fd	/MH00.MAP	168634	37
33a44661fd	/MH00.MAP	168849	37
33a44661fd	/MH00.MAP	168963	37
33a44661fd	/MH00.MAP	169102	37
33a44661fd	/MH00.MAP	169344	37
33a44661fd	/MH00.MAP	169440	37
33a44661fd	/MH00.MAP	169528	37
33a44661fd	/MH00.MAP	169634	37
33a44661fd	/MH00.MAP	169761	37
33a44661fd	/MH00.MAP	169968	37
33a44661fd	/MH00.MAP	170023	37
33a44661fd	/MH00.MAP	170158	37
33a44661fd	/MH00.MAP	170364	37
33a44661fd	/MH00.MAP	170460	37
33a44661fd	/MH00.MAP	170597	37
33a44661fd	/MH00.MAP	170664	37
33a44661fd	/MH00.MAP	170764	37
33a44661fd	/MH00.MAP	170875	37
33a44661fd	/MH00.MAP	171027	37
33a44661fd	/MH00.MAP	171273	37
33a44661fd	/MH00.MAP	171488	37
33a44661fd	/MH00.MAP	171602	37
33a44661fd	/MH00.MAP	171741	37
33a44661fd	/MH00.MAP	171983	37
33a44661fd	/MH00.MAP	172079	37
33a44661fd	/MH00.MAP	172167	37
33a44661fd	/MH00.MAP	172273	37
33a44661fd	/MH00.MAP	172400	37
33a44661fd	/MH00.MAP	172607	37
33a44661fd	/MH00.MAP	172662	37
33a44661fd	/MH00.MAP	172797	37
33a44661fd	/MH00.MAP	173003	37
33a44661fd	/MH00.MAP	173136	37
33a44661fd	/MH00.MAP	173249	37
33a44661fd	/MH00.MAP	173318	37
33a44661fd	/MH00.MAP	173422	37
33a44661fd	/MH00.MAP	173518	37
33a44661fd	/MH00.MAP	173620	37
33a44661fd	/MH00.MAP	173710	37
33a44661fd	/MH00.MAP	183390	37
33a44661fd	/MH00.MAP	183513	37
33a44661fd	/MH00.MAP	183772	37
33a44661fd	/MP00.MAP	175306	37
33a44661fd	/MP00.MAP	175425	37
33a44661fd	/MP00.MAP	175480	37
33a44661fd	/MP00.MAP	178766	37
33a44661fd	/MP00.MAP	178831	37
33a44661fd	/MP00.MAP	178986	37
33a44661fd	/MP00.MAP	179076	37
33a44661fd	/MP00.MAP	179160	37
33a44661fd	/MP00.MAP	179257	37
33a44661fd	/MP00.MAP	179395	37
33a44661fd	/MP00.MAP	179487	37
33a44661fd	/OT00.MAP	174111	37
33a44661fd	/OT00.MAP	174226	37
33a44661fd	/OT00.MAP	174389	37
33a44661fd	/OT00.MAP	174545	37
33a44661fd	/OT00.MAP	174624	37
33a44661fd	/OT00.MAP	174819	37
33a44661fd	/OT00.MAP	174881	37
33a44661fd	/OT00.MAP	174981	37
33a44661fd	/OT00.MAP	175163	37
33a44661fd	/OT00.MAP	175234	37
33a44661fd	/OT00.MAP	175297	37
33a44661fd	/OT00.MAP	175389	37
33a44661fd	/OT00.MAP	175481	37
33a44661fd	/OT00.MAP	175573	37
33a44661fd	/OT00.MAP	175720	37
33a44661fd	/OT00.MAP	175783	37
33a44661fd	/OT00.MAP	175875	37
33a44661fd	/OT00.MAP	175975	37
33a44661fd	/OT00.MAP	176077	37
33a44661fd	/OT00.MAP	176224	37
33a44661fd	/OT00.MAP	176283	37
33a44661fd	/OT00.MAP	176413	37
33a44661fd	/OT00.MAP	176528	37
33a44661fd	/OT00.MAP	176676	37
33a44661fd	/OT00.MAP	176755	37
33a44661fd	/OT00.MAP	176950	37
33a44661fd	/OT00.MAP	177012	37
33a44661fd	/OT00.MAP	177112	37
33a44661fd	/OT00.MAP	177294	37
33a44661fd	/OT00.MAP	177365	37
33a44661fd	/OT00.MAP	177428	37
33a44661fd	/OT00.MAP	177520	37
33a44661fd	/OT00.MAP	177612	37
33a44661fd	/OT00.MAP	177849	37
33a44661fd	/OT00.MAP	177918	37
33a44661fd	/OT00.MAP	178010	37
33a44661fd	/OT00.MAP	178094	37
33a44661fd	/OT00.MAP	178165	37
33a44661fd	/OT00.MAP	178294	37
33a44661fd	/OT00.MAP	178386	37
33a44661fd	/OT00.MAP	178457	37
33a44661fd	/OT00.MAP	178551	37
33a44661fd	/OT00.MAP	178645	37
33a44661fd	/OT00.MAP	178733	37
33a44661fd	/OT00.MAP	178825	37
33a44661fd	/OT00.MAP	178909	37
33a44661fd	/OT00.MAP	178980	37
33a44661fd	/OT00.MAP	179051	37
33a44661fd	/OT00.MAP	179187	37
33a44661fd	/OT00.MAP	179275	37
33a44661fd	/OT00.MAP	179413	37
33a44661fd	/OT00.MAP	179491	37
33a44661fd	/OT00.MAP	179581	37
33a44661fd	/OT00.MAP	179654	37
33a44661fd	/OT01.MAP	164537	37
33a44661fd	/OT01.MAP	164829	37
33a44661fd	/OT01.MAP	164951	37
33a44661fd	/OT01.MAP	165053	37
33a44661fd	/OT01.MAP	165108	37
33a44661fd	/OT01.MAP	165388	37
33a44661fd	/OT01.MAP	165568	37
33a44661fd	/OT01.MAP	165629	37
33a44661fd	/OT01.MAP	165721	37
33a44661fd	/OT01.MAP	165807	37
33a44661fd	/OT01.MAP	165920	37
33a44661fd	/OT01.MAP	166018	37
33a44661fd	/OT01.MAP	166079	37
33a44661fd	/OT01.MAP	166183	37
33a44661fd	/OT01.MAP	166283	37
33a44661fd	/OT01.MAP	166414	37
33a44661fd	/OT01.MAP	166475	37
33a44661fd	/OT02.MAP	163472	37
33a44661fd	/OT02.MAP	163588	37
33a44661fd	/OT02.MAP	164156	37
33a44661fd	/OT02.MAP	164414	37
33a44661fd	/OT02.MAP	164655	37
33a44661fd	/OT02.MAP	164828	37
33a44661fd	/OT02.MAP	165014	37
33a44661fd	/OT02.MAP	165257	37
33a44661fd	/OT02.MAP	165516	37
33a44661fd	/OT02.MAP	165752	37
33a44661fd	/OT02.MAP	166122	37
33a44661fd	/WK00.MAP	107969	37
33a44661fd	/WK00.MAP	108018	37
33a44661fd	/WK00.MAP	108098	37
33a44661fd	/WK00.MAP	108182	37
33a44661fd	/WK00.MAP	108280	37
33a44661fd	/WK00.MAP	108382	37
33a44661fd	/WK00.MAP	108447	37
33a44661fd	/WK00.MAP	109748	37
33a44661fd	/WR00.MAP	236503	37
33a44661fd	/WR00.MAP	236738	37
33a44661fd	/WR00.MAP	236913	37
33a44661fd	/WR00.MAP	237055	37
33a44661fd	/WR00.MAP	237108	37
33a44661fd	/WR00.MAP	237283	37
33a44661fd	/WR00.MAP	237375	37
33a44661fd	/WR00.MAP	237465	37
33a44661fd	/WR00.MAP	237700	37
33a44661fd	/WR00.MAP	237970	37
33a44661fd	/WR00.MAP	239308	37
33a44661fd	/WR00.MAP	239371	37
33a44661fd	/WR00.MAP	239490	37
33a44661fd	/WR00.MAP	239553	37
33a44661fd	/WR00.MAP	239653	37
33a44661fd	/WR02.MAP	215605	37
33a44661fd	/WR02.MAP	215840	37
33a44661fd	/WR02.MAP	216015	37
33a44661fd	/WR02.MAP	216157	37
33a44661fd	/WR02.MAP	216210	37
33a44661fd	/WR02.MAP	216385	37
33a44661fd	/WR02.MAP	216477	37
33a44661fd	/WR02.MAP	216567	37
33a44661fd	/WR02.MAP	216802	37
33a44661fd	/WR02.MAP	217072	37
33a44661fd	/WY00.MAP	227231	37
33a44661fd	/WY00.MAP	227313	37
33a44661fd	/WY00.MAP	227372	37
33a44661fd	/WY00.MAP	227546	37
33a44661fd	/WY00.MAP	227692	37
33a44661fd	/WY00.MAP	227765	37
33a44661fd	/WY00.MAP	227869	37
33a44661fd	/WY00.MAP	227998	37
33a44661fd	/WY00.MAP	228127	37
33a44661fd	/WY00.MAP	228225	37
33a44661fd	/WY00.MAP	228408	37
33a44661fd	/WY00.MAP	228459	37
33a44661fd	/WY00.MAP	228571	37
33a44661fd	/WY00.MAP	228661	37
33a44661fd	/WY00.MAP	228802	37
33a44661fd	/WY00.MAP	228896	37
33a44661fd	/WY02.MAP	214959	37
33a44661fd	/WY02.MAP	215049	37
33a44661fd	/WY02.MAP	215161	37
33a44661fd	/WY02.MAP	215247	37
33a44661fd	/WY02.MAP	215314	37
33a44661fd	/WY02.MAP	215758	37
33a44661fd	/WY02.MAP	215907	37
33a44661fd	/WY02.MAP	216047	37
33a44661fd	/WY02.MAP	216139	37
33a44661fd	/WY02.MAP	216554	37
33be0bca51	/GT00.MAP	146572	40
33c259edf4	/BOT4.MAP	28565	12
33ca2c71d7	/KEYHELP.MAT	164	299
33d3da8d4f	/WC00.MAP	226476	31
33eb9621e4	/CT10.MAP	194735	30
33ec47d4da	/AT01.MAP	165425	33
33f53a5afb	/SK10.MAP	93155	59
33fb0e12c5	/AT20.MAP	89547	36
3400ed711a	/RT20.MAP	126261	82
34048000e0	/CT10.MAP	193709	34
340a1c7173	/AT10.MAP	165118	26
340ba04ca4	/GM00.MAP	176372	57
3415e44bf3	/NJ10.MAP	135202	16
342287ca81	/ZM00.MAP	147435	58
3423d23995	/AT10.MAP	169587	59
34246f46b7	/WC00.MAP	216025	47
3426449d8d	/BOT5.MAP	27390	8
34278d3c70	/ITEMHELP.MSG	3392	48
342b09c10d	/WY00.MAP	229518	67
3430939a77	/KR00.MAP	106259	63
34382d5aa2	/WR00.MAP	236951	40
34382d5aa2	/WR02.MAP	216053	40
343be9b1c8	/HY00.MAP	133299	30
343fedf3a3	/WC00.MAP	219717	71
3441c534c0	/IG10.MAP	154095	35
34439ff7ac	/CT10.MAP	190462	28
3444b50d4b	/WR02.MAP	217689	43
344b987084	/GT10.MAP	46711	32
344b987084	/GT10.MAP	47318	32
344c5f0a5d	/QH00.MAP	153714	51
345a421aee	/OT00.MAP	173863	117
3466e8ba8d	/DIARY.MSG	2672	239
346c2c6e18	/WAZAHELP.MSG	8664	46
346cf843f9	/NJ10.MAP	128552	47
3475bf4766	/GM00.MAP	178121	88
347add2471	/IG00.MAP	168095	62
347df211f7	/ES01.MAP	77928	55
347df211f7	/WS01.MAP	83135	55
3482f8fa6f	/OT01.MAP	170019	53
349cfb50de	/KZ00.MAP	172803	30
34a6963b95	/GB00.MAP	175004	66
34a6be3ad1	/NZ10.MAP	111902	53
34a95518f7	/KM10.MAP	51675	14
34ac51f6b7	/NT30.MAP	107843	39
34b60fc333	/GM00.MAP	195487	26
34c16903a5	/MK00.MAP	149789	45
34c40c285c	/OT02.MAP	163510	69
34cdc4fbbd	/HL10.MAP	96147	18
34d4322ba9	/IP00.MAP	162278	65
34d91dff31	/QH00.MAP	160221	66
34d986b6ac	/ST00.MAP	116242	41
34db3b1787	/IP00.MAP	158105	38
34db7fafc7	/ZM01.MAP	137819	26
34eee53f36	/DG10.MAP	92799	35
34f085b28b	/HL00.MAP	130723	41
34f5c78c82	/KD00.MAP	169319	94
34f888578f	/AT00.MAP	189330	74
35182fa527	/WR00.MAP	224191	12
351f4ca769	/CT20.MAP	167170	26
35250e84cd	/HL00.MAP	129875	32
3525dbb716	/ITEMHELP.MSG	10856	52
352fc9fdce	/CK00.MAP	179967	69
35337f82c2	/WR00.MAP	230925	47
353b441db7	/ITEMHELP.MSG	8832	62
3553020560	/OT00.MAP	168597	40
3553020560	/OT01.MAP	169331	40
3553d630ff	/MK00.MAP	148975	77
35564a639e	/JG00.MAP	140504	59
355a51cf38	/IZ00.MAP	56249	106
355c4aa1f0	/IG00.MAP	165562	22
355cdbfd1b	/GT00.MAP	147533	40
355e636967	/WR02.MAP	213084	22
3579c8ff5f	/DG21.MAP	99510	10
357d20c6b8	/GM00.MAP	203845	22
357dae3318	/AT20.MAP	82815	55
358c846cb5	/GT20.MAP	142660	43
358eb63e41	/CT10.MAP	193974	30
358f8d1321	/BOT3.MAP	27653	12
359f03527f	/OT00.MAP	178255	12
359f03527f	/OT00.MAP	180059	12
35a50851b7	/JG00.MAP	140721	24
35ae205d1c	/MP00.MAP	192569	65
35b04dbd3b	/OT02.MAP	165704	39
35b2749bcf	/ITEMHELP.MSG	10108	52
35b47a4326	/NT30.MAP	104910	22
35bfd67116	/IG10.MAP	157521	65
35c1f2b505	/KS00.MAP	172957	51
35c3162544	/NT20.MAP	145376	65
35c51198eb	/KM00.MAP	165424	53
35d4f6ca54	/GB00.MAP	174534	90
35d501ba62	/IG10.MAP	154600	55
35d505c752	/KS00.MAP	18708	16
35ec6378c2	/KM10.MAP	54941	35
35ee85d5a6	/TM00.MAP	132823	49
35ef9ec77e	/GT20.MAP	141553	25
35efff08ff	/ITEMHELP.MSG	10764	40
35fa45fca7	/MP00.MAP	196454	38
3604c5b630	/RT20.MAP	122150	59
36100608d7	/OT01.MAP	169700	37
36148c707f	/IS00.MAP	160785	49
361874caec	/CT00.MAP	164866	82
361f9f5b55	/ZM01.MAP	142749	63
362b08e621	/MP00.MAP	177857	70
362df9fdf4	/OB00.MAP	151899	57
36357ef936	/ZM00.MAP	147526	40
3640a8dbe3	/WAZAHELP.MSG	10564	48
364c6fa571	/KR00.MAP	107223	53
3652121bbc	/WC00.MAP	217851	18
3654dadfa5	/CT10.MAP	189002	59
3654dadfa5	/CT10.MAP	192165	59
3658934a31	/NZ00.MAP	119073	53
3658934a31	/NZ00.MAP	119921	53
3658934a31	/NZ00.MAP	120890	53
366d03ce64	/IG00.MAP	181014	67
366ef7afd4	/BL00.MAP	128728	53
366ef7afd4	/TM00.MAP	133851	53
367d57fdec	/IZ00.MAP	50711	45
3685d01e4b	/NT30.MAP	103744	68
3685dda3c1	/ES00.MAP	76558	47
3685dda3c1	/ES10.MAP	77899	47
368ed85172	/KM10.MAP	51631	12
369473063c	/TM10.MAP	68625	6
36995d5f22	/CK00.MAP	162478	49
369c3feefb	/DL00.MAP	120141	67
369d0f931b	/AT00.MAP	175882	29
369ece5690	/ES01.MAP	75843	16
369ece5690	/WS01.MAP	81012	16
36aabd6176	/NJ00.MAP	159661	49
36af6bfcd2	/ST00.MAP	116400	53
36be408205	/OB00.MAP	155448	18
36c001e60b	/WAZAHELP.MSG	4328	24
36df1d38ad	/WY02.MAP	213077	30
36e5e9f243	/WR00.MAP	221950	51
36eabe3331	/AT00.MAP	171948	51
36f265630b	/HL10.MAP	94428	59
36f57c7a35	/WY00.MAP	235342	41
36f87cb98d	/AT20.MAP	90687	61
36fa1f0088	/NT00.MAP	61917	20
3700b8d6ce	/WR00.MAP	237413	51
3700b8d6ce	/WR02.MAP	216515	51
3709da3d12	/AT00.MAP	177277	28
3717442212	/WC00.MAP	218407	31
371db95418	/WS00.MAP	79947	47
37251eb25d	/MP00.MAP	176586	51
373b96afec	/TM00.MAP	130424	27
3742ffadfd	/JG00.MAP	130281	63
3743a18545	/QH00.MAP	150953	61
3745a0c51a	/ZM00.MAP	141637	110
374c44148c	/QH00.MAP	150079	28
3750926dbd	/WR02.MAP	218341	39
3750c07ab5	/NJ10.MAP	135152	18
37536764df	/ITEMHELP.MSG	1860	52
3755929884	/CT10.MAP	194037	38
375dbccaec	/KM00.MAP	151677	61
3761e0a20c	/ZM00.MAP	141365	59
37638a962b	/AT20.MAP	82230	25
3768722cf4	/IP00.MAP	160458	59
3768c72b51	/AT00.MAP	194302	65
3770eb5f87	/KEYHELP.MAT	3128	106
37780fa716	/BL40.MAP	129230	10
37780fa716	/BL50.MAP	104542	10
37780fa716	/HY00.MAP	214038	10
37780fa716	/NZ00.MAP	155778	10
37780fa716	/TJ01.MAP	178750	10
37780fa716	/TJ41.MAP	191430	10
37780fa716	/TM40.MAP	97774	10
37780fa716	/TST2.MAP	204522	10
377882384c	/TM00.MAP	131380	38
37814199b4	/GB00.MAP	183156	65
378ff87fc6	/GB00.MAP	185323	22
379f041b02	/IP10.MAP	136951	45
37aae9dd40	/IP10.MAP	136575	38
37b0167d63	/WY00.MAP	234998	49
37bc9adca9	/STATHELP.MAT	3432	254
37bfadbdc5	/MH00.MAP	176154	47
37c4b82d21	/ES01.MAP	75760	51
37cfccaffa	/GM00.MAP	192431	57
37d3f5abf0	/NZ10.MAP	111392	30
37d5b4f65d	/WY00.MAP	222345	57
37ea3b4709	/ZM00.MAP	148072	69
37ebc0c71c	/KM00.MAP	147663	30
37ecf97a60	/IP00.MAP	157869	35
37f1f61448	/DL00.MAP	120684	39
37f54b6a9c	/MH00.MAP	160945	70
38078792dd	/GM00.MAP	186764	42
38099b536c	/GB00.MAP	181988	108
380a6f08b0	/ES00.MAP	74605	34
38124b988b	/WY00.MAP	218786	28
38162caba2	/MP00.MAP	194377	59
381ac87c39	/RT20.MAP	122242	88
381b549f4d	/NT30.MAP	105046	98
3826127e91	/IG00.MAP	162751	73
383fc6998f	/MP00.MAP	180728	29
385680ead3	/WR10.MAP	212768	59
385a35eedd	/AT00.MAP	185313	88
385d557e3f	/CK00.MAP	174527	75
385d957d2c	/WR10.MAP	213131	84
3860d31a05	/HL10.MAP	97972	55
3868d0ee7e	/WR00.MAP	229164	49
387c5dec6f	/IZ00.MAP	56023	30
387f3bf1ba	/AT00.MAP	177337	43
38880abfdf	/ITEMHELP.MSG	1016	36
389013595d	/NT21.MAP	131728	6
389013595d	/RT20.MAP	102714	6
389013595d	/RT20.MAP	104717	6
3892210edd	/WY00.MAP	235271	20
3896ee30d6	/CT00.MAP	166237	75
38a574d9ad	/OB00.MAP	153161	28
38ae5980f3	/RT20.MAP	124681	78
38af75c973	/KM00.MAP	152518	36
38b50e17ce	/KR00.MAP	96296	49
38b780b2ad	/FIR0.MAP	22576	8
38b780b2ad	/RT20.MAP	22672	8
38bea7831c	/WY00.MAP	227907	90
38c33356a8	/AT20.MAP	86497	49
38c889e035	/OT00.MAP	167257	66
38cbb1597e	/HS00.MAP	75994	26
38ce17efbf	/GM00.MAP	193394	81
38d0c3e313	/GT00.MAP	148715	16
38d0c3e313	/HS10.MAP	183760	16
38d0c3e313	/HS10.MAP	184250	16
38d0c3e313	/HS10.MAP	185038	16
38d0f9a16f	/ZM00.MAP	141519	26
38d8c3ac52	/KK00.MAP	131567	8
38d8c3ac52	/KK01.MAP	130162	8
38f18f80b8	/CT10.MAP	40020	16
39005becb2	/DIARY.MSG	1332	235
3904ffc5b2	/ES01.MAP	74154	75
3904ffc5b2	/WS01.MAP	79199	75
390eaf7971	/CT20.MAP	168747	24
3916a29b1b	/KM10.MAP	47521	63
391cf59dde	/CT00.MAP	165143	73
3922afaddb	/CT20.MAP	173748	59
392a3d2ba1	/RT20.MAP	124120	51
3938491b61	/ZM00.MAP	154904	24
3939db8eb4	/KM10.MAP	55425	61
393b64b6aa	/WR00.MAP	229246	41
39504c908b	/CK00.MAP	176065	55
39539ccc13	/IG00.MAP	172515	45
395b29cc41	/AT00.MAP	195382	36
395ead2efa	/IP10.MAP	136436	30
397242aa1d	/WC00.MAP	223740	40
3978adcb2e	/QH00.MAP	150218	45
3984be50f6	/IS00.MAP	161246	51
398895e646	/AT10.MAP	165145	468
398ba28da0	/HS10.MAP	181339	4
398ba28da0	/JG00.MAP	136933	4
398e0957d9	/IS00.MAP	161590	53
3996377193	/QH00.MAP	153019	47
39984bb3d5	/WAZAHELP.MSG	4696	72
399e7591e9	/GM00.MAP	173969	59
39a07dd669	/ES01.MAP	75633	47
39b67c8fce	/OT00.MAP	170155	114
39c6f2faf5	/GB00.MAP	173021	71
39c955e0c3	/IS00.MAP	160867	22
39c9ffab10	/WC00.MAP	216104	49
39ce751aad	/KR00.MAP	102037	55
39d1752a30	/NT00.MAP	61894	22
39e3e7e171	/MP00.MAP	177605	34
39e3e8ebec	/HS00.MAP	72117	18
39ec732e56	/DS00.MAP	83900	37
39ec732e56	/DS00.MAP	83971	37
39edbe0a79	/WY00.MAP	222251	14
39f33d3e55	/OT00.MAP	167201	24
39faa1fe0f	/WR00.MAP	227383	30
3a0ae67334	/WY02.MAP	211021	38
3a0de9f8e5	/DIARY.MSG	9008	170
3a1f357cd4	/GM00.MAP	198750	20
3a1f9fbc95	/KD00.MAP	163213	41
3a2664bd9e	/GT10.MAP	49626	38
3a2664bd9e	/GT10.MAP	50339	38
3a3c4b454e	/SS00.MAP	69891	28
3a3c4b454e	/SS10.MAP	69938	28
3a3d2c134b	/WC00.MAP	229606	29
3a4736f5dd	/NJ10.MAP	134721	53
3a4736f5dd	/NJ10.MAP	134977	53
3a4ab62174	/SK00.MAP	117059	20
3a51ef7356	/CT20.MAP	169914	30
3a5f19e15d	/QH00.MAP	151098	71
3a5f424800	/OB00.MAP	154769	47
3a6a551214	/KM00.MAP	152664	20
3a775e212f	/GM00.MAP	183766	45
3a857955be	/KD00.MAP	169044	28
3a984b585c	/CK00.MAP	180233	51
3aa0339528	/MH00.MAP	183297	53
3aa4431de1	/CT00.MAP	165249	53
3aa7a00064	/HS00.MAP	70000	26
3aa7bd0818	/GM00.MAP	182586	66
3aa831f6b9	/AT10.MAP	161100	36
3aa84527c7	/WR00.MAP	238804	30
3aac4c66fe	/CK00.MAP	175335	22
3ab627f47f	/WR00.MAP	238188	57
3abc5eaf94	/MH00.MAP	166505	36
3ac541b849	/WAZAHELP.MSG	5704	40
3ac5e67bfd	/CK00.MAP	161928	57
3ac5e67bfd	/GB00.MAP	196797	57
3aca0a4a8f	/KB10.MAP	56237	49
3ad388eef7	/NZ10.MAP	113440	28
3ad6e2d3ce	/RT20.MAP	114864	22
3ad7bbf4e9	/IG00.MAP	160214	67
3afebd8f72	/HS00.MAP	75845	51
3b0175ffee	/WR10.MAP	213247	47
3b0657495e	/RS01.MAP	50725	34
3b07c0082d	/NZ10.MAP	109073	28
3b0a481c88	/WY02.MAP	217265	32
3b14107abb	/OT00.MAP	175019	38
3b14107abb	/OT00.MAP	177150	38
3b158b7a67	/CT20.MAP	171276	28
3b16ea5696	/AT00.MAP	188769	86
3b19c0d16d	/CT20.MAP	168643	71
3b1adf7e64	/WY00.MAP	232231	51
3b1adf7e64	/WY00.MAP	232619	51
3b3444f02e	/IP00.MAP	157783	53
3b55db74f7	/IZ00.MAP	62425	43
3b6359346c	/OT00.MAP	168821	52
3b6359346c	/OT01.MAP	169559	52
3b737e4292	/IG00.MAP	178480	57
3b75ff18f4	/MP00.MAP	194291	53
3b792a3bb2	/HL10.MAP	98127	57
3b8395db1c	/DG00.MAP	137135	53
3b85a7a12b	/MP00.MAP	196867	47
3b878ed3ac	/GM00.MAP	193808	32
3b878ed3ac	/GM00.MAP	193928	32
3b8d7b2eeb	/CK00.MAP	176226	53
3b8e246b90	/IG00.MAP	171810	20
3b8e246b90	/IG00.MAP	172803	20
3b8eece581	/RT20.MAP	116214	12
3b94fd50d9	/KR00.MAP	93952	58
3b94fd50d9	/ZM00.MAP	155347	58
3b9bd3aaf2	/ES01.MAP	76454	38
3b9bd3aaf2	/WS01.MAP	81628	38
3bb729f6d4	/GB00.MAP	186908	58
3bb83b5c31	/GB00.MAP	187792	83
3bb997cea6	/KM00.MAP	150968	51
3bbff502a6	/SK00.MAP	116781	47
3bc1c3f320	/WK00.MAP	104241	24
3bc7811ed4	/MK00.MAP	150267	63
3bc81b3533	/WAZAHELP.MSG	7680	40
3bcdfe48d9	/WC00.MAP	231236	22
3bd916f9fa	/AT20.MAP	85437	34
3bdaea3c21	/GH00.MAP	151758	77
3bdfb39e1b	/IG00.MAP	164985	59
3bf0eca615	/ZM00.MAP	151953	26
3bf6fb1931	/KZ00.MAP	171615	26
3bfbb6589c	/IZ00.MAP	63591	53
3c0274f00f	/QH00.MAP	159174	26
3c049a3cb7	/SK00.MAP	115902	39
3c15366c6c	/HL00.MAP	129939	24
3c3775eb39	/MH00.MAP	162944	41
3c40300bf1	/KR00.MAP	108401	61
3c40bb63e0	/ES00.MAP	76504	22
3c40bb63e0	/ES10.MAP	77845	22
3c4bab9f7d	/SK00.MAP	119807	35
3c55836fcd	/GM00.MAP	184296	69
3c5abfa0b5	/WAZAHELP.MSG	6512	56
3c686de0c8	/JG00.MAP	135143	86
3c6fad9948	/JG00.MAP	134750	28
3c78fc2750	/SK10.MAP	42200	12
3c78fc2750	/SK10.MAP	45732	12
3c78fc2750	/SK10.MAP	45748	12
3c78fc2750	/SK10.MAP	59256	12
3c78fc2750	/SK10.MAP	59272	12
3c949838e7	/IG00.MAP	162344	57
3c96ccccab	/WK00.MAP	104946	109
3cb4cb6d07	/ZM00.MAP	143321	42
3cb7a5a78b	/QH01.MAP	146463	96
3cc481a29a	/KR00.MAP	98030	39
3cc6b1a046	/ITEMHELP.MSG	4068	42
3cce1bbdce	/ZM00.MAP	149495	55
3cd8840f96	/WC00.MAP	210449	32
3ce495de66	/AT00.MAP	173398	34
3ce737574d	/ES01.MAP	76524	47
3ce737574d	/WS01.MAP	81698	47
3cefdc8bd9	/DG21.MAP	98550	65
3cf2f8e3ed	/ZM00.MAP	142807	38
3cfa853d9f	/AT20.MAP	89742	16
3cffd68e57	/DG21.MAP	97629	8
3d1421847a	/STATHELP.MAT	1576	340
3d2b367970	/CK01.MAP	157400	6
3d38ccb690	/IP00.MAP	158923	40
3d3df1c69b	/ZM01.MAP	145687	63
3d4bac134a	/BL00.MAP	125585	47
3d4bac134a	/ZM00.MAP	156941	47
3d591da491	/GM00.MAP	195282	41
3d5cf1bf2e	/ZM00.MAP	134162	6
3d5cf1bf2e	/ZM01.MAP	134162	6
3d5ef66a20	/NT00.MAP	60791	41
3d60d2a4b4	/RS01.MAP	50605	88
3d6891fa6c	/IG00.MAP	177869	24
3d6891fa6c	/IG00.MAP	179596	24
3d6b8edf80	/WAZAHELP.MSG	3036	48
3d6b8edf80	/WAZAHELP.MSG	3872	48
3d6c3348ea	/WAZAHELP.MSG	4548	34
3d7165e6fd	/IG00.MAP	177429	69
3d7c9d72bb	/AT00.MAP	191330	61
3d877760c6	/KR00.MAP	103952	82
3d92f2fa1f	/SK00.MAP	118471	34
3d9a8bddab	/MH00.MAP	165619	82
3d9d33b2f7	/BOT5.MAP	27303	22
3da45aa1d4	/OT01.MAP	165091	16
3dcc67faf3	/MP00.MAP	178948	37
3dce8fba07	/WY00.MAP	235177	22
3dced69f35	/SK10.MAP	92712	63
3dd9ab485e	/OT02.MAP	164693	28
3ddac78e7c	/OB00.MAP	152242	12
3ddd09517b	/CK00.MAP	173278	38
3df01aa9ce	/IG00.MAP	165740	73
3dfe6e0e32	/GM00.MAP	198605	26
3e0625fa74	/ZM01.MAP	138812	69
3e0b35be33	/KK00.MAP	132704	49
3e0f0a9e56	/KD00.MAP	161743	49
3e13afcf1c	/IZ00.MAP	63900	28
3e17abc466	/JG02.MAP	126293	16
3e2359a753	/NT20.MAP	152967	34
3e2601a8ed	/CT10.MAP	191937	30
3e2c8a491c	/CK00.MAP	176946	45
3e2e4f4cbe	/ES10.MAP	75327	57
3e2e4f4cbe	/WS10.MAP	80290	57
3e31488051	/WR00.MAP	227264	28
3e37883fc5	/KR00.MAP	105806	49
3e3a69e0b6	/GT10.MAP	50654	36
3e401276ba	/WR00.MAP	234874	30
3e401276ba	/WR00.MAP	235476	30
3e41124a89	/WR00.MAP	218153	20
3e41124a89	/WR02.MAP	214175	20
3e4d9012aa	/DIARY.MSG	6156	149
3e4db176e2	/KR00.MAP	102682	66
3e51929e9f	/JG10.MAP	149534	36
3e59ec8668	/NT30.MAP	105790	42
3e5c3ea0f5	/GB00.MAP	197255	57
3e5c3ea0f5	/GB00.MAP	197355	57
3e5d4c3948	/HS00.MAP	69462	35
3e618cfa70	/KM00.MAP	154434	20
3e66f79616	/WAZAHELP.MSG	6204	50
3e66fa081d	/NT20.MAP	144469	25
3e6c44b684	/NJ00.MAP	156901	40
3e6c44b684	/NJ00.MAP	158007	40
3e6ca043e2	/GM01.MAP	165162	14
3e6ca043e2	/JG00.MAP	138437	14
3e80857783	/WR00.MAP	225595	43
3e82b93224	/GT10.MAP	47643	45
3e835fb4bc	/FIR1.MAP	134698	63
3e8841a08c	/QH00.MAP	162357	51
3e8c60f953	/IG00.MAP	170835	16
3e9687d67d	/KM00.MAP	156152	64
3e968fc57a	/ZM01.MAP	144147	55
3e99d6348b	/RT20.MAP	103108	34
3ea68315a6	/MP00.MAP	194469	51
3eafa6ab44	/WC00.MAP	206947	61
3eb108230c	/CK00.MAP	175501	26
3eb75e60cf	/ZM01.MAP	144297	41
3eb78b47f4	/WY00.MAP	228982	42
3eba993ad2	/OT00.MAP	166625	33
3ebd2e1854	/KM00.MAP	155024	67
3ecf021f87	/IS10.MAP	58470	31
3ed5b6c5ea	/GT20.MAP	142273	34
3ee40f0100	/BL00.MAP	127865	43
3eeac19e08	/GM00.MAP	180069	84
3eeaf0b501	/DG10.MAP	91787	51
3ef24d3411	/ZM01.MAP	145972	37
3efbd3b452	/KM10.MAP	50752	59
3efcfe2b00	/OB00.MAP	156996	61
3f04ae93a8	/WR00.MAP	239346	24
3f05a4b1a4	/STATHELP.MAT	3136	293
3f0f8e0575	/WR02.MAP	212994	16
3f153c2fd5	/KR00.MAP	102871	32
3f18d4d154	/AT00.MAP	178078	47
3f399ea0ee	/DL00.MAP	120947	47
3f3c2d210c	/IP00.MAP	163466	40
3f3cffb87c	/KD00.MAP	170157	26
3f42de6d24	/WR00.MAP	240585	57
3f460f7f4f	/JG02.MAP	125552	18
3f4db314e8	/JG00.MAP	139684	69
3f5b974e10	/GM00.MAP	176912	61
3f60b71d5a	/CT20.MAP	170237	36
3f60f73544	/GM00.MAP	199078	47
3f60f73544	/TJ00.MAP	144172	47
3f60f73544	/TJ01.MAP	144172	47
3f60f73544	/TJ40.MAP	144295	47
3f60f73544	/TJ41.MAP	144302	47
3f62644582	/IG10.MAP	157618	63
3f6a400fed	/WAZAHELP.MSG	4520	24
3f6e0abab1	/MP00.MAP	196721	26
3f7226d7ad	/HS00.MAP	70528	67
3f752b5768	/ES01.MAP	77103	59
3f752b5768	/WS01.MAP	82277	59
3f7583a84e	/NZ10.MAP	109133	22
3f7592b3e4	/GT20.MAP	139212	4
3f7592b3e4	/GT20.MAP	139510	4
3f7592b3e4	/NT21.MAP	131917	4
3f7592b3e4	/NT21.MAP	132205	4
3f7592b3e4	/RT30.MAP	138722	4
3f7592b3e4	/RT30.MAP	139001	4
3f7690cad2	/WY00.MAP	230322	77
3f7b81f69d	/HS00.MAP	69592	16
3f7b81f69d	/WR00.MAP	218449	16
3f7b81f69d	/WR02.MAP	214471	16
3f7b81f69d	/WY02.MAP	212610	16
3f844aa6ef	/KM10.MAP	52570	92
3f878f5a94	/CT10.MAP	196580	67
3f9d0aba94	/HL00.MAP	136172	22
3f9d0aba94	/HL00.MAP	136259	22
3f9d0aba94	/HL00.MAP	136340	22
3f9d953578	/WY00.MAP	230106	20
3f9f7d695b	/IZ00.MAP	65619	33
3fa081d05b	/ITEMHELP.MSG	7252	46
3fa16fa211	/WAZAHELP.MSG	7364	36
3fa591c06c	/NZ11.MAP	107452	22
3faf029e53	/WK00.MAP	106685	53
3fb0005fc3	/KR00.MAP	100741	22
3fb6b7ad28	/AT00.MAP	194878	65
3fba8224d4	/CK00.MAP	166818	10
3fc0803e05	/GT10.MAP	48752	65
3fc0803e05	/GT10.MAP	49411	65
3fc0803e05	/GT10.MAP	50039	65
3fc0803e05	/GT10.MAP	50806	65
3fc0ec1f30	/KS00.MAP	174105	26
3fc27c4f09	/KS00.MAP	167952	67
3fcec783c5	/KD00.MAP	166684	40
3fe2b45760	/KD00.MAP	165923	38
3fe5a88e1f	/DG10.MAP	89585	24
3fe6f8fb3e	/WY00.MAP	219523	42
3fe6f8fb3e	/WY00.MAP	221748	42
3fe73be9a7	/GB00.MAP	184930	53
3fe78320f5	/DG21.MAP	99389	9
3ff3af6a7a	/KM00.MAP	160204	55
400044dff4	/MH00.MAP	182773	79
4009b0f615	/JG00.MAP	131539	36
4019a65ad0	/MH00.MAP	173214	14
4019a65ad0	/OT01.MAP	165885	14
401c5abe28	/AT20.MAP	89951	53
40224c9104	/KM00.MAP	161488	12
40224c9104	/KM00.MAP	163486	12
4025a434d3	/ZM01.MAP	143685	38
4029c67839	/ITEMHELP.MSG	10512	34
4029e51111	/SK00.MAP	118676	57
4034428b00	/KK00.MAP	133087	41
4038dc22b7	/WY00.MAP	221079	12
404e18539c	/WR00.MAP	234476	40
404f22e8fb	/QH00.MAP	162561	24
40509d1d24	/BOT5.MAP	27983	22
40558161a0	/CT00.MAP	165439	55
40574ce6de	/CT10.MAP	196680	71
4068fa6b50	/WC00.MAP	214218	36
40743c2933	/IZ00.MAP	58680	90
40743c2933	/IZ00.MAP	59354	90
407a030e51	/GB00.MAP	192722	94
407a030e51	/GB00.MAP	194575	94
407a030e51	/GB00.MAP	195589	94
407ba9b7b7	/DS00.MAP	83938	32
407f0b8efb	/CK00.MAP	162536	229
4083bca710	/IG00.MAP	172173	30
4083bca710	/MH00.MAP	164848	30
4086e1c34f	/RT20.MAP	103179	45
408d151a31	/WY02.MAP	213594	36
408d316c18	/CT20.MAP	167935	57
40937b96d8	/KS00.MAP	169537	49
40a7942403	/MP00.MAP	177316	55
40c456fc54	/KS00.MAP	167356	47
40c7c5c1c1	/FIR1.MAP	134498	80
40cbdc6d0a	/KM00.MAP	159548	69
40d1c73108	/KB10.MAP	55822	51
40df49c4a8	/AT00.MAP	191714	67
40ef8bc422	/DS00.MAP	85513	53
40f07f9424	/GT00.MAP	147939	41
40f3220f81	/KM10.MAP	50975	26
40fd91968e	/SK00.MAP	99122	8
40fd91968e	/SK00.MAP	99138	8
40fd91968e	/SK00.MAP	108138	8
40fd91968e	/SK00.MAP	108154	8
40fd91968e	/TTTT.MAP	83362	8
40fd91968e	/TTTT.MAP	83378	8
40fd91968e	/TTTT.MAP	92378	8
40fd91968e	/TTTT.MAP	92394	8
41034ed23b	/ZM00.MAP	142528	42
4103ee17ff	/IS10.MAP	61744	64
4112d7bdbf	/BL10.MAP	40764	22
4117cabfd5	/GB00.MAP	185181	110
4118d81d95	/NT20.MAP	145480	71
4127c15ec8	/NZ10.MAP	110248	21
412eb76fda	/GB00.MAP	178849	34
4131606c12	/HL00.MAP	132653	37
413b489e55	/JG00.MAP	134545	32
41457b9765	/GB00.MAP	171757	84
4150ba0df4	/FIR3.MAP	108128	44
415a6e37b7	/AT00.MAP	194672	77
417083400d	/IS10.MAP	61287	41
4172baff86	/WR00.MAP	227048	26
4172baff86	/WR00.MAP	227085	26
4172baff86	/WR00.MAP	241796	26
417d4fe81d	/GM00.MAP	177006	57
417e3a1e26	/MH00.MAP	175412	42
418373cb22	/CT20.MAP	168902	76
418550b82b	/MH00.MAP	169478	49
418550b82b	/MH00.MAP	172117	49
4193a3ec8d	/WY00.MAP	232922	26
4193a3ec8d	/WY00.MAP	232959	26
419b1faad4	/MK00.MAP	148796	36
41a67e04f0	/MH00.MAP	161543	39
41be8b6a8d	/GM00.MAP	184056	49
41c559da02	/AT00.MAP	178545	45
41d7889129	/CT20.MAP	169010	30
41d7ebbb96	/ITEMHELP.MSG	7724	78
41dab86a89	/HY00.MAP	133123	24
41de04c510	/GM00.MAP	189626	49
41e13e18ea	/DG21.MAP	97302	18
41e1a0f9f4	/KM00.MAP	162370	63
41e1a0f9f4	/KM00.MAP	164368	63
41e5bfc96b	/GB00.MAP	173710	49
41ec076cd6	/SB00.MAP	72848	16
41ed315fea	/JG00.MAP	133814	43
41edf5a50c	/WY02.MAP	212978	67
42014978a9	/MH00.MAP	170913	57
42054d85c6	/WY00.MAP	231720	26
420ad5af33	/KK00.MAP	134208	16
420ed659f4	/GB00.MAP	189650	32
420ed659f4	/GB00.MAP	193026	32
420ed659f4	/GB00.MAP	193940	32
421449b6b5	/KS00.MAP	167892	28
4222119a74	/NJ10.MAP	134631	57
422f5c92a7	/NJ10.MAP	128860	67
422f9952af	/WR00.MAP	224355	30
4241206e50	/ZM00.MAP	152574	53
4250ca1e44	/AT00.MAP	171429	8
4250ca1e44	/AT00.MAP	171461	8
4250ca1e44	/AT01.MAP	165157	8
4250ca1e44	/AT01.MAP	165189	8
4250ca1e44	/AT10.MAP	160953	8
4250ca1e44	/AT10.MAP	160985	8
4250ca1e44	/AT20.MAP	81619	8
4250ca1e44	/AT20.MAP	81651	8
4250ca1e44	/BL00.MAP	124680	8
4250ca1e44	/BL00.MAP	124712	8
4250ca1e44	/BL00.MAP	126898	8
4250ca1e44	/BL10.MAP	40712	8
4250ca1e44	/BL10.MAP	40744	8
4250ca1e44	/BL20.MAP	57929	8
4250ca1e44	/BL20.MAP	57961	8
4250ca1e44	/BL30.MAP	42728	8
4250ca1e44	/BL30.MAP	42760	8
4250ca1e44	/BL40.MAP	80822	8
4250ca1e44	/BL40.MAP	80854	8
4250ca1e44	/BL50.MAP	51268	8
4250ca1e44	/BL50.MAP	51300	8
4250ca1e44	/BOOT.MAP	25242	8
4250ca1e44	/BOOT.MAP	25274	8
4250ca1e44	/BOOT2.MAP	142088	8
4250ca1e44	/BOOT2.MAP	142120	8
4250ca1e44	/BOT3.MAP	27144	8
4250ca1e44	/BOT3.MAP	27176	8
4250ca1e44	/BOT4.MAP	27015	8
4250ca1e44	/BOT4.MAP	27047	8
4250ca1e44	/BOT5.MAP	26762	8
4250ca1e44	/BOT5.MAP	26794	8
4250ca1e44	/CK00.MAP	160675	8
4250ca1e44	/CK00.MAP	160707	8
4250ca1e44	/CK00.MAP	164198	8
4250ca1e44	/CK00.MAP	170003	8
4250ca1e44	/CK01.MAP	156701	8
4250ca1e44	/CK01.MAP	156733	8
4250ca1e44	/CT00.MAP	164461	8
4250ca1e44	/CT00.MAP	164493	8
4250ca1e44	/CT10.MAP	186633	8
4250ca1e44	/CT10.MAP	186665	8
4250ca1e44	/CT20.MAP	166520	8
4250ca1e44	/CT20.MAP	166552	8
4250ca1e44	/DG00.MAP	135308	8
4250ca1e44	/DG00.MAP	135340	8
4250ca1e44	/DG10.MAP	89233	8
4250ca1e44	/DG10.MAP	89265	8
4250ca1e44	/DG21.MAP	95443	8
4250ca1e44	/DG21.MAP	95475	8
4250ca1e44	/DL00.MAP	119988	8
4250ca1e44	/DL00.MAP	120020	8
4250ca1e44	/DS00.MAP	83686	8
4250ca1e44	/DS00.MAP	83718	8
4250ca1e44	/DS10.MAP	78388	8
4250ca1e44	/DS10.MAP	78420	8
4250ca1e44	/ES00.MAP	74285	8
4250ca1e44	/ES00.MAP	74317	8
4250ca1e44	/ES01.MAP	73820	8
4250ca1e44	/ES01.MAP	73852	8
4250ca1e44	/ES10.MAP	74799	8
4250ca1e44	/ES10.MAP	74831	8
4250ca1e44	/FIR0.MAP	95085	8
4250ca1e44	/FIR0.MAP	95117	8
4250ca1e44	/FIR1.MAP	134345	8
4250ca1e44	/FIR1.MAP	134377	8
4250ca1e44	/FIR2.MAP	114286	8
4250ca1e44	/FIR2.MAP	114318	8
4250ca1e44	/FIR3.MAP	107745	8
4250ca1e44	/FIR3.MAP	107777	8
4250ca1e44	/GB00.MAP	171438	8
4250ca1e44	/GB00.MAP	171470	8
4250ca1e44	/GB00.MAP	197430	8
4250ca1e44	/GB00.MAP	197477	8
4250ca1e44	/GB00.MAP	197525	8
4250ca1e44	/GB00.MAP	197565	8
4250ca1e44	/GH00.MAP	151067	8
4250ca1e44	/GH00.MAP	151099	8
4250ca1e44	/GM00.MAP	171251	8
4250ca1e44	/GM00.MAP	171283	8
4250ca1e44	/GM00.MAP	173512	8
4250ca1e44	/GM00.MAP	175074	8
4250ca1e44	/GM01.MAP	164708	8
4250ca1e44	/GM01.MAP	164740	8
4250ca1e44	/GT00.MAP	145768	8
4250ca1e44	/GT00.MAP	145800	8
4250ca1e44	/GT10.MAP	46135	8
4250ca1e44	/GT10.MAP	46167	8
4250ca1e44	/GT20.MAP	138935	8
4250ca1e44	/GT20.MAP	138967	8
4250ca1e44	/HL00.MAP	128866	8
4250ca1e44	/HL00.MAP	128898	8
4250ca1e44	/HL10.MAP	94246	8
4250ca1e44	/HL10.MAP	94278	8
4250ca1e44	/HL10.MAP	100367	8
4250ca1e44	/HL10.MAP	100414	8
4250ca1e44	/HL10.MAP	100461	8
4250ca1e44	/HL10.MAP	100509	8
4250ca1e44	/HL11.MAP	92304	8
4250ca1e44	/HL11.MAP	92336	8
4250ca1e44	/HS00.MAP	69131	8
4250ca1e44	/HS00.MAP	69163	8
4250ca1e44	/HS10.MAP	181238	8
4250ca1e44	/HS10.MAP	181270	8
4250ca1e44	/HY00.MAP	131107	8
4250ca1e44	/HY00.MAP	131139	8
4250ca1e44	/IG00.MAP	157366	8
4250ca1e44	/IG00.MAP	157398	8
4250ca1e44	/IG00.MAP	157645	8
4250ca1e44	/IG00.MAP	159962	8
4250ca1e44	/IG00.MAP	162909	8
4250ca1e44	/IG00.MAP	164921	8
4250ca1e44	/IG00.MAP	167600	8
4250ca1e44	/IG01.MAP	153283	8
4250ca1e44	/IG01.MAP	153315	8
4250ca1e44	/IG10.MAP	153687	8
4250ca1e44	/IG10.MAP	153719	8
4250ca1e44	/IP00.MAP	156537	8
4250ca1e44	/IP00.MAP	156569	8
4250ca1e44	/IP10.MAP	135315	8
4250ca1e44	/IP10.MAP	135347	8
4250ca1e44	/IS00.MAP	160497	8
4250ca1e44	/IS00.MAP	160529	8
4250ca1e44	/IS10.MAP	58192	8
4250ca1e44	/IS10.MAP	58224	8
4250ca1e44	/IXXX.MAP	22014	8
4250ca1e44	/IXXX.MAP	22046	8
4250ca1e44	/IY00.MAP	121639	8
4250ca1e44	/IY00.MAP	121671	8
4250ca1e44	/IZ00.MAP	49360	8
4250ca1e44	/IZ00.MAP	49392	8
4250ca1e44	/JG00.MAP	130109	8
4250ca1e44	/JG00.MAP	130141	8
4250ca1e44	/JG01.MAP	125251	8
4250ca1e44	/JG01.MAP	125283	8
4250ca1e44	/JG02.MAP	125466	8
4250ca1e44	/JG02.MAP	125498	8
4250ca1e44	/JG10.MAP	148717	8
4250ca1e44	/JG10.MAP	148749	8
4250ca1e44	/KB00.MAP	54564	8
4250ca1e44	/KB00.MAP	54596	8
4250ca1e44	/KB01.MAP	54195	8
4250ca1e44	/KB01.MAP	54227	8
4250ca1e44	/KB10.MAP	55323	8
4250ca1e44	/KB10.MAP	55355	8
4250ca1e44	/KB20.MAP	61166	8
4250ca1e44	/KB20.MAP	61198	8
4250ca1e44	/KD00.MAP	160845	8
4250ca1e44	/KD00.MAP	160877	8
4250ca1e44	/KK00.MAP	130400	8
4250ca1e44	/KK00.MAP	130432	8
4250ca1e44	/KK01.MAP	129054	8
4250ca1e44	/KK01.MAP	129086	8
4250ca1e44	/KM00.MAP	144944	8
4250ca1e44	/KM00.MAP	144976	8
4250ca1e44	/KM00.MAP	145011	8
4250ca1e44	/KM00.MAP	146283	8
4250ca1e44	/KM01.MAP	141026	8
4250ca1e44	/KM01.MAP	141058	8
4250ca1e44	/KM10.MAP	47162	8
4250ca1e44	/KM10.MAP	47194	8
4250ca1e44	/KR00.MAP	93423	8
4250ca1e44	/KR00.MAP	93455	8
4250ca1e44	/KR00.MAP	95276	8
4250ca1e44	/KR00.MAP	97219	8
4250ca1e44	/KR00.MAP	102277	8
4250ca1e44	/KS00.MAP	167111	8
4250ca1e44	/KS00.MAP	167143	8
4250ca1e44	/KZ00.MAP	171139	8
4250ca1e44	/KZ00.MAP	171171	8
4250ca1e44	/MH00.MAP	160347	8
4250ca1e44	/MH00.MAP	160379	8
4250ca1e44	/MH00.MAP	160582	8
4250ca1e44	/MH00.MAP	161479	8
4250ca1e44	/MH00.MAP	162722	8
4250ca1e44	/MH00.MAP	165187	8
4250ca1e44	/MH00.MAP	165951	8
4250ca1e44	/MH00.MAP	166816	8
4250ca1e44	/MK00.MAP	147208	8
4250ca1e44	/MK00.MAP	147240	8
4250ca1e44	/MP00.MAP	174375	8
4250ca1e44	/MP00.MAP	174407	8
4250ca1e44	/MP00.MAP	182288	8
4250ca1e44	/MP00.MAP	182734	8
4250ca1e44	/MP00.MAP	182952	8
4250ca1e44	/MP00.MAP	183075	8
4250ca1e44	/MP00.MAP	183437	8
4250ca1e44	/MP00.MAP	184176	8
4250ca1e44	/MP00.MAP	184569	8
4250ca1e44	/MP00.MAP	184687	8
4250ca1e44	/MP00.MAP	184906	8
4250ca1e44	/MP00.MAP	185699	8
4250ca1e44	/MP00.MAP	185844	8
4250ca1e44	/MP00.MAP	185962	8
4250ca1e44	/MP00.MAP	186184	8
4250ca1e44	/MP00.MAP	186413	8
4250ca1e44	/MP00.MAP	186644	8
4250ca1e44	/MP00.MAP	186754	8
4250ca1e44	/MP00.MAP	187099	8
4250ca1e44	/MP01.MAP	125747	8
4250ca1e44	/MP01.MAP	125779	8
4250ca1e44	/NJ00.MAP	155331	8
4250ca1e44	/NJ00.MAP	155363	8
4250ca1e44	/NJ10.MAP	126857	8
4250ca1e44	/NJ10.MAP	126889	8
4250ca1e44	/NT00.MAP	60513	8
4250ca1e44	/NT00.MAP	60545	8
4250ca1e44	/NT10.MAP	132541	8
4250ca1e44	/NT10.MAP	132573	8
4250ca1e44	/NT20.MAP	143504	8
4250ca1e44	/NT20.MAP	143536	8
4250ca1e44	/NT21.MAP	130089	8
4250ca1e44	/NT21.MAP	130121	8
4250ca1e44	/NT30.MAP	102524	8
4250ca1e44	/NT30.MAP	102556	8
4250ca1e44	/NT31.MAP	137381	8
4250ca1e44	/NT31.MAP	137413	8
4250ca1e44	/NZ00.MAP	116363	8
4250ca1e44	/NZ00.MAP	116395	8
4250ca1e44	/NZ10.MAP	108865	8
4250ca1e44	/NZ10.MAP	108897	8
4250ca1e44	/NZ11.MAP	107361	8
4250ca1e44	/NZ11.MAP	107393	8
4250ca1e44	/OB00.MAP	150063	8
4250ca1e44	/OB00.MAP	150095	8
4250ca1e44	/OT00.MAP	165980	8
4250ca1e44	/OT00.MAP	166012	8
4250ca1e44	/OT00.MAP	169341	8
4250ca1e44	/OT00.MAP	170591	8
4250ca1e44	/OT00.MAP	171637	8
4250ca1e44	/OT00.MAP	172503	8
4250ca1e44	/OT01.MAP	163414	8
4250ca1e44	/OT01.MAP	163446	8
4250ca1e44	/OT01.MAP	166643	8
4250ca1e44	/OT01.MAP	167187	8
4250ca1e44	/OT01.MAP	167515	8
4250ca1e44	/OT01.MAP	167749	8
4250ca1e44	/OT02.MAP	163191	8
4250ca1e44	/OT02.MAP	163223	8
4250ca1e44	/OT10.MAP	162946	8
4250ca1e44	/OT10.MAP	162978	8
4250ca1e44	/QH00.MAP	148379	8
4250ca1e44	/QH00.MAP	148411	8
4250ca1e44	/QH00.MAP	150494	8
4250ca1e44	/QH00.MAP	150526	8
4250ca1e44	/QH00.MAP	150558	8
4250ca1e44	/QH00.MAP	150590	8
4250ca1e44	/QH00.MAP	151985	8
4250ca1e44	/QH00.MAP	152017	8
4250ca1e44	/QH00.MAP	152049	8
4250ca1e44	/QH00.MAP	152081	8
4250ca1e44	/QH00.MAP	152700	8
4250ca1e44	/QH00.MAP	152732	8
4250ca1e44	/QH00.MAP	152764	8
4250ca1e44	/QH00.MAP	152796	8
4250ca1e44	/QH00.MAP	153906	8
4250ca1e44	/QH00.MAP	153938	8
4250ca1e44	/QH00.MAP	153970	8
4250ca1e44	/QH00.MAP	154002	8
4250ca1e44	/QH01.MAP	145030	8
4250ca1e44	/QH01.MAP	145062	8
4250ca1e44	/RS00.MAP	48454	8
4250ca1e44	/RS00.MAP	48486	8
4250ca1e44	/RS01.MAP	49780	8
4250ca1e44	/RS01.MAP	49812	8
4250ca1e44	/RT00.MAP	159042	8
4250ca1e44	/RT00.MAP	159074	8
4250ca1e44	/RT20.MAP	101944	8
4250ca1e44	/RT20.MAP	101976	8
4250ca1e44	/RT30.MAP	138036	8
4250ca1e44	/RT30.MAP	138068	8
4250ca1e44	/SB00.MAP	72257	8
4250ca1e44	/SB00.MAP	72289	8
4250ca1e44	/SK00.MAP	115614	8
4250ca1e44	/SK00.MAP	115646	8
4250ca1e44	/SK10.MAP	91930	8
4250ca1e44	/SK10.MAP	91962	8
4250ca1e44	/SS00.MAP	68663	8
4250ca1e44	/SS00.MAP	68695	8
4250ca1e44	/SS10.MAP	68710	8
4250ca1e44	/SS10.MAP	68742	8
4250ca1e44	/ST00.MAP	115514	8
4250ca1e44	/ST00.MAP	115546	8
4250ca1e44	/ST10.MAP	81999	8
4250ca1e44	/ST10.MAP	82031	8
4250ca1e44	/TEST.MAP	141682	8
4250ca1e44	/TEST.MAP	141714	8
4250ca1e44	/TJ00.MAP	144057	8
4250ca1e44	/TJ00.MAP	144089	8
4250ca1e44	/TJ01.MAP	144057	8
4250ca1e44	/TJ01.MAP	144089	8
4250ca1e44	/TJ10.MAP	29781	8
4250ca1e44	/TJ10.MAP	29813	8
4250ca1e44	/TJ11.MAP	44909	8
4250ca1e44	/TJ11.MAP	44941	8
4250ca1e44	/TJ20.MAP	29828	8
4250ca1e44	/TJ20.MAP	29860	8
4250ca1e44	/TJ21.MAP	44964	8
4250ca1e44	/TJ21.MAP	44996	8
4250ca1e44	/TJ22.MAP	48872	8
4250ca1e44	/TJ22.MAP	48904	8
4250ca1e44	/TJ30.MAP	52433	8
4250ca1e44	/TJ30.MAP	52465	8
4250ca1e44	/TJ31.MAP	54489	8
4250ca1e44	/TJ31.MAP	54521	8
4250ca1e44	/TJ32.MAP	48849	8
4250ca1e44	/TJ32.MAP	48881	8
4250ca1e44	/TJ40.MAP	144181	8
4250ca1e44	/TJ40.MAP	144213	8
4250ca1e44	/TJ41.MAP	144188	8
4250ca1e44	/TJ41.MAP	144220	8
4250ca1e44	/TJ50.MAP	29845	8
4250ca1e44	/TJ50.MAP	29877	8
4250ca1e44	/TJ51.MAP	45021	8
4250ca1e44	/TJ51.MAP	45053	8
4250ca1e44	/TJ60.MAP	29892	8
4250ca1e44	/TJ60.MAP	29924	8
4250ca1e44	/TJ61.MAP	45076	8
4250ca1e44	/TJ61.MAP	45108	8
4250ca1e44	/TJ62.MAP	48936	8
4250ca1e44	/TJ62.MAP	48968	8
4250ca1e44	/TJ70.MAP	52545	8
4250ca1e44	/TJ70.MAP	52577	8
4250ca1e44	/TJ71.MAP	54505	8
4250ca1e44	/TJ71.MAP	54537	8
4250ca1e44	/TJ72.MAP	48961	8
4250ca1e44	/TJ72.MAP	48993	8
4250ca1e44	/TM00.MAP	130175	8
4250ca1e44	/TM00.MAP	130207	8
4250ca1e44	/TM00.MAP	131316	8
4250ca1e44	/TM10.MAP	68514	8
4250ca1e44	/TM10.MAP	68546	8
4250ca1e44	/TM20.MAP	78170	8
4250ca1e44	/TM20.MAP	78202	8
4250ca1e44	/TM30.MAP	101442	8
4250ca1e44	/TM30.MAP	101474	8
4250ca1e44	/TM40.MAP	44518	8
4250ca1e44	/TM40.MAP	44550	8
4250ca1e44	/TST2.MAP	128430	8
4250ca1e44	/TST2.MAP	128462	8
4250ca1e44	/TTTT.MAP	97126	8
4250ca1e44	/TTTT.MAP	97158	8
4250ca1e44	/WC00.MAP	205871	8
4250ca1e44	/WC00.MAP	205903	8
4250ca1e44	/WC01.MAP	199236	8
4250ca1e44	/WC01.MAP	199268	8
4250ca1e44	/WK00.MAP	103551	8
4250ca1e44	/WK00.MAP	103583	8
4250ca1e44	/WR00.MAP	217731	8
4250ca1e44	/WR00.MAP	217763	8
4250ca1e44	/WR01.MAP	210424	8
4250ca1e44	/WR01.MAP	210456	8
4250ca1e44	/WR02.MAP	212600	8
4250ca1e44	/WR02.MAP	212632	8
4250ca1e44	/WR10.MAP	210586	8
4250ca1e44	/WR10.MAP	210618	8
4250ca1e44	/WS00.MAP	79335	8
4250ca1e44	/WS00.MAP	79367	8
4250ca1e44	/WS01.MAP	78822	8
4250ca1e44	/WS01.MAP	78854	8
4250ca1e44	/WS10.MAP	79744	8
4250ca1e44	/WS10.MAP	79776	8
4250ca1e44	/WY00.MAP	215781	8
4250ca1e44	/WY00.MAP	215813	8
4250ca1e44	/WY01.MAP	208994	8
4250ca1e44	/WY01.MAP	209026	8
4250ca1e44	/WY02.MAP	210908	8
4250ca1e44	/WY02.MAP	210940	8
4250ca1e44	/ZM00.MAP	140820	8
4250ca1e44	/ZM00.MAP	140852	8
4250ca1e44	/ZM00.MAP	140872	8
4250ca1e44	/ZM00.MAP	140906	8
4250ca1e44	/ZM00.MAP	158316	8
4250ca1e44	/ZM00.MAP	158363	8
4250ca1e44	/ZM00.MAP	158411	8
4250ca1e44	/ZM01.MAP	137659	8
4250ca1e44	/ZM01.MAP	137691	8
4250ca1e44	/ZM01.MAP	142336	8
4250ca1e44	/ZM01.MAP	143304	8
4250ca1e44	/ZM01.MAP	143739	8
4252ca824b	/CT10.MAP	187197	10
4257235b1a	/GT20.MAP	140963	30
425a7d20b9	/KB20.MAP	61488	51
425a881053	/QH00.MAP	149086	33
425e91d1a7	/MP00.MAP	194737	45
4273a42998	/DIARY.MSG	576	248
4278fe7fbc	/NT00.MAP	61402	28
427b3e22f2	/WC00.MAP	218181	57
42803e3241	/AT20.MAP	90336	31
428247bb41	/OT01.MAP	167813	106
4282727bb5	/AT10.MAP	169280	24
4283d912a3	/MP00.MAP	197143	80
428c5f5eac	/RT20.MAP	120308	70
429d025613	/IP00.MAP	159287	22
42a15dc52c	/GM00.MAP	199876	30
42a5c1b85d	/KR00.MAP	103259	51
42a79f6ee0	/ITEMHELP.MSG	4112	42
42ac196a47	/GH00.MAP	152211	65
42b52453aa	/IS10.MAP	59015	32
42da0fa8e8	/ZM01.MAP	145067	46
42dbcf0073	/GM00.MAP	177676	102
42ede8cefe	/NT20.MAP	146311	32
42f3498400	/AT00.MAP	198016	38
43027bf781	/AT20.MAP	85503	69
430f4ccb47	/WS00.MAP	81945	38
430f4ccb47	/WS10.MAP	82675	38
4310d501f6	/ITEMHELP.MSG	6372	72
43113a2158	/SK00.MAP	119076	43
43184fcf13	/KD00.MAP	163400	45
43188ad71a	/WR00.MAP	227860	39
4320cc075f	/KM00.MAP	148812	42
432f874712	/ITEMHELP.MSG	4744	32
4332b51109	/BL00.MAP	127494	47
43351e3d89	/OT01.MAP	165606	22
433a10d805	/GB00.MAP	188102	61
433a10d805	/GB00.MAP	190656	61
433fafa5ea	/GB00.MAP	188686	40
433fafa5ea	/GB00.MAP	191240	40
434790d202	/KR00.MAP	101563	28
434f14719e	/IG00.MAP	163735	72
4351a5f369	/MH00.MAP	176480	34
4354f71b21	/AT20.MAP	87907	10
43641bc132	/KS00.MAP	172305	24
43761b9ffc	/IZ00.MAP	60359	57
43761b9ffc	/IZ00.MAP	60652	57
437a7e8129	/BL00.MAP	125381	24
437a7e8129	/ZM00.MAP	156743	24
437b29f51d	/OT02.MAP	164927	78
437b7f0889	/KM10.MAP	49967	61
4384727b9a	/IZ00.MAP	52126	40
4393f8416f	/JG00.MAP	136910	22
439568cf3c	/NJ10.MAP	133564	32
439a08d681	/IZ00.MAP	59062	53
439a08d681	/IZ00.MAP	59736	53
439d1103e5	/WC00.MAP	215037	47
43a81f4cc8	/KS00.MAP	169290	69
43ac8eefc9	/ES00.MAP	76409	63
43ac8eefc9	/ES10.MAP	77750	63
43c3aa305c	/HS10.MAP	182270	77
43c3aa305c	/HS10.MAP	182996	77
43cabec69b	/ES10.MAP	77165	10
43cabec69b	/WS10.MAP	82128	10
43e9b52ba5	/CK00.MAP	160946	19
43f902d22c	/QH00.MAP	150264	26
43f94fd7ba	/TJ60.MAP	30345	16
43f94fd7ba	/TJ61.MAP	45529	16
43f94fd7ba	/TJ62.MAP	49389	16
43fbe6ee38	/BOT5.MAP	27276	8
43fc905513	/NT20.MAP	147735	57
43ffb4bcfa	/KM00.MAP	158413	57
440ac25571	/MP00.MAP	193585	14
440bb3f39b	/JG00.MAP	134959	47
441303b970	/WAZAHELP.MSG	5840	42
44148705ca	/STATHELP.MAT	1920	350
4426c0d166	/GB00.MAP	188878	22
4426c0d166	/GB00.MAP	189834	22
4426c0d166	/GB00.MAP	191432	22
4426c0d166	/GB00.MAP	193210	22
442fecdf76	/MP00.MAP	188366	73
4435b8f85e	/QH00.MAP	160610	67
4445cf5bce	/MP00.MAP	196779	55
444dfda645	/AT00.MAP	197399	59
444e42f7c3	/TJ00.MAP	144635	35
444e42f7c3	/TJ01.MAP	144635	35
4452481165	/HL00.MAP	129210	74
445ac371a2	/KB00.MAP	55759	61
445ac371a2	/KB20.MAP	63172	61
445afb5988	/DG10.MAP	91957	20
4462b00a20	/WAZAHELP.MSG	4008	67
4467779f72	/MP00.MAP	182451	64
4468580cc9	/GM00.MAP	204095	49
4476af8aa8	/TM00.MAP	133145	82
4479e17b65	/WR00.MAP	225194	38
447a9dd578	/IS10.MAP	60630	43
447e6697e2	/WK00.MAP	103882	16
447f4c7a14	/RT20.MAP	111412	35
4484c12b71	/QH00.MAP	158547	64
448b548f9f	/KS00.MAP	169477	28
448b548f9f	/KS00.MAP	170088	28
448f22e97e	/MH00.MAP	166958	73
44976205eb	/GM00.MAP	205227	61
449e095168	/WC00.MAP	213197	37
44af6a0e14	/MP00.MAP	191689	34
44b263d8e2	/KM00.MAP	156519	82
44b79a6cbd	/HL00.MAP	129285	30
44c154060c	/KR00.MAP	100097	49
44c662ce93	/KR00.MAP	110895	14
44d90f70c4	/ST00.MAP	116111	49
44e9190c6f	/WC00.MAP	215750	30
44eba40e6a	/AT20.MAP	83408	63
44f146e368	/MH00.MAP	170568	28
44f146e368	/WY00.MAP	227202	28
44f4546d03	/GM00.MAP	192209	61
44f4546d03	/GM00.MAP	192836	61
44f475402f	/IP10.MAP	135488	26
efa244adb3	/ITEMHELP.MSG	976	36
4505043c78	/OT01.MAP	167426	73
450d6f8b3b	/WC00.MAP	224001	45
451401dec4	/KM10.MAP	52504	34
45195adac1	/QH00.MAP	149485	46
451a302e70	/IG00.MAP	167058	98
45457f77a5	/IP00.MAP	161225	49
455048cf50	/IZ00.MAP	56544	73
4550878dc8	/WR10.MAP	212539	24
455a959d74	/IZ00.MAP	52283	49
45668d7e95	/IG00.MAP	159622	77
456e079379	/OT00.MAP	176262	20
4577f2dd06	/KD00.MAP	167236	40
457970f86d	/AT20.MAP	90188	10
457970f86d	/IP10.MAP	137253	10
457b2375d3	/MP00.MAP	180616	30
4582e40f9b	/KM00.MAP	148413	47
45ac04c435	/SB00.MAP	72401	34
45bf8d4816	/ZM01.MAP	140069	45
45c083aa65	/CT00.MAP	34340	16
45d51c862b	/ZM01.MAP	138914	42
45d894115b	/NZ10.MAP	111768	42
45e49ebd20	/KK00.MAP	133506	76
45e912d8b1	/CK00.MAP	177608	65
45ef7ab221	/KM00.MAP	147467	61
45f40cf4d8	/OT01.MAP	166513	25
45fe1b354a	/KR00.MAP	109925	47
460459d008	/MP00.MAP	184123	37
46119f9d41	/KD00.MAP	164085	72
46166108c1	/MP00.MAP	179246	10
46228f9d8e	/RT20.MAP	119805	63
46298aa3cf	/CT10.MAP	195142	67
462a47d633	/KR00.MAP	99543	26
462acd73f6	/KD00.MAP	161006	55
462dd23433	/GB00.MAP	178573	51
462e7f8ad7	/IZ00.MAP	64944	47
463b943e3a	/MP00.MAP	180758	28
4647c144bd	/IZ00.MAP	59933	22
464d8d8f26	/GB00.MAP	183492	20
4651171fff	/WAZAHELP.MSG	4892	38
4666d7e9dc	/MH00.MAP	166105	63
46693590f1	/KZ00.MAP	171783	122
466be9feef	/DG21.MAP	95945	103
4672fca064	/OT00.MAP	175611	45
4672fca064	/OT00.MAP	176115	45
4677bd54f1	/MK00.MAP	150768	59
468bbec4c5	/WC00.MAP	226904	41
468ede9042	/WY00.MAP	235667	36
469a6a4db7	/ITEMHELP.MSG	7356	70
46ac5e9a03	/JG00.MAP	136220	43
46b2eea1f6	/GT10.MAP	47727	70
46b2eea1f6	/GT10.MAP	49163	70
46b2eea1f6	/GT10.MAP	49780	70
46b2eea1f6	/GT10.MAP	50551	70
46e87a84ba	/WR10.MAP	211873	36
46e9baa2a3	/WK00.MAP	103743	30
46f52e50c4	/GM00.MAP	199314	73
46f52e50c4	/TJ00.MAP	144408	73
46f52e50c4	/TJ01.MAP	144408	73
470603ef29	/IG00.MAP	161192	49
470d0f164e	/OB00.MAP	154617	32
472007f730	/JG00.MAP	137688	86
4722484909	/KR00.MAP	96444	46
4723ff152b	/KM01.MAP	141117	73
4726910a03	/AT00.MAP	178157	57
472b5a4ab8	/WAZAHELP.MSG	6108	48
472f192f81	/KR00.MAP	107309	41
473f5aa046	/OT00.MAP	178683	49
474432655c	/NT31.MAP	137525	17
4749062b8c	/ZM01.MAP	141597	47
47528d4611	/WS00.MAP	82015	67
47528d4611	/WS10.MAP	82745	67
475a57ce7d	/DG21.MAP	96415	49
475e3ff30c	/AT20.MAP	90519	51
4762cfb8fc	/GB00.MAP	188355	14
4762cfb8fc	/GB00.MAP	190909	14
477868f1bc	/GM00.MAP	204534	35
4778f49eb2	/GT20.MAP	141025	16
4778f49eb2	/NT30.MAP	107511	16
4778f49eb2	/WR00.MAP	238348	16
4778f49eb2	/ZM00.MAP	142190	16
478c9c3d29	/GT10.MAP	51024	24
479d698e5b	/KM00.MAP	159264	53
47a2b618e1	/GB00.MAP	183254	47
47a45c0e9e	/JG02.MAP	126491	69
47b22e9195	/WR00.MAP	220186	55
47b4c649e6	/OT01.MAP	166221	61
47b549ab9e	/ZM00.MAP	150941	51
47b9ba3715	/MP00.MAP	178804	26
47c38c520c	/KB01.MAP	54951	29
47c8a024ea	/MH00.MAP	182885	71
47cd33cf9a	/OT01.MAP	164137	40
47d3308ede	/OB00.MAP	158097	29
47de47dffb	/WC00.MAP	208193	65
47e03d869e	/IZ00.MAP	61186	88
47e03d869e	/IZ00.MAP	61961	88
47e05f20e7	/AT20.MAP	90477	10
47ea9d1142	/OT00.MAP	179915	57
47ec69ebbb	/IZ00.MAP	51349	53
47f794906e	/QH00.MAP	154294	94
47fa06cb2b	/WY02.MAP	215285	28
47ff27dbe2	/AT00.MAP	195809	43
48023a9093	/QH00.MAP	151263	51
481710a823	/WY00.MAP	226117	16
481a3a3cb0	/ZM01.MAP	138256	28
4834f56ef4	/MH00.MAP	178490	67
4837e62b83	/AT00.MAP	171451	8
4837e62b83	/AT00.MAP	171470	8
4837e62b83	/AT01.MAP	165179	8
4837e62b83	/AT01.MAP	165198	8
4837e62b83	/AT10.MAP	160975	8
4837e62b83	/AT10.MAP	160994	8
4837e62b83	/AT20.MAP	81641	8
4837e62b83	/AT20.MAP	81660	8
4837e62b83	/BL00.MAP	124702	8
4837e62b83	/BL00.MAP	124721	8
4837e62b83	/BL00.MAP	126920	8
4837e62b83	/BL10.MAP	40734	8
4837e62b83	/BL10.MAP	40753	8
4837e62b83	/BL20.MAP	57951	8
4837e62b83	/BL20.MAP	57970	8
4837e62b83	/BL30.MAP	42750	8
4837e62b83	/BL30.MAP	42769	8
4837e62b83	/BL40.MAP	80844	8
4837e62b83	/BL40.MAP	80863	8
4837e62b83	/BL50.MAP	51290	8
4837e62b83	/BL50.MAP	51309	8
4837e62b83	/BOOT.MAP	25264	8
4837e62b83	/BOOT.MAP	25283	8
4837e62b83	/BOOT2.MAP	142110	8
4837e62b83	/BOOT2.MAP	142129	8
4837e62b83	/BOT3.MAP	27166	8
4837e62b83	/BOT3.MAP	27185	8
4837e62b83	/BOT4.MAP	27037	8
4837e62b83	/BOT4.MAP	27056	8
4837e62b83	/BOT5.MAP	26784	8
4837e62b83	/BOT5.MAP	26803	8
4837e62b83	/CK00.MAP	160697	8
4837e62b83	/CK00.MAP	160716	8
4837e62b83	/CK00.MAP	164220	8
4837e62b83	/CK00.MAP	170025	8
4837e62b83	/CK01.MAP	156723	8
4837e62b83	/CK01.MAP	156742	8
4837e62b83	/CT00.MAP	164483	8
4837e62b83	/CT00.MAP	164502	8
4837e62b83	/CT10.MAP	186655	8
4837e62b83	/CT10.MAP	186674	8
4837e62b83	/CT20.MAP	166542	8
4837e62b83	/CT20.MAP	166561	8
4837e62b83	/DG00.MAP	135330	8
4837e62b83	/DG00.MAP	135349	8
4837e62b83	/DG10.MAP	89255	8
4837e62b83	/DG10.MAP	89274	8
4837e62b83	/DG21.MAP	95465	8
4837e62b83	/DG21.MAP	95484	8
4837e62b83	/DL00.MAP	120010	8
4837e62b83	/DL00.MAP	120029	8
4837e62b83	/DS00.MAP	83708	8
4837e62b83	/DS00.MAP	83727	8
4837e62b83	/DS10.MAP	78410	8
4837e62b83	/DS10.MAP	78429	8
4837e62b83	/ES00.MAP	74307	8
4837e62b83	/ES00.MAP	74326	8
4837e62b83	/ES01.MAP	73842	8
4837e62b83	/ES01.MAP	73861	8
4837e62b83	/ES10.MAP	74821	8
4837e62b83	/ES10.MAP	74840	8
4837e62b83	/FIR0.MAP	95107	8
4837e62b83	/FIR0.MAP	95126	8
4837e62b83	/FIR1.MAP	134367	8
4837e62b83	/FIR1.MAP	134386	8
4837e62b83	/FIR2.MAP	114308	8
4837e62b83	/FIR2.MAP	114327	8
4837e62b83	/FIR3.MAP	107767	8
4837e62b83	/FIR3.MAP	107786	8
4837e62b83	/GB00.MAP	171460	8
4837e62b83	/GB00.MAP	171479	8
4837e62b83	/GB00.MAP	197452	8
4837e62b83	/GB00.MAP	197499	8
4837e62b83	/GB00.MAP	197587	8
4837e62b83	/GH00.MAP	151089	8
4837e62b83	/GH00.MAP	151108	8
4837e62b83	/GM00.MAP	171273	8
4837e62b83	/GM00.MAP	171292	8
4837e62b83	/GM00.MAP	173534	8
4837e62b83	/GM00.MAP	175096	8
4837e62b83	/GM01.MAP	164730	8
4837e62b83	/GM01.MAP	164749	8
4837e62b83	/GT00.MAP	145790	8
4837e62b83	/GT00.MAP	145809	8
4837e62b83	/GT10.MAP	46157	8
4837e62b83	/GT10.MAP	46176	8
4837e62b83	/GT20.MAP	138957	8
4837e62b83	/GT20.MAP	138976	8
4837e62b83	/HL00.MAP	128888	8
4837e62b83	/HL00.MAP	128907	8
4837e62b83	/HL10.MAP	94268	8
4837e62b83	/HL10.MAP	94287	8
4837e62b83	/HL10.MAP	100389	8
4837e62b83	/HL10.MAP	100436	8
4837e62b83	/HL10.MAP	100483	8
4837e62b83	/HL11.MAP	92326	8
4837e62b83	/HL11.MAP	92345	8
4837e62b83	/HS00.MAP	69153	8
4837e62b83	/HS00.MAP	69172	8
4837e62b83	/HS10.MAP	181260	8
4837e62b83	/HS10.MAP	181279	8
4837e62b83	/HY00.MAP	131129	8
4837e62b83	/HY00.MAP	131148	8
4837e62b83	/IG00.MAP	157388	8
4837e62b83	/IG00.MAP	157407	8
4837e62b83	/IG00.MAP	157667	8
4837e62b83	/IG00.MAP	159984	8
4837e62b83	/IG00.MAP	162931	8
4837e62b83	/IG00.MAP	164943	8
4837e62b83	/IG00.MAP	167622	8
4837e62b83	/IG01.MAP	153305	8
4837e62b83	/IG01.MAP	153324	8
4837e62b83	/IG10.MAP	153709	8
4837e62b83	/IG10.MAP	153728	8
4837e62b83	/IP00.MAP	156559	8
4837e62b83	/IP00.MAP	156578	8
4837e62b83	/IP10.MAP	135337	8
4837e62b83	/IP10.MAP	135356	8
4837e62b83	/IS00.MAP	160519	8
4837e62b83	/IS00.MAP	160538	8
4837e62b83	/IS10.MAP	58214	8
4837e62b83	/IS10.MAP	58233	8
4837e62b83	/IXXX.MAP	22036	8
4837e62b83	/IXXX.MAP	22055	8
4837e62b83	/IY00.MAP	121661	8
4837e62b83	/IY00.MAP	121680	8
4837e62b83	/IZ00.MAP	49382	8
4837e62b83	/IZ00.MAP	49401	8
4837e62b83	/JG00.MAP	130131	8
4837e62b83	/JG00.MAP	130150	8
4837e62b83	/JG01.MAP	125273	8
4837e62b83	/JG01.MAP	125292	8
4837e62b83	/JG02.MAP	125488	8
4837e62b83	/JG02.MAP	125507	8
4837e62b83	/JG10.MAP	148739	8
4837e62b83	/JG10.MAP	148758	8
4837e62b83	/KB00.MAP	54586	8
4837e62b83	/KB00.MAP	54605	8
4837e62b83	/KB01.MAP	54217	8
4837e62b83	/KB01.MAP	54236	8
4837e62b83	/KB10.MAP	55345	8
4837e62b83	/KB10.MAP	55364	8
4837e62b83	/KB20.MAP	61188	8
4837e62b83	/KB20.MAP	61207	8
4837e62b83	/KD00.MAP	160867	8
4837e62b83	/KD00.MAP	160886	8
4837e62b83	/KK00.MAP	130422	8
4837e62b83	/KK00.MAP	130441	8
4837e62b83	/KK01.MAP	129076	8
4837e62b83	/KK01.MAP	129095	8
4837e62b83	/KM00.MAP	144966	8
4837e62b83	/KM00.MAP	144985	8
4837e62b83	/KM00.MAP	145033	8
4837e62b83	/KM00.MAP	146305	8
4837e62b83	/KM01.MAP	141048	8
4837e62b83	/KM01.MAP	141067	8
4837e62b83	/KM10.MAP	47184	8
4837e62b83	/KM10.MAP	47203	8
4837e62b83	/KR00.MAP	93445	8
4837e62b83	/KR00.MAP	93464	8
4837e62b83	/KR00.MAP	95298	8
4837e62b83	/KR00.MAP	97241	8
4837e62b83	/KR00.MAP	102299	8
4837e62b83	/KS00.MAP	167133	8
4837e62b83	/KS00.MAP	167152	8
4837e62b83	/KZ00.MAP	171161	8
4837e62b83	/KZ00.MAP	171180	8
4837e62b83	/MH00.MAP	160369	8
4837e62b83	/MH00.MAP	160388	8
4837e62b83	/MH00.MAP	160604	8
4837e62b83	/MH00.MAP	161501	8
4837e62b83	/MH00.MAP	162744	8
4837e62b83	/MH00.MAP	165209	8
4837e62b83	/MH00.MAP	165973	8
4837e62b83	/MH00.MAP	166838	8
4837e62b83	/MK00.MAP	147230	8
4837e62b83	/MK00.MAP	147249	8
4837e62b83	/MP00.MAP	174397	8
4837e62b83	/MP00.MAP	174416	8
4837e62b83	/MP00.MAP	183459	8
4837e62b83	/MP00.MAP	184198	8
4837e62b83	/MP00.MAP	184591	8
4837e62b83	/MP00.MAP	184709	8
4837e62b83	/MP00.MAP	184928	8
4837e62b83	/MP00.MAP	185721	8
4837e62b83	/MP00.MAP	185866	8
4837e62b83	/MP00.MAP	185984	8
4837e62b83	/MP00.MAP	186206	8
4837e62b83	/MP00.MAP	186435	8
4837e62b83	/MP00.MAP	186666	8
4837e62b83	/MP00.MAP	186776	8
4837e62b83	/MP00.MAP	187121	8
4837e62b83	/MP01.MAP	125769	8
4837e62b83	/MP01.MAP	125788	8
4837e62b83	/NJ00.MAP	155353	8
4837e62b83	/NJ00.MAP	155372	8
4837e62b83	/NJ10.MAP	126879	8
4837e62b83	/NJ10.MAP	126898	8
4837e62b83	/NT00.MAP	60535	8
4837e62b83	/NT00.MAP	60554	8
4837e62b83	/NT10.MAP	132563	8
4837e62b83	/NT10.MAP	132582	8
4837e62b83	/NT20.MAP	143526	8
4837e62b83	/NT20.MAP	143545	8
4837e62b83	/NT21.MAP	130111	8
4837e62b83	/NT21.MAP	130130	8
4837e62b83	/NT30.MAP	102546	8
4837e62b83	/NT30.MAP	102565	8
4837e62b83	/NT31.MAP	137403	8
4837e62b83	/NT31.MAP	137422	8
4837e62b83	/NZ00.MAP	116385	8
4837e62b83	/NZ00.MAP	116404	8
4837e62b83	/NZ10.MAP	108887	8
4837e62b83	/NZ10.MAP	108906	8
4837e62b83	/NZ11.MAP	107383	8
4837e62b83	/NZ11.MAP	107402	8
4837e62b83	/OB00.MAP	150085	8
4837e62b83	/OB00.MAP	150104	8
4837e62b83	/OT00.MAP	166002	8
4837e62b83	/OT00.MAP	166021	8
4837e62b83	/OT00.MAP	169363	8
4837e62b83	/OT00.MAP	170613	8
4837e62b83	/OT00.MAP	171659	8
4837e62b83	/OT00.MAP	172525	8
4837e62b83	/OT01.MAP	163436	8
4837e62b83	/OT01.MAP	163455	8
4837e62b83	/OT01.MAP	166665	8
4837e62b83	/OT01.MAP	167209	8
4837e62b83	/OT01.MAP	167537	8
4837e62b83	/OT01.MAP	167771	8
4837e62b83	/OT02.MAP	163213	8
4837e62b83	/OT02.MAP	163232	8
4837e62b83	/OT10.MAP	162968	8
4837e62b83	/OT10.MAP	162987	8
4837e62b83	/QH00.MAP	148401	8
4837e62b83	/QH00.MAP	148420	8
4837e62b83	/QH00.MAP	150516	8
4837e62b83	/QH00.MAP	150548	8
4837e62b83	/QH00.MAP	150580	8
4837e62b83	/QH00.MAP	150612	8
4837e62b83	/QH00.MAP	152007	8
4837e62b83	/QH00.MAP	152039	8
4837e62b83	/QH00.MAP	152071	8
4837e62b83	/QH00.MAP	152103	8
4837e62b83	/QH00.MAP	152722	8
4837e62b83	/QH00.MAP	152754	8
4837e62b83	/QH00.MAP	152786	8
4837e62b83	/QH00.MAP	152818	8
4837e62b83	/QH00.MAP	153928	8
4837e62b83	/QH00.MAP	153960	8
4837e62b83	/QH00.MAP	153992	8
4837e62b83	/QH00.MAP	154024	8
4837e62b83	/QH01.MAP	145052	8
4837e62b83	/QH01.MAP	145071	8
4837e62b83	/RS00.MAP	48476	8
4837e62b83	/RS00.MAP	48495	8
4837e62b83	/RS01.MAP	49802	8
4837e62b83	/RS01.MAP	49821	8
4837e62b83	/RT00.MAP	159064	8
4837e62b83	/RT00.MAP	159083	8
4837e62b83	/RT20.MAP	101966	8
4837e62b83	/RT20.MAP	101985	8
4837e62b83	/RT30.MAP	138058	8
4837e62b83	/RT30.MAP	138077	8
4837e62b83	/SB00.MAP	72279	8
4837e62b83	/SB00.MAP	72298	8
4837e62b83	/SK00.MAP	115636	8
4837e62b83	/SK00.MAP	115655	8
4837e62b83	/SK10.MAP	91952	8
4837e62b83	/SK10.MAP	91971	8
4837e62b83	/SS00.MAP	68685	8
4837e62b83	/SS00.MAP	68704	8
4837e62b83	/SS10.MAP	68732	8
4837e62b83	/SS10.MAP	68751	8
4837e62b83	/ST00.MAP	115536	8
4837e62b83	/ST00.MAP	115555	8
4837e62b83	/ST10.MAP	82021	8
4837e62b83	/ST10.MAP	82040	8
4837e62b83	/TEST.MAP	141704	8
4837e62b83	/TEST.MAP	141723	8
4837e62b83	/TJ00.MAP	144079	8
4837e62b83	/TJ00.MAP	144098	8
4837e62b83	/TJ01.MAP	144079	8
4837e62b83	/TJ01.MAP	144098	8
4837e62b83	/TJ10.MAP	29803	8
4837e62b83	/TJ10.MAP	29822	8
4837e62b83	/TJ11.MAP	44931	8
4837e62b83	/TJ11.MAP	44950	8
4837e62b83	/TJ20.MAP	29850	8
4837e62b83	/TJ20.MAP	29869	8
4837e62b83	/TJ21.MAP	44986	8
4837e62b83	/TJ21.MAP	45005	8
4837e62b83	/TJ22.MAP	48894	8
4837e62b83	/TJ22.MAP	48913	8
4837e62b83	/TJ30.MAP	52455	8
4837e62b83	/TJ30.MAP	52474	8
4837e62b83	/TJ31.MAP	54511	8
4837e62b83	/TJ31.MAP	54530	8
4837e62b83	/TJ32.MAP	48871	8
4837e62b83	/TJ32.MAP	48890	8
4837e62b83	/TJ40.MAP	144203	8
4837e62b83	/TJ40.MAP	144222	8
4837e62b83	/TJ41.MAP	144210	8
4837e62b83	/TJ41.MAP	144229	8
4837e62b83	/TJ50.MAP	29867	8
4837e62b83	/TJ50.MAP	29886	8
4837e62b83	/TJ51.MAP	45043	8
4837e62b83	/TJ51.MAP	45062	8
4837e62b83	/TJ60.MAP	29914	8
4837e62b83	/TJ60.MAP	29933	8
4837e62b83	/TJ61.MAP	45098	8
4837e62b83	/TJ61.MAP	45117	8
4837e62b83	/TJ62.MAP	48958	8
4837e62b83	/TJ62.MAP	48977	8
4837e62b83	/TJ70.MAP	52567	8
4837e62b83	/TJ70.MAP	52586	8
4837e62b83	/TJ71.MAP	54527	8
4837e62b83	/TJ71.MAP	54546	8
4837e62b83	/TJ72.MAP	48983	8
4837e62b83	/TJ72.MAP	49002	8
4837e62b83	/TM00.MAP	130197	8
4837e62b83	/TM00.MAP	130216	8
4837e62b83	/TM10.MAP	68536	8
4837e62b83	/TM10.MAP	68555	8
4837e62b83	/TM20.MAP	78192	8
4837e62b83	/TM20.MAP	78211	8
4837e62b83	/TM30.MAP	101464	8
4837e62b83	/TM30.MAP	101483	8
4837e62b83	/TM40.MAP	44540	8
4837e62b83	/TM40.MAP	44559	8
4837e62b83	/TST2.MAP	128452	8
4837e62b83	/TST2.MAP	128471	8
4837e62b83	/TTTT.MAP	97148	8
4837e62b83	/TTTT.MAP	97167	8
4837e62b83	/WC00.MAP	205893	8
4837e62b83	/WC00.MAP	205912	8
4837e62b83	/WC01.MAP	199258	8
4837e62b83	/WC01.MAP	199277	8
4837e62b83	/WK00.MAP	103573	8
4837e62b83	/WK00.MAP	103592	8
4837e62b83	/WR00.MAP	217753	8
4837e62b83	/WR00.MAP	217772	8
4837e62b83	/WR01.MAP	210446	8
4837e62b83	/WR01.MAP	210465	8
4837e62b83	/WR02.MAP	212622	8
4837e62b83	/WR02.MAP	212641	8
4837e62b83	/WR10.MAP	210608	8
4837e62b83	/WR10.MAP	210627	8
4837e62b83	/WS00.MAP	79357	8
4837e62b83	/WS00.MAP	79376	8
4837e62b83	/WS01.MAP	78844	8
4837e62b83	/WS01.MAP	78863	8
4837e62b83	/WS10.MAP	79766	8
4837e62b83	/WS10.MAP	79785	8
4837e62b83	/WY00.MAP	215803	8
4837e62b83	/WY00.MAP	215822	8
4837e62b83	/WY01.MAP	209016	8
4837e62b83	/WY01.MAP	209035	8
4837e62b83	/WY02.MAP	210930	8
4837e62b83	/WY02.MAP	210949	8
4837e62b83	/ZM00.MAP	140842	8
4837e62b83	/ZM00.MAP	140861	8
4837e62b83	/ZM00.MAP	158338	8
4837e62b83	/ZM00.MAP	158385	8
4837e62b83	/ZM01.MAP	137681	8
4837e62b83	/ZM01.MAP	137700	8
4837e62b83	/ZM01.MAP	142358	8
4837e62b83	/ZM01.MAP	143326	8
4837e62b83	/ZM01.MAP	143761	8
48496787d3	/NJ10.MAP	133518	14
486956b36c	/WY00.MAP	216151	28
4875e81f93	/WC00.MAP	221010	36
487eb8ba8f	/JG02.MAP	126344	61
4880051d98	/JG00.MAP	139945	47
48809002d3	/WR00.MAP	231497	35
488271f858	/NJ10.MAP	132570	42
4882b5bbce	/DG00.MAP	135473	53
488d3ada2f	/OB00.MAP	157937	26
488e5dbde9	/AT20.MAP	89154	51
4897f66c33	/NJ00.MAP	156645	104
4897f66c33	/NJ00.MAP	157803	104
48a2c558eb	/AT00.MAP	184870	69
48aa91dcf8	/MP00.MAP	189025	49
48aa91dcf8	/MP00.MAP	189358	49
48aac17886	/WY00.MAP	235933	38
48ab9fa940	/KR00.MAP	107579	61
48b41fe04b	/KM00.MAP	163033	92
48b41fe04b	/KM00.MAP	165031	92
48bd4fade6	/OB00.MAP	152687	61
48c4281d54	/GM00.MAP	203421	26
48c636ee42	/IG00.MAP	168190	61
48c7b44edb	/HS10.MAP	183993	34
48cabb9f72	/GM00.MAP	187184	53
48d8dd33d9	/NJ00.MAP	158816	18
48dc1102ab	/IG00.MAP	169115	78
48ee4d66b5	/MK00.MAP	150363	49
48f2e25407	/WAZAHELP.MSG	5112	52
48ff00d5c4	/KM00.MAP	158021	43
49034d41d6	/CK00.MAP	169008	67
4908e1c13c	/IG00.MAP	163512	39
490acd55a0	/OB00.MAP	151520	53
491e87622f	/ES01.MAP	76406	16
491e87622f	/KD00.MAP	170296	16
491e87622f	/KD00.MAP	170483	16
491e87622f	/WS01.MAP	81580	16
4926de3185	/WC00.MAP	221483	30
492797b0b1	/OB00.MAP	151131	65
492aa9ed18	/WK00.MAP	107515	57
492c828d47	/BL20.MAP	58113	32
492cacc237	/ST10.MAP	82321	54
492d64b910	/JG00.MAP	130576	71
49305b3473	/ITEMHELP.MSG	10228	20
4935b9b600	/KD00.MAP	169558	69
494e4e1d9b	/DS00.MAP	85761	12
495525730b	/GM00.MAP	201393	18
49592dd76a	/WR02.MAP	213818	16
4961adce27	/WC00.MAP	212282	41
4961cd818c	/GM00.MAP	180882	98
496b36c1c6	/WY00.MAP	231125	53
4970226efd	/SK10.MAP	92070	33
4970226efd	/SK10.MAP	92166	33
4970226efd	/SK10.MAP	92347	33
4970226efd	/SK10.MAP	92776	33
4970226efd	/SK10.MAP	92825	33
4970226efd	/SK10.MAP	93310	33
4970226efd	/SK10.MAP	93363	33
4970226efd	/SK10.MAP	93434	33
4970226efd	/SK10.MAP	93651	33
4970226efd	/SK10.MAP	93796	33
4970226efd	/SK10.MAP	93851	33
497b3943fa	/ITEMHELP.MSG	8528	44
497fcb6283	/OT01.MAP	166452	22
49803f930f	/JG00.MAP	142087	18
498d11c29a	/WAZAHELP.MSG	5436	78
498d7633f8	/IP10.MAP	137028	36
4994dbf7f4	/KM10.MAP	53983	41
49982b7f55	/KR00.MAP	102341	32
499bc2bca5	/IZ00.MAP	55884	61
49a1b8bf1b	/AT00.MAP	182887	32
49afb8c5e8	/WC00.MAP	224079	55
49be0f9284	/RT20.MAP	121376	82
49dd87f357	/GT20.MAP	141270	51
49dfe2e9a8	/WY00.MAP	217430	51
49eb930561	/NJ10.MAP	126973	10
49f2f5e473	/JG00.MAP	136565	61
49fcaccfb2	/RT20.MAP	126130	98
4a01a33f73	/CK00.MAP	164262	67
4a0e0b1c66	/AT00.MAP	178038	8
4a105dc860	/NZ00.MAP	118533	49
4a11ae7700	/BOT3.MAP	27642	10
4a18046210	/IP00.MAP	163539	41
4a2034ed44	/IP00.MAP	162581	85
4a23a79109	/GM00.MAP	205979	94
4a3910d51b	/WAZAHELP.MSG	1448	38
4a3c2bf393	/WR10.MAP	213396	33
4a3d3b51c4	/WC00.MAP	207458	24
4a3f2c1f21	/MP00.MAP	196000	33
4a4a036892	/WY00.MAP	233027	53
4a5d0232ac	/WK00.MAP	107605	20
4a60e7a666	/HY00.MAP	131653	59
4a6391510d	/OB00.MAP	150761	39
4a6854331c	/NJ00.MAP	159212	67
4a6ff154df	/NT00.MAP	60744	14
4a7de7e66a	/KM10.MAP	48901	63
4a98807dd2	/MH00.MAP	183810	34
4a99956563	/QH00.MAP	149616	73
4a9bb25c79	/IZ00.MAP	63681	43
4a9d65defe	/OT00.MAP	166797	61
4a9d9aa046	/WAZAHELP.MSG	11632	72
4a9e72cf57	/WK00.MAP	109228	71
4aac6ac20f	/KM00.MAP	160948	57
4aac6ac20f	/KM00.MAP	162276	57
4aac6ac20f	/KM00.MAP	164274	57
4aad328243	/HS10.MAP	183888	73
4aad328243	/HS10.MAP	184145	73
4ab3190a38	/WAZAHELP.MSG	4124	58
4ad182d350	/KR00.MAP	108495	84
4ad24c8842	/WAZAHELP.MSG	11112	82
4adba14b98	/KD00.MAP	166171	57
4ae3b620c4	/NT20.MAP	146219	53
4ae41e86a7	/WR02.MAP	213282	16
4ae72d3e77	/MP00.MAP	189880	69
4aebfa04d8	/GB00.MAP	177331	65
4af021f7c8	/WC00.MAP	216185	27
4afaac19c3	/ITEMHELP.MSG	10320	56
4afd99f64b	/ZM00.MAP	156811	73
4b0d7e8b1e	/IZ00.MAP	49442	26
4b1b578f81	/CK00.MAP	161876	51
4b1b578f81	/GB00.MAP	196745	51
4b29c76e3c	/KZ00.MAP	117449	6
4b2eded933	/NT00.MAP	62788	94
4b339d7dd7	/AT00.MAP	189986	63
4b3566b41d	/MP00.MAP	183562	59
4b3b958dfc	/HS10.MAP	181870	35
4b4855612d	/ES10.MAP	76924	30
4b4855612d	/WS10.MAP	81887	30
4b4c63250c	/HY00.MAP	131305	25
4b514f2555	/WAZAHELP.MSG	5748	36
4b584baae7	/WY00.MAP	223403	19
4b6378a7dd	/AT00.MAP	179497	10
4b6c167708	/GM00.MAP	204176	69
4b7234af35	/AT01.MAP	165672	74
4b726dfc49	/NZ10.MAP	112912	47
4b77cefe57	/NZ10.MAP	112153	55
4b797ee281	/KS00.MAP	169942	114
4b81b99543	/JG02.MAP	126666	55
4b89ac51f9	/IG00.MAP	170681	26
4b91e855df	/GB00.MAP	191885	67
4b91e855df	/GB00.MAP	193332	67
4b9316821a	/WR00.MAP	235699	26
4bab44359c	/GM00.MAP	193700	75
4bb7b20254	/WAZAHELP.MSG	4420	34
4bbc0e14f4	/KS00.MAP	168936	49
4bbecd7b2c	/AT20.MAP	91544	28
4bd2025951	/NT20.MAP	151680	16
4be6bfde2a	/OT00.MAP	180214	51
4be6e5876d	/AT00.MAP	187428	24
4be81f5f92	/NZ00.MAP	117088	32
4bf2876d30	/WK00.MAP	108937	70
4bfda4027a	/GB00.MAP	189571	47
4bfda4027a	/GB00.MAP	190382	47
4bfda4027a	/GB00.MAP	192253	47
4bfda4027a	/GB00.MAP	193700	47
4c02c192b8	/KM00.MAP	161230	45
4c02c192b8	/KM00.MAP	161406	45
4c057a932f	/GB00.MAP	183027	51
4c089fd50c	/ES01.MAP	76175	12
4c089fd50c	/WS01.MAP	81349	12
4c09669f00	/JG00.MAP	139365	28
4c0a88bf1d	/AT10.MAP	168130	262
4c0fba6e25	/IG00.MAP	169832	80
4c117e60e5	/WAZAHELP.MSG	7952	42
4c1913e756	/GH00.MAP	151312	34
4c21078b8e	/HL00.MAP	134251	53
4c3e8becb9	/AT00.MAP	193384	51
4c4052fd48	/AT00.MAP	191142	61
4c4d8e1805	/AT00.MAP	193523	24
4c4df85521	/WR00.MAP	219113	22
4c4df85521	/WR00.MAP	220043	22
4c5129cb85	/WC00.MAP	209100	67
4c59e988ed	/QH00.MAP	161815	12
4c63cc9def	/OB00.MAP	156495	63
4c664ed147	/MP00.MAP	191840	28
4c680fea84	/KR00.MAP	100939	24
4c6adeb30c	/KM10.MAP	56884	22
4c745d5275	/QH00.MAP	159502	42
4c748673c9	/WAZAHELP.MSG	4356	30
4c77f711b8	/HL00.MAP	133063	26
4c7856a51c	/QH00.MAP	148959	33
4c7afd0e5f	/GB00.MAP	176221	63
4c7d1c6ff0	/IZ00.MAP	53355	55
4c8cbb217f	/HL10.MAP	99922	26
4c8e607ab8	/GT00.MAP	147120	47
4c8fe6ea4e	/KM00.MAP	165724	34
4c944a3189	/GM00.MAP	171309	211
4c95838e3c	/AT00.MAP	190176	94
4c9a4e14b9	/SK00.MAP	116975	53
4c9af6a966	/IP00.MAP	162698	53
4c9eb4461a	/NZ00.MAP	121286	75
4ca1972169	/WC00.MAP	231125	28
4ca42d53da	/WR00.MAP	239038	22
4ca7d35b18	/WR02.MAP	213139	30
4cad33a9c3	/AT00.MAP	179621	49
4caedcb290	/MP00.MAP	182548	81
4cd23d761d	/RT20.MAP	121968	51
4cdd45dd8e	/WR00.MAP	217844	22
4cdd45dd8e	/WR02.MAP	213866	22
4cdf45a03e	/ES10.MAP	75472	59
4cdf45a03e	/WS10.MAP	80435	59
4ce4b2047b	/IZ00.MAP	54926	73
4ce7774335	/GB00.MAP	178081	61
4d06e403aa	/GB00.MAP	178236	63
4d0b68eb8a	/GB00.MAP	180467	72
4d104bb6fd	/GT20.MAP	141974	57
4d124b9a63	/MH00.MAP	174531	53
4d16118b58	/WR00.MAP	224598	47
4d170ca2c3	/KM10.MAP	50220	22
4d226bf6f8	/MP00.MAP	188570	65
4d277484a4	/WK00.MAP	107352	45
4d281336ad	/GT00.MAP	147729	39
4d2fade28c	/GM00.MAP	202341	22
4d308a5031	/IG00.MAP	175171	227
4d31683bd3	/WC00.MAP	223193	47
4d31cbda32	/DIARY.MSG	11992	153
4d36f7a34f	/JG01.MAP	125716	68
4d39aad5e7	/JG00.MAP	132078	86
4d3ff5f4f0	/CK00.MAP	169692	53
4d5aa87163	/ITEMHELP.MSG	1300	50
4d626a61db	/CK01.MAP	157200	67
4d6d601566	/GM00.MAP	179600	51
4d75a59e5e	/OT01.MAP	164575	67
4d84e6c5fb	/OB00.MAP	153241	40
4d91f00586	/AT00.MAP	177758	41
4d93008938	/OT00.MAP	168338	29
4d93008938	/OT01.MAP	169070	29
4d94268ea6	/QH00.MAP	150343	40
4d989c257c	/KD00.MAP	169777	66
4d992d7f74	/MH00.MAP	181935	40
4da0dfe587	/IG00.MAP	175431	34
4da0dfe587	/IG00.MAP	175753	34
4da3fe2482	/BL00.MAP	124971	38
4da3fe2482	/MP00.MAP	181154	38
4da3fe2482	/ZM00.MAP	155760	38
4db09ed269	/AT00.MAP	187569	51
4db366f47c	/NT20.MAP	146502	18
4dbe85eecd	/WY00.MAP	230773	53
4dc49e4dc5	/SK00.MAP	120552	66
4dc4dafd83	/KD00.MAP	162509	45
4dcdcb1163	/AT00.MAP	183877	28
4dcdcb1163	/AT00.MAP	183916	28
4dd7683cd5	/GB00.MAP	174456	45
4dd777b396	/WS01.MAP	80713	47
4ddc9df9ac	/SK10.MAP	79494	16
4dde7ff7d9	/ZM00.MAP	144970	49
4df2793246	/WC00.MAP	229846	51
4df65b5c8d	/AT20.MAP	88804	51
4dff00a01e	/IS10.MAP	58330	18
4e0377dc36	/WY02.MAP	216746	36
4e0688aa39	/MP00.MAP	196629	59
4e10a3043f	/WR00.MAP	234722	61
4e10a3043f	/WR00.MAP	235324	61
4e17a211aa	/OT00.MAP	172567	22
4e17a211aa	/OT00.MAP	172812	22
4e1d805e15	/KM00.MAP	156341	47
4e1d813927	/OT10.MAP	163072	16
4e267ce68c	/MH00.MAP	167578	81
4e2deb47b1	/WY00.MAP	231984	32
4e30e80562	/IG00.MAP	180607	24
4e36d72216	/WY00.MAP	218434	57
4e3fd71d68	/GM00.MAP	192584	37
4e41c910ba	/HL10.MAP	95443	32
4e43332d0f	/IS00.MAP	161778	75
4e4419cbe9	/WC00.MAP	216409	88
4e47d04513	/WY00.MAP	232765	24
4e49c8ef37	/RT20.MAP	122737	55
4e527a4501	/AT20.MAP	91248	35
4e527a4501	/AT20.MAP	91336	35
4e583a8548	/KR00.MAP	94509	36
4e6b150f39	/IG10.MAP	153891	41
4e7b34150c	/NT00.MAP	62614	76
4e8702d7ac	/WAZAHELP.MSG	9484	81
4e8e55078f	/CT10.MAP	194798	51
4e8eca96fe	/GM00.MAP	200286	35
4e95ca0bab	/IG00.MAP	162557	36
4e9badd6ff	/WY02.MAP	214114	38
4e9f121f68	/IZ00.MAP	58465	24
4ea150b64a	/AT01.MAP	165500	20
4ea91dadd6	/IZ00.MAP	58184	40
4eaa2a4bdd	/IS10.MAP	58275	22
4eb4b08274	/AT20.MAP	87648	41
4ec3471851	/WK00.MAP	104022	24
4ec3471851	/WK00.MAP	104081	24
4ecb41ad95	/TJ31.MAP	17294	8
4ecb41ad95	/TJ71.MAP	17294	8
4ecf5fd691	/HY00.MAP	135245	10
4ecffbae07	/GM00.MAP	200044	37
4ed7af4927	/ES01.MAP	73872	33
4ed7af4927	/ES01.MAP	74120	33
4ed7af4927	/ES01.MAP	74230	33
4ed7af4927	/ES01.MAP	74314	33
4ed7af4927	/ES01.MAP	74400	33
4ed7af4927	/ES01.MAP	74483	33
4ed7af4927	/ES01.MAP	74579	33
4ed7af4927	/ES01.MAP	74681	33
4ed7af4927	/ES01.MAP	78120	33
4ed7af4927	/ES01.MAP	78216	33
4ed7af4927	/ES01.MAP	78318	33
4ed7af4927	/IZ00.MAP	65283	33
4ed7af4927	/IZ00.MAP	65390	33
4ed7af4927	/IZ00.MAP	65585	33
4ed7af4927	/IZ00.MAP	65653	33
4ed7af4927	/IZ00.MAP	65804	33
4ed7af4927	/IZ00.MAP	65918	33
4ed7af4927	/IZ00.MAP	66016	33
4ed7af4927	/IZ00.MAP	66131	33
4ed7af4927	/IZ00.MAP	66219	33
4ed7af4927	/JG00.MAP	130161	33
4ed7af4927	/JG00.MAP	130247	33
4ed7af4927	/JG00.MAP	130345	33
4ed7af4927	/JG00.MAP	130499	33
4ed7af4927	/JG00.MAP	130542	33
4ed7af4927	/JG00.MAP	130648	33
4ed7af4927	/JG00.MAP	130736	33
4ed7af4927	/JG00.MAP	130871	33
4ed7af4927	/JG00.MAP	130987	33
4ed7af4927	/JG00.MAP	131077	33
4ed7af4927	/JG00.MAP	131177	33
4ed7af4927	/JG00.MAP	132328	33
4ed7af4927	/JG00.MAP	132399	33
4ed7af4927	/JG00.MAP	132497	33
4ed7af4927	/JG00.MAP	132560	33
4ed7af4927	/JG00.MAP	132625	33
4ed7af4927	/JG00.MAP	132717	33
4ed7af4927	/JG00.MAP	133192	33
4ed7af4927	/JG00.MAP	136039	33
4ed7af4927	/JG00.MAP	136314	33
4ed7af4927	/JG00.MAP	136375	33
4ed7af4927	/JG00.MAP	136441	33
4ed7af4927	/JG00.MAP	136531	33
4ed7af4927	/JG00.MAP	136735	33
4ed7af4927	/JG00.MAP	136839	33
4ed7af4927	/JG00.MAP	136945	33
4ed7af4927	/JG00.MAP	137041	33
4ed7af4927	/JG00.MAP	137156	33
4ed7af4927	/JG00.MAP	137255	33
4ed7af4927	/JG00.MAP	139331	33
4ed7af4927	/JG00.MAP	139403	33
4ed7af4927	/JG00.MAP	139485	33
4ed7af4927	/JG00.MAP	142053	33
4ed7af4927	/JG00.MAP	142106	33
4ed7af4927	/JG00.MAP	142190	33
4ed7af4927	/JG00.MAP	142266	33
4ed7af4927	/JG00.MAP	142385	33
4ed7af4927	/JG00.MAP	142452	33
4ed7af4927	/JG00.MAP	142558	33
4ed7af4927	/JG00.MAP	142617	33
4ed7af4927	/JG02.MAP	125518	33
4ed7af4927	/JG02.MAP	125571	33
4ed7af4927	/JG02.MAP	125940	33
4ed7af4927	/JG02.MAP	126022	33
4ed7af4927	/JG02.MAP	126259	33
4ed7af4927	/JG02.MAP	126310	33
4ed7af4927	/RT20.MAP	109480	33
4ed7af4927	/RT20.MAP	109560	33
4ed7af4927	/RT20.MAP	109657	33
4ed7af4927	/RT20.MAP	109774	33
4ed7af4927	/RT20.MAP	109866	33
4ed7af4927	/RT20.MAP	109925	33
4ed7af4927	/RT20.MAP	110028	33
4ed7af4927	/RT20.MAP	110098	33
4ed7af4927	/RT20.MAP	110197	33
4ed7af4927	/RT20.MAP	110337	33
4ed7af4927	/RT20.MAP	110529	33
4ed7af4927	/RT20.MAP	110623	33
4ed7af4927	/RT20.MAP	110727	33
4ed7af4927	/RT20.MAP	110842	33
4ed7af4927	/RT20.MAP	110934	33
4ed7af4927	/RT20.MAP	116326	33
4ed7af4927	/RT20.MAP	116406	33
4ed7af4927	/RT20.MAP	116503	33
4ed7af4927	/RT20.MAP	116620	33
4ed7af4927	/RT20.MAP	116712	33
4ed7af4927	/RT20.MAP	116771	33
4ed7af4927	/RT20.MAP	116874	33
4ed7af4927	/RT20.MAP	116944	33
4ed7af4927	/RT20.MAP	117043	33
4ed7af4927	/RT20.MAP	117125	33
4ed7af4927	/RT20.MAP	118594	33
4ed7af4927	/RT20.MAP	118692	33
4ed7af4927	/RT20.MAP	118796	33
4ed7af4927	/RT20.MAP	118911	33
4ed7af4927	/RT20.MAP	119003	33
4ed7af4927	/WK00.MAP	108625	33
4ed7af4927	/WK00.MAP	108756	33
4ed7af4927	/WK00.MAP	109625	33
4ed7af4927	/WK00.MAP	109938	33
4ed7af4927	/WK00.MAP	110071	33
4ed7af4927	/WS01.MAP	78874	33
4ed7af4927	/WS01.MAP	79122	33
4ed7af4927	/WS01.MAP	79165	33
4ed7af4927	/WS01.MAP	79275	33
4ed7af4927	/WS01.MAP	79359	33
4ed7af4927	/WS01.MAP	79445	33
4ed7af4927	/WS01.MAP	79528	33
4ed7af4927	/WS01.MAP	79624	33
4ed7af4927	/WS01.MAP	79726	33
4ed7af4927	/WS01.MAP	83328	33
4ed7af4927	/WS01.MAP	83424	33
4ed7af4927	/WS01.MAP	83526	33
4ed944fa4d	/OT02.MAP	164452	92
4edf11cdcd	/ITEMHELP.MSG	1256	42
4ee12757b8	/KD00.MAP	163544	37
4ee48f77f3	/NZ10.MAP	111073	51
4ef0543be0	/WC00.MAP	210718	16
4ef1c734d0	/DG00.MAP	135718	42
4f17c08d49	/IG00.MAP	171606	23
4f1e002a55	/OT00.MAP	171175	32
4f2f20e222	/MH00.MAP	173556	63
4f39699e89	/GM00.MAP	204736	77
4f39d3ffcb	/GM00.MAP	187742	45
4f3f1738aa	/CT20.MAP	169976	49
4f683d5229	/ZM00.MAP	146066	36
4f6920eba5	/WAZAHELP.MSG	2408	66
4f69a35a77	/CK01.MAP	157447	47
4f6f760bca	/KR00.MAP	104419	33
4f7f5034f1	/DIARY.MSG	12820	107
4f896050b9	/KD00.MAP	167172	63
4f93c354e9	/ITEMHELP.MSG	4156	28
4f966b257b	/KB00.MAP	56616	34
4f966b257b	/KB10.MAP	57138	34
4f966b257b	/KB20.MAP	64026	34
4f966b257b	/KB20.MAP	64672	34
4fa397de99	/WC00.MAP	210222	39
4faa6268cc	/ZM00.MAP	141086	34
4faaf1016b	/KD00.MAP	163690	41
4fae4e8906	/CK00.MAP	179022	61
4fb0a2c949	/RT20.MAP	108822	54
4fb0a2c949	/RT20.MAP	114374	54
4fb35104f0	/IP00.MAP	160122	57
4fb38f0db5	/NT30.MAP	108390	39
4fbfeb92af	/KM10.MAP	53682	53
4fc007abcb	/OT02.MAP	165554	37
4fc363224c	/OT00.MAP	168518	32
4fc363224c	/OT01.MAP	169248	32
4fd5cb3ac1	/OT00.MAP	178268	10
4fd5cb3ac1	/OT00.MAP	180072	10
4fe20a93fa	/IZ00.MAP	58984	45
4fe20a93fa	/IZ00.MAP	59658	45
4fe46daf8f	/ES01.MAP	76219	18
4fe46daf8f	/WS01.MAP	81393	18
4fea38060f	/NT30.MAP	105177	36
4fec55a7ab	/GM00.MAP	187891	49
4ff77f82b5	/ZM01.MAP	143368	40
500c245996	/NJ00.MAP	157650	80
501183d19e	/IP00.MAP	160050	40
5018cd9f75	/JG00.MAP	132751	45
502214469a	/IZ00.MAP	66165	53
5029043c6d	/KM00.MAP	149853	65
50383848c9	/KB01.MAP	54814	26
5046552581	/ZM00.MAP	152100	57
504c7b01e7	/NJ10.MAP	136919	102
504c7b01e7	/NJ10.MAP	137227	102
504dd70163	/MP00.MAP	180162	61
504dd70163	/TJ10.MAP	30120	61
504dd70163	/TJ11.MAP	45248	61
504dd70163	/TJ50.MAP	30027	61
504dd70163	/TJ51.MAP	45203	61
50537cbc2c	/KM00.MAP	149269	51
506380a26f	/DS00.MAP	86120	47
506cd575f8	/RS01.MAP	51870	8
5074944e93	/IZ00.MAP	58261	47
5079232288	/WY00.MAP	226910	78
5081c0dc22	/WY00.MAP	223341	30
5084575a06	/IG00.MAP	176220	40
5090a740cf	/RT20.MAP	103538	65
509eabf2d2	/MH00.MAP	178101	62
50ab2dd997	/CK00.MAP	167208	37
50ad4d4b2a	/GB00.MAP	187163	34
50b2117161	/WC00.MAP	229222	68
50b307752e	/RT20.MAP	125471	82
50bf3169ca	/AT00.MAP	189115	96
50c870f80e	/AT00.MAP	187621	24
50d2db6196	/MK00.MAP	148548	41
50d527b934	/IG00.MAP	158087	36
50eebba6c6	/ZM01.MAP	142702	14
50f1789ebc	/KD00.MAP	167621	51
50f39f46f8	/DG10.MAP	89285	20
50f39f46f8	/IP00.MAP	156589	20
50fa399499	/CT10.MAP	40052	16
50ff4d3350	/JG00.MAP	139630	12
511caa0c11	/TM00.MAP	130481	40
512cb90ee4	/DS10.MAP	79059	34
5132c85ba7	/IP00.MAP	160549	61
513daafc95	/QH01.MAP	145835	91
513fdd50cc	/WS01.MAP	79910	71
51467bf930	/MP00.MAP	195675	26
5147c3e478	/GB00.MAP	194880	24
5147c3e478	/GB00.MAP	195894	24
514d4ff914	/DG21.MAP	98762	73
51539908e9	/NJ10.MAP	129810	61
51622bb726	/AT00.MAP	181850	26
51649b8d27	/KM10.MAP	51425	51
516a62970b	/AT10.MAP	168983	45
517fa29998	/NZ10.MAP	112298	26
518565afc0	/KZ00.MAP	171307	34
518565afc0	/KZ00.MAP	172652	34
51aae0d119	/HL10.MAP	97130	34
51b35266c7	/ITEMHELP.MSG	11340	34
51b496d626	/IZ00.MAP	53680	51
51b7dabd0f	/SK00.MAP	120405	51
51be134916	/MP00.MAP	194996	55
51c80afa49	/MP00.MAP	192307	59
51c826b1c7	/BOT4.MAP	28550	14
51cd063821	/DS00.MAP	84130	26
51e5b7da97	/MH00.MAP	165392	49
5204d0e280	/RT20.MAP	108432	59
5204d0e280	/RT20.MAP	113984	59
5204eef174	/WAZAHELP.MSG	7472	38
520563deeb	/GT10.MAP	48073	75
5205881cc1	/QH00.MAP	151347	53
5221c6b97d	/KR00.MAP	100497	51
522be880dd	/DS00.MAP	85353	45
522d149a7d	/IZ00.MAP	64536	32
522d149a7d	/WR02.MAP	215503	32
5234469590	/GM00.MAP	183659	74
523908feae	/WY00.MAP	228263	39
523e886889	/IG00.MAP	162153	54
5242f03224	/IG00.MAP	170991	39
5242f03224	/KR00.MAP	94797	39
5242f03224	/MH00.MAP	164101	39
52479a5114	/RT20.MAP	110761	80
52479a5114	/RT20.MAP	118830	80
5251e073d3	/AT00.MAP	171807	47
5256b424a0	/JG02.MAP	125974	47
5258207944	/MP00.MAP	190076	63
525adaeff0	/IZ00.MAP	65377	12
5261a9bbbd	/CK00.MAP	174077	59
5268d9dcbd	/MP00.MAP	179938	35
5268d9dcbd	/TJ10.MAP	29896	35
5268d9dcbd	/TJ11.MAP	45024	35
5268d9dcbd	/TJ50.MAP	29959	35
5268d9dcbd	/TJ51.MAP	45135	35
526d7ed109	/OT00.MAP	175335	53
526d7ed109	/OT00.MAP	175821	53
526d7ed109	/OT00.MAP	177466	53
526de31079	/OB00.MAP	154973	61
527a409914	/GB00.MAP	182374	26
527d18456c	/RT20.MAP	110563	59
527e053989	/JG10.MAP	149115	34
529292e514	/NT30.MAP	103468	51
529426e412	/HL10.MAP	100233	57
52a3fb402a	/WY00.MAP	215947	79
52a56977f8	/GM00.MAP	184799	24
52b6bcab0f	/NT20.MAP	151504	20
52b86d8124	/NJ10.MAP	131785	34
52b87a43a8	/KR00.MAP	101842	65
52be2a62cd	/AT00.MAP	172795	32
52bfc424ad	/MP00.MAP	183822	69
52c1fe2bc3	/KD00.MAP	169144	69
52ce07277d	/DG10.MAP	93471	14
52d77baa26	/MP00.MAP	180084	45
52d77baa26	/TJ10.MAP	30042	45
52d77baa26	/TJ11.MAP	45170	45
52e2376789	/DIARY.MSG	4796	257
52e27471a2	/NZ11.MAP	107568	71
52e2864cfa	/JG10.MAP	149387	45
52e943670f	/WC00.MAP	218948	25
52ea2b8857	/IG00.MAP	175981	43
52ed724b77	/DG21.MAP	97496	8
52ed724b77	/DG21.MAP	100052	8
52eda70e17	/WAZAHELP.MSG	5884	56
52ee672779	/GM00.MAP	185477	63
52fa992b47	/NJ00.MAP	155690	61
52fdace36c	/HY00.MAP	131798	61
5302baf65f	/WY00.MAP	227503	42
5302e1922d	/MP00.MAP	183016	42
53143d1323	/MH00.MAP	180950	71
531527e663	/CK00.MAP	174017	28
531db7cec7	/IZ00.MAP	61024	43
531db7cec7	/IZ00.MAP	61799	43
531f86adb5	/HY00.MAP	136283	25
532405112b	/IZ00.MAP	53514	59
53267d80ea	/TM00.MAP	130693	47
532fd7b64e	/GT10.MAP	46860	71
5343baa72f	/IP00.MAP	162375	75
534f81be18	/CK00.MAP	172212	32
53506f2588	/WR00.MAP	218058	63
53506f2588	/WR02.MAP	214080	63
5356b82c8c	/RT20.MAP	109188	92
5356b82c8c	/RT20.MAP	114740	92
5360e2830b	/SK10.MAP	94607	65
5361dca850	/MH00.MAP	175610	81
5369555908	/MP00.MAP	192219	55
536b4e91bd	/GM00.MAP	192098	78
536b4e91bd	/GM00.MAP	192725	78
536ee865d4	/CK00.MAP	166761	22
5377a33a18	/KM10.MAP	54604	20
53845ce35b	/CT20.MAP	173986	36
538c4858f2	/CT00.MAP	166489	68
538cc00c11	/AT10.MAP	168424	66
538cd45d97	/IS10.MAP	62156	27
53a442792c	/KB10.MAP	56855	37
53a442792c	/KB20.MAP	63743	37
53a9622f4a	/DS00.MAP	63557	6
53a9622f4a	/DS00.MAP	78305	6
53a9622f4a	/DS10.MAP	59137	6
53a9622f4a	/DS10.MAP	73885	6
53a9622f4a	/WR00.MAP	179829	6
53a9622f4a	/WR01.MAP	179829	6
53a9622f4a	/WR02.MAP	179829	6
53a9622f4a	/WR10.MAP	178557	6
53b0113788	/DIARY.MSG	7172	144
53b4b91890	/HY00.MAP	135135	12
53b671f0a3	/NT30.MAP	104971	36
53b9726763	/IG00.MAP	172639	13
53d055a67e	/CK00.MAP	178546	49
53d3306b90	/HY00.MAP	133500	49
53d80cc0a4	/GB00.MAP	180572	14
53dafd7710	/SK00.MAP	119732	43
53e4b7a6dd	/GM00.MAP	187015	67
53ea3c709f	/CK00.MAP	178814	40
53eb666e09	/IG00.MAP	163947	57
53f14bf7df	/AT00.MAP	180015	32
53fed90b9e	/GH00.MAP	151193	31
53fed90b9e	/GH00.MAP	151280	31
53fed90b9e	/GH00.MAP	151347	31
53fed90b9e	/GH00.MAP	151441	31
53fed90b9e	/GH00.MAP	151500	31
53fed90b9e	/GH00.MAP	151586	31
53fed90b9e	/GH00.MAP	151657	31
53fed90b9e	/GH00.MAP	151726	31
53fed90b9e	/GH00.MAP	152277	31
5409998f71	/KR00.MAP	101624	34
54107883e8	/WR10.MAP	212040	16
5412d6a5a8	/JG00.MAP	137289	55
541973c15a	/RT20.MAP	117900	30
541f1a01e5	/GM00.MAP	202179	26
5420175083	/SK10.MAP	92658	22
544a94400c	/IG00.MAP	171031	45
54550125fa	/GM00.MAP	202125	22
545ce64039	/MP00.MAP	183924	40
545cf24c4c	/QH00.MAP	156821	86
546bdc7cbe	/OB00.MAP	154361	61
546e62d6ee	/WR00.MAP	237634	65
546e62d6ee	/WR02.MAP	216736	65
547a270c05	/HL10.MAP	99170	33
547cf04d5e	/RT20.MAP	109514	45
547cf04d5e	/RT20.MAP	116360	45
547fbb5648	/NJ10.MAP	135400	20
548e93ad58	/CT10.MAP	190402	28
5492f48aa2	/ZM00.MAP	149242	53
5496b3e54e	/WC00.MAP	225828	55
549ea91a11	/RT20.MAP	111527	47
549fd465aa	/BOT4.MAP	27691	10
54a13b2965	/NJ10.MAP	137980	28
54ac91a6d5	/KD00.MAP	168731	36
54c139b019	/RT20.MAP	115563	14
54c139b019	/RT20.MAP	116030	14
54c187cf8c	/AT00.MAP	190311	47
54c8b45bda	/ITEMHELP.MSG	4448	48
54d74edade	/KK00.MAP	130872	47
54d74edade	/KK01.MAP	129467	47
54e0c49a8a	/AT00.MAP	186508	81
54e1e39c5b	/AT20.MAP	82636	12
54e9a9f9b3	/WR02.MAP	212731	26
54e9c159ca	/CK00.MAP	179185	61
54ec5654cf	/KB00.MAP	56476	32
54ec5654cf	/KB20.MAP	64532	32
54fcdf8994	/KR00.MAP	94668	57
54fcdf8994	/ZM00.MAP	156527	57
5507285136	/AT20.MAP	89616	49
550a71db74	/ZM00.MAP	141237	34
55184b0751	/WR10.MAP	210646	32
551ae639e9	/CK00.MAP	166356	63
5522f61f43	/WY00.MAP	222550	80
552aa0982d	/CK00.MAP	162077	67
552aa0982d	/GB00.MAP	196948	67
5531622116	/ZM01.MAP	145900	71
5538c5e18d	/NZ10.MAP	112991	47
553bae98f4	/WR00.MAP	236285	77
553d0a49d3	/CT00.MAP	164564	42
5555adbc5d	/WAZAHELP.MSG	1080	54
55571bf2d5	/HL00.MAP	134172	47
5558b74955	/IS00.MAP	162968	61
555b306d80	/JG00.MAP	133889	8
5560dfa43a	/QH00.MAP	162886	67
5560dfa43a	/TJ20.MAP	30164	67
5560dfa43a	/TJ21.MAP	45300	67
5560dfa43a	/TJ22.MAP	49208	67
5560dfa43a	/TJ60.MAP	30071	67
5560dfa43a	/TJ61.MAP	45255	67
5560dfa43a	/TJ62.MAP	49115	67
5560dfa43a	/ZM00.MAP	158108	67
55624af8b2	/WR00.MAP	226601	36
556316dc7f	/BL00.MAP	125010	22
556316dc7f	/ZM00.MAP	155799	22
556b67d463	/CK00.MAP	179279	100
55740a58fe	/WR00.MAP	226049	38
5577c841a3	/KM10.MAP	48845	24
5578b111f6	/WC00.MAP	215617	43
557e44b930	/ZM00.MAP	147054	102
5581e65775	/AT20.MAP	91635	20
5588e59273	/NT20.MAP	144525	94
5591553d70	/OT01.MAP	169100	35
5598fa9d8c	/WY00.MAP	231646	26
55ac948371	/MP00.MAP	190172	106
55ba188fde	/ITEMHELP.MSG	2348	56
55bccea2e6	/BL00.MAP	126026	18
55c7fd1d31	/WY02.MAP	212184	37
55cae1d56b	/DL00.MAP	121893	59
55f9b93de3	/WAZAHELP.MSG	1960	56
55fe7d5c9f	/WY02.MAP	212849	45
5601b995de	/NT21.MAP	131651	38
560cf05950	/NJ10.MAP	133696	26
560d69e6d6	/IG10.MAP	154776	41
56205d85b9	/GB00.MAP	186209	55
562156550e	/CT20.MAP	169222	50
5625394263	/IG10.MAP	157101	49
5625a1bef5	/HY00.MAP	132614	56
563b0afe8a	/GB00.MAP	172063	61
5646621f73	/GM00.MAP	185661	63
56496a79da	/KR00.MAP	94546	26
56496a79da	/ZM00.MAP	156405	26
56501e6f8f	/HL00.MAP	133577	53
565ab184ec	/SK00.MAP	120737	30
5660f5e1fa	/AT10.MAP	162702	286
5664515604	/RT00.MAP	250486	7
5664515604	/TJ20.MAP	110078	7
5664515604	/TJ30.MAP	120034	7
5664515604	/TJ60.MAP	110146	7
5664515604	/TJ62.MAP	129190	7
5664515604	/TJ70.MAP	157590	7
56696a3578	/GM00.MAP	178593	51
566c660667	/KK00.MAP	131069	76
566c660667	/KK01.MAP	129664	76
567c7b7f0c	/WC00.MAP	224760	36
568028bcc4	/GB00.MAP	172750	31
56857ae42f	/IZ00.MAP	50788	14
56a33e97b3	/JG00.MAP	138082	34
56b522ed94	/MP00.MAP	181948	43
56b701ef4f	/AT20.MAP	82902	24
56c532b8b1	/CT00.MAP	112314	9
56c532b8b1	/CT10.MAP	105894	9
56c532b8b1	/CT20.MAP	87618	9
56ca2e4347	/HL10.MAP	100023	68
56e7990fda	/KR00.MAP	94306	28
56ebd18e99	/NT21.MAP	131459	53
56facb7230	/WAZAHELP.MSG	3472	24
56fdd4ec1c	/KR00.MAP	99475	36
56fe57e17c	/OT00.MAP	166691	30
571e4c986c	/JG00.MAP	135767	58
5722f6d2f8	/SK00.MAP	121227	61
57244f1cdf	/OT00.MAP	170090	32
572b322b3e	/AT20.MAP	89890	28
5734da9036	/QH00.MAP	161127	30
574065364c	/DG10.MAP	89417	57
5741f6a6f1	/WY02.MAP	212460	45
5746326a2f	/NT21.MAP	131380	32
5746ec4e36	/ZM00.MAP	142718	57
574b8ae60c	/BOT5.MAP	27790	22
575ab2cd3f	/RT20.MAP	119153	49
576201d8ea	/NZ10.MAP	115038	49
5763060cb4	/HL00.MAP	133663	36
5769d4dac9	/IG00.MAP	174793	90
57726047b6	/IZ00.MAP	54718	24
577591c681	/GB00.MAP	196333	72
577801b0b6	/KM00.MAP	154873	18
5782b86eb2	/WR00.MAP	227533	28
5788b6bf96	/ES01.MAP	74715	57
5788b6bf96	/ES01.MAP	78352	57
5788b6bf96	/WS01.MAP	79760	57
5788b6bf96	/WS01.MAP	83560	57
578c8332bb	/WC00.MAP	220867	16
57923c95b6	/IG00.MAP	161772	61
57a6a7b846	/AT20.MAP	86578	32
57ab39a537	/RS01.MAP	51974	18
57bbae75f2	/BOT5.MAP	27354	35
57bc57089e	/NJ00.MAP	157268	90
57da1c8ab1	/GT20.MAP	139277	63
57dd9c0c86	/HL00.MAP	136301	16
57dd9c0c86	/HL00.MAP	136386	16
57e5ed6ee9	/WR00.MAP	234815	26
57e5ed6ee9	/WR00.MAP	235417	26
57ec2f61fb	/MH00.MAP	170802	72
57f2001177	/NZ10.MAP	111220	49
57f4fb8bac	/ZM00.MAP	147599	55
57f92e5b87	/KB20.MAP	64767	12
57f92e5b87	/KB20.MAP	64790	12
57f92e5b87	/KB20.MAP	64813	12
57f92e5b87	/KB20.MAP	64836	12
580a9343ec	/HS10.MAP	182938	26
580acc293f	/HL11.MAP	92492	24
580b37747a	/DG10.MAP	89313	10
580b37747a	/IP00.MAP	156617	10
581632f5d3	/BL10.MAP	40809	16
581632f5d3	/BL20.MAP	58018	16
581632f5d3	/BL30.MAP	42817	16
581632f5d3	/BL40.MAP	80911	16
581632f5d3	/NZ00.MAP	116452	16
581632f5d3	/OB00.MAP	150187	16
581632f5d3	/RT00.MAP	159131	16
581632f5d3	/ST00.MAP	115603	16
581f913890	/GM00.MAP	187115	36
581fe93ada	/IG00.MAP	177611	37
5822906cff	/DG10.MAP	91736	18
5822906cff	/DG10.MAP	92184	18
58231eaaf9	/WY00.MAP	236003	24
58282090d4	/OT01.MAP	164989	38
582a8f77d2	/WAZAHELP.MSG	9216	54
582e997855	/KM00.MAP	148986	41
582fc43338	/KM10.MAP	52694	32
583fe83cf2	/AT00.MAP	180850	14
5846f18fc3	/WY00.MAP	235234	36
584730ce6b	/CT20.MAP	171143	28
5872b67bcd	/KM10.MAP	57118	65
58781c8e08	/NZ00.MAP	54746	11
58799d30a3	/BOT4.MAP	27954	10
587e889afd	/GH00.MAP	152309	47
5886213cfb	/WC00.MAP	222293	88
5889eafc3d	/AT00.MAP	180712	40
588d5103d1	/WK00.MAP	104662	22
588ef37b97	/WAZAHELP.MSG	6352	28
58972e6796	/WR00.MAP	230774	49
5898b8f055	/RT20.MAP	115791	16
58a1d628fe	/SK10.MAP	92381	63
58a6311348	/WY00.MAP	217017	12
58a6af5c1e	/WS00.MAP	81381	59
58bdf4e542	/OT01.MAP	166707	98
58c7e6faf7	/ZM01.MAP	141265	20
58cc5c99d0	/FIR3.MAP	108013	28
58d1bd3dc2	/WR00.MAP	225670	26
58d8bfed74	/OB00.MAP	157489	22
58d9656930	/BOT4.MAP	28484	10
58e545e10b	/WC00.MAP	218102	47
58e6d505c0	/MK00.MAP	148873	61
58ecd40ffa	/IG10.MAP	153841	17
58fc481ce0	/IG00.MAP	158910	84
590433d51f	/WY00.MAP	218523	30
59043a4561	/MP00.MAP	175463	16
59043a4561	/WK00.MAP	105986	16
591e019fb1	/GB00.MAP	174287	36
59225d28cd	/ZM01.MAP	144426	24
592db0da55	/AT00.MAP	172367	38
59349f52e0	/HS10.MAP	182782	43
596165e038	/WR00.MAP	232885	14
596165e038	/WR00.MAP	233308	14
596b8e2759	/MH00.MAP	170061	96
596b8e2759	/MH00.MAP	172700	96
597308fa9e	/RS01.MAP	49871	41
597a9abc8a	/KM10.MAP	55770	30
597bde0df0	/WR00.MAP	221586	77
597da1220b	/KM10.MAP	49508	18
598150204d	/KR00.MAP	103851	68
5985f5ff2a	/WR00.MAP	224287	36
598b62a05f	/IG00.MAP	170852	50
5999a1b159	/GM00.MAP	185202	75
599fb7cb3f	/IP10.MAP	136287	70
59a92b7ac8	/AT00.MAP	197491	36
59b38fe482	/KB01.MAP	54541	45
59b3951be5	/GB00.MAP	182129	55
59bf24a3cc	/NT10.MAP	132593	11
59c94737bc	/HL10.MAP	98663	28
59cc1fb041	/HL00.MAP	134734	49
59d454fb21	/BL00.MAP	128453	78
59e17aadde	/ES01.MAP	76269	22
59e17aadde	/WS01.MAP	81443	22
59e725026c	/TM00.MAP	132494	49
59ecd6a671	/GM00.MAP	196427	67
59f1007480	/NT20.MAP	152529	24
5a03f372fe	/CT10.MAP	186894	41
5a0798fd60	/GM00.MAP	203899	63
5a0bec2d3a	/AT00.MAP	187470	98
5a0cf51263	/WY00.MAP	231431	28
5a14f80019	/RT20.MAP	102860	25
5a28e28bff	/HL10.MAP	95988	59
5a2941aa5b	/NJ00.MAP	159597	32
5a2d3b7aed	/ITEMHELP.MSG	5708	46
5a2fe2bae8	/ZM00.MAP	145121	90
5a30d9d1ae	/BOT4.MAP	28421	29
5a3726ec30	/JG00.MAP	134860	67
5a4152eaf4	/GM00.MAP	193323	38
5a435a3ad4	/GB00.MAP	187573	67
5a52524609	/MP00.MAP	189440	61
5a579507d4	/GT10.MAP	48187	34
5a5d9a8815	/ZM00.MAP	156989	29
5a675b355a	/KD00.MAP	167673	38
5a67a2bfc2	/WK00.MAP	105861	28
5a694b5414	/DIARY.MSG	7852	240
5a69c9b85c	/NT20.MAP	147037	30
5a6d377ad2	/WR00.MAP	223984	47
5a6d3d2a31	/GT00.MAP	146115	65
5a71f56e22	/AT20.MAP	83559	47
5a83eaa5b8	/WY00.MAP	224362	43
5a8bf2a996	/CK00.MAP	169382	67
5a9e69ce89	/KS00.MAP	173828	61
5aa506dcd7	/MP00.MAP	175070	18
5aab843519	/NT30.MAP	107780	30
5aac400b4f	/NT20.MAP	147882	73
5ab344b951	/AT00.MAP	188604	67
5ac7f6b4ee	/ITEMHELP.MSG	7008	48
5ad0a15b28	/AT00.MAP	171368	8
5ad0a15b28	/AT00.MAP	171410	8
5ad0a15b28	/AT01.MAP	165096	8
5ad0a15b28	/AT01.MAP	165138	8
5ad0a15b28	/AT10.MAP	160892	8
5ad0a15b28	/AT10.MAP	160934	8
5ad0a15b28	/AT10.MAP	161286	8
5ad0a15b28	/AT10.MAP	161360	8
5ad0a15b28	/AT10.MAP	161398	8
5ad0a15b28	/AT20.MAP	81558	8
5ad0a15b28	/AT20.MAP	81600	8
5ad0a15b28	/BL00.MAP	124619	8
5ad0a15b28	/BL00.MAP	124661	8
5ad0a15b28	/BL00.MAP	128586	8
5ad0a15b28	/BL10.MAP	40651	8
5ad0a15b28	/BL10.MAP	40693	8
5ad0a15b28	/BL20.MAP	57868	8
5ad0a15b28	/BL20.MAP	57910	8
5ad0a15b28	/BL30.MAP	42667	8
5ad0a15b28	/BL30.MAP	42709	8
5ad0a15b28	/BL40.MAP	80761	8
5ad0a15b28	/BL40.MAP	80803	8
5ad0a15b28	/BL50.MAP	51207	8
5ad0a15b28	/BL50.MAP	51249	8
5ad0a15b28	/BOOT.MAP	25181	8
5ad0a15b28	/BOOT.MAP	25223	8
5ad0a15b28	/BOOT2.MAP	142027	8
5ad0a15b28	/BOOT2.MAP	142069	8
5ad0a15b28	/BOT3.MAP	27083	8
5ad0a15b28	/BOT3.MAP	27125	8
5ad0a15b28	/BOT4.MAP	26954	8
5ad0a15b28	/BOT4.MAP	26996	8
5ad0a15b28	/BOT5.MAP	26701	8
5ad0a15b28	/BOT5.MAP	26743	8
5ad0a15b28	/CK00.MAP	160614	8
5ad0a15b28	/CK00.MAP	160656	8
5ad0a15b28	/CK01.MAP	156640	8
5ad0a15b28	/CK01.MAP	156682	8
5ad0a15b28	/CT00.MAP	164400	8
5ad0a15b28	/CT00.MAP	164442	8
5ad0a15b28	/CT10.MAP	186572	8
5ad0a15b28	/CT10.MAP	186614	8
5ad0a15b28	/CT20.MAP	166459	8
5ad0a15b28	/CT20.MAP	166501	8
5ad0a15b28	/DG00.MAP	135247	8
5ad0a15b28	/DG00.MAP	135289	8
5ad0a15b28	/DG10.MAP	89172	8
5ad0a15b28	/DG10.MAP	89214	8
5ad0a15b28	/DG21.MAP	95382	8
5ad0a15b28	/DG21.MAP	95424	8
5ad0a15b28	/DL00.MAP	119927	8
5ad0a15b28	/DL00.MAP	119969	8
5ad0a15b28	/DS00.MAP	83625	8
5ad0a15b28	/DS00.MAP	83667	8
5ad0a15b28	/DS10.MAP	78327	8
5ad0a15b28	/DS10.MAP	78369	8
5ad0a15b28	/ES00.MAP	74224	8
5ad0a15b28	/ES00.MAP	74266	8
5ad0a15b28	/ES01.MAP	73759	8
5ad0a15b28	/ES01.MAP	73801	8
5ad0a15b28	/ES10.MAP	74738	8
5ad0a15b28	/ES10.MAP	74780	8
5ad0a15b28	/FIR0.MAP	95024	8
5ad0a15b28	/FIR0.MAP	95066	8
5ad0a15b28	/FIR1.MAP	134284	8
5ad0a15b28	/FIR1.MAP	134326	8
5ad0a15b28	/FIR2.MAP	114225	8
5ad0a15b28	/FIR2.MAP	114267	8
5ad0a15b28	/FIR3.MAP	107684	8
5ad0a15b28	/FIR3.MAP	107726	8
5ad0a15b28	/GB00.MAP	171377	8
5ad0a15b28	/GB00.MAP	171419	8
5ad0a15b28	/GH00.MAP	151006	8
5ad0a15b28	/GH00.MAP	151048	8
5ad0a15b28	/GM00.MAP	171190	8
5ad0a15b28	/GM00.MAP	171232	8
5ad0a15b28	/GM01.MAP	164647	8
5ad0a15b28	/GM01.MAP	164689	8
5ad0a15b28	/GT00.MAP	145707	8
5ad0a15b28	/GT00.MAP	145749	8
5ad0a15b28	/GT10.MAP	46074	8
5ad0a15b28	/GT10.MAP	46116	8
5ad0a15b28	/GT20.MAP	138874	8
5ad0a15b28	/GT20.MAP	138916	8
5ad0a15b28	/HL00.MAP	128805	8
5ad0a15b28	/HL00.MAP	128847	8
5ad0a15b28	/HL10.MAP	94185	8
5ad0a15b28	/HL10.MAP	94227	8
5ad0a15b28	/HL11.MAP	92243	8
5ad0a15b28	/HL11.MAP	92285	8
5ad0a15b28	/HS00.MAP	69070	8
5ad0a15b28	/HS00.MAP	69112	8
5ad0a15b28	/HS10.MAP	181177	8
5ad0a15b28	/HS10.MAP	181219	8
5ad0a15b28	/HY00.MAP	131046	8
5ad0a15b28	/HY00.MAP	131088	8
5ad0a15b28	/IG00.MAP	157305	8
5ad0a15b28	/IG00.MAP	157347	8
5ad0a15b28	/IG01.MAP	153222	8
5ad0a15b28	/IG01.MAP	153264	8
5ad0a15b28	/IG10.MAP	153626	8
5ad0a15b28	/IG10.MAP	153668	8
5ad0a15b28	/IP00.MAP	156476	8
5ad0a15b28	/IP00.MAP	156518	8
5ad0a15b28	/IP10.MAP	135254	8
5ad0a15b28	/IP10.MAP	135296	8
5ad0a15b28	/IS00.MAP	160436	8
5ad0a15b28	/IS00.MAP	160478	8
5ad0a15b28	/IS10.MAP	58131	8
5ad0a15b28	/IS10.MAP	58173	8
5ad0a15b28	/IXXX.MAP	21953	8
5ad0a15b28	/IXXX.MAP	21995	8
5ad0a15b28	/IY00.MAP	121578	8
5ad0a15b28	/IY00.MAP	121620	8
5ad0a15b28	/IZ00.MAP	49299	8
5ad0a15b28	/IZ00.MAP	49341	8
5ad0a15b28	/JG00.MAP	130048	8
5ad0a15b28	/JG00.MAP	130090	8
5ad0a15b28	/JG01.MAP	125190	8
5ad0a15b28	/JG01.MAP	125232	8
5ad0a15b28	/JG02.MAP	125405	8
5ad0a15b28	/JG02.MAP	125447	8
5ad0a15b28	/JG10.MAP	148656	8
5ad0a15b28	/JG10.MAP	148698	8
5ad0a15b28	/KB00.MAP	54503	8
5ad0a15b28	/KB00.MAP	54545	8
5ad0a15b28	/KB01.MAP	54134	8
5ad0a15b28	/KB01.MAP	54176	8
5ad0a15b28	/KB10.MAP	55262	8
5ad0a15b28	/KB10.MAP	55304	8
5ad0a15b28	/KB20.MAP	61105	8
5ad0a15b28	/KB20.MAP	61147	8
5ad0a15b28	/KD00.MAP	160784	8
5ad0a15b28	/KD00.MAP	160826	8
5ad0a15b28	/KK00.MAP	130339	8
5ad0a15b28	/KK00.MAP	130381	8
5ad0a15b28	/KK01.MAP	128993	8
5ad0a15b28	/KK01.MAP	129035	8
5ad0a15b28	/KM00.MAP	144883	8
5ad0a15b28	/KM00.MAP	144925	8
5ad0a15b28	/KM01.MAP	140965	8
5ad0a15b28	/KM01.MAP	141007	8
5ad0a15b28	/KM10.MAP	47101	8
5ad0a15b28	/KM10.MAP	47143	8
5ad0a15b28	/KR00.MAP	93362	8
5ad0a15b28	/KR00.MAP	93404	8
5ad0a15b28	/KS00.MAP	167050	8
5ad0a15b28	/KS00.MAP	167092	8
5ad0a15b28	/KZ00.MAP	171078	8
5ad0a15b28	/KZ00.MAP	171120	8
5ad0a15b28	/MH00.MAP	160286	8
5ad0a15b28	/MH00.MAP	160328	8
5ad0a15b28	/MK00.MAP	147147	8
5ad0a15b28	/MK00.MAP	147189	8
5ad0a15b28	/MP00.MAP	174314	8
5ad0a15b28	/MP00.MAP	174356	8
5ad0a15b28	/MP01.MAP	125686	8
5ad0a15b28	/MP01.MAP	125728	8
5ad0a15b28	/NJ00.MAP	155270	8
5ad0a15b28	/NJ00.MAP	155312	8
5ad0a15b28	/NJ10.MAP	126796	8
5ad0a15b28	/NJ10.MAP	126838	8
5ad0a15b28	/NT00.MAP	60452	8
5ad0a15b28	/NT00.MAP	60494	8
5ad0a15b28	/NT10.MAP	132480	8
5ad0a15b28	/NT10.MAP	132522	8
5ad0a15b28	/NT20.MAP	143443	8
5ad0a15b28	/NT20.MAP	143485	8
5ad0a15b28	/NT21.MAP	130028	8
5ad0a15b28	/NT21.MAP	130070	8
5ad0a15b28	/NT30.MAP	102463	8
5ad0a15b28	/NT30.MAP	102505	8
5ad0a15b28	/NT31.MAP	137320	8
5ad0a15b28	/NT31.MAP	137362	8
5ad0a15b28	/NZ00.MAP	116302	8
5ad0a15b28	/NZ00.MAP	116344	8
5ad0a15b28	/NZ10.MAP	108804	8
5ad0a15b28	/NZ10.MAP	108846	8
5ad0a15b28	/NZ11.MAP	107300	8
5ad0a15b28	/NZ11.MAP	107342	8
5ad0a15b28	/OB00.MAP	150002	8
5ad0a15b28	/OB00.MAP	150044	8
5ad0a15b28	/OT00.MAP	165919	8
5ad0a15b28	/OT00.MAP	165961	8
5ad0a15b28	/OT01.MAP	163353	8
5ad0a15b28	/OT01.MAP	163395	8
5ad0a15b28	/OT02.MAP	163130	8
5ad0a15b28	/OT02.MAP	163172	8
5ad0a15b28	/OT10.MAP	162885	8
5ad0a15b28	/OT10.MAP	162927	8
5ad0a15b28	/QH00.MAP	148318	8
5ad0a15b28	/QH00.MAP	148360	8
5ad0a15b28	/QH01.MAP	144969	8
5ad0a15b28	/QH01.MAP	145011	8
5ad0a15b28	/RS00.MAP	48393	8
5ad0a15b28	/RS00.MAP	48435	8
5ad0a15b28	/RS01.MAP	49719	8
5ad0a15b28	/RS01.MAP	49761	8
5ad0a15b28	/RT00.MAP	158981	8
5ad0a15b28	/RT00.MAP	159023	8
5ad0a15b28	/RT20.MAP	101883	8
5ad0a15b28	/RT20.MAP	101925	8
5ad0a15b28	/RT30.MAP	137975	8
5ad0a15b28	/RT30.MAP	138017	8
5ad0a15b28	/SB00.MAP	72196	8
5ad0a15b28	/SB00.MAP	72238	8
5ad0a15b28	/SK00.MAP	115553	8
5ad0a15b28	/SK00.MAP	115595	8
5ad0a15b28	/SK10.MAP	91869	8
5ad0a15b28	/SK10.MAP	91911	8
5ad0a15b28	/SS00.MAP	68602	8
5ad0a15b28	/SS00.MAP	68644	8
5ad0a15b28	/SS10.MAP	68649	8
5ad0a15b28	/SS10.MAP	68691	8
5ad0a15b28	/ST00.MAP	115453	8
5ad0a15b28	/ST00.MAP	115495	8
5ad0a15b28	/ST10.MAP	81938	8
5ad0a15b28	/ST10.MAP	81980	8
5ad0a15b28	/TEST.MAP	141621	8
5ad0a15b28	/TEST.MAP	141663	8
5ad0a15b28	/TJ00.MAP	143996	8
5ad0a15b28	/TJ00.MAP	144038	8
5ad0a15b28	/TJ01.MAP	143996	8
5ad0a15b28	/TJ01.MAP	144038	8
5ad0a15b28	/TJ10.MAP	29720	8
5ad0a15b28	/TJ10.MAP	29762	8
5ad0a15b28	/TJ11.MAP	44848	8
5ad0a15b28	/TJ11.MAP	44890	8
5ad0a15b28	/TJ20.MAP	29767	8
5ad0a15b28	/TJ20.MAP	29809	8
5ad0a15b28	/TJ21.MAP	44903	8
5ad0a15b28	/TJ21.MAP	44945	8
5ad0a15b28	/TJ22.MAP	48811	8
5ad0a15b28	/TJ22.MAP	48853	8
5ad0a15b28	/TJ30.MAP	52372	8
5ad0a15b28	/TJ30.MAP	52414	8
5ad0a15b28	/TJ31.MAP	54428	8
5ad0a15b28	/TJ31.MAP	54470	8
5ad0a15b28	/TJ32.MAP	48788	8
5ad0a15b28	/TJ32.MAP	48830	8
5ad0a15b28	/TJ40.MAP	144120	8
5ad0a15b28	/TJ40.MAP	144162	8
5ad0a15b28	/TJ41.MAP	144127	8
5ad0a15b28	/TJ41.MAP	144169	8
5ad0a15b28	/TJ50.MAP	29784	8
5ad0a15b28	/TJ50.MAP	29826	8
5ad0a15b28	/TJ51.MAP	44960	8
5ad0a15b28	/TJ51.MAP	45002	8
5ad0a15b28	/TJ60.MAP	29831	8
5ad0a15b28	/TJ60.MAP	29873	8
5ad0a15b28	/TJ61.MAP	45015	8
5ad0a15b28	/TJ61.MAP	45057	8
5ad0a15b28	/TJ62.MAP	48875	8
5ad0a15b28	/TJ62.MAP	48917	8
5ad0a15b28	/TJ70.MAP	52484	8
5ad0a15b28	/TJ70.MAP	52526	8
5ad0a15b28	/TJ71.MAP	54444	8
5ad0a15b28	/TJ71.MAP	54486	8
5ad0a15b28	/TJ72.MAP	48900	8
5ad0a15b28	/TJ72.MAP	48942	8
5ad0a15b28	/TM00.MAP	130114	8
5ad0a15b28	/TM00.MAP	130156	8
5ad0a15b28	/TM00.MAP	133716	8
5ad0a15b28	/TM10.MAP	68453	8
5ad0a15b28	/TM10.MAP	68495	8
5ad0a15b28	/TM20.MAP	78109	8
5ad0a15b28	/TM20.MAP	78151	8
5ad0a15b28	/TM30.MAP	101381	8
5ad0a15b28	/TM30.MAP	101423	8
5ad0a15b28	/TM40.MAP	44457	8
5ad0a15b28	/TM40.MAP	44499	8
5ad0a15b28	/TST2.MAP	128369	8
5ad0a15b28	/TST2.MAP	128411	8
5ad0a15b28	/TTTT.MAP	97065	8
5ad0a15b28	/TTTT.MAP	97107	8
5ad0a15b28	/WC00.MAP	205810	8
5ad0a15b28	/WC00.MAP	205852	8
5ad0a15b28	/WC01.MAP	199175	8
5ad0a15b28	/WC01.MAP	199217	8
5ad0a15b28	/WK00.MAP	103490	8
5ad0a15b28	/WK00.MAP	103532	8
5ad0a15b28	/WR00.MAP	217670	8
5ad0a15b28	/WR00.MAP	217712	8
5ad0a15b28	/WR01.MAP	210363	8
5ad0a15b28	/WR01.MAP	210405	8
5ad0a15b28	/WR02.MAP	212539	8
5ad0a15b28	/WR02.MAP	212581	8
5ad0a15b28	/WR10.MAP	210525	8
5ad0a15b28	/WR10.MAP	210567	8
5ad0a15b28	/WS00.MAP	79274	8
5ad0a15b28	/WS00.MAP	79316	8
5ad0a15b28	/WS01.MAP	78761	8
5ad0a15b28	/WS01.MAP	78803	8
5ad0a15b28	/WS10.MAP	79683	8
5ad0a15b28	/WS10.MAP	79725	8
5ad0a15b28	/WY00.MAP	215720	8
5ad0a15b28	/WY00.MAP	215762	8
5ad0a15b28	/WY00.MAP	229044	8
5ad0a15b28	/WY01.MAP	208933	8
5ad0a15b28	/WY01.MAP	208975	8
5ad0a15b28	/WY02.MAP	210847	8
5ad0a15b28	/WY02.MAP	210889	8
5ad0a15b28	/ZM00.MAP	140759	8
5ad0a15b28	/ZM00.MAP	140801	8
5ad0a15b28	/ZM01.MAP	137598	8
5ad0a15b28	/ZM01.MAP	137640	8
5ad4317474	/RT20.MAP	125693	45
5ad6934b1f	/IZ00.MAP	53064	61
5add1c844f	/KK00.MAP	132848	34
5ade968b0f	/ITEMHELP.MSG	4980	48
5aeabde0b5	/NZ10.MAP	113272	55
5af8773604	/MK00.MAP	149442	59
5b0b54dd4c	/KD00.MAP	165993	12
5b12f70a02	/AT10.MAP	161813	253
5b24adab3a	/KS00.MAP	173546	49
5b3375098c	/GM00.MAP	200353	20
5b34e5c375	/CK00.MAP	162019	57
5b42584937	/RT20.MAP	107375	57
5b4e47317b	/IG00.MAP	180928	53
5b50696b51	/RT20.MAP	107236	106
5b50696b51	/RT20.MAP	113180	106
5b50e45a88	/DS00.MAP	84356	61
5b5b3347a6	/KD00.MAP	163875	37
5b5be98ea3	/HL00.MAP	131658	32
5b64188ef2	/NT30.MAP	103385	51
5b66a51e37	/CK00.MAP	162277	62
5b688699d2	/IG10.MAP	158706	61
5b6aeaf0e4	/DG10.MAP	92112	40
5b715c6e4e	/QH01.MAP	145966	82
5b7c2acb7e	/ITEMHELP.MSG	2568	34
5b81f10875	/IP10.MAP	137097	45
5b8401462c	/ZM01.MAP	144611	42
5b92878adf	/KM10.MAP	50116	65
5ba7597c1c	/GM00.MAP	201066	47
5bac35e77c	/OB00.MAP	155300	43
5bb3835d84	/HY00.MAP	131992	22
5bb96e7361	/HS00.MAP	71318	33
5bbd03b95f	/AT20.MAP	82143	55
5bbec92f44	/WY00.MAP	224277	53
5bd00f257f	/BL10.MAP	40850	61
5be55b0c63	/ZM01.MAP	137877	104
5bea7ffdf3	/ZM00.MAP	146982	39
5bec4ab3bb	/KK00.MAP	131237	10
5bec4ab3bb	/KK01.MAP	129832	10
5bfca94e22	/ITEMHELP.MSG	4924	54
5bfdf583d4	/NT31.MAP	137479	17
5bfe41abe6	/NZ10.MAP	113359	49
5bfed9443a	/GM00.MAP	201200	57
5c02753383	/GH00.MAP	151867	8
5c051fec72	/CT20.MAP	170658	77
5c0aff6fbb	/KS00.MAP	173041	24
5c13f11ba9	/GB00.MAP	186553	47
5c13f11ba9	/GB00.MAP	187313	47
5c14e621e0	/GM00.MAP	181115	53
5c1aa25795	/AT00.MAP	189724	59
5c20a4ec64	/ZM01.MAP	140558	69
5c2d18908f	/CK00.MAP	171387	22
5c30430f19	/GB00.MAP	188759	86
5c30430f19	/GB00.MAP	189715	86
5c30430f19	/GB00.MAP	191313	86
5c30430f19	/GB00.MAP	193091	86
5c37ca6f11	/IG00.MAP	172086	33
5c37ca6f11	/MH00.MAP	164761	33
5c3e966180	/MP00.MAP	183654	51
5c40c04f06	/NJ10.MAP	127853	38
5c40c04f06	/NJ10.MAP	136641	38
5c4151a3cf	/ZM00.MAP	152190	96
5c4693e58a	/NJ10.MAP	132056	18
5c4b121f00	/BOT4.MAP	28263	12
5c51323bfc	/MP00.MAP	187022	57
5c8162a00e	/HL10.MAP	98217	74
5c81a1d5ba	/NT20.MAP	148546	57
5c83bd5dd9	/NT30.MAP	104284	65
5c8e0c1e62	/MH00.MAP	167891	8
5c8fff9663	/ZM00.MAP	145052	36
5c99e2dae6	/OT02.MAP	165385	40
5caaf722ab	/AT00.MAP	189928	57
5cb5ea23b8	/IG00.MAP	164766	73
5cbc0250a7	/JG10.MAP	149689	26
5cbd420707	/NJ00.MAP	156566	47
5cc23fa8c0	/MP00.MAP	184633	38
5cc66e9fcd	/KB00.MAP	55082	55
5cc66e9fcd	/KB20.MAP	62495	55
5cca4accd4	/MH00.MAP	178810	96
5cce6c86d5	/RT20.MAP	113507	63
5ce8806859	/KM10.MAP	53070	32
5d01c0b326	/ITEMHELP.MSG	10548	64
5d0c981c0d	/MP00.MAP	192822	16
5d151b624e	/GM00.MAP	198694	19
5d15dfd67a	/AT00.MAP	171438	12
5d15dfd67a	/AT01.MAP	165166	12
5d15dfd67a	/AT10.MAP	160962	12
5d15dfd67a	/AT20.MAP	81628	12
5d15dfd67a	/BL00.MAP	124689	12
5d15dfd67a	/BL00.MAP	126907	12
5d15dfd67a	/BL10.MAP	40721	12
5d15dfd67a	/BL20.MAP	57938	12
5d15dfd67a	/BL30.MAP	42737	12
5d15dfd67a	/BL40.MAP	80831	12
5d15dfd67a	/BL50.MAP	51277	12
5d15dfd67a	/BOOT.MAP	25251	12
5d15dfd67a	/BOOT2.MAP	142097	12
5d15dfd67a	/BOT3.MAP	27153	12
5d15dfd67a	/BOT4.MAP	27024	12
5d15dfd67a	/BOT5.MAP	26771	12
5d15dfd67a	/CK00.MAP	160684	12
5d15dfd67a	/CK00.MAP	164207	12
5d15dfd67a	/CK00.MAP	170012	12
5d15dfd67a	/CK01.MAP	156710	12
5d15dfd67a	/CT00.MAP	164470	12
5d15dfd67a	/CT10.MAP	186642	12
5d15dfd67a	/CT20.MAP	166529	12
5d15dfd67a	/DG00.MAP	135317	12
5d15dfd67a	/DG10.MAP	89242	12
5d15dfd67a	/DG21.MAP	95452	12
5d15dfd67a	/DL00.MAP	119997	12
5d15dfd67a	/DS00.MAP	83695	12
5d15dfd67a	/DS10.MAP	78397	12
5d15dfd67a	/ES00.MAP	74294	12
5d15dfd67a	/ES01.MAP	73829	12
5d15dfd67a	/ES10.MAP	74808	12
5d15dfd67a	/FIR0.MAP	95094	12
5d15dfd67a	/FIR1.MAP	134354	12
5d15dfd67a	/FIR2.MAP	114295	12
5d15dfd67a	/FIR3.MAP	107754	12
5d15dfd67a	/GB00.MAP	171447	12
5d15dfd67a	/GB00.MAP	197439	12
5d15dfd67a	/GB00.MAP	197486	12
5d15dfd67a	/GB00.MAP	197574	12
5d15dfd67a	/GH00.MAP	151076	12
5d15dfd67a	/GM00.MAP	171260	12
5d15dfd67a	/GM00.MAP	173521	12
5d15dfd67a	/GM00.MAP	175083	12
5d15dfd67a	/GM01.MAP	164717	12
5d15dfd67a	/GT00.MAP	145777	12
5d15dfd67a	/GT10.MAP	46144	12
5d15dfd67a	/GT20.MAP	138944	12
5d15dfd67a	/HL00.MAP	128875	12
5d15dfd67a	/HL10.MAP	94255	12
5d15dfd67a	/HL10.MAP	100376	12
5d15dfd67a	/HL10.MAP	100423	12
5d15dfd67a	/HL10.MAP	100470	12
5d15dfd67a	/HL10.MAP	100518	12
5d15dfd67a	/HL11.MAP	92313	12
5d15dfd67a	/HS00.MAP	69140	12
5d15dfd67a	/HS10.MAP	181247	12
5d15dfd67a	/HY00.MAP	131116	12
5d15dfd67a	/IG00.MAP	157375	12
5d15dfd67a	/IG00.MAP	157654	12
5d15dfd67a	/IG00.MAP	159971	12
5d15dfd67a	/IG00.MAP	162918	12
5d15dfd67a	/IG00.MAP	164930	12
5d15dfd67a	/IG00.MAP	167609	12
5d15dfd67a	/IG01.MAP	153292	12
5d15dfd67a	/IG10.MAP	153696	12
5d15dfd67a	/IP00.MAP	156546	12
5d15dfd67a	/IP10.MAP	135324	12
5d15dfd67a	/IS00.MAP	160506	12
5d15dfd67a	/IS10.MAP	58201	12
5d15dfd67a	/IXXX.MAP	22023	12
5d15dfd67a	/IY00.MAP	121648	12
5d15dfd67a	/IZ00.MAP	49369	12
5d15dfd67a	/JG00.MAP	130118	12
5d15dfd67a	/JG01.MAP	125260	12
5d15dfd67a	/JG02.MAP	125475	12
5d15dfd67a	/JG10.MAP	148726	12
5d15dfd67a	/KB00.MAP	54573	12
5d15dfd67a	/KB01.MAP	54204	12
5d15dfd67a	/KB10.MAP	55332	12
5d15dfd67a	/KB20.MAP	61175	12
5d15dfd67a	/KD00.MAP	160854	12
5d15dfd67a	/KK00.MAP	130409	12
5d15dfd67a	/KK01.MAP	129063	12
5d15dfd67a	/KM00.MAP	144953	12
5d15dfd67a	/KM00.MAP	145020	12
5d15dfd67a	/KM00.MAP	146292	12
5d15dfd67a	/KM01.MAP	141035	12
5d15dfd67a	/KM10.MAP	47171	12
5d15dfd67a	/KR00.MAP	93432	12
5d15dfd67a	/KR00.MAP	95285	12
5d15dfd67a	/KR00.MAP	97228	12
5d15dfd67a	/KR00.MAP	102286	12
5d15dfd67a	/KS00.MAP	167120	12
5d15dfd67a	/KZ00.MAP	171148	12
5d15dfd67a	/MH00.MAP	160356	12
5d15dfd67a	/MH00.MAP	160591	12
5d15dfd67a	/MH00.MAP	161488	12
5d15dfd67a	/MH00.MAP	162731	12
5d15dfd67a	/MH00.MAP	165196	12
5d15dfd67a	/MH00.MAP	165960	12
5d15dfd67a	/MH00.MAP	166825	12
5d15dfd67a	/MK00.MAP	147217	12
5d15dfd67a	/MP00.MAP	174384	12
5d15dfd67a	/MP00.MAP	182297	12
5d15dfd67a	/MP00.MAP	182743	12
5d15dfd67a	/MP00.MAP	182961	12
5d15dfd67a	/MP00.MAP	183084	12
5d15dfd67a	/MP00.MAP	183446	12
5d15dfd67a	/MP00.MAP	184185	12
5d15dfd67a	/MP00.MAP	184578	12
5d15dfd67a	/MP00.MAP	184696	12
5d15dfd67a	/MP00.MAP	184915	12
5d15dfd67a	/MP00.MAP	185708	12
5d15dfd67a	/MP00.MAP	185853	12
5d15dfd67a	/MP00.MAP	185971	12
5d15dfd67a	/MP00.MAP	186193	12
5d15dfd67a	/MP00.MAP	186422	12
5d15dfd67a	/MP00.MAP	186653	12
5d15dfd67a	/MP00.MAP	186763	12
5d15dfd67a	/MP00.MAP	187108	12
5d15dfd67a	/MP01.MAP	125756	12
5d15dfd67a	/NJ00.MAP	155340	12
5d15dfd67a	/NJ10.MAP	126866	12
5d15dfd67a	/NT00.MAP	60522	12
5d15dfd67a	/NT10.MAP	132550	12
5d15dfd67a	/NT20.MAP	143513	12
5d15dfd67a	/NT21.MAP	130098	12
5d15dfd67a	/NT30.MAP	102533	12
5d15dfd67a	/NT31.MAP	137390	12
5d15dfd67a	/NZ00.MAP	116372	12
5d15dfd67a	/NZ10.MAP	108874	12
5d15dfd67a	/NZ11.MAP	107370	12
5d15dfd67a	/OB00.MAP	150072	12
5d15dfd67a	/OT00.MAP	165989	12
5d15dfd67a	/OT00.MAP	169350	12
5d15dfd67a	/OT00.MAP	170600	12
5d15dfd67a	/OT00.MAP	171646	12
5d15dfd67a	/OT00.MAP	172512	12
5d15dfd67a	/OT01.MAP	163423	12
5d15dfd67a	/OT01.MAP	166652	12
5d15dfd67a	/OT01.MAP	167196	12
5d15dfd67a	/OT01.MAP	167524	12
5d15dfd67a	/OT01.MAP	167758	12
5d15dfd67a	/OT02.MAP	163200	12
5d15dfd67a	/OT10.MAP	162955	12
5d15dfd67a	/QH00.MAP	148388	12
5d15dfd67a	/QH00.MAP	150503	12
5d15dfd67a	/QH00.MAP	150535	12
5d15dfd67a	/QH00.MAP	150567	12
5d15dfd67a	/QH00.MAP	150599	12
5d15dfd67a	/QH00.MAP	151994	12
5d15dfd67a	/QH00.MAP	152026	12
5d15dfd67a	/QH00.MAP	152058	12
5d15dfd67a	/QH00.MAP	152090	12
5d15dfd67a	/QH00.MAP	152709	12
5d15dfd67a	/QH00.MAP	152741	12
5d15dfd67a	/QH00.MAP	152773	12
5d15dfd67a	/QH00.MAP	152805	12
5d15dfd67a	/QH00.MAP	153915	12
5d15dfd67a	/QH00.MAP	153947	12
5d15dfd67a	/QH00.MAP	153979	12
5d15dfd67a	/QH00.MAP	154011	12
5d15dfd67a	/QH01.MAP	145039	12
5d15dfd67a	/RS00.MAP	48463	12
5d15dfd67a	/RS01.MAP	49789	12
5d15dfd67a	/RT00.MAP	159051	12
5d15dfd67a	/RT20.MAP	101953	12
5d15dfd67a	/RT30.MAP	138045	12
5d15dfd67a	/SB00.MAP	72266	12
5d15dfd67a	/SK00.MAP	115623	12
5d15dfd67a	/SK10.MAP	91939	12
5d15dfd67a	/SS00.MAP	68672	12
5d15dfd67a	/SS10.MAP	68719	12
5d15dfd67a	/ST00.MAP	115523	12
5d15dfd67a	/ST10.MAP	82008	12
5d15dfd67a	/TEST.MAP	141691	12
5d15dfd67a	/TJ00.MAP	144066	12
5d15dfd67a	/TJ01.MAP	144066	12
5d15dfd67a	/TJ10.MAP	29790	12
5d15dfd67a	/TJ11.MAP	44918	12
5d15dfd67a	/TJ20.MAP	29837	12
5d15dfd67a	/TJ21.MAP	44973	12
5d15dfd67a	/TJ22.MAP	48881	12
5d15dfd67a	/TJ30.MAP	52442	12
5d15dfd67a	/TJ31.MAP	54498	12
5d15dfd67a	/TJ32.MAP	48858	12
5d15dfd67a	/TJ40.MAP	144190	12
5d15dfd67a	/TJ41.MAP	144197	12
5d15dfd67a	/TJ50.MAP	29854	12
5d15dfd67a	/TJ51.MAP	45030	12
5d15dfd67a	/TJ60.MAP	29901	12
5d15dfd67a	/TJ61.MAP	45085	12
5d15dfd67a	/TJ62.MAP	48945	12
5d15dfd67a	/TJ70.MAP	52554	12
5d15dfd67a	/TJ71.MAP	54514	12
5d15dfd67a	/TJ72.MAP	48970	12
5d15dfd67a	/TM00.MAP	130184	12
5d15dfd67a	/TM00.MAP	131325	12
5d15dfd67a	/TM10.MAP	68523	12
5d15dfd67a	/TM20.MAP	78179	12
5d15dfd67a	/TM30.MAP	101451	12
5d15dfd67a	/TM40.MAP	44527	12
5d15dfd67a	/TST2.MAP	128439	12
5d15dfd67a	/TTTT.MAP	97135	12
5d15dfd67a	/WC00.MAP	205880	12
5d15dfd67a	/WC01.MAP	199245	12
5d15dfd67a	/WK00.MAP	103560	12
5d15dfd67a	/WR00.MAP	217740	12
5d15dfd67a	/WR01.MAP	210433	12
5d15dfd67a	/WR02.MAP	212609	12
5d15dfd67a	/WR10.MAP	210595	12
5d15dfd67a	/WS00.MAP	79344	12
5d15dfd67a	/WS01.MAP	78831	12
5d15dfd67a	/WS10.MAP	79753	12
5d15dfd67a	/WY00.MAP	215790	12
5d15dfd67a	/WY01.MAP	209003	12
5d15dfd67a	/WY02.MAP	210917	12
5d15dfd67a	/ZM00.MAP	140829	12
5d15dfd67a	/ZM00.MAP	140881	12
5d15dfd67a	/ZM00.MAP	158325	12
5d15dfd67a	/ZM00.MAP	158372	12
5d15dfd67a	/ZM00.MAP	158420	12
5d15dfd67a	/ZM01.MAP	137668	12
5d15dfd67a	/ZM01.MAP	142345	12
5d15dfd67a	/ZM01.MAP	143313	12
5d15dfd67a	/ZM01.MAP	143748	12
5d17387335	/NT20.MAP	149663	30
5d265180c9	/QH01.MAP	146858	53
5d353ab9c4	/WY02.MAP	215439	51
5d3dc1325d	/MH00.MAP	179009	16
5d487c0afc	/KM00.MAP	154046	59
5d4eb7eea4	/KM10.MAP	52849	67
5d55002c3d	/GB00.MAP	93982	10
5d55002c3d	/GB00.MAP	105426	10
5d55002c3d	/GB00.MAP	158618	10
5d55002c3d	/MP00.MAP	84574	10
5d55002c3d	/MP00.MAP	96018	10
5d5532462b	/CT20.MAP	174054	38
5d555daed3	/SK10.MAP	92283	63
5d58f78ea1	/KM00.MAP	147565	61
5d754df182	/WR10.MAP	212290	18
5d754df182	/WR10.MAP	212319	18
5d78ceccb0	/OT00.MAP	168551	45
5d7b193a8a	/WAZAHELP.MSG	2776	30
5d7b193a8a	/WAZAHELP.MSG	3588	30
5d8dd390b3	/KZ00.MAP	104778	8
5d96571cb9	/HS00.MAP	76892	34
5daa38037c	/ZM00.MAP	141577	28
5db47a137c	/IS10.MAP	61901	26
5db9b967a9	/GM01.MAP	165216	12
5dbe07d191	/IP00.MAP	157712	38
5dcdf565ae	/IZ00.MAP	63250	47
5dcf947e56	/WK00.MAP	107260	59
5dd2bcaf56	/CT10.MAP	197135	26
5de2ac9413	/WR00.MAP	232330	34
5de2ac9413	/WR00.MAP	232515	34
5dedca7f3f	/MP00.MAP	178372	65
5def4a4feb	/HL00.MAP	133183	67
5df42acc38	/HY00.MAP	137081	28
5e05d05099	/CK00.MAP	164362	51
5e10fae781	/KM10.MAP	53599	51
5e14cb8688	/NT20.MAP	152945	21
5e1662ff94	/ZM00.MAP	144157	88
5e16aeab8a	/MK00.MAP	147874	26
5e1718cd04	/GB00.MAP	188588	65
5e1718cd04	/GB00.MAP	191142	65
5e17bc7960	/CT10.MAP	187122	43
5e17bc7960	/CT10.MAP	187818	43
5e26db356b	/GM00.MAP	197087	55
5e28db6bb0	/KS00.MAP	174879	49
5e3226dca2	/TJ60.MAP	30171	45
5e3226dca2	/TJ61.MAP	45355	45
5e3226dca2	/TJ62.MAP	49215	45
5e3338513b	/MK00.MAP	149866	55
5e377ee6a5	/WC00.MAP	226735	35
5e3adafc9d	/WC00.MAP	226035	76
5e483f9813	/WC00.MAP	224881	37
5e4c17dba4	/MH00.MAP	166880	45
5e53859a5f	/CK00.MAP	171831	20
5e54559b13	/GB00.MAP	184110	69
5e5afb1d90	/WC00.MAP	224703	24
5e5c669944	/CK00.MAP	180317	24
5e5fa236ce	/AT20.MAP	81863	23
5e6189b62f	/GB00.MAP	184280	18
5e63511a63	/GB00.MAP	171874	66
5e71760469	/AT00.MAP	178405	40
5e72bb639b	/KM00.MAP	148774	36
5e8df8b76b	/WC00.MAP	225619	86
5e8df8b76b	/WC00.MAP	225916	86
5e8fb616f2	/GM00.MAP	176695	67
5e9dd8547e	/CT10.MAP	194411	49
5e9e402102	/IG00.MAP	172020	24
5e9e402102	/MH00.MAP	164695	24
5e9fb4d6c2	/NZ10.MAP	113774	43
5ea3020cae	/BOT4.MAP	28006	66
5ea44a00e9	/QH01.MAP	146717	12
5ea44a00e9	/QH01.MAP	147536	12
5ea91da949	/ES01.MAP	76848	57
5ea91da949	/WS01.MAP	82022	57
5eb123ec4c	/GM00.MAP	196260	39
5eb4ef27dd	/HS00.MAP	71045	49
5eb79dd00f	/IY00.MAP	122034	43
5eb79dd00f	/IY00.MAP	122382	43
5ebc14d00b	/QH00.MAP	162447	75
5ec002967f	/WR00.MAP	240674	68
5ec0cba32c	/WR00.MAP	240005	43
5ec1866aa0	/RT20.MAP	102206	69
5ec1866aa0	/RT20.MAP	104209	69
5ec2900a39	/MP00.MAP	175281	24
5ec9795c9f	/GM00.MAP	178677	88
5ecb627fc8	/BOT4.MAP	27732	22
5ed4ad7338	/WY00.MAP	234165	32
5edbfd6744	/NT30.MAP	104646	71
5edfac0aac	/MP00.MAP	179716	34
5ee32932b4	/CK00.MAP	165849	59
5ee9d55a1e	/IG00.MAP	180040	36
5ee9d55a1e	/IG00.MAP	180362	36
5eecb05b6b	/HL00.MAP	130592	47
5ef2504dfb	/ES10.MAP	76496	38
5ef2504dfb	/WS10.MAP	81459	38
5efb5143b4	/IZ00.MAP	58526	22
5f0772d2eb	/WAZAHELP.MSG	4844	40
5f2b2f9a75	/QH00.MAP	160141	47
5f3312d63f	/HS00.MAP	76302	33
5f366d227b	/HY00.MAP	135047	16
5f366d227b	/WR00.MAP	240832	16
5f3d0498ed	/WC00.MAP	208085	75
5f405a9098	/HL10.MAP	97700	61
5f65048a2c	/IP00.MAP	87655	7
5f67f6b103	/AT20.MAP	84680	35
5f71f62cb7	/WC00.MAP	219513	31
5f77c0c6a9	/KM10.MAP	55941	32
5f7c59a93f	/TJ10.MAP	30322	33
5f7c59a93f	/TJ11.MAP	45450	33
5f7c59a93f	/TJ20.MAP	30411	33
5f7c59a93f	/TJ21.MAP	45547	33
5f7c59a93f	/TJ22.MAP	49455	33
5f7c59a93f	/TJ30.MAP	52996	33
5f7c59a93f	/TJ31.MAP	55052	33
5f7c59a93f	/TJ32.MAP	49412	33
5f85e7b34b	/RT20.MAP	125065	59
5f881e4f25	/KM00.MAP	153938	18
5f894b0757	/ZM01.MAP	138316	59
5f9794537b	/NT00.MAP	61005	59
5f9794537b	/NT00.MAP	61603	59
5f9e57bac1	/WR00.MAP	220900	38
5fad890a64	/CK00.MAP	164230	31
5fad890a64	/CK00.MAP	164330	31
5fad890a64	/CK00.MAP	164632	31
5fad890a64	/CK00.MAP	164736	31
5fad890a64	/CK00.MAP	164861	31
5fad890a64	/CK00.MAP	164937	31
5fad890a64	/CK00.MAP	165040	31
5fad890a64	/CK00.MAP	165167	31
5fad890a64	/CK00.MAP	165238	31
5fad890a64	/CK00.MAP	165354	31
5fad890a64	/CK00.MAP	165429	31
5fad890a64	/CK00.MAP	165543	31
5fad890a64	/CK00.MAP	165639	31
5fad890a64	/CK00.MAP	165727	31
5fad890a64	/CK00.MAP	165817	31
5fad890a64	/CK00.MAP	165909	31
5fad890a64	/CK00.MAP	165972	31
5fad890a64	/CK00.MAP	166060	31
5fad890a64	/CK00.MAP	166134	31
5fad890a64	/CK00.MAP	166209	31
5fad890a64	/CK00.MAP	166324	31
5fad890a64	/KR00.MAP	102309	31
5fad890a64	/KR00.MAP	102374	31
5fad890a64	/KR00.MAP	102468	31
5fad890a64	/KR00.MAP	102542	31
5fad890a64	/KR00.MAP	102650	31
5fad890a64	/KR00.MAP	102749	31
5fad890a64	/KR00.MAP	102839	31
5fad890a64	/KR00.MAP	102904	31
5fad890a64	/KR00.MAP	102998	31
5fad890a64	/KR00.MAP	103068	31
5fad890a64	/KR00.MAP	103125	31
5fad890a64	/KR00.MAP	103227	31
5fad890a64	/KR00.MAP	103311	31
5fad890a64	/KR00.MAP	103378	31
5fad890a64	/KR00.MAP	103486	31
5fad890a64	/KR00.MAP	103591	31
5fad890a64	/KR00.MAP	103718	31
5fad890a64	/KR00.MAP	103819	31
5fad890a64	/KR00.MAP	103920	31
5fad890a64	/KR00.MAP	104035	31
5fad890a64	/KR00.MAP	104158	31
5fad890a64	/KR00.MAP	104219	31
5fad890a64	/KR00.MAP	104297	31
5fad890a64	/KR00.MAP	104387	31
5fad890a64	/KR00.MAP	104453	31
5fad890a64	/KR00.MAP	104554	31
5fad890a64	/KR00.MAP	104634	31
5fad890a64	/KR00.MAP	104722	31
5fad890a64	/KR00.MAP	104831	31
5fad890a64	/KR00.MAP	104936	31
5fad890a64	/KR00.MAP	104981	31
5fad890a64	/KR00.MAP	105073	31
5fad890a64	/KR00.MAP	105139	31
5fad890a64	/KR00.MAP	105235	31
5fad890a64	/KR00.MAP	105311	31
5fad890a64	/KR00.MAP	105370	31
5fad890a64	/KR00.MAP	105468	31
5fad890a64	/KR00.MAP	105527	31
5fad890a64	/KR00.MAP	105623	31
5fad890a64	/KR00.MAP	105692	31
5fad890a64	/KR00.MAP	105774	31
5fad890a64	/KR00.MAP	105856	31
5fad890a64	/KR00.MAP	105932	31
5fad890a64	/KR00.MAP	106022	31
5fad890a64	/KR00.MAP	106149	31
5fad890a64	/KR00.MAP	106227	31
5fad890a64	/KR00.MAP	106323	31
5fad890a64	/KR00.MAP	106425	31
5fad890a64	/KR00.MAP	106513	31
5fad890a64	/KR00.MAP	106621	31
5fad890a64	/KR00.MAP	106705	31
5fad890a64	/KR00.MAP	106830	31
5fad890a64	/KR00.MAP	106929	31
5fad890a64	/KR00.MAP	107015	31
5fad890a64	/KR00.MAP	107103	31
5fad890a64	/KR00.MAP	107191	31
5fad890a64	/KR00.MAP	107277	31
5fad890a64	/KR00.MAP	107351	31
5fad890a64	/KR00.MAP	107420	31
5fad890a64	/KR00.MAP	107547	31
5fad890a64	/KR00.MAP	107641	31
5fad890a64	/KR00.MAP	107710	31
5fad890a64	/KR00.MAP	107837	31
5fad890a64	/KR00.MAP	107906	31
5fad890a64	/KR00.MAP	108015	31
5fad890a64	/KR00.MAP	108122	31
5fad890a64	/KR00.MAP	108212	31
5fad890a64	/KR00.MAP	108273	31
5fad890a64	/KR00.MAP	108369	31
5fad890a64	/KR00.MAP	108463	31
5fad890a64	/KR00.MAP	108580	31
5fad890a64	/KR00.MAP	108682	31
5fad890a64	/KR00.MAP	108797	31
5fad890a64	/KR00.MAP	108887	31
5fad890a64	/KR00.MAP	108987	31
5fad890a64	/KR00.MAP	109081	31
5fad890a64	/KR00.MAP	109183	31
5fad890a64	/KR00.MAP	109281	31
5fad890a64	/KR00.MAP	109371	31
5fad890a64	/KR00.MAP	109471	31
5fd2db5d1b	/ZM01.MAP	146135	83
5fde466431	/KM00.MAP	152452	34
5fdf991d5f	/WAZAHELP.MSG	11196	84
5fe8f8bdb4	/KD00.MAP	168799	57
5fed2f944c	/DL00.MAP	122334	45
5ff5572d7b	/IG00.MAP	162077	43
601311a24a	/IP00.MAP	162065	38
601718394c	/WR00.MAP	221173	59
601718394c	/WR00.MAP	221780	59
601d73eb92	/DS00.MAP	85096	55
601e651941	/IZ00.MAP	57586	28
601e651941	/IZ00.MAP	57995	28
6025475b47	/KM00.MAP	153109	18
602ecb2bad	/NZ10.MAP	110078	41
6039ea1491	/IZ00.MAP	56731	73
603bc5de76	/CK00.MAP	176312	32
603cf241b1	/IS10.MAP	62322	38
6055a87901	/KD00.MAP	167859	36
6056365cd2	/IG00.MAP	160935	84
607fc97f48	/QH00.MAP	150654	71
608293a009	/NZ10.MAP	114051	63
60874d82b5	/GM00.MAP	184856	53
6091750d57	/ITEMHELP.MSG	11148	14
609ab92c67	/ES01.MAP	77579	69
609ab92c67	/WS01.MAP	82753	69
609b49d393	/AT00.MAP	191392	73
60a148917a	/KM10.MAP	56755	34
60a70b2824	/RT20.MAP	117962	47
60bfca5797	/TJ40.MAP	144375	40
60bfca5797	/TJ41.MAP	144382	40
60c1954387	/RS00.MAP	31010	7
60c1954387	/RS01.MAP	31010	7
60c1954387	/TJ22.MAP	31110	7
60c1954387	/TJ30.MAP	34694	7
60c1954387	/TJ32.MAP	31110	7
60c1954387	/TJ62.MAP	31158	7
60c1954387	/TJ70.MAP	34790	7
60c1954387	/TJ72.MAP	31206	7
60cd781c5e	/WR02.MAP	213374	25
60d6ba2e97	/HL00.MAP	134388	43
60d79c1e17	/BL00.MAP	127144	8
60d79c1e17	/TM00.MAP	132124	8
60d8f1c34d	/WS00.MAP	80150	75
60da8557b3	/QH00.MAP	161000	43
60e0ed0117	/AT00.MAP	181202	26
60e10592c0	/IP00.MAP	161043	44
60e10592c0	/IP00.MAP	163293	44
60ec076f65	/TJ40.MAP	144448	62
60ec076f65	/TJ41.MAP	144455	62
60ee4f9ff0	/ITEMHELP.MSG	9260	64
60fed8fb63	/WK00.MAP	106993	51
6109eb625b	/QH00.MAP	156940	55
610a168571	/BOT5.MAP	27326	16
6111d7018d	/KR00.MAP	99601	53
611faaa494	/AT00.MAP	178477	36
612d66a2a4	/RS01.MAP	50053	57
6134d65e68	/IG00.MAP	176057	57
613883260d	/AT00.MAP	183284	30
613f477091	/GT10.MAP	48622	14
614de8d27a	/NT30.MAP	103927	36
614f70ee52	/TM00.MAP	131008	19
61557a4ac0	/RT20.MAP	118333	26
6161f26ca9	/AT00.MAP	191516	44
6163baab40	/WK00.MAP	107429	53
6175ad19af	/AT00.MAP	176543	14
6177cde8bf	/KS00.MAP	168789	51
617aea9741	/IG00.MAP	169509	61
6180285179	/OT00.MAP	168723	45
6180285179	/OT01.MAP	169461	45
6183ac7942	/HS10.MAP	183646	49
619f5140d8	/HS10.MAP	184814	55
619f5140d8	/HS10.MAP	186107	55
61a3fe0f32	/WS01.MAP	83222	39
61b05bae72	/RT20.MAP	124204	49
61b5c4927d	/ES01.MAP	74804	29
61b5c4927d	/WS01.MAP	79849	29
61b5d55e94	/NZ10.MAP	111842	28
61bbada42c	/AT00.MAP	179540	49
61bc932299	/KR00.MAP	100410	55
61c5b61c69	/MH00.MAP	174098	61
61c723fb4a	/WY00.MAP	229233	22
61c9ee62df	/CT20.MAP	173179	24
61d12611f2	/ES01.MAP	77380	74
61d12611f2	/WS01.MAP	82554	74
61d512c308	/TM00.MAP	130980	27
61d6578e3c	/WY00.MAP	229152	49
61e6a3c0fa	/QH00.MAP	148930	28
61eac6d26d	/JG00.MAP	136409	31
61eff495af	/RT20.MAP	106517	37
61f06d3c4f	/IG01.MAP	155823	25
620f6688f2	/ZM00.MAP	142877	57
6212e33d81	/KR00.MAP	97501	79
62146d40ce	/CT20.MAP	170057	47
621e9bc6d4	/MH00.MAP	174360	42
622afa0667	/WR00.MAP	219167	61
622b4da813	/WY00.MAP	220005	51
6237cd53e8	/KR00.MAP	94963	24
6237cd53e8	/MP00.MAP	181128	24
6237cd53e8	/QH00.MAP	148904	24
62406f0a8c	/HS00.MAP	71595	50
62445ced0e	/OT02.MAP	164866	16
624718109c	/ZM01.MAP	146367	44
6248a0b483	/WC00.MAP	212925	51
6255a84d64	/WY00.MAP	231683	26
625987de5f	/KK00.MAP	132640	32
62611ccd75	/WAZAHELP.MSG	6744	58
6267705219	/NT20.MAP	151195	73
626e0295b7	/WR00.MAP	237930	39
626e0295b7	/WR02.MAP	217032	39
6276b89a8d	/HL10.MAP	100092	41
627c85c3d2	/WR00.MAP	228721	43
6284f839bc	/ZM00.MAP	154685	37
62914f5f5a	/WS10.MAP	79938	77
6296b31e9d	/ZM00.MAP	141457	30
6299961999	/SK10.MAP	92948	32
629a525530	/OT00.MAP	172048	20
629c3a52a7	/ZM01.MAP	140147	98
629c3f6fb8	/KD00.MAP	162771	37
629e71a7b5	/WR00.MAP	225904	53
62aa28a29f	/DIARY.MSG	10476	217
62aafc3ca4	/HL10.MAP	98422	23
62ab8f207b	/MH00.MAP	179566	18
62b7d71eb6	/KS00.MAP	171150	38
62cf30564c	/HY00.MAP	134486	53
62db5a8340	/MH00.MAP	162332	36
62df576abf	/KM00.MAP	153797	28
62e5e57c11	/WC00.MAP	222015	49
62ffc2c942	/IG00.MAP	175596	30
62ffc2c942	/IG00.MAP	175918	30
630a2288e2	/CK00.MAP	165270	83
630c2ed89b	/ES00.MAP	75729	55
63105d6f18	/TM00.MAP	130666	26
6311f270ab	/IP00.MAP	158685	67
631ac9adab	/AT00.MAP	196991	61
6323a59d65	/SK00.MAP	117953	40
632bceb6ce	/DS00.MAP	85258	63
632d9ff394	/WR00.MAP	238008	57
632d9ff394	/WR02.MAP	217110	57
6331e477ba	/ITEMHELP.MSG	8636	52
63357896b7	/NJ10.MAP	130718	63
634bcf09fb	/FIR2.MAP	114551	51
63525814a0	/DL00.MAP	121096	49
63570fac31	/OT00.MAP	168874	28
63570fac31	/OT01.MAP	169612	28
63575f5ec5	/NT31.MAP	138231	113
635b624c8a	/IP00.MAP	160642	56
635be7c08f	/DG00.MAP	135360	18
635be7c08f	/IP10.MAP	137509	18
635e8d0694	/GM00.MAP	190926	75
635e8d0694	/GM00.MAP	191095	75
6362fdbf6d	/KM00.MAP	148855	68
636db039d0	/GT00.MAP	145930	12
636ee51bf3	/DG21.MAP	98662	55
637d8cc278	/IP00.MAP	161120	72
6381fb4de2	/ES10.MAP	77351	26
6381fb4de2	/WS10.MAP	82314	26
638dcdd75e	/JG00.MAP	142224	41
639242b091	/KM00.MAP	149523	82
639c16fa68	/WC00.MAP	216353	24
63a04d0718	/IG00.MAP	180664	49
63a18f540c	/ZM00.MAP	154741	46
63a922b735	/QH00.MAP	161887	12
63ae17b768	/GM00.MAP	182212	65
63bcda81ff	/RT20.MAP	111871	86
63c36e7a55	/QH00.MAP	149773	47
63c650b35c	/MP00.MAP	186571	57
63d26451cb	/OB00.MAP	152286	45
63f5225531	/HS00.MAP	72519	37
63f5225531	/HS00.MAP	73458	37
63f6bec248	/WAZAHELP.MSG	4076	44
63f9588583	/WC00.MAP	205985	71
63fa003763	/WC00.MAP	228637	51
63fa92085f	/OT00.MAP	179860	22
6406fafab7	/KZ00.MAP	172718	53
640d357fb3	/AT20.MAP	82484	44
641089d116	/KM00.MAP	162615	45
641089d116	/KM00.MAP	164613	45
6418692212	/OB00.MAP	150907	57
64190107bd	/KR00.MAP	105559	63
642f0d6c73	/GM00.MAP	195918	45
642f0d6c73	/OT01.MAP	168797	45
6430b33f76	/GM00.MAP	190626	83
64350e2def	/DIARY.MSG	2480	191
643c62ed96	/IG00.MAP	179977	30
644fcb0302	/RS01.MAP	50142	12
6456eadd50	/NJ10.MAP	128959	45
6459d93f79	/GT10.MAP	49882	41
646a5aa066	/QH00.MAP	154832	61
64707551d9	/GM00.MAP	194771	34
64732d2d18	/ITEMHELP.MSG	3864	34
647aa0040b	/JG00.MAP	138594	69
648fa93beb	/MH00.MAP	177138	24
649c0236ed	/OT00.MAP	176013	63
64a107179b	/QH01.MAP	145622	80
64a595dd61	/MP00.MAP	179525	55
64adcd4d0a	/QH00.MAP	157085	75
64afc26abc	/AT20.MAP	91473	39
64b5cb8bbe	/AT00.MAP	186773	53
64c04bf5cb	/WR00.MAP	239885	88
64cecff426	/AT00.MAP	191877	76
64d5737a93	/ITEMHELP.MSG	5412	40
64da5dd7f6	/RS01.MAP	50246	36
64e6d22f99	/TM00.MAP	130452	27
64e742a857	/IG00.MAP	163329	62
64ea0b69fd	/OT00.MAP	167414	22
64eb8134fc	/ES00.MAP	77030	26
64eb8134fc	/ES10.MAP	78371	26
64ebb34629	/WY00.MAP	219902	71
64f01da032	/HY00.MAP	136405	8
64f01da032	/HY00.MAP	136629	8
64f01da032	/HY00.MAP	136909	8
64f01da032	/HY00.MAP	137720	8
64f01da032	/HY00.MAP	138034	8
64f01da032	/NJ00.MAP	157763	8
64f01da032	/NZ00.MAP	118615	8
64f01da032	/NZ00.MAP	119463	8
64f01da032	/OB00.MAP	157364	8
64f9d83e27	/WY00.MAP	219676	26
64fe5a7732	/KM10.MAP	52406	26
650186e2ac	/AT00.MAP	178310	63
6501c5978b	/OT00.MAP	168924	35
6506064394	/QH00.MAP	151558	53
651176e787	/KB20.MAP	61360	26
65167d7be2	/KM00.MAP	159487	28
6519598b2b	/IZ00.MAP	63825	43
6519c716f2	/IG00.MAP	162857	36
651add25ce	/ES01.MAP	78015	38
651c263f0c	/NZ00.MAP	118136	51
651c263f0c	/NZ00.MAP	121165	51
652104f314	/GT00.MAP	148528	23
6521ae4d50	/IG10.MAP	156379	51
6521ddb543	/MP00.MAP	193255	44
6525e5a987	/BOT5.MAP	27866	22
6529a8477e	/IG00.MAP	171422	29
6529a8477e	/MP00.MAP	181366	29
652a575a02	/JG00.MAP	136295	18
652be2abe3	/GT10.MAP	49696	45
653d5e90c2	/DL00.MAP	121991	53
653fa68514	/KM00.MAP	160450	61
653fa68514	/KM00.MAP	161784	61
653fa68514	/KM00.MAP	163782	61
6541df1f9c	/CK00.MAP	160829	31
6541df1f9c	/MH00.MAP	163610	31
654658a876	/AT00.MAP	171672	37
6549065b68	/WC00.MAP	230235	28
6549a1ca38	/TM00.MAP	131202	37
6549d964c9	/FIR3.MAP	108247	57
654ac76327	/WR00.MAP	221450	104
6551d0d782	/NT20.MAP	149494	12
6551d0d782	/WC00.MAP	219315	12
65547fed56	/OT00.MAP	173303	155
6559bc25b3	/WC00.MAP	207514	18
655d3ff3a0	/JG00.MAP	139850	55
656264a9a4	/NZ10.MAP	113212	28
65647542fa	/SS00.MAP	68862	12
65647542fa	/SS10.MAP	68909	12
657bc5460e	/KR00.MAP	111247	39
6589cdc105	/QH01.MAP	147418	32
658eeab978	/SK00.MAP	121127	68
6598426a12	/GB00.MAP	183440	20
65a610af65	/IP00.MAP	158784	28
65b6073c02	/GM00.MAP	191301	84
65b607a14f	/TM00.MAP	131818	75
65bc3d6935	/OT01.MAP	169662	37
65bd35bc41	/NJ10.MAP	132106	24
65cb962bba	/RT20.MAP	103043	28
65ce942572	/KM10.MAP	48996	77
65dfa165ae	/NJ00.MAP	156973	30
65dfa165ae	/NJ00.MAP	158079	30
65e4809c67	/RT20.MAP	117275	47
65e625ad2b	/ZM00.MAP	150241	65
65eaaae9bb	/HS00.MAP	76246	24
65eafb64c4	/NJ10.MAP	129710	68
65ee3f75ad	/TM00.MAP	130905	34
6608a91d04	/GM00.MAP	174378	73
66170c87dd	/OT01.MAP	168485	27
662a864b16	/JG00.MAP	135262	38
662c4048cd	/HY00.MAP	135632	52
6635d16ab4	/GM00.MAP	188485	72
663a0705e2	/ZM00.MAP	157598	51
663d26fefd	/KM10.MAP	54457	28
665bcf4ee7	/MP00.MAP	188819	26
665f9a8650	/ITEMHELP.MSG	1536	40
666bf57ce4	/NJ10.MAP	129268	30
666cae6d1c	/ITEMHELP.MSG	1984	58
667db53fb9	/GM00.MAP	191693	83
668a03f6e1	/OB00.MAP	154540	45
668b740d77	/ZM00.MAP	144622	43
668d1376b1	/KR00.MAP	97361	54
6695738f9f	/BL00.MAP	124873	19
6695738f9f	/ZM00.MAP	155662	19
66984396ca	/CK01.MAP	157589	25
66a5b86d88	/WK00.MAP	108790	65
66b3a708ca	/KR00.MAP	93507	29
66c645eb83	/KR00.MAP	94239	37
66c645eb83	/ZM00.MAP	156092	37
66c679ef36	/JG00.MAP	130682	53
66c86bac87	/AT00.MAP	173912	20
66ca0c07e9	/GM00.MAP	195402	59
66d29b1b1c	/WY00.MAP	220408	59
66d744d2c4	/AT20.MAP	89789	18
66d78d7ba3	/NZ10.MAP	113818	30
66db3319d6	/IG00.MAP	164658	76
66ded39409	/IP00.MAP	161984	49
66e243630d	/NJ10.MAP	131343	30
66e660439c	/IG00.MAP	170454	18
66fab6ae49	/SK00.MAP	118765	38
66ffe45633	/JG10.MAP	22400	12
6701ded292	/WY00.MAP	220499	51
670e4f1a8e	/CK00.MAP	162998	32
6721effd71	/WY00.MAP	231827	22
6721effd71	/WY00.MAP	232790	22
673404f5a8	/WC00.MAP	214124	61
6736770b31	/KM10.MAP	51383	10
673ac6e522	/KR00.MAP	96124	53
673b88fd9f	/WK00.MAP	104462	38
6741089483	/KD00.MAP	165774	55
6741089483	/KD00.MAP	167085	55
6741089483	/KD00.MAP	168400	55
674d346cd9	/WY00.MAP	217574	35
6753ad730d	/IG00.MAP	157906	58
676114dc5a	/OT00.MAP	179619	34
6766baa8b3	/GB00.MAP	173547	40
6768c2b2dd	/DIARY.MSG	3128	228
677d8cc071	/AT00.MAP	184707	42
6780468733	/KR00.MAP	104666	55
67814a9261	/GM00.MAP	183177	62
67831133d9	/WY02.MAP	214997	51
679b3cdcae	/AT00.MAP	180475	41
679ee42f7d	/KM10.MAP	53002	36
67acebef99	/WY00.MAP	231615	20
67acebef99	/WY00.MAP	233532	20
67aee66b23	/ES00.MAP	75367	90
67b57d4aef	/GM00.MAP	195837	45
67b57d4aef	/OT01.MAP	168703	45
67b57d4aef	/ZM01.MAP	146273	45
67b7e4e285	/GB00.MAP	192089	51
67b7e4e285	/GB00.MAP	193536	51
67cb779a09	/MH00.MAP	176912	55
67d8c17bd7	/DIARY.MSG	5936	218
67dee7f3d1	/WY00.MAP	225040	53
67df7728f3	/IZ00.MAP	57651	88
67e0c31004	/IZ00.MAP	50278	70
67eade4af2	/MH00.MAP	179775	44
680424ba27	/WAZAHELP.MSG	3288	56
680acb55bd	/ES10.MAP	76377	86
680acb55bd	/WS10.MAP	81340	86
681acd6f06	/OB00.MAP	154848	12
682e9be7c8	/KB10.MAP	56803	20
682e9be7c8	/KB20.MAP	63691	20
6860640e72	/MH00.MAP	175218	75
6862d236e4	/QH00.MAP	160043	65
6863393064	/WR00.MAP	224125	34
6869efa0ef	/GT20.MAP	140531	43
686e04f1ae	/GT00.MAP	147605	38
68772b4530	/JG00.MAP	142651	57
687ef9e7cd	/WY02.MAP	215999	47
688d701dcc	/HL00.MAP	131952	42
688eb7d9e3	/JG02.MAP	125815	47
689a5889ce	/CT20.MAP	172890	22
68a02f14d6	/GB00.MAP	183816	31
68a02f14d6	/GB00.MAP	183912	31
68a02f14d6	/GB00.MAP	184033	31
68a02f14d6	/GB00.MAP	184078	31
68a02f14d6	/GB00.MAP	184180	31
68a02f14d6	/GB00.MAP	184384	31
68a02f14d6	/GB00.MAP	184850	31
68a02f14d6	/GB00.MAP	185037	31
68a02f14d6	/GB00.MAP	185086	31
68a02f14d6	/GB00.MAP	185149	31
68a02f14d6	/GB00.MAP	185346	31
68a02f14d6	/GB00.MAP	185440	31
68a02f14d6	/GB00.MAP	185516	31
68a02f14d6	/GB00.MAP	185587	31
68a02f14d6	/GB00.MAP	185710	31
68a02f14d6	/GB00.MAP	185849	31
68a02f14d6	/GB00.MAP	185939	31
68a02f14d6	/GB00.MAP	186136	31
68a02f14d6	/GB00.MAP	186177	31
68a02f14d6	/GB00.MAP	186350	31
68a02f14d6	/GB00.MAP	186432	31
68a02f14d6	/GB00.MAP	186601	31
68a02f14d6	/GB00.MAP	186646	31
68a02f14d6	/GB00.MAP	186777	31
68a02f14d6	/GB00.MAP	186876	31
68a02f14d6	/GB00.MAP	186967	31
68a02f14d6	/GB00.MAP	187082	31
68a02f14d6	/GB00.MAP	187198	31
68a02f14d6	/GB00.MAP	187361	31
68a02f14d6	/GB00.MAP	187468	31
68a02f14d6	/GB00.MAP	187541	31
68a02f14d6	/GB00.MAP	187641	31
68a02f14d6	/GB00.MAP	187876	31
68a02f14d6	/GB00.MAP	188070	31
68a02f14d6	/GB00.MAP	188218	31
68a02f14d6	/GB00.MAP	188556	31
68a02f14d6	/GB00.MAP	188654	31
68a02f14d6	/GB00.MAP	188727	31
68a02f14d6	/GB00.MAP	188846	31
68a02f14d6	/GB00.MAP	188901	31
68a02f14d6	/GB00.MAP	189011	31
68a02f14d6	/GB00.MAP	189114	31
68a02f14d6	/GB00.MAP	189236	31
68a02f14d6	/GB00.MAP	189377	31
68a02f14d6	/GB00.MAP	189459	31
68a02f14d6	/GB00.MAP	189539	31
68a02f14d6	/GB00.MAP	189683	31
68a02f14d6	/GB00.MAP	189802	31
68a02f14d6	/GB00.MAP	189857	31
68a02f14d6	/GB00.MAP	189974	31
68a02f14d6	/GB00.MAP	190047	31
68a02f14d6	/GB00.MAP	190188	31
68a02f14d6	/GB00.MAP	190270	31
68a02f14d6	/GB00.MAP	190350	31
68a02f14d6	/GB00.MAP	190430	31
68a02f14d6	/GB00.MAP	190624	31
68a02f14d6	/GB00.MAP	190772	31
68a02f14d6	/GB00.MAP	191110	31
68a02f14d6	/GB00.MAP	191208	31
68a02f14d6	/GB00.MAP	191281	31
68a02f14d6	/GB00.MAP	191400	31
68a02f14d6	/GB00.MAP	191455	31
68a02f14d6	/GB00.MAP	191681	31
68a02f14d6	/GB00.MAP	191780	31
68a02f14d6	/GB00.MAP	191853	31
68a02f14d6	/GB00.MAP	191953	31
68a02f14d6	/GB00.MAP	192057	31
68a02f14d6	/GB00.MAP	192141	31
68a02f14d6	/GB00.MAP	192221	31
68a02f14d6	/GB00.MAP	192301	31
68a02f14d6	/GB00.MAP	192358	31
68a02f14d6	/GB00.MAP	192458	31
68a02f14d6	/GB00.MAP	192521	31
68a02f14d6	/GB00.MAP	192617	31
68a02f14d6	/GB00.MAP	192690	31
68a02f14d6	/GB00.MAP	192817	31
68a02f14d6	/GB00.MAP	192913	31
68a02f14d6	/GB00.MAP	193059	31
68a02f14d6	/GB00.MAP	193178	31
68a02f14d6	/GB00.MAP	193233	31
68a02f14d6	/GB00.MAP	193300	31
68a02f14d6	/GB00.MAP	193400	31
68a02f14d6	/GB00.MAP	193504	31
68a02f14d6	/GB00.MAP	193588	31
68a02f14d6	/GB00.MAP	193668	31
68a02f14d6	/GB00.MAP	193748	31
68a02f14d6	/GB00.MAP	193973	31
68a02f14d6	/GB00.MAP	194048	31
68a02f14d6	/GB00.MAP	194148	31
68a02f14d6	/GB00.MAP	194234	31
68a02f14d6	/GB00.MAP	194311	31
68a02f14d6	/GB00.MAP	194374	31
68a02f14d6	/GB00.MAP	194470	31
68a02f14d6	/GB00.MAP	194543	31
68a02f14d6	/GB00.MAP	194670	31
68a02f14d6	/GB00.MAP	194766	31
68a02f14d6	/GB00.MAP	194848	31
68a02f14d6	/GB00.MAP	194905	31
68a02f14d6	/GB00.MAP	194999	31
68a02f14d6	/GB00.MAP	195062	31
68a02f14d6	/GB00.MAP	195162	31
68a02f14d6	/GB00.MAP	195248	31
68a02f14d6	/GB00.MAP	195325	31
68a02f14d6	/GB00.MAP	195388	31
68a02f14d6	/GB00.MAP	195484	31
68a02f14d6	/GB00.MAP	195557	31
68a02f14d6	/GB00.MAP	195684	31
68a02f14d6	/GB00.MAP	195780	31
68a02f14d6	/GB00.MAP	195862	31
68a02f14d6	/GB00.MAP	195919	31
68a02f14d6	/GB00.MAP	196013	31
68a02f14d6	/GB00.MAP	196076	31
68a02f14d6	/GB00.MAP	196168	31
68a02f14d6	/GB00.MAP	196301	31
68a02f14d6	/GB00.MAP	196406	31
68aab486da	/TJ40.MAP	144707	14
68aab486da	/TJ41.MAP	144714	14
68aca43ee3	/ZM01.MAP	139553	65
68adf4d278	/GM00.MAP	188676	69
68ae873f7a	/AT20.MAP	85231	73
68b5551aad	/HS00.MAP	72460	16
68b5551aad	/HS00.MAP	73407	16
68b5551aad	/NT30.MAP	106117	16
68b60149bc	/ES01.MAP	74348	51
68b60149bc	/WS01.MAP	79393	51
68bda5666f	/RT20.MAP	109312	18
68bda5666f	/RT20.MAP	114970	18
68c35d8d7a	/CK00.MAP	172043	26
68c89ff75f	/MH00.MAP	168070	51
68ca0e4be7	/GB00.MAP	184513	49
68cd1f52e7	/AT00.MAP	177487	24
68cd6b2966	/NT21.MAP	132046	63
68d0115400	/KD00.MAP	168926	49
68d2b7197e	/WC00.MAP	211933	63
68d8520509	/IP00.MAP	159604	61
68efde626d	/DIARY.MSG	8332	140
68f289b8b0	/NJ10.MAP	126964	8
68f9d4d0bf	/ITEMHELP.MSG	3496	48
69054b9424	/AT00.MAP	192980	14
69054b9424	/WR00.MAP	232031	14
6906937903	/DIARY.MSG	7564	116
6908c0ea10	/KS00.MAP	170237	45
690d80c740	/NT20.MAP	148759	65
691c7e7297	/AT00.MAP	179202	30
691ea51dac	/AT00.MAP	191274	55
692ac14621	/WC00.MAP	224167	63
692ade9290	/KD00.MAP	169721	24
692b9b19e6	/HY00.MAP	132702	43
692d1036bc	/SK00.MAP	121320	32
693da9cf2d	/ZM00.MAP	154723	17
693ddb0892	/MH00.MAP	173229	8
693ddb0892	/OT01.MAP	165900	8
6940399dde	/IZ00.MAP	63436	123
69487b2232	/KR00.MAP	105343	26
694b3de6fb	/ITEMHELP.MSG	11548	70
69567a1bc9	/RT20.MAP	119354	78
695849214a	/JG00.MAP	133535	49
696030811f	/KM10.MAP	52219	28
6961f18713	/AT20.MAP	85162	37
6962c97c30	/WS00.MAP	80257	71
6962c97c30	/WS10.MAP	80047	71
696e5c1d7a	/GB00.MAP	173384	38
6975bb2bbf	/OB00.MAP	154731	6
697835294d	/GB00.MAP	197146	62
697a6cc8f9	/HL10.MAP	95240	80
697a7e866b	/WR00.MAP	230679	62
697bbc73b1	/GB00.MAP	177071	84
6981290cdc	/OT00.MAP	181348	86
6995421fd3	/CK00.MAP	166241	82
6996a41a1b	/ZM01.MAP	143985	40
699ed4c2eb	/BL00.MAP	127652	26
69a1a62a2c	/KR00.MAP	99131	53
69a6e9b3fc	/GB00.MAP	187908	82
69a6e9b3fc	/GB00.MAP	190462	82
69ad33a4f6	/DS10.MAP	78845	47
69b3789209	/WC00.MAP	213630	60
69b7fd728e	/BOT5.MAP	27186	47
69bb60f5fe	/MH00.MAP	166660	57
69c17a6dc1	/NT30.MAP	105437	63
69c2234149	/WR00.MAP	224969	32
69c5e1b92a	/OT02.MAP	165978	36
69c98d4915	/DG21.MAP	99770	30
69ca312b76	/AT10.MAP	169220	28
69d9d18f5c	/DG10.MAP	93116	14
69d9d18f5c	/RT20.MAP	117354	14
69e0091f55	/GM00.MAP	191580	80
69e3c1a945	/WS00.MAP	82468	57
69e3c1a945	/WS10.MAP	83198	57
69e547f578	/WR00.MAP	218785	34
69e547f578	/WR02.MAP	214807	34
69f5ecfb87	/OT01.MAP	168621	37
69f6067510	/ITEMHELP.MSG	10988	78
69fb120646	/NT20.MAP	149292	61
69ffa79231	/KM00.MAP	83294	16
69ffa79231	/KM00.MAP	103770	16
69ffa79231	/KM01.MAP	83294	16
69ffa79231	/KM01.MAP	103770	16
6a02e1d95e	/CK00.MAP	162145	27
6a14b70890	/OT00.MAP	179692	49
6a1a8ef985	/MP00.MAP	195829	86
6a1da3ce63	/OB00.MAP	153875	22
6a26a483f5	/NT30.MAP	107424	55
6a2f3e5852	/HS10.MAP	184990	16
6a2f3e5852	/HS10.MAP	186283	16
6a3127d149	/WR00.MAP	232396	25
6a3127d149	/WR00.MAP	232581	25
6a32a067f9	/KR00.MAP	103343	34
6a3710e8f0	/QH01.MAP	145326	68
6a38844597	/MH00.MAP	180779	40
6a3a7c838a	/CT20.MAP	174445	53
6a3dc5d13f	/WC00.MAP	217620	36
6a4a4b1aa1	/KM10.MAP	49637	57
6a4b6af542	/AT00.MAP	172438	10
6a4b6af542	/AT00.MAP	193079	10
6a4b6af542	/CK00.MAP	170269	10
6a4b6af542	/DG10.MAP	92710	10
6a4b6af542	/GT20.MAP	141417	10
6a4b6af542	/GT20.MAP	142735	10
6a4b6af542	/KM00.MAP	152907	10
6a4b6af542	/MH00.MAP	179616	10
6a4b6af542	/MP00.MAP	196365	10
6a4b6af542	/NT21.MAP	130859	10
6a4b6af542	/OB00.MAP	158601	10
6a4b6af542	/RT20.MAP	108528	10
6a4b6af542	/RT20.MAP	114080	10
6a4b6af542	/SK10.MAP	93551	10
6a4b6af542	/ST00.MAP	115774	10
6a4b6af542	/WR00.MAP	220858	10
6a4b6af542	/WR00.MAP	226384	10
6a4b6af542	/WR00.MAP	238505	10
6a4b6af542	/WY00.MAP	234330	10
6a4b6af542	/ZM00.MAP	143018	10
6a522b1779	/GB00.MAP	181563	61
6a5528d897	/GB00.MAP	175203	34
6a569736e8	/BOT5.MAP	27589	37
6a5edf4e15	/ZM01.MAP	145331	36
6a67e64515	/WR00.MAP	225033	72
6a6edd2946	/CK00.MAP	162236	40
6a70b8662c	/GH00.MAP	151689	36
6a76672f76	/MP00.MAP	176320	27
6a875b743c	/WS01.MAP	80917	63
6a8aef5567	/ES10.MAP	76817	75
6a8aef5567	/WS10.MAP	81780	75
6a8c0a5dbc	/KR00.MAP	104485	68
6a8d23f1a9	/WS00.MAP	82184	8
6a8d23f1a9	/WS10.MAP	82914	8
6a8d354f98	/IG00.MAP	170339	31
6a8e180db5	/MH00.MAP	166401	71
6a944066e2	/ZM01.MAP	144539	71
6aa5d7c27f	/MH00.MAP	173041	94
6aafa11e2c	/MH00.MAP	167934	22
6ab53ab3af	/WC00.MAP	211703	53
6ab5ac047e	/MP00.MAP	194134	53
6ab7afb05a	/WAZAHELP.MSG	4492	24
6abf46e8f8	/NZ10.MAP	112433	14
6abf52f39c	/CT10.MAP	193908	34
6ac370417d	/QH00.MAP	157425	29
6ac8295999	/HL00.MAP	132350	32
6acaf1443b	/OB00.MAP	153997	82
6ace1b60db	/QH00.MAP	157938	66
6ad42b47f4	/AT00.MAP	193821	59
6ad8dc90af	/MH00.MAP	161153	38
6ad997048a	/GB00.MAP	175640	82
6adb692b38	/NT20.MAP	145724	94
6ae0be8951	/KM00.MAP	147869	57
6b0c129740	/AT00.MAP	186090	77
6b19a34a88	/MP00.MAP	192965	28
6b22e48a10	/IS10.MAP	59255	14
6b27bea764	/KM10.MAP	55893	16
6b27bea764	/KM10.MAP	56066	16
6b27bea764	/KM10.MAP	56252	16
6b27bea764	/KM10.MAP	56434	16
6b27bea764	/KM10.MAP	56616	16
6b283d1393	/GB00.MAP	180997	94
6b293a7c0c	/KM10.MAP	56203	12
6b2958cb05	/AT00.MAP	182438	71
6b2c28ef7b	/NT21.MAP	131305	28
6b2cbaa808	/DS00.MAP	84450	61
6b32405f32	/AT00.MAP	179760	53
6b328b63ee	/KR00.MAP	97251	31
6b328b63ee	/KR00.MAP	97329	31
6b328b63ee	/KR00.MAP	97416	31
6b328b63ee	/KR00.MAP	97469	31
6b328b63ee	/KR00.MAP	97581	31
6b328b63ee	/KR00.MAP	97698	31
6b328b63ee	/KR00.MAP	97749	31
6b328b63ee	/KR00.MAP	97835	31
6b328b63ee	/KR00.MAP	97902	31
6b328b63ee	/KR00.MAP	97998	31
6b328b63ee	/KR00.MAP	98070	31
6b328b63ee	/KR00.MAP	98170	31
6b328b63ee	/KR00.MAP	98245	31
6b328b63ee	/KR00.MAP	98362	31
6b328b63ee	/KR00.MAP	98444	31
6b328b63ee	/KR00.MAP	98526	31
6b328b63ee	/KR00.MAP	98843	31
6b328b63ee	/KR00.MAP	98896	31
6b328b63ee	/KR00.MAP	98959	31
6b328b63ee	/KR00.MAP	99039	31
6b328b63ee	/KR00.MAP	99270	31
6b328b63ee	/KR00.MAP	99345	31
6b328b63ee	/KR00.MAP	99443	31
6b328b63ee	/KR00.MAP	99811	31
6b328b63ee	/KR00.MAP	99882	31
6b328b63ee	/KR00.MAP	99982	31
6b328b63ee	/KR00.MAP	100147	31
6b328b63ee	/KR00.MAP	100253	31
6b328b63ee	/KR00.MAP	100316	31
6b328b63ee	/KR00.MAP	100595	31
6b328b63ee	/KR00.MAP	100709	31
6b328b63ee	/KR00.MAP	100863	31
6b328b63ee	/KR00.MAP	100964	31
6b328b63ee	/KR00.MAP	101114	31
6b328b63ee	/KR00.MAP	101173	31
6b328b63ee	/KR00.MAP	101329	31
6b328b63ee	/KR00.MAP	101424	31
6b328b63ee	/KR00.MAP	101592	31
6b328b63ee	/KR00.MAP	101736	31
6b328b63ee	/KR00.MAP	101810	31
6b328b63ee	/KR00.MAP	101908	31
6b328b63ee	/KR00.MAP	102093	31
6b3e44a1b2	/MP00.MAP	179339	55
6b65831bf3	/WR00.MAP	233183	51
6b6dff765a	/ES10.MAP	76567	49
6b6dff765a	/WS10.MAP	81530	49
6b79bd7621	/NT30.MAP	106172	77
6b7af5f908	/GM00.MAP	197143	35
6b7af5f908	/KR00.MAP	94049	35
6b7af5f908	/ZM00.MAP	155444	35
6b7baa2a51	/GT20.MAP	141505	6
6b7baa2a51	/IG00.MAP	181565	6
6b7baa2a51	/NZ00.MAP	121248	6
6b7baa2a51	/WC00.MAP	206563	6
6b7baa2a51	/WC00.MAP	211247	6
6b7baa2a51	/WC00.MAP	217396	6
6b807ce7ce	/SK00.MAP	121563	30
6b80d6f480	/HL10.MAP	100134	57
6b841d2ab7	/AT20.MAP	89839	20
6b85f9cc3e	/IG00.MAP	171688	61
6b8a0595ea	/JG00.MAP	134448	65
6b8ab13789	/WC00.MAP	208858	18
6b97218918	/GB00.MAP	192390	67
6b97218918	/GB00.MAP	194080	67
6b97218918	/GB00.MAP	195094	67
6b9d4d4383	/RT20.MAP	102988	18
6bba29aba5	/MH00.MAP	184359	63
6bbacd1a60	/MP00.MAP	195947	20
6bc111e5c3	/KZ00.MAP	172198	76
6bc7a2ae5c	/WR00.MAP	221040	45
6bcc30e1ad	/AT00.MAP	197560	30
6bcdb45864	/WR00.MAP	241570	72
6be0c261f8	/NJ00.MAP	159061	34
6be3068e5e	/OT02.MAP	164084	63
6bec4a450a	/WY00.MAP	228699	40
6bef62879a	/CT10.MAP	190300	69
6bff953e13	/WS01.MAP	80282	73
6c033ccbfb	/HL00.MAP	129461	61
6c0ceb2788	/RT20.MAP	103261	69
6c1101d8e2	/KB00.MAP	54768	20
6c1101d8e2	/KB20.MAP	62181	20
6c14c988b3	/AT00.MAP	180938	61
6c14e5bd6b	/MP00.MAP	180442	31
6c1e7ddcce	/WS00.MAP	81205	67
6c28527a14	/DG10.MAP	91051	28
6c32866085	/IZ00.MAP	57507	42
6c32866085	/IZ00.MAP	57916	42
6c3d327330	/KR00.MAP	94631	36
6c3d327330	/ZM00.MAP	156490	36
6c46e5cdcd	/NT10.MAP	132701	32
6c4933b1fa	/ZM00.MAP	151859	61
6c4ca2e0d1	/CT20.MAP	170390	47
6c4ca2e0d1	/CT20.MAP	171064	47
6c52c6e9ad	/WY00.MAP	226237	34
6c534020e5	/IG00.MAP	179451	55
6c54594f3c	/MH00.MAP	176234	55
6c580eb8e6	/OT01.MAP	164674	65
6c5efdade0	/KM00.MAP	150160	51
6c697c077c	/WR00.MAP	240080	37
6c7d7690fb	/HL10.MAP	94816	51
6c7efc1a4e	/NT20.MAP	150735	63
6c877d2f53	/NJ10.MAP	129903	20
6c8ae23e29	/CT10.MAP	196040	63
6c95a8441a	/HS10.MAP	184901	57
6c95a8441a	/HS10.MAP	186194	57
6c96bcf727	/KR00.MAP	104190	28
6c99610488	/OT01.MAP	164410	55
6c9a4b34ac	/HS00.MAP	74036	45
6ca1e9c9be	/IG00.MAP	181234	59
6ca5deb935	/MP00.MAP	186026	43
6ca62af9b4	/GB00.MAP	174110	59
6ca8c20656	/JG00.MAP	138703	88
6cabe97266	/IZ00.MAP	56836	47
6cae2810c0	/KS00.MAP	172532	80
6cb902a669	/WR00.MAP	239528	24
6cc1e539bf	/IG10.MAP	154850	55
6cc3241302	/KM00.MAP	152156	16
6cc61bd195	/IS10.MAP	62230	55
6cc8adf85b	/KR00.MAP	103100	24
6cdb66982c	/IZ00.MAP	64814	22
6ce224b222	/KM00.MAP	148539	35
6cf9948b4d	/WY02.MAP	215796	41
6d01a766e2	/OB00.MAP	154169	31
6d0a3125a0	/HY00.MAP	137671	32
6d0a3125a0	/HY00.MAP	137985	32
6d12183421	/ZM01.MAP	140278	63
6d14fc515f	/IG00.MAP	171359	29
6d14fc515f	/MP00.MAP	181303	29
6d31cd8717	/HL10.MAP	99701	51
6d36d64f09	/ZM01.MAP	144393	32
6d4138edcf	/HL10.MAP	99858	42
6d48381db6	/WR00.MAP	221387	62
6d4c6f7321	/KB00.MAP	55038	12
6d4c6f7321	/KB10.MAP	55672	12
6d4c6f7321	/KB20.MAP	61571	12
6d4c6f7321	/KB20.MAP	62451	12
6d4fdfd62c	/KD00.MAP	164525	55
6d5bb4f30c	/IS10.MAP	62361	33
6d5bb4f30c	/IS10.MAP	62443	33
6d5bb4f30c	/IS10.MAP	62539	33
6d5bb4f30c	/IS10.MAP	62641	33
6d5bb4f30c	/IS10.MAP	62716	33
6d5bb4f30c	/IS10.MAP	62806	33
6d5bb4f30c	/IS10.MAP	62888	33
6d5bb4f30c	/IS10.MAP	62968	33
6d5bb4f30c	/IS10.MAP	63058	33
6d5bb4f30c	/IS10.MAP	63129	33
6d5e4987c5	/OT00.MAP	173465	97
6d6a93bb53	/HS00.MAP	71383	49
6d718958d4	/IZ00.MAP	57320	20
6d723aaf3c	/GM00.MAP	179301	71
6d83dadba8	/AT00.MAP	178739	35
6d8e584edb	/MP00.MAP	179295	12
6d8f00e41e	/OT00.MAP	177956	53
6d8f00e41e	/OT00.MAP	178771	53
6d9fdf8c33	/AT20.MAP	91095	80
6da50485c9	/NZ10.MAP	114219	41
6daeeafc42	/IP00.MAP	159957	61
6dafb41303	/WR00.MAP	230856	36
6db7f9a3ce	/WAZAHELP.MSG	12692	50
6dbb5db15f	/NT20.MAP	150984	88
6dbca82dda	/JG00.MAP	133998	24
6dc1110f71	/DG00.MAP	137390	45
6dc2417e10	/IS00.MAP	162589	69
6dc53f0630	/HS00.MAP	73873	73
6dd6fa7ed4	/CK00.MAP	171132	8
6dd6fa7ed4	/ES00.MAP	74845	8
6dd6fa7ed4	/IS10.MAP	60190	8
6dd6fa7ed4	/IS10.MAP	60517	8
6dd6fa7ed4	/KR00.MAP	100244	8
6dd6fa7ed4	/MP00.MAP	176118	8
6dd6fa7ed4	/NT00.MAP	62100	8
6dd6fa7ed4	/OT01.MAP	165296	8
6dd6fa7ed4	/RT20.MAP	110443	8
6dd6fa7ed4	/WR00.MAP	222469	8
6dd6fa7ed4	/WR00.MAP	222572	8
6dd6fa7ed4	/WR00.MAP	238866	8
6dd6fa7ed4	/WY00.MAP	218180	8
6dd6fa7ed4	/ZM00.MAP	141930	8
6de00524e1	/AT00.MAP	171635	14
6de00524e1	/GT20.MAP	138987	14
6de00524e1	/IS00.MAP	163251	14
6de00524e1	/KK00.MAP	130452	14
6de00524e1	/KK01.MAP	129106	14
6de00524e1	/KM10.MAP	47214	14
6de00524e1	/KZ00.MAP	171191	14
6de00524e1	/NJ00.MAP	155383	14
6de00524e1	/NT00.MAP	61962	14
6de00524e1	/SK00.MAP	115666	14
6de00524e1	/SK00.MAP	115703	14
6de17c71e8	/KM00.MAP	153159	47
6de5cddb7b	/KZ00.MAP	172130	36
6de8cda7a7	/DG00.MAP	136934	22
6debe70eef	/MK00.MAP	147681	41
6def16f743	/DIARY.MSG	10696	228
6e06d0cd2f	/CK00.MAP	169780	16
6e0c6603b6	/GM00.MAP	177576	67
6e0e6e7067	/GT10.MAP	49069	55
6e1005ddc5	/WR00.MAP	230273	53
6e298d9a5c	/MP00.MAP	185162	59
6e37f59670	/GB00.MAP	176499	75
6e39e4e9b5	/KK00.MAP	134610	46
6e3c43f47e	/ITEMHELP.MSG	2936	78
6e3e6ed467	/GT00.MAP	146644	47
6e4d2cd6af	/NZ00.MAP	119307	42
6e4d41f249	/WR00.MAP	218968	34
6e4d41f249	/WR00.MAP	219898	34
6e50425ca8	/NZ00.MAP	117005	51
6e51216081	/WK00.MAP	106003	26
6e6a8efad9	/GT00.MAP	146723	10
6e76e0a725	/FIR0.MAP	95601	16
6e76e0a725	/FIR1.MAP	134878	16
6e7d92e1d4	/DG21.MAP	99292	57
6e7deb50af	/IG00.MAP	157997	57
6e837331ec	/GB00.MAP	55050	14
6e8a9a4cbf	/ZM01.MAP	145602	45
6e8b338a5a	/BL00.MAP	126077	35
6e8b338a5a	/OT00.MAP	167780	35
6e910d663e	/AT00.MAP	185776	47
6e94d74fa3	/JG00.MAP	135946	31
6e9e20bb93	/ZM00.MAP	150604	49
6ea4dfde18	/GM00.MAP	183272	77
6eb9b85f02	/AT00.MAP	178880	53
6ebbf21a5d	/HS10.MAP	181689	67
6ebcf31a9f	/SS00.MAP	69386	63
6ebcf31a9f	/SS10.MAP	69433	63
6ec6bfc28c	/QH00.MAP	153160	45
6ec7f46543	/QH00.MAP	156607	62
6ecb941b8b	/NT20.MAP	152100	16
6ed0e87219	/MP00.MAP	196066	63
6ed8b96a6a	/WAZAHELP.MSG	5324	52
6ef0526792	/NT30.MAP	106490	34
6ef17292c8	/GM00.MAP	200737	49
6efc25e55b	/JG00.MAP	141236	45
6eff7f2a52	/KR00.MAP	99843	38
6f08336df9	/AT00.MAP	181031	36
6f0b0fb441	/CK00.MAP	173190	53
6f10ebc07a	/GB00.MAP	179573	34
6f197206db	/WY02.MAP	211631	26
6f20972d70	/ZM01.MAP	139379	57
6f2baa6d3c	/HS00.MAP	75166	67
6f2bcf34d3	/OT00.MAP	169137	34
6f2bcf34d3	/OT01.MAP	169879	34
6f4231db4f	/GB00.MAP	193855	53
6f45c18cab	/RT20.MAP	123356	40
6f4a9d37e6	/OT00.MAP	169087	49
6f4a9d37e6	/OT01.MAP	169829	49
6f4f804750	/CT10.MAP	193530	39
6f5d21e226	/AT00.MAP	186590	53
6f5f2bb386	/DIARY.MSG	9796	257
6f67070c7e	/ZM01.MAP	144451	30
6f6a6d1cf4	/KM00.MAP	157052	36
6f6baedd57	/WY00.MAP	225376	57
6f75769420	/WAZAHELP.MSG	7192	51
6f757f76a7	/BL10.MAP	40826	4
6f757f76a7	/BL20.MAP	58035	4
6f757f76a7	/BL30.MAP	42834	4
6f757f76a7	/BL40.MAP	80928	4
6f757f76a7	/GT00.MAP	145837	4
6f757f76a7	/HS00.MAP	69210	4
6f757f76a7	/HY00.MAP	131213	4
6f757f76a7	/IS00.MAP	163305	4
6f757f76a7	/KD00.MAP	160951	4
6f757f76a7	/NJ00.MAP	155769	4
6f757f76a7	/NT10.MAP	132645	4
6f757f76a7	/NZ00.MAP	116469	4
6f757f76a7	/OB00.MAP	150204	4
6f757f76a7	/RT00.MAP	159148	4
6f757f76a7	/ST00.MAP	115620	4
6f757f76a7	/TM10.MAP	68620	4
6f757f76a7	/TM20.MAP	78280	4
6f757f76a7	/TM30.MAP	101552	4
6f794d2b49	/ITEMHELP.MSG	8996	60
6f7ae746bb	/CT20.MAP	21380	24
6f7c030f1f	/AT00.MAP	176639	38
6f7fdef95d	/TJ10.MAP	30493	29
6f7fdef95d	/TJ11.MAP	45621	29
6f7fdef95d	/TJ20.MAP	30582	29
6f7fdef95d	/TJ21.MAP	45718	29
6f7fdef95d	/TJ22.MAP	49626	29
6f7fdef95d	/TJ30.MAP	53167	29
6f7fdef95d	/TJ31.MAP	55223	29
6f7fdef95d	/TJ32.MAP	49583	29
6f7fdef95d	/TJ40.MAP	144988	29
6f7fdef95d	/TJ41.MAP	144995	29
6f7fdef95d	/TJ50.MAP	30570	29
6f7fdef95d	/TJ51.MAP	45766	29
6f7fdef95d	/TJ60.MAP	30648	29
6f7fdef95d	/TJ61.MAP	45832	29
6f7fdef95d	/TJ62.MAP	49694	29
6f7fdef95d	/TJ70.MAP	53269	29
6f7fdef95d	/TJ71.MAP	55229	29
6f7fdef95d	/TJ72.MAP	49685	29
6f8c685018	/IG00.MAP	176859	63
6f92e41b28	/AT20.MAP	84514	49
6f96ecc329	/BOT5.MAP	27714	22
6f9c525525	/NZ10.MAP	111547	40
6fa948e426	/KM10.MAP	51200	33
6faafa6104	/HS10.MAP	186389	67
6fc34b2ba5	/NJ10.MAP	129331	10
6fc4e7bdd0	/MP00.MAP	178181	53
6fc9a1a209	/HS00.MAP	76052	30
6fd22685cb	/KM10.MAP	54125	69
6fdbd8ab9d	/CK00.MAP	161585	24
6fdbd8ab9d	/IG00.MAP	170183	24
6fdbd8ab9d	/IG00.MAP	171220	24
6fdbd8ab9d	/KR00.MAP	95022	24
6fdbd8ab9d	/MH00.MAP	164328	24
6fdd4d1c6e	/OT10.MAP	163484	10
6fe78edb43	/DS10.MAP	78471	35
6ff16a96bc	/WAZAHELP.MSG	2732	42
700605d7aa	/JG00.MAP	138244	45
70087ffee5	/GM00.MAP	172629	319
700e4f8f73	/IZ00.MAP	54840	49
7010560825	/SB00.MAP	72767	49
701864018f	/KS00.MAP	171495	100
702880a0a5	/JG00.MAP	134653	65
703209c796	/KS00.MAP	167720	55
703283f5d2	/WR00.MAP	234057	65
7040674444	/CK00.MAP	160967	32
7040674444	/IG00.MAP	171187	32
7040674444	/KR00.MAP	94989	32
7040674444	/MH00.MAP	163748	32
7040674444	/MH00.MAP	164295	32
704c0858f9	/WY02.MAP	211550	49
7057074c5b	/RT20.MAP	118189	24
705a4011d1	/KM00.MAP	145490	51
705c70dfb8	/KD00.MAP	168665	65
706f684c07	/KM00.MAP	152997	80
7072451cb1	/MP00.MAP	185521	41
707720bd1c	/WR02.MAP	217541	38
7077a26fec	/CK00.MAP	168458	78
707995698d	/NT20.MAP	147461	88
707aef0c11	/WC00.MAP	223917	51
707bbd6f92	/NJ10.MAP	131938	26
708a3ab5da	/KD00.MAP	165654	36
70a51d70c7	/KM00.MAP	161042	57
70a83c9704	/KM10.MAP	48621	76
70b0d6e64e	/GM00.MAP	183003	47
70b13fec10	/SK00.MAP	119637	63
70b1a7335c	/WY02.MAP	213855	68
70b2fe6bd2	/WY00.MAP	226072	44
70cc173930	/NT21.MAP	131226	32
70d04131d9	/HL10.MAP	99134	35
70d33fd58e	/DG10.MAP	92305	31
70d33fd58e	/DG10.MAP	92516	31
70d33fd58e	/DG10.MAP	92678	31
70d33fd58e	/DG10.MAP	92767	31
70d33fd58e	/DG10.MAP	92835	31
70d33fd58e	/DG10.MAP	93084	31
70d33fd58e	/DG10.MAP	93131	31
70d33fd58e	/DG10.MAP	93219	31
70d33fd58e	/DG10.MAP	93313	31
70d33fd58e	/GT00.MAP	145898	31
70d33fd58e	/GT00.MAP	145943	31
70d33fd58e	/GT00.MAP	146038	31
70d33fd58e	/GT00.MAP	146083	31
70d33fd58e	/IG10.MAP	153859	31
70d33fd58e	/IG10.MAP	154234	31
70d33fd58e	/IG10.MAP	154568	31
70d33fd58e	/IG10.MAP	154818	31
70d33fd58e	/KB01.MAP	54341	31
70d33fd58e	/KB01.MAP	54509	31
70d33fd58e	/SS00.MAP	68830	31
70d33fd58e	/SS00.MAP	68949	31
70d33fd58e	/SS00.MAP	69116	31
70d33fd58e	/SS00.MAP	69206	31
70d33fd58e	/SS00.MAP	69265	31
70d33fd58e	/SS00.MAP	69757	31
70d33fd58e	/SS10.MAP	68877	31
70d33fd58e	/SS10.MAP	68996	31
70d33fd58e	/SS10.MAP	69163	31
70d33fd58e	/SS10.MAP	69253	31
70d33fd58e	/SS10.MAP	69312	31
70d33fd58e	/SS10.MAP	69804	31
70d3df0b48	/HS00.MAP	76958	26
70d48c4662	/SK00.MAP	118537	24
70ddcab47d	/JG00.MAP	132197	28
70df71bb11	/KB01.MAP	54474	34
70e37b031b	/BOT4.MAP	28603	16
70e727e23d	/KM10.MAP	52159	28
70ea199842	/AT00.MAP	177543	22
70ed50cb96	/HS00.MAP	73978	23
70edc08d93	/HS10.MAP	186730	61
70f7d722a0	/SK00.MAP	117110	30
71080c1b7b	/BL50.MAP	51357	49
71080c1b7b	/TM40.MAP	44611	49
7110900743	/AT00.MAP	196091	49
711cb06fe1	/GT10.MAP	51384	26
711fbb1226	/AT00.MAP	172539	26
7121ac8d9f	/ITEMHELP.MSG	10252	64
712308c053	/MP00.MAP	185254	71
712ed41b79	/AT10.MAP	161231	16
712ed41b79	/AT10.MAP	161305	16
712ed41b79	/WC00.MAP	230175	16
7132414b9f	/ES10.MAP	75416	24
7132414b9f	/WS10.MAP	80379	24
713eac7e6a	/ZM01.MAP	140960	59
71433e4e0c	/CK00.MAP	167445	36
7150ec6a5a	/HL00.MAP	129554	47
7156354134	/DS10.MAP	79210	55
715f1157c8	/IY00.MAP	121796	43
716c114036	/BL00.MAP	126431	10
716c114036	/BL00.MAP	127122	10
716c114036	/BL00.MAP	127163	10
716c114036	/GM00.MAP	199016	10
716c114036	/HY00.MAP	136389	10
716c114036	/HY00.MAP	136613	10
716c114036	/HY00.MAP	136893	10
716c114036	/HY00.MAP	137704	10
716c114036	/HY00.MAP	138018	10
716c114036	/MP00.MAP	179876	10
716c114036	/OB00.MAP	157348	10
716c114036	/QH00.MAP	162603	10
716c114036	/TJ00.MAP	144109	10
716c114036	/TJ01.MAP	144109	10
716c114036	/TJ10.MAP	29833	10
716c114036	/TJ11.MAP	44961	10
716c114036	/TJ20.MAP	29880	10
716c114036	/TJ21.MAP	45016	10
716c114036	/TJ22.MAP	48924	10
716c114036	/TJ30.MAP	52485	10
716c114036	/TJ31.MAP	54541	10
716c114036	/TJ32.MAP	48901	10
716c114036	/TJ40.MAP	144233	10
716c114036	/TJ41.MAP	144240	10
716c114036	/TJ50.MAP	29897	10
716c114036	/TJ51.MAP	45073	10
716c114036	/TJ60.MAP	29944	10
716c114036	/TJ61.MAP	45128	10
716c114036	/TJ62.MAP	48988	10
716c114036	/TJ70.MAP	52597	10
716c114036	/TJ71.MAP	54557	10
716c114036	/TJ72.MAP	49013	10
716c114036	/TM00.MAP	132102	10
716c114036	/TM00.MAP	132143	10
716c114036	/ZM00.MAP	157825	10
716de3d271	/IP00.MAP	156836	41
71823ca0d4	/BL00.MAP	125909	54
71898b3b57	/KS00.MAP	18932	16
71943e594f	/OT00.MAP	166311	16
7199d9ea14	/KM00.MAP	165509	28
719aefc6cc	/ITEMHELP.MSG	10808	44
71a3495d24	/OT02.MAP	164599	47
71ac07ab90	/HL00.MAP	128944	8
71ac07ab90	/HL00.MAP	134910	8
71b91e3267	/KM10.MAP	52336	38
71c4ac1450	/IG00.MAP	162626	92
71c57d43c6	/WS00.MAP	82683	63
71c57d43c6	/WS10.MAP	83413	63
71cd1b44f1	/WC00.MAP	206190	63
71d8cebf1d	/DL00.MAP	122477	31
71dd83567c	/IZ00.MAP	64241	38
71dd83567c	/WR02.MAP	215208	38
71dee879d0	/ZM00.MAP	146245	67
71ea770603	/AT10.MAP	165645	28
71ef7fff49	/KM00.MAP	147033	49
71ef7fff49	/KM00.MAP	147730	49
71f03b7a2f	/OB00.MAP	158395	51
71fd761392	/JG00.MAP	140965	59
7207540f9d	/WAZAHELP.MSG	12976	60
7213297110	/ES00.MAP	75312	22
721456b544	/ZM00.MAP	146669	61
7215b6e338	/KM00.MAP	147816	16
7215b6e338	/KM00.MAP	152949	16
7215f35221	/ZM00.MAP	153942	119
722b973e92	/IP00.MAP	160398	28
722ea0e065	/RT20.MAP	127145	37
72361d3342	/GB00.MAP	177769	59
723b772498	/IG00.MAP	159551	38
7251f4cb7a	/GM00.MAP	182379	61
7258966045	/AT00.MAP	171597	37
7258966045	/CK00.MAP	178627	37
7258966045	/GB00.MAP	196670	37
7258966045	/GM00.MAP	199588	37
7258966045	/HL10.MAP	98477	37
7258966045	/IG00.MAP	181165	37
7258966045	/KM00.MAP	165843	37
7258966045	/KR00.MAP	93568	37
7258966045	/MH00.MAP	160487	37
7258966045	/MP00.MAP	174529	37
7258966045	/OT00.MAP	166155	37
7258966045	/QH00.MAP	148554	37
7258966045	/ZM00.MAP	154603	37
725a40e501	/NZ10.MAP	114741	59
725ba3b278	/NT30.MAP	103642	63
727e13fc27	/MH00.MAP	184283	43
7297ead399	/HL10.MAP	96080	34
72be704c32	/HS00.MAP	76566	65
72c24cb263	/JG00.MAP	131607	55
72dcf1f6d4	/IS10.MAP	61622	26
72e41cda61	/IG10.MAP	155976	22
72ecd962ee	/NJ10.MAP	133146	53
72ef20a82b	/WC00.MAP	228909	16
72f61bf4e8	/KZ00.MAP	171446	77
72fc26e69a	/CT20.MAP	169304	38
72fd502710	/NT20.MAP	149538	34
72ff2abf81	/WR00.MAP	219411	42
730c9b3794	/NJ00.MAP	158440	38
730ebc9b45	/AT00.MAP	185230	82
731ea71cbc	/QH01.MAP	145434	92
7320684746	/WR00.MAP	235151	59
7327503c9a	/CK00.MAP	170906	26
7327ffa8f1	/OT00.MAP	172457	30
732df576a5	/ZM00.MAP	153114	49
732eea11d9	/AT00.MAP	190653	38
73312879f3	/HL10.MAP	97529	61
73350ab689	/AT00.MAP	185900	75
733b7e6933	/KM00.MAP	156739	80
73429737fa	/BOT5.MAP	27551	37
7348fb5c39	/IG01.MAP	155237	47
7352e5aa97	/KM10.MAP	53186	53
7355153f7d	/OT00.MAP	169910	57
7356b1abed	/DS00.MAP	84076	22
7362afbdcf	/KK00.MAP	133693	49
73630d44ca	/ZM01.MAP	142845	73
7363c0a1ab	/KM10.MAP	49207	57
737092225b	/AT00.MAP	185547	73
737540a362	/RT20.MAP	117529	49
737dd1db2b	/KM00.MAP	147227	36
738e8e2acf	/MH00.MAP	174192	55
7395f42555	/KD00.MAP	169445	81
73add29edd	/ES00.MAP	75065	63
73adebe8c5	/BOT4.MAP	28506	12
73ca8264d2	/IZ00.MAP	65687	64
73d2c3c832	/JG00.MAP	141321	22
73d4b415c7	/GM00.MAP	186041	49
73d860532d	/WC00.MAP	217773	45
73e69b5e06	/KD00.MAP	170083	42
73ec5f4c09	/KM00.MAP	155433	61
73ed57075c	/WY00.MAP	222662	59
73f41fbd43	/CT10.MAP	196783	22
73f55f702c	/WY00.MAP	223633	45
73fed5b7a4	/AT00.MAP	192164	32
73fed5b7a4	/AT00.MAP	192407	32
7403aa2499	/MP00.MAP	193332	81
7407f0c516	/CT10.MAP	191108	71
740bfb523e	/AT20.MAP	85931	67
740d3abc4a	/IG10.MAP	157182	47
740d8b01ba	/ST10.MAP	82407	41
74104b6be5	/JG00.MAP	131021	55
74157a7948	/AT20.MAP	81671	14
74157a7948	/BL00.MAP	124732	14
74157a7948	/DG00.MAP	135405	14
74157a7948	/DS00.MAP	86287	14
74157a7948	/DS00.MAP	86324	14
74157a7948	/DS10.MAP	79502	14
74157a7948	/ES00.MAP	74337	14
74157a7948	/ES10.MAP	74851	14
74157a7948	/GH00.MAP	151119	14
74157a7948	/HS10.MAP	181361	14
74157a7948	/IP00.MAP	156638	14
74157a7948	/IY00.MAP	121691	14
74157a7948	/IY00.MAP	121728	14
74157a7948	/KB01.MAP	54247	14
74157a7948	/KB01.MAP	54284	14
74157a7948	/KS00.MAP	175035	14
74157a7948	/NZ00.MAP	116415	14
74157a7948	/OB00.MAP	150150	14
74157a7948	/OT00.MAP	180591	14
74157a7948	/OT10.MAP	163563	14
74157a7948	/RT00.MAP	159094	14
74157a7948	/RT30.MAP	138088	14
74157a7948	/SS00.MAP	68715	14
74157a7948	/SS00.MAP	68752	14
74157a7948	/SS10.MAP	68762	14
74157a7948	/SS10.MAP	68799	14
74157a7948	/ST00.MAP	115566	14
74157a7948	/ST10.MAP	82081	14
74157a7948	/TM00.MAP	130227	14
74157a7948	/TM10.MAP	68566	14
74157a7948	/WS00.MAP	79387	14
74157a7948	/WS10.MAP	79796	14
7418a8a9ce	/MP00.MAP	181797	39
74211b11fc	/KM10.MAP	48051	10
7434d7d208	/ZM01.MAP	138989	114
7439f2e123	/WC00.MAP	208803	23
743f70a964	/IS10.MAP	59210	12
743f70a964	/WY00.MAP	219388	12
743f99226e	/WC00.MAP	221078	61
74422b7303	/KB00.MAP	56334	39
74422b7303	/KB20.MAP	64390	39
7442f018a6	/WAZAHELP.MSG	2476	32
74489a25f0	/WR00.MAP	226119	59
74493be45a	/BOT4.MAP	28073	49
7457f53949	/KM00.MAP	149184	53
745b1ebf28	/KM00.MAP	148924	61
746776ca58	/KK00.MAP	132575	33
7469d07736	/KK00.MAP	132786	29
74736682c7	/CK00.MAP	166945	98
747a2b4c4e	/WR02.MAP	218804	14
7487cf4ed7	/NT00.MAP	61834	27
748c0dac82	/RT20.MAP	113607	51
748f9234c1	/OB00.MAP	157089	32
74903185a0	/MP00.MAP	180305	98
749a539f2a	/IG00.MAP	139166	8
749a539f2a	/IG01.MAP	139166	8
749a539f2a	/IG10.MAP	139206	8
749bb1cf92	/MP00.MAP	178581	30
74a063faf4	/MP00.MAP	174871	35
74a40d70a3	/WR00.MAP	217898	49
74a40d70a3	/WR02.MAP	213920	49
74a9320058	/TJ50.MAP	30199	59
74a9320058	/TJ51.MAP	45375	59
74ab532b0e	/AT10.MAP	165862	31
74adb0d590	/AT00.MAP	188241	92
74c043406a	/OT00.MAP	175913	61
74c278d7c7	/KB10.MAP	56979	51
74c278d7c7	/KB20.MAP	63867	51
74e4bd3f86	/SK10.MAP	93927	30
750695ca63	/HS00.MAP	77204	14
750f80a4fb	/KD00.MAP	167550	38
751091acc9	/IP00.MAP	159697	69
751281b183	/WAZAHELP.MSG	5944	56
7519b2e3ec	/GM00.MAP	205497	65
7523b08478	/AT00.MAP	179146	24
7525aec25b	/RT20.MAP	115323	26
752c4eaf3c	/KB00.MAP	56541	42
752c4eaf3c	/KB10.MAP	57063	42
752c4eaf3c	/KB20.MAP	63951	42
752c4eaf3c	/KB20.MAP	64597	42
752d4cf497	/FIR0.MAP	95238	63
7537574156	/KR00.MAP	109113	69
753a232efe	/WC00.MAP	211554	67
753d71cc4b	/AT00.MAP	177138	57
753e7fbc6c	/ITEMHELP.MSG	1056	36
7545c57839	/IG10.MAP	155279	30
754725be59	/JG00.MAP	133739	43
754bd51e97	/AT00.MAP	173187	45
7551030cd7	/ZM00.MAP	158286	14
755bb2c8ee	/WY00.MAP	225465	51
755db16846	/AT10.MAP	162084	390
75686dd367	/GM00.MAP	186282	57
756957cb96	/ES01.MAP	75148	30
756fc28aaa	/WY00.MAP	221123	16
756fc28aaa	/WY00.MAP	222297	16
7571d41f5c	/MH00.MAP	168735	14
7571d41f5c	/MH00.MAP	171374	14
7577f77fea	/TJ00.MAP	144810	29
7577f77fea	/TJ01.MAP	144810	29
757a24b4dd	/HS10.MAP	184520	39
757b9692ad	/ES01.MAP	75449	78
757bfdd207	/MH00.MAP	162864	47
759113da86	/WY00.MAP	231491	57
759bec841f	/WY00.MAP	229924	75
75a085ea31	/WC00.MAP	216739	88
75bb179f55	/MH00.MAP	183428	74
75bf41c2b0	/WC00.MAP	207714	40
75c965dae4	/NT20.MAP	152775	86
75d109158f	/HL00.MAP	131801	36
75db196f18	/NT20.MAP	146683	45
75edd8f77a	/WY00.MAP	226615	79
75ef4290d3	/IZ00.MAP	52716	65
75f67ae8fe	/JG00.MAP	132659	57
75f82d277e	/NZ10.MAP	113691	51
761650e222	/ITEMHELP.MSG	5536	60
761b8c0d27	/AT00.MAP	177831	10
762be104f6	/AT20.MAP	82765	18
762e99e4b6	/CT10.MAP	191618	22
763e2928ab	/IP00.MAP	161907	45
7640c09c08	/DIARY.MSG	11900	88
7643af75b1	/WC00.MAP	227215	55
7643f4b8d5	/WY02.MAP	216994	42
7649231206	/WC00.MAP	214892	53
7653e32989	/MH00.MAP	179298	75
766acafac3	/WR02.MAP	217612	45
766b8c6b8b	/CK00.MAP	166500	33
766b8c6b8b	/CK00.MAP	166784	33
766b8c6b8b	/CK00.MAP	166829	33
766b8c6b8b	/CK00.MAP	166911	33
766b8c6b8b	/CK00.MAP	167044	33
766b8c6b8b	/CK00.MAP	167174	33
766b8c6b8b	/CK00.MAP	167246	33
766b8c6b8b	/CK00.MAP	167332	33
766b8c6b8b	/CK00.MAP	167482	33
766b8c6b8b	/CK00.MAP	167689	33
766b8c6b8b	/CK00.MAP	167734	33
766b8c6b8b	/CK00.MAP	167822	33
766b8c6b8b	/CK00.MAP	167922	33
766b8c6b8b	/CK00.MAP	168008	33
766b8c6b8b	/CK00.MAP	168088	33
766b8c6b8b	/CK00.MAP	168143	33
766b8c6b8b	/CK00.MAP	168227	33
766b8c6b8b	/CK00.MAP	168375	33
766b8c6b8b	/CK00.MAP	168424	33
766b8c6b8b	/CK00.MAP	171274	33
76708c9745	/MH00.MAP	174791	48
76743501b7	/MP00.MAP	185070	59
767a298187	/TM00.MAP	131690	24
7682b2a9b1	/WR00.MAP	231713	55
769809e686	/AT20.MAP	84988	61
76a730dc33	/SK00.MAP	116052	20
76aaf520c4	/HS00.MAP	73181	32
76b00ed425	/NT30.MAP	102933	47
76c3fcf53f	/OB00.MAP	157160	16
76c85d22ed	/IP10.MAP	137296	61
76cb40746e	/WR00.MAP	224235	20
76ceae021d	/DL00.MAP	121480	35
76ecd561bd	/CK00.MAP	167078	18
76f3ba87b7	/FIR0.MAP	95413	75
76fb933936	/WAZAHELP.MSG	9840	52
7702949744	/SS00.MAP	69529	22
7702949744	/SS10.MAP	69576	22
770c8c34b0	/AT00.MAP	174252	45
770e219cf6	/RS01.MAP	50998	65
770e3ba04f	/WK00.MAP	108485	70
771c4204e5	/WY00.MAP	224000	63
771e9aa935	/HS00.MAP	76482	51
771ee4c097	/MP00.MAP	193632	51
7725e0b77c	/WK00.MAP	107076	51
7727b712e7	/ITEMHELP.MSG	11068	78
77280e57af	/RT20.MAP	126851	61
772bc6e480	/SK00.MAP	117823	32
772be4bdb2	/MP00.MAP	178088	61
772c61643a	/WR00.MAP	230575	71
7731ea6974	/RT30.MAP	138864	53
773dfb254d	/GM00.MAP	180615	57
773e3f4464	/RS01.MAP	50314	45
774e5bbf49	/IG00.MAP	172743	59
775019b0fb	/OT01.MAP	164300	77
7755585551	/AT00.MAP	174576	102
7761ad5cc7	/RS01.MAP	49964	57
776c6505e0	/WR00.MAP	224473	92
77771896fb	/NT20.MAP	152149	25
77794c691d	/WC00.MAP	214338	78
77808bab14	/ST00.MAP	115675	67
7789f580db	/KD00.MAP	165722	20
7789f580db	/KD00.MAP	167033	20
7789f580db	/KD00.MAP	168348	20
779605d213	/QH00.MAP	161524	26
7796e3a827	/WR00.MAP	225728	67
779cdfee5e	/GM00.MAP	188590	53
77b57c6939	/NJ10.MAP	131010	13
77c855817b	/KM00.MAP	156421	65
77ce34c9f7	/KK00.MAP	133775	67
77d179a4d1	/AT00.MAP	194175	94
77d4623642	/GT10.MAP	47070	70
77d4623642	/GT10.MAP	48520	70
77d8084785	/KR00.MAP	93606	14
77da17a161	/WY00.MAP	222130	39
77ee7fe799	/IG10.MAP	156551	23
77f40cdbe6	/ZM01.MAP	140850	77
77fa46060b	/GM00.MAP	199513	43
7800bb733c	/STATHELP.MAT	2912	221
7808486e80	/MP00.MAP	178469	26
780cc0f49a	/WAZAHELP.MSG	8960	43
7820f9760a	/WC00.MAP	209341	36
78214e038c	/GM00.MAP	197983	30
78269660bb	/AT00.MAP	188383	59
78275c1eb7	/GB00.MAP	174356	67
782ffe449e	/AT00.MAP	178623	35
7838604763	/WS01.MAP	80792	45
7843233add	/DS10.MAP	78609	28
784d86aef9	/MH00.MAP	161678	53
7853288bc6	/MH00.MAP	179938	65
7859d6d650	/OT00.MAP	168638	45
785e4d3efa	/KD00.MAP	169245	42
787a1a237d	/IZ00.MAP	52453	71
787c2dfec1	/AT00.MAP	172746	16
7884783db8	/IG00.MAP	179753	36
7887e2a6d4	/AT00.MAP	183589	39
788a681127	/KM00.MAP	155735	32
788ca18a6b	/KD00.MAP	169659	30
788ea464df	/IZ00.MAP	53764	40
788ea464df	/WR00.MAP	219605	40
788ea6a9d7	/NZ10.MAP	113500	47
789d9f9955	/KM00.MAP	149482	40
78a2e569a3	/WC00.MAP	230010	30
78a9cd71ac	/JG00.MAP	135858	55
78bbb563f2	/WC00.MAP	228039	71
78c18452ac	/HS00.MAP	74970	16
78c32b8c54	/GT00.MAP	145820	16
78c32b8c54	/HS00.MAP	69183	16
78c32b8c54	/HY00.MAP	131196	16
78c32b8c54	/KD00.MAP	160934	16
78c32b8c54	/TM10.MAP	68603	16
78c32b8c54	/TM20.MAP	78263	16
78c32b8c54	/TM30.MAP	101535	16
78c43a410c	/CT10.MAP	188507	33
78c696a1f3	/BOT4.MAP	28179	54
78dd89f8ac	/GB00.MAP	186678	71
78e4cebce9	/CK00.MAP	174478	14
78e9fc3059	/ZM01.MAP	141318	51
78eeea7496	/IZ00.MAP	60504	49
78f007df2a	/JG00.MAP	137906	16
78f077614a	/ITEMHELP.MSG	9388	92
78f46d823e	/CT10.MAP	196959	24
78f581bae8	/NZ10.MAP	109257	100
78f98e7be2	/KR00.MAP	100285	30
78fa13c5a1	/AT10.MAP	169678	65
78fa69266e	/NZ10.MAP	110717	34
7901a2c623	/JG00.MAP	136143	45
7907469b1b	/CK00.MAP	74462	16
7907469b1b	/CK00.MAP	85170	16
7907469b1b	/CK01.MAP	74462	16
7907469b1b	/CK01.MAP	85170	16
790dfbae43	/CK00.MAP	171958	53
790e9393f8	/WAZAHELP.MSG	9272	63
792147740e	/ITEMHELP.MSG	3900	38
79221b74d3	/HS10.MAP	181793	45
79271538c8	/IG00.MAP	159357	16
792af515d4	/KD00.MAP	166901	61
79317e8a56	/IZ00.MAP	58933	18
79317e8a56	/IZ00.MAP	59607	18
7932a12fe3	/ES01.MAP	76798	18
7932a12fe3	/JG00.MAP	134054	18
7932a12fe3	/WS01.MAP	81972	18
793332499e	/ZM01.MAP	144708	88
793820e341	/CK00.MAP	180600	55
793848106e	/KD00.MAP	161458	74
793c7ca534	/KM00.MAP	155355	45
7943a49122	/RT20.MAP	102427	53
7943a49122	/RT20.MAP	104430	53
79481184d6	/GT10.MAP	49561	26
794c885b3c	/MH00.MAP	184173	77
794ce2a186	/MP00.MAP	177671	28
795517e684	/CT10.MAP	188841	38
795517e684	/CT10.MAP	192004	38
7956a538b0	/CT10.MAP	194882	47
795bd05ae6	/KM10.MAP	49296	61
797925ae30	/ITEMHELP.MSG	1172	36
797ecd28a7	/JG00.MAP	136010	28
7983edf243	/WY00.MAP	234264	24
79858ef947	/GT20.MAP	140793	73
7987f81a93	/IP00.MAP	159864	61
79895c1ea9	/WC00.MAP	221701	39
7996720e7e	/WC00.MAP	229532	42
79979b46de	/GT00.MAP	148835	53
799880cad0	/ITEMHELP.MSG	2148	50
79a6ed8bb2	/WAZAHELP.MSG	11432	50
79a7090bfd	/RT20.MAP	117813	55
79b3d72739	/NJ10.MAP	136175	67
79c80216ea	/AT00.MAP	191782	94
79dc037866	/KD00.MAP	168857	36
79e0adbccc	/AT00.MAP	192329	45
79f0ea34bf	/QH01.MAP	145258	28
79f6f6dee5	/CT10.MAP	194331	47
7a0592a61d	/WK00.MAP	109884	53
7a08e47414	/IZ00.MAP	49469	6
7a12f7b993	/AT00.MAP	174711	32
7a13c92928	/DIARY.MSG	1568	222
7a1958b4de	/WY02.MAP	213955	53
7a19cf60d9	/KR00.MAP	110003	34
7a44bdcc1d	/KM10.MAP	51562	37
7a47d824c8	/NZ10.MAP	113140	40
7a54f38b83	/RT20.MAP	121731	40
7a58416979	/HY00.MAP	134780	79
7a598f72f9	/MP00.MAP	184970	67
7a61289853	/KEYHELP.MAT	612	215
7a61289853	/KEYHELP.MAT	1740	215
7a61f9960c	/RT20.MAP	119708	65
7a61f9960c	/RT20.MAP	120410	65
7a61f9960c	/RT20.MAP	121182	65
7a61f9960c	/RT20.MAP	122824	65
7a61f9960c	/RT20.MAP	123598	65
7a61f9960c	/RT20.MAP	125157	65
7a61f9960c	/RT20.MAP	125948	65
7a61f9960c	/RT20.MAP	126753	65
7a6403a23a	/ITEMHELP.MSG	3764	50
7a64631e91	/MH00.MAP	162630	75
7a67f88328	/RT20.MAP	115903	8
7a6fc7c7f7	/GT10.MAP	47172	28
7a75ca4f3d	/HL00.MAP	136214	22
7a75ca4f3d	/HL00.MAP	136363	22
7a7e3be4e6	/NJ10.MAP	126949	14
7a7ecba7cf	/GM00.MAP	197021	65
7a858aef56	/RT20.MAP	125853	63
7a85e1ba21	/WY00.MAP	216413	76
7a91f31a84	/MP00.MAP	184056	34
7a91f31a84	/MP00.MAP	185454	34
7a92d88302	/KB00.MAP	55537	28
7a92d88302	/KB20.MAP	62950	28
7a9e33baa4	/KR00.MAP	106961	53
7aa64b882b	/CT10.MAP	191886	18
7aa64ca806	/MH00.MAP	173748	33
7aa8855abf	/GM00.MAP	189559	34
7aaaf669fa	/IZ00.MAP	66357	51
7aad964747	/NZ10.MAP	109017	24
7aaef7113f	/ZM00.MAP	157166	47
7ab2aeec5d	/WY00.MAP	228334	73
7ab7c8aaf8	/OB00.MAP	155467	32
7abd707f91	/MP00.MAP	176669	20
7ac6051d8e	/KR00.MAP	108305	63
7accf97461	/NZ10.MAP	114832	71
7acd217ec3	/IS00.MAP	163162	88
7acf4948d4	/WR00.MAP	236867	45
7acf4948d4	/WR02.MAP	215969	45
7ae22ec661	/WAZAHELP.MSG	5076	34
7ae8a439e6	/WC00.MAP	210146	44
7aeb4af6fc	/DG21.MAP	98882	39
7af54b6616	/ITEMHELP.MSG	1352	56
7afcdff454	/ES10.MAP	75814	74
7afcdff454	/WS10.MAP	80777	74
7b00afa16e	/WY00.MAP	226726	49
7b032cb49f	/WY00.MAP	232049	53
7b078c0f97	/MH00.MAP	174280	47
7b0bc874ba	/HL00.MAP	130267	29
7b0dc29eb8	/NT00.MAP	62218	31
7b1abbd753	/NT30.MAP	108461	61
7b31ce28c2	/AT00.MAP	195280	69
7b354ec225	/WR10.MAP	212859	86
7b4899d915	/KB00.MAP	56091	9
7b4899d915	/KB10.MAP	56616	9
7b4899d915	/KB20.MAP	63504	9
7b4899d915	/KB20.MAP	64147	9
7b50c3f27c	/KS00.MAP	169231	26
7b5147db87	/IG00.MAP	173926	225
7b51bd8b4d	/CK00.MAP	161421	33
7b51c26f5c	/ITEMHELP.MSG	2104	42
7b56f86189	/AT00.MAP	194782	63
7b5d2b174b	/WY00.MAP	225882	38
7b5e31441f	/OB00.MAP	158643	22
7b79169e23	/CT10.MAP	194636	53
7b79179ef2	/KR00.MAP	99377	65
7b792d5705	/ZM00.MAP	149702	43
7b8aa78d80	/WY00.MAP	220325	51
7b94f87a24	/IG00.MAP	176147	40
7b955ec7ea	/KD00.MAP	167308	12
7b970aec31	/IP10.MAP	135935	30
7b9d8255d4	/KEYHELP.MAT	2310	81
7b9fa2a064	/IS10.MAP	58298	31
7b9fa2a064	/IS10.MAP	58438	31
7bb7fb2e6e	/WY00.MAP	223541	16
7bc628aa43	/AT00.MAP	196265	71
7bc8fbb823	/IZ00.MAP	53310	12
7bcbdc4a3c	/QH00.MAP	161274	49
7bcea5fc07	/ZM01.MAP	142400	30
7bdb96254f	/SK10.MAP	93397	36
7be532af32	/GM00.MAP	198651	22
7be9ff01c4	/NZ00.MAP	116681	65
7bf0814373	/KR00.MAP	105267	43
7bf7e1a049	/GM00.MAP	201343	18
7c05e3997f	/DG00.MAP	136142	53
7c05e3997f	/DG00.MAP	136452	53
7c1057396b	/GM00.MAP	200219	34
7c15a7aab9	/BL00.MAP	124807	35
7c15a7aab9	/ZM00.MAP	155596	35
7c1cba4b40	/IG00.MAP	163584	28
7c210952f2	/WY02.MAP	212926	20
7c23c79b44	/MP00.MAP	186336	61
7c2a1b7ce6	/WY00.MAP	233112	28
7c30033ae4	/NJ10.MAP	132909	55
7c30033ae4	/NJ10.MAP	133431	55
7c3a47473c	/HL00.MAP	130671	20
7c3b75d349	/RT20.MAP	112516	75
7c4460100e	/NT20.MAP	148863	53
7c52665442	/JG01.MAP	125432	8
7c52665442	/WR10.MAP	210882	8
7c57df2795	/AT00.MAP	184312	61
7c623d8dbd	/IG00.MAP	179539	24
7c69e7b093	/IG10.MAP	158938	16
7c756136e2	/GM00.MAP	196543	49
7c75f8b24f	/WR00.MAP	225429	49
7c77cda50f	/DG00.MAP	137221	55
7c7b7817a9	/OT02.MAP	166160	43
7c7f4dc402	/KR00.MAP	105105	33
7c83e626e2	/KM00.MAP	146415	55
7c8a928b9e	/ITEMHELP.MSG	7804	86
7c9354006f	/HL00.MAP	130796	30
7c9750dc5e	/OT01.MAP	167642	90
7ca3d0ad70	/CT20.MAP	171980	44
7ca639eb11	/BOT5.MAP	27627	37
7caa1b0c08	/MK00.MAP	148228	35
7cb1053983	/HY00.MAP	134337	22
7cb8849d71	/KR00.MAP	95226	31
7cb9367415	/GM00.MAP	174891	84
7cbc8d3e9f	/IG00.MAP	168806	53
7cbce26a75	/AT10.MAP	168770	55
7ccb2c99a8	/KS00.MAP	169392	53
7ccc157109	/CK01.MAP	157051	108
7cd0d5cfaa	/KM00.MAP	158503	30
7ce1375431	/NT20.MAP	152606	36
7ce24200ab	/KR00.MAP	105500	26
7cef0ca0bf	/OB00.MAP	157854	51
7cf33e02a4	/GM00.MAP	198632	18
7d0e607261	/JG00.MAP	135333	39
7d17292ece	/ES10.MAP	76310	34
7d17292ece	/WS10.MAP	81273	34
7d2b4c2472	/BL20.MAP	57999	8
7d2b4c2472	/BL30.MAP	42798	8
7d2b4c2472	/BL40.MAP	80892	8
7d2b4c2472	/BL50.MAP	51338	8
7d2b4c2472	/GT00.MAP	145879	8
7d2b4c2472	/HY00.MAP	131177	8
7d2b4c2472	/HY00.MAP	131255	8
7d2b4c2472	/IS10.MAP	61933	8
7d2b4c2472	/KD00.MAP	160915	8
7d2b4c2472	/MH00.MAP	183379	8
7d2b4c2472	/NT00.MAP	61943	8
7d2b4c2472	/NT10.MAP	132610	8
7d2b4c2472	/TM20.MAP	78244	8
7d2b4c2472	/TM30.MAP	101516	8
7d2b4c2472	/TM40.MAP	44592	8
7d2b4c2472	/WK00.MAP	104052	8
7d2b4c2472	/WK00.MAP	104111	8
7d2b4c2472	/WR00.MAP	239479	8
7d2b4c2472	/WY00.MAP	235297	8
7d2b8af893	/AT01.MAP	165249	71
7d2c98d33f	/GM00.MAP	171850	26
7d2d1f0125	/HS00.MAP	72418	41
7d2d1f0125	/HS00.MAP	72477	41
7d2d1f0125	/HS00.MAP	72557	41
7d2d1f0125	/HS00.MAP	72697	41
7d2d1f0125	/HS00.MAP	72782	41
7d3230de7e	/FIR1.MAP	134610	55
7d410bc726	/QH00.MAP	158182	61
7d46a3540a	/NT20.MAP	149726	59
7d4821475d	/GT20.MAP	139144	40
7d509db3f2	/QH00.MAP	161355	38
7d543696b0	/DIARY.MSG	8476	131
7d56c3d1ec	/ITEMHELP.MSG	9872	60
7d5a3a1f24	/IP00.MAP	156985	55
7d72a3d312	/SK00.MAP	121044	51
7d796aa886	/OT00.MAP	172350	74
7d7cd2aa02	/GB00.MAP	181212	61
7d861fa1c1	/NT21.MAP	131018	16
7d891781e0	/JG02.MAP	125691	24
7d8a5a4cc4	/KR00.MAP	93861	26
7d8a5a4cc4	/ZM00.MAP	155256	26
7d8d23a740	/IG00.MAP	169736	63
7d902f6c83	/TJ60.MAP	30249	63
7d902f6c83	/TJ61.MAP	45433	63
7d902f6c83	/TJ62.MAP	49293	63
7d94617f8c	/AT10.MAP	166566	32
7d9bebcf1f	/MH00.MAP	163073	63
7da090e006	/IZ00.MAP	53223	55
7daaae76d4	/ZM01.MAP	139136	77
7dacf958c6	/OB00.MAP	152861	26
7daff87d7f	/NT00.MAP	61292	28
7db1394025	/MH00.MAP	176799	80
7dbb89952f	/HL10.MAP	99617	83
7dc735f04f	/NZ00.MAP	117544	67
7dc735f04f	/NZ00.MAP	118796	67
7dc735f04f	/NZ00.MAP	119644	67
7dc735f04f	/NZ00.MAP	120613	67
7dde288dc0	/NJ10.MAP	128097	40
7dedcf543c	/NJ10.MAP	130518	67
7df1f109d9	/IZ00.MAP	55036	75
7df8a2bea5	/HS00.MAP	76367	29
7dfcbb4f5a	/WAZAHELP.MSG	8040	42
7dfdfc1f91	/WS01.MAP	83649	20
7e16042fae	/WC00.MAP	227480	53
7e16042fae	/WC00.MAP	229021	53
7e16ab2aa0	/KM00.MAP	146811	32
7e18cdbf66	/OT02.MAP	166243	18
7e1a6e4d42	/KM00.MAP	146880	39
7e27a36309	/CT10.MAP	194721	13
7e2d04ba44	/MH00.MAP	180134	53
7e30edb2ae	/BOT4.MAP	28495	10
7e3488a7de	/AT10.MAP	167888	43
7e3865de42	/HS10.MAP	181344	6
7e3865de42	/JG00.MAP	136938	6
7e406f4012	/QH00.MAP	148791	25
7e406f4012	/ZM00.MAP	155153	25
7e412e017c	/KR00.MAP	103157	69
7e519ee445	/KM00.MAP	151293	73
7e564bf063	/NT20.MAP	149605	26
7e5b064228	/JG00.MAP	137454	90
7e660fa4cc	/AT00.MAP	181395	16
7e6f905201	/WK00.MAP	109786	61
7e7298a53b	/IZ00.MAP	53836	43
7e7298a53b	/WR00.MAP	219677	43
7e743327c2	/MP00.MAP	191549	42
7e77ac34d6	/WR00.MAP	220806	20
7e78697a88	/WY00.MAP	235428	35
7e7dbe91c5	/WAZAHELP.MSG	11000	40
7e7ee4b6d3	/WR00.MAP	236618	14
7e7ee4b6d3	/WR02.MAP	215720	14
7e7f18cb0b	/SK00.MAP	117422	30
7e80aeb83f	/WY02.MAP	212005	60
7e94d98a89	/KR00.MAP	100348	30
7e979ab151	/IS00.MAP	161394	49
7e992c3ec7	/AT00.MAP	179846	53
7ea8a5b7fb	/KR00.MAP	105402	65
7ea8bd87b9	/NT30.MAP	104388	57
7eae307618	/AT00.MAP	174151	68
7eaf4fa723	/WR00.MAP	239260	6
7eb12085da	/RT20.MAP	119464	40
7ebf1e52f1	/WY00.MAP	234485	44
7ec7e88d65	/KZ00.MAP	172047	51
7ed69162d7	/WC00.MAP	219360	32
7ed6973bdc	/WC00.MAP	214977	28
7ee537fd9d	/OT00.MAP	170655	69
7eeee4a6b1	/IG00.MAP	173448	18
7eefc9526e	/AT00.MAP	181998	14
7f04c3cf2f	/GB00.MAP	176767	49
7f06aa8434	/IG00.MAP	174158	327
7f092bc322	/NT30.MAP	108744	18
7f092bc322	/WK00.MAP	108887	18
7f0d8fb8af	/WY00.MAP	233400	24
7f0d8fb8af	/WY00.MAP	233435	24
7f18768f0e	/IG10.MAP	153964	16
7f1ce39feb	/KR00.MAP	97781	53
7f2b875b61	/NT21.MAP	131081	106
7f2dca531c	/JG00.MAP	140032	63
7f33b596fe	/KK00.MAP	132970	28
7f33b596fe	/KK01.MAP	130979	28
7f33c96301	/HL10.MAP	97264	77
7f3eda4cee	/ES01.MAP	76049	32
7f3eda4cee	/WS01.MAP	81217	32
7f42bfb338	/BL00.MAP	128532	24
7f42bfb338	/TM00.MAP	133662	24
7f42e7ac0c	/WY00.MAP	231913	39
7f48543b60	/IS10.MAP	59390	22
7f4d5f466b	/WAZAHELP.MSG	9092	50
7f5851a3a2	/RT20.MAP	126945	100
7f5b650a08	/RT20.MAP	111308	71
7f5c4b44db	/SK00.MAP	120650	55
7f6a376502	/OT01.MAP	164771	57
7f72eaf881	/NT00.MAP	62570	43
7f82e3b157	/NT30.MAP	107012	78
7f98ea8581	/GM00.MAP	179405	78
7fb873d847	/AT00.MAP	174330	55
7fc1039453	/IS10.MAP	59921	118
7fced1f782	/IG10.MAP	154504	63
7fdd048f1e	/HS00.MAP	74188	18
7fe728fa2f	/KM10.MAP	48093	61
7fef4d6925	/SK00.MAP	119417	51
7ff38506aa	/IP00.MAP	164387	39
7ff4b8ef53	/WR00.MAP	239591	51
7ff53c5562	/HL00.MAP	131722	47
7ff5ef096c	/RT20.MAP	109594	62
7ff5ef096c	/RT20.MAP	116440	62
7ffa648466	/GM00.MAP	202466	35
800125e628	/GH00.MAP	131257	11
800125e628	/GH00.MAP	132361	11
800125e628	/GH00.MAP	145661	11
800125e628	/GH00.MAP	146765	11
800125e628	/KK00.MAP	123041	11
800125e628	/KK00.MAP	125921	11
800125e628	/KK01.MAP	123041	11
800125e628	/KK01.MAP	125921	11
8004e6fadf	/KB00.MAP	55442	63
8004e6fadf	/KB20.MAP	62855	63
801936ddeb	/DG21.MAP	98970	109
801db6481f	/WY02.MAP	212795	22
801f6ab2b5	/RT20.MAP	127087	26
801fe2f278	/HS10.MAP	186823	75
8028381c12	/IG10.MAP	156753	49
804da56f64	/IS10.MAP	58842	38
8054be7357	/MP00.MAP	191756	51
80576c2e73	/KD00.MAP	168976	36
80602c39a1	/RT20.MAP	107469	69
806f923693	/QH00.MAP	155357	26
806f923693	/QH00.MAP	155599	26
807da18d1b	/WR00.MAP	234154	84
808063e2f3	/ITEMHELP.MSG	9748	58
8084b7c122	/WC00.MAP	227888	16
8084b7c122	/WC00.MAP	228242	16
8088246211	/HS00.MAP	70381	24
8088246211	/HS00.MAP	70898	24
80a6120029	/KM10.MAP	49439	30
80a61308cb	/WR00.MAP	223517	67
80a6ce6c29	/OT00.MAP	168997	38
80a6ce6c29	/OT01.MAP	169739	38
80add62902	/DG00.MAP	136988	47
80b8f1570c	/KM00.MAP	161713	34
80b8f1570c	/KM00.MAP	163711	34
80ba8ea90d	/WR00.MAP	241009	36
80c2120ea0	/ZM00.MAP	154946	27
80c25199c8	/KS00.MAP	168436	69
80c7603bbf	/IG00.MAP	170402	31
80cf76680b	/GM00.MAP	182685	96
80d540c57e	/HL00.MAP	130530	30
80d5cf0c05	/ITEMHELP.MSG	6048	14
80e2b29f9f	/WY00.MAP	222063	35
80e5fc67f4	/CK00.MAP	169481	84
80e8c3fc70	/MP00.MAP	187131	31
80e8c3fc70	/OT00.MAP	179742	31
80e8c3fc70	/OT00.MAP	179828	31
80e8c3fc70	/OT00.MAP	179883	31
80e8c3fc70	/OT00.MAP	179973	31
80e8c3fc70	/OT00.MAP	180098	31
80e8c3fc70	/OT00.MAP	180182	31
80e8c3fc70	/OT00.MAP	180266	31
80e8c3fc70	/OT00.MAP	180333	31
80e8c3fc70	/OT00.MAP	180396	31
80e8c3fc70	/OT00.MAP	180511	31
810b987c35	/IZ00.MAP	62582	64
811c17c908	/IP10.MAP	136094	67
811f8fa98e	/AT20.MAP	87416	38
812009af6a	/RT20.MAP	118391	55
8123ea0436	/OT01.MAP	163642	96
8126c7195b	/WS01.MAP	80118	51
8135424778	/HL10.MAP	95808	55
813d557ad4	/GM00.MAP	190310	73
8141729281	/DS00.MAP	84593	59
814dd77c0c	/KM10.MAP	48291	32
815299e48f	/KD00.MAP	162373	35
8156f290be	/KM10.MAP	52074	53
8164ae5188	/ITEMHELP.MSG	8896	58
816b682f83	/TM20.MAP	78222	16
816b682f83	/TM30.MAP	101494	16
816b682f83	/TM40.MAP	44570	16
817210ec86	/GM00.MAP	200871	18
8179883bed	/BOT4.MAP	28451	32
81811ad752	/IS00.MAP	160994	30
818c28a20f	/RT20.MAP	119126	26
8194c8924f	/CK00.MAP	175133	36
8199be3670	/OB00.MAP	152919	51
81a0c9f2d9	/WR00.MAP	241119	55
81a1253c26	/HS00.MAP	70276	73
81a1253c26	/HS00.MAP	70793	73
81a5fd33a1	/OT00.MAP	181467	57
81ade58759	/WAZAHELP.MSG	9944	50
81c4ba216e	/WAZAHELP.MSG	11968	64
81c6530637	/DIARY.MSG	12576	243
81c7edccc0	/WR00.MAP	236043	34
81ca36816e	/AT20.MAP	81918	14
81cc06c2c5	/HS10.MAP	181463	67
81d52e4eee	/MH00.MAP	170196	94
81d52e4eee	/MH00.MAP	172835	94
81e249f34b	/GB00.MAP	188195	22
81e249f34b	/GB00.MAP	190749	22
81e4a7a0c2	/SS00.MAP	69583	51
81e4a7a0c2	/SS10.MAP	69630	51
81e638c97e	/CT10.MAP	190942	34
81ed6a68cd	/NT30.MAP	105252	38
81f3d231b0	/AT20.MAP	89062	10
81f3d231b0	/AT20.MAP	91431	10
81fa545b16	/RT20.MAP	112161	34
8209488c7e	/HS00.MAP	42206	8
8209488c7e	/HS00.MAP	43602	8
820d2d102f	/GT10.MAP	46458	72
820fc76dc3	/OB00.MAP	155958	26
82108b43ae	/WK00.MAP	105710	36
8210b825de	/DS10.MAP	79297	49
82185e7564	/TM00.MAP	131144	57
8231c4e4b5	/DIARY.MSG	8096	230
8236b01e6d	/WC00.MAP	219005	41
823a1d0283	/GM00.MAP	176589	73
82458ac745	/KM10.MAP	50523	47
8249a2ab03	/SK00.MAP	120488	32
82509af762	/QH01.MAP	146173	74
8251a1fd9f	/WC00.MAP	220157	57
8255c8c473	/HY00.MAP	131744	22
8257212f1f	/KM00.MAP	148110	63
825b5c90b4	/CT10.MAP	191777	24
826caf2bf7	/GB00.MAP	181396	46
8275330a48	/WAZAHELP.MSG	7244	32
827cb12f1c	/AT00.MAP	176230	65
82855efb0a	/WR00.MAP	238875	22
82855efb0a	/WR00.MAP	238908	22
828cde03f2	/RT20.MAP	106241	94
828cde03f2	/RT20.MAP	112385	94
828f5eadf6	/NJ10.MAP	134576	22
829f1cfbbe	/KM00.MAP	148742	31
829f44170d	/GB00.MAP	178175	28
82a13be095	/IS10.MAP	58547	35
82a13be095	/IS10.MAP	58643	35
82a13be095	/IS10.MAP	58979	35
82a13be095	/IS10.MAP	59048	35
82a13be095	/IS10.MAP	59354	35
82a13be095	/IS10.MAP	59413	35
82a13be095	/IS10.MAP	59554	35
82a13be095	/IS10.MAP	59668	35
82a13be095	/IS10.MAP	59885	35
82a13be095	/IS10.MAP	60040	35
82a13be095	/IS10.MAP	60271	35
82a13be095	/IS10.MAP	60351	35
82a13be095	/IS10.MAP	60526	35
82a13be095	/IS10.MAP	60594	35
82a13be095	/IS10.MAP	60825	35
82a13be095	/IS10.MAP	60878	35
82a13be095	/IS10.MAP	61111	35
82a13be095	/IS10.MAP	61251	35
82a13be095	/IS10.MAP	61418	35
82a13be095	/IS10.MAP	61511	35
82a13be095	/IS10.MAP	61649	35
82a13be095	/IS10.MAP	61708	35
82a13be095	/IS10.MAP	61809	35
82a13be095	/IS10.MAP	61995	35
82a13be095	/IS10.MAP	62120	35
82a13be095	/IS10.MAP	62194	35
82a13be095	/IS10.MAP	62286	35
82a13be095	/IZ00.MAP	54052	35
82a13be095	/IZ00.MAP	54105	35
82a13be095	/IZ00.MAP	54265	35
82a13be095	/IZ00.MAP	54318	35
82a13be095	/IZ00.MAP	54482	35
82a13be095	/IZ00.MAP	54546	35
82a13be095	/IZ00.MAP	54743	35
82a13be095	/IZ00.MAP	54804	35
82a13be095	/IZ00.MAP	54890	35
82a13be095	/IZ00.MAP	55000	35
82a13be095	/IZ00.MAP	55176	35
82a13be095	/IZ00.MAP	55356	35
82a13be095	/IZ00.MAP	55401	35
82a13be095	/IZ00.MAP	55505	35
82a13be095	/IZ00.MAP	55607	35
82a13be095	/IZ00.MAP	55728	35
82a13be095	/IZ00.MAP	55946	35
82a13be095	/IZ00.MAP	56054	35
82a13be095	/IZ00.MAP	56144	35
82a13be095	/IZ00.MAP	56356	35
82a13be095	/IZ00.MAP	56618	35
82a13be095	/IZ00.MAP	56695	35
82a13be095	/IZ00.MAP	57215	35
82a13be095	/IZ00.MAP	57284	35
82a13be095	/IZ00.MAP	57341	35
82a13be095	/IZ00.MAP	57471	35
82a13be095	/IZ00.MAP	57550	35
82a13be095	/IZ00.MAP	57615	35
82a13be095	/IZ00.MAP	57740	35
82a13be095	/IZ00.MAP	57880	35
82a13be095	/IZ00.MAP	57959	35
82a13be095	/IZ00.MAP	58024	35
82a13be095	/IZ00.MAP	58148	35
82a13be095	/IZ00.MAP	58225	35
82a13be095	/IZ00.MAP	58429	35
82a13be095	/IZ00.MAP	58490	35
82a13be095	/IZ00.MAP	58549	35
82a13be095	/IZ00.MAP	58771	35
82a13be095	/IZ00.MAP	59223	35
82a13be095	/IZ00.MAP	59445	35
82a13be095	/IZ00.MAP	59897	35
82a13be095	/IZ00.MAP	59956	35
82a13be095	/IZ00.MAP	60062	35
82a13be095	/IZ00.MAP	60146	35
82a13be095	/IZ00.MAP	60261	35
82a13be095	/IZ00.MAP	60417	35
82a13be095	/IZ00.MAP	60468	35
82a13be095	/IZ00.MAP	60554	35
82a13be095	/IZ00.MAP	60710	35
82a13be095	/IZ00.MAP	60761	35
82a13be095	/IZ00.MAP	60910	35
82a13be095	/IZ00.MAP	60988	35
82a13be095	/IZ00.MAP	61068	35
82a13be095	/IZ00.MAP	61150	35
82a13be095	/IZ00.MAP	61275	35
82a13be095	/IZ00.MAP	61367	35
82a13be095	/IZ00.MAP	61548	35
82a13be095	/IZ00.MAP	61614	35
82a13be095	/IZ00.MAP	61763	35
82a13be095	/IZ00.MAP	61843	35
82a13be095	/IZ00.MAP	61925	35
82a13be095	/IZ00.MAP	62050	35
82a13be095	/IZ00.MAP	62142	35
82a13be095	/IZ00.MAP	62323	35
82a13be095	/IZ00.MAP	62389	35
82a13be095	/IZ00.MAP	62469	35
82a13be095	/IZ00.MAP	63051	35
82a13be095	/IZ00.MAP	63106	35
82a13be095	/IZ00.MAP	63214	35
82a13be095	/IZ00.MAP	63298	35
82a13be095	/IZ00.MAP	63645	35
82a13be095	/IZ00.MAP	63929	35
82a13be095	/IZ00.MAP	64042	35
82a13be095	/IZ00.MAP	64205	35
82a13be095	/IZ00.MAP	64280	35
82a13be095	/IZ00.MAP	64351	35
82a13be095	/IZ00.MAP	64500	35
82a13be095	/IZ00.MAP	64837	35
82a13be095	/IZ00.MAP	64992	35
82a13be095	/IZ00.MAP	65061	35
82a13be095	/JG01.MAP	125311	35
82a13be095	/OT02.MAP	163338	35
82a13be095	/OT02.MAP	163824	35
82a13be095	/OT02.MAP	164563	35
82a13be095	/OT02.MAP	164730	35
82a13be095	/OT02.MAP	164891	35
82a13be095	/OT02.MAP	165349	35
82a13be095	/OT02.MAP	165600	35
82a13be095	/OT02.MAP	166023	35
82a13be095	/WK00.MAP	109848	35
82a13be095	/WR02.MAP	214896	35
82a13be095	/WR02.MAP	215009	35
82a13be095	/WR02.MAP	215172	35
82a13be095	/WR02.MAP	215247	35
82a13be095	/WR02.MAP	215318	35
82a13be095	/WR02.MAP	215467	35
82a229c511	/HL00.MAP	135349	57
82a49b7d4c	/AT00.MAP	180080	45
82b5431b03	/NJ10.MAP	137806	53
82b73211a5	/HS00.MAP	72599	28
82b73211a5	/HS00.MAP	73530	28
82b972f1c8	/WR00.MAP	228023	22
82d1d4093f	/IG00.MAP	165255	38
82d48c0f7b	/NJ10.MAP	130279	32
82d66a3087	/TJ70.MAP	52802	35
82d66a3087	/TJ71.MAP	54762	35
82d66a3087	/TJ72.MAP	49218	35
82dd3ae70b	/WC00.MAP	218470	30
82dd3ae70b	/WC00.MAP	229784	30
82e72d97a8	/MH00.MAP	177195	51
82f315448d	/WY00.MAP	228165	59
82fbef5725	/IP00.MAP	164615	51
8309e50b45	/ITEMHELP.MSG	5380	28
8316f9d4d6	/MP00.MAP	176158	45
83258ee465	/AT00.MAP	175469	18
8332d22ede	/JG00.MAP	39698	6
8332d22ede	/JG01.MAP	39698	6
8332d22ede	/JG02.MAP	39826	6
833990d277	/NZ10.MAP	114146	41
8340ec0f9d	/IG10.MAP	155130	59
835826d27e	/GM00.MAP	201647	42
835b4d190a	/ZM01.MAP	140460	65
835c10f273	/CK00.MAP	164414	31
835c10f273	/CK00.MAP	164508	31
835c10f273	/CK00.MAP	164573	31
835c10f273	/CK00.MAP	175469	31
835c10f273	/CK00.MAP	175528	31
835c10f273	/CK00.MAP	175622	31
835c10f273	/CK00.MAP	175708	31
835c10f273	/CK00.MAP	175798	31
835c10f273	/CK00.MAP	175861	31
835c10f273	/CK00.MAP	175918	31
835c10f273	/CK00.MAP	176033	31
835c10f273	/CK00.MAP	176121	31
835c10f273	/CK00.MAP	176194	31
835c10f273	/CK00.MAP	176280	31
835c10f273	/CK00.MAP	176345	31
835c10f273	/CK00.MAP	176413	31
835c10f273	/CK00.MAP	176493	31
835c10f273	/CK00.MAP	176593	31
835c10f273	/CK00.MAP	176664	31
835c10f273	/CK00.MAP	176750	31
835c10f273	/CK00.MAP	176992	31
835c10f273	/CK00.MAP	177094	31
835c10f273	/CK00.MAP	177203	31
835c10f273	/CK00.MAP	177285	31
835c10f273	/CK00.MAP	177351	31
835c10f273	/CK00.MAP	177429	31
835c10f273	/CK00.MAP	177482	31
835c10f273	/CK00.MAP	177576	31
835c10f273	/CK00.MAP	177674	31
835c10f273	/CK00.MAP	177764	31
835c10f273	/CK00.MAP	177850	31
835c10f273	/CK00.MAP	177903	31
835c10f273	/CK00.MAP	177999	31
835c10f273	/CK00.MAP	178064	31
835c10f273	/CK00.MAP	178138	31
835c10f273	/CK00.MAP	178246	31
835c10f273	/CK00.MAP	178344	31
835c10f273	/CK00.MAP	178426	31
835c10f273	/GB00.MAP	171520	31
835c10f273	/GB00.MAP	171639	31
835c10f273	/GB00.MAP	171725	31
835c10f273	/GB00.MAP	171842	31
835c10f273	/GB00.MAP	171941	31
835c10f273	/GB00.MAP	172031	31
835c10f273	/GB00.MAP	172125	31
835c10f273	/GB00.MAP	172193	31
835c10f273	/GB00.MAP	172287	31
835c10f273	/GB00.MAP	172381	31
835c10f273	/GB00.MAP	172463	31
835c10f273	/GB00.MAP	172567	31
835c10f273	/GB00.MAP	172649	31
835c10f273	/GB00.MAP	172718	31
835c10f273	/GB00.MAP	172852	31
835c10f273	/GB00.MAP	172989	31
835c10f273	/GB00.MAP	173093	31
835c10f273	/GB00.MAP	173152	31
835c10f273	/GB00.MAP	173236	31
835c10f273	/GB00.MAP	173283	31
835c10f273	/GB00.MAP	173352	31
835c10f273	/GB00.MAP	173423	31
835c10f273	/GB00.MAP	173515	31
835c10f273	/GB00.MAP	173588	31
835c10f273	/GB00.MAP	173678	31
835c10f273	/GB00.MAP	173760	31
835c10f273	/GB00.MAP	173827	31
835c10f273	/GB00.MAP	173905	31
835c10f273	/GB00.MAP	173976	31
835c10f273	/GB00.MAP	174078	31
835c10f273	/GB00.MAP	174170	31
835c10f273	/GB00.MAP	174255	31
835c10f273	/GB00.MAP	174324	31
835c10f273	/GB00.MAP	174424	31
835c10f273	/GB00.MAP	174502	31
835c10f273	/GB00.MAP	174625	31
835c10f273	/GB00.MAP	174764	31
835c10f273	/GB00.MAP	174869	31
835c10f273	/GB00.MAP	174972	31
835c10f273	/GB00.MAP	175071	31
835c10f273	/GB00.MAP	175171	31
835c10f273	/GB00.MAP	175238	31
835c10f273	/GB00.MAP	175326	31
835c10f273	/GB00.MAP	175414	31
835c10f273	/GB00.MAP	175504	31
835c10f273	/GB00.MAP	175608	31
835c10f273	/GB00.MAP	175723	31
835c10f273	/GB00.MAP	175848	31
835c10f273	/GB00.MAP	175917	31
835c10f273	/GB00.MAP	176030	31
835c10f273	/GB00.MAP	176134	31
835c10f273	/GB00.MAP	176189	31
835c10f273	/GB00.MAP	176285	31
835c10f273	/GB00.MAP	176369	31
835c10f273	/GB00.MAP	176467	31
835c10f273	/GB00.MAP	176575	31
835c10f273	/GB00.MAP	176647	31
835c10f273	/GB00.MAP	176735	31
835c10f273	/GB00.MAP	176817	31
835c10f273	/GB00.MAP	176886	31
835c10f273	/GB00.MAP	176947	31
835c10f273	/GB00.MAP	177039	31
835c10f273	/GB00.MAP	177156	31
835c10f273	/GB00.MAP	177203	31
835c10f273	/GB00.MAP	177299	31
835c10f273	/GB00.MAP	177397	31
835c10f273	/GB00.MAP	177499	31
835c10f273	/GB00.MAP	177583	31
835c10f273	/GB00.MAP	177661	31
835c10f273	/GB00.MAP	177737	31
835c10f273	/GB00.MAP	177829	31
835c10f273	/GB00.MAP	177894	31
835c10f273	/GB00.MAP	177957	31
835c10f273	/GB00.MAP	178049	31
835c10f273	/GB00.MAP	178143	31
835c10f273	/GB00.MAP	178204	31
835c10f273	/GB00.MAP	178300	31
835c10f273	/GB00.MAP	178396	31
835c10f273	/GB00.MAP	178484	31
835c10f273	/GB00.MAP	178541	31
835c10f273	/GB00.MAP	178625	31
835c10f273	/GB00.MAP	178717	31
835c10f273	/GB00.MAP	178817	31
835c10f273	/GB00.MAP	178884	31
835c10f273	/GB00.MAP	178949	31
835c10f273	/GB00.MAP	179014	31
835c10f273	/GB00.MAP	179098	31
835c10f273	/GB00.MAP	179173	31
835c10f273	/GB00.MAP	179236	31
835c10f273	/GB00.MAP	179324	31
835c10f273	/GB00.MAP	179428	31
835c10f273	/GB00.MAP	179541	31
835c10f273	/GB00.MAP	179608	31
835c10f273	/GB00.MAP	179751	31
835c10f273	/GB00.MAP	179874	31
835c10f273	/GB00.MAP	180009	31
835c10f273	/GB00.MAP	180117	31
835c10f273	/GB00.MAP	180218	31
835c10f273	/GB00.MAP	180265	31
835c10f273	/GB00.MAP	180345	31
835c10f273	/GB00.MAP	180435	31
835c10f273	/GB00.MAP	180540	31
835c10f273	/GB00.MAP	180587	31
835c10f273	/GB00.MAP	180677	31
835c10f273	/GB00.MAP	180787	31
835c10f273	/GB00.MAP	180881	31
835c10f273	/GB00.MAP	180965	31
835c10f273	/GB00.MAP	181092	31
835c10f273	/GB00.MAP	181180	31
835c10f273	/GB00.MAP	181274	31
835c10f273	/GB00.MAP	181364	31
835c10f273	/GB00.MAP	181443	31
835c10f273	/GB00.MAP	181531	31
835c10f273	/GB00.MAP	181625	31
835c10f273	/GB00.MAP	181688	31
835c10f273	/GB00.MAP	181778	31
835c10f273	/GB00.MAP	181853	31
835c10f273	/GB00.MAP	181956	31
835c10f273	/GB00.MAP	182097	31
835c10f273	/GM00.MAP	173544	31
835c10f273	/GM00.MAP	173663	31
835c10f273	/GM00.MAP	173716	31
835c10f273	/GM00.MAP	173818	31
835c10f273	/GM00.MAP	173937	31
835c10f273	/GM00.MAP	174029	31
835c10f273	/GM00.MAP	174132	31
835c10f273	/GM00.MAP	174246	31
835c10f273	/GM00.MAP	174346	31
835c10f273	/GM00.MAP	174452	31
835c10f273	/GM00.MAP	174542	31
835c10f273	/GM00.MAP	174613	31
835c10f273	/GM00.MAP	174676	31
835c10f273	/GM00.MAP	174781	31
835c10f273	/GM00.MAP	174859	31
835c10f273	/GM00.MAP	174976	31
835c10f273	/GM00.MAP	175106	31
835c10f273	/GM00.MAP	175179	31
835c10f273	/GM00.MAP	175259	31
835c10f273	/GM00.MAP	175349	31
835c10f273	/GM00.MAP	175408	31
835c10f273	/GM00.MAP	175492	31
835c10f273	/GM00.MAP	175582	31
835c10f273	/GM00.MAP	175684	31
835c10f273	/GM00.MAP	175811	31
835c10f273	/GM00.MAP	175917	31
835c10f273	/GM00.MAP	176005	31
835c10f273	/GM00.MAP	176107	31
835c10f273	/GM00.MAP	176234	31
835c10f273	/GM00.MAP	176340	31
835c10f273	/GM00.MAP	176430	31
835c10f273	/GM00.MAP	176557	31
835c10f273	/GM00.MAP	176663	31
835c10f273	/GM00.MAP	176763	31
835c10f273	/GM00.MAP	176880	31
835c10f273	/GM00.MAP	176974	31
835c10f273	/GM00.MAP	177064	31
835c10f273	/GM00.MAP	177160	31
835c10f273	/GM00.MAP	177276	31
835c10f273	/GM00.MAP	177362	31
835c10f273	/GM00.MAP	177485	31
835c10f273	/GM00.MAP	177544	31
835c10f273	/GM00.MAP	177644	31
835c10f273	/GM00.MAP	177779	31
835c10f273	/GM00.MAP	177887	31
835c10f273	/GM00.MAP	178018	31
835c10f273	/GM00.MAP	178089	31
835c10f273	/GM00.MAP	178210	31
835c10f273	/GM00.MAP	178302	31
835c10f273	/GM00.MAP	178369	31
835c10f273	/GM00.MAP	178463	31
835c10f273	/GM00.MAP	178561	31
835c10f273	/GM00.MAP	178645	31
835c10f273	/GM00.MAP	178766	31
835c10f273	/GM00.MAP	178830	31
835c10f273	/GM00.MAP	178885	31
835c10f273	/GM00.MAP	178967	31
835c10f273	/GM00.MAP	179051	31
835c10f273	/GM00.MAP	179118	31
835c10f273	/GM00.MAP	179202	31
835c10f273	/GM00.MAP	179269	31
835c10f273	/GM00.MAP	179373	31
835c10f273	/GM00.MAP	179484	31
835c10f273	/GM00.MAP	179568	31
835c10f273	/GM00.MAP	179652	31
835c10f273	/GM00.MAP	179713	31
835c10f273	/GM00.MAP	179782	31
835c10f273	/GM00.MAP	179876	31
835c10f273	/GM00.MAP	179943	31
835c10f273	/GM00.MAP	180037	31
835c10f273	/GM00.MAP	180154	31
835c10f273	/GM00.MAP	180253	31
835c10f273	/GM00.MAP	180390	31
835c10f273	/GM00.MAP	180497	31
835c10f273	/GM00.MAP	180583	31
835c10f273	/GM00.MAP	180673	31
835c10f273	/GM00.MAP	180744	31
835c10f273	/GM00.MAP	180850	31
835c10f273	/GM00.MAP	180981	31
835c10f273	/GM00.MAP	181083	31
835c10f273	/GM00.MAP	181169	31
835c10f273	/GM00.MAP	181269	31
835c10f273	/GM00.MAP	181347	31
835c10f273	/GM00.MAP	181449	31
835c10f273	/GM00.MAP	181545	31
835c10f273	/GM00.MAP	181637	31
835c10f273	/GM00.MAP	181721	31
835c10f273	/GM00.MAP	181782	31
835c10f273	/GM00.MAP	181862	31
835c10f273	/GM00.MAP	181956	31
835c10f273	/GM00.MAP	182023	31
835c10f273	/GM00.MAP	182078	31
835c10f273	/GM00.MAP	182180	31
835c10f273	/GM00.MAP	182278	31
835c10f273	/GM00.MAP	182347	31
835c10f273	/GM00.MAP	182441	31
835c10f273	/GM00.MAP	182554	31
835c10f273	/GM00.MAP	182653	31
835c10f273	/GM00.MAP	182782	31
835c10f273	/GM00.MAP	182891	31
835c10f273	/GM00.MAP	182971	31
835c10f273	/GM00.MAP	183051	31
835c10f273	/GM00.MAP	183145	31
835c10f273	/GM00.MAP	183240	31
835c10f273	/GM00.MAP	183350	31
835c10f273	/GM00.MAP	183430	31
835c10f273	/GM00.MAP	183537	31
835c10f273	/GM00.MAP	183627	31
835c10f273	/GM00.MAP	183734	31
835c10f273	/GM00.MAP	183812	31
835c10f273	/GM00.MAP	183924	31
835c10f273	/GM00.MAP	184024	31
835c10f273	/GM00.MAP	184106	31
835c10f273	/GM00.MAP	184165	31
835c10f273	/GM00.MAP	184264	31
835c10f273	/GM00.MAP	184366	31
835c10f273	/GM00.MAP	184468	31
835c10f273	/GM00.MAP	184599	31
835c10f273	/GM00.MAP	184654	31
835c10f273	/GM00.MAP	184767	31
835c10f273	/GM00.MAP	184824	31
835c10f273	/GM00.MAP	184910	31
835c10f273	/GM00.MAP	184988	31
835c10f273	/GM00.MAP	185072	31
835c10f273	/GM00.MAP	185170	31
835c10f273	/GM00.MAP	185278	31
835c10f273	/GM00.MAP	185380	31
835c10f273	/GM00.MAP	185445	31
835c10f273	/GM00.MAP	185541	31
835c10f273	/GM00.MAP	185629	31
835c10f273	/GM00.MAP	185725	31
835c10f273	/GM00.MAP	185815	31
835c10f273	/GM00.MAP	185921	31
835c10f273	/GM00.MAP	186009	31
835c10f273	/GM00.MAP	186091	31
835c10f273	/GM00.MAP	186158	31
835c10f273	/GM00.MAP	186250	31
835c10f273	/GM00.MAP	186340	31
835c10f273	/GM00.MAP	186395	31
835c10f273	/GM00.MAP	186536	31
835c10f273	/GM00.MAP	186591	31
835c10f273	/GM00.MAP	186732	31
835c10f273	/GM00.MAP	186807	31
835c10f273	/GM00.MAP	186895	31
835c10f273	/GM00.MAP	186983	31
835c10f273	/GM00.MAP	187083	31
835c10f273	/GM00.MAP	187152	31
835c10f273	/GM00.MAP	187238	31
835c10f273	/GM00.MAP	187305	31
835c10f273	/GM00.MAP	187380	31
835c10f273	/GM00.MAP	187454	31
835c10f273	/GM00.MAP	187530	31
835c10f273	/GM00.MAP	187620	31
835c10f273	/GM00.MAP	187710	31
835c10f273	/GM00.MAP	187788	31
835c10f273	/GM00.MAP	187859	31
835c10f273	/GM00.MAP	187941	31
835c10f273	/GM00.MAP	188004	31
835c10f273	/GM00.MAP	188104	31
835c10f273	/GM00.MAP	188192	31
835c10f273	/GM00.MAP	188284	31
835c10f273	/GM00.MAP	188388	31
835c10f273	/GM00.MAP	188453	31
835c10f273	/GM00.MAP	188558	31
835c10f273	/GM00.MAP	188644	31
835c10f273	/GM00.MAP	188746	31
835c10f273	/GM00.MAP	188803	31
835c10f273	/GM00.MAP	188907	31
835c10f273	/GM00.MAP	189030	31
835c10f273	/GM00.MAP	189122	31
835c10f273	/GM00.MAP	189212	31
835c10f273	/GM00.MAP	189312	31
835c10f273	/GM00.MAP	189435	31
835c10f273	/GM00.MAP	189527	31
835c10f273	/GM00.MAP	189594	31
835c10f273	/GM00.MAP	189676	31
835c10f273	/GM00.MAP	189756	31
835c10f273	/GM00.MAP	189846	31
835c10f273	/GM00.MAP	189926	31
835c10f273	/GM00.MAP	190010	31
835c10f273	/GM00.MAP	190093	31
835c10f273	/GM00.MAP	190182	31
835c10f273	/GM00.MAP	190278	31
835c10f273	/GM00.MAP	190384	31
835c10f273	/GM00.MAP	190473	31
835c10f273	/GM00.MAP	190594	31
835c10f273	/GM00.MAP	190710	31
835c10f273	/GM00.MAP	190799	31
835c10f273	/GM00.MAP	190894	31
835c10f273	/GM00.MAP	191002	31
835c10f273	/GM00.MAP	191063	31
835c10f273	/GM00.MAP	191171	31
835c10f273	/GM00.MAP	191269	31
835c10f273	/GM00.MAP	191386	31
835c10f273	/GM00.MAP	191476	31
835c10f273	/GM00.MAP	191548	31
835c10f273	/GM00.MAP	191661	31
835c10f273	/GM00.MAP	191777	31
835c10f273	/GM00.MAP	191857	31
835c10f273	/GM00.MAP	191951	31
835c10f273	/GM00.MAP	192066	31
835c10f273	/GM00.MAP	192177	31
835c10f273	/GM00.MAP	192271	31
835c10f273	/GM00.MAP	192336	31
835c10f273	/GM00.MAP	192399	31
835c10f273	/GM00.MAP	192489	31
835c10f273	/GM00.MAP	192552	31
835c10f273	/GM00.MAP	192622	31
835c10f273	/GM00.MAP	192693	31
835c10f273	/GM00.MAP	192804	31
835c10f273	/GM00.MAP	192898	31
835c10f273	/HL10.MAP	94298	31
835c10f273	/HL10.MAP	94396	31
835c10f273	/HL10.MAP	94488	31
835c10f273	/HL10.MAP	94588	31
835c10f273	/HL10.MAP	94680	31
835c10f273	/HL10.MAP	94784	31
835c10f273	/HL10.MAP	94868	31
835c10f273	/HL10.MAP	94940	31
835c10f273	/HL10.MAP	95005	31
835c10f273	/HL10.MAP	95105	31
835c10f273	/HL10.MAP	95208	31
835c10f273	/HL10.MAP	95321	31
835c10f273	/HL10.MAP	95411	31
835c10f273	/HL10.MAP	95476	31
835c10f273	/HL10.MAP	95580	31
835c10f273	/HL10.MAP	95629	31
835c10f273	/HL10.MAP	95711	31
835c10f273	/HL10.MAP	95776	31
835c10f273	/HL10.MAP	95864	31
835c10f273	/HL10.MAP	95956	31
835c10f273	/HL10.MAP	96048	31
835c10f273	/HL10.MAP	96115	31
835c10f273	/HL10.MAP	96166	31
835c10f273	/HL10.MAP	96254	31
835c10f273	/HL10.MAP	96371	31
835c10f273	/HL10.MAP	96428	31
835c10f273	/HL10.MAP	96529	31
835c10f273	/HL10.MAP	96621	31
835c10f273	/HL10.MAP	96737	31
835c10f273	/HL10.MAP	96800	31
835c10f273	/HL10.MAP	96912	31
835c10f273	/HL10.MAP	96994	31
835c10f273	/HL10.MAP	97098	31
835c10f273	/HL10.MAP	97165	31
835c10f273	/HL10.MAP	100293	31
835c10f273	/HS00.MAP	76397	31
835c10f273	/HS00.MAP	76450	31
835c10f273	/HS00.MAP	76534	31
835c10f273	/HS00.MAP	76632	31
835c10f273	/IG00.MAP	157677	31
835c10f273	/IG00.MAP	157786	31
835c10f273	/IG00.MAP	157874	31
835c10f273	/IG00.MAP	157965	31
835c10f273	/IG00.MAP	158055	31
835c10f273	/IG00.MAP	158124	31
835c10f273	/IG00.MAP	158187	31
835c10f273	/IG00.MAP	158279	31
835c10f273	/IG00.MAP	158375	31
835c10f273	/IG00.MAP	158442	31
835c10f273	/IG00.MAP	158505	31
835c10f273	/IG00.MAP	158710	31
835c10f273	/IG00.MAP	158753	31
835c10f273	/IG00.MAP	158878	31
835c10f273	/IG00.MAP	159104	31
835c10f273	/IG00.MAP	159194	31
835c10f273	/IG00.MAP	159325	31
835c10f273	/IG00.MAP	159479	31
835c10f273	/IG00.MAP	159590	31
835c10f273	/IG00.MAP	159700	31
835c10f273	/IG00.MAP	159878	31
835c10f273	/IG00.MAP	159994	31
835c10f273	/IG00.MAP	160069	31
835c10f273	/IG00.MAP	160182	31
835c10f273	/IG00.MAP	160282	31
835c10f273	/IG00.MAP	160347	31
835c10f273	/IG00.MAP	160447	31
835c10f273	/IG00.MAP	160564	31
835c10f273	/IG00.MAP	160646	31
835c10f273	/IG00.MAP	160713	31
835c10f273	/IG00.MAP	160815	31
835c10f273	/IG00.MAP	160903	31
835c10f273	/IG00.MAP	161613	31
835c10f273	/IG00.MAP	161740	31
835c10f273	/IG00.MAP	161834	31
835c10f273	/IG00.MAP	161918	31
835c10f273	/IG00.MAP	162045	31
835c10f273	/IG00.MAP	162121	31
835c10f273	/IG00.MAP	162208	31
835c10f273	/IG00.MAP	162312	31
835c10f273	/IG00.MAP	162402	31
835c10f273	/IG00.MAP	162525	31
835c10f273	/IG00.MAP	162594	31
835c10f273	/IG00.MAP	162719	31
835c10f273	/IG00.MAP	162825	31
835c10f273	/IG00.MAP	162941	31
835c10f273	/IG00.MAP	163023	31
835c10f273	/IG00.MAP	163090	31
835c10f273	/IG00.MAP	163211	31
835c10f273	/IG00.MAP	163297	31
835c10f273	/IG00.MAP	163392	31
835c10f273	/IG00.MAP	163480	31
835c10f273	/IG00.MAP	163552	31
835c10f273	/IG00.MAP	163613	31
835c10f273	/IG00.MAP	163703	31
835c10f273	/IG00.MAP	163808	31
835c10f273	/IG00.MAP	163860	31
835c10f273	/IG00.MAP	163915	31
835c10f273	/IG00.MAP	164005	31
835c10f273	/IG00.MAP	164115	31
835c10f273	/IG00.MAP	164236	31
835c10f273	/IG00.MAP	164349	31
835c10f273	/IG00.MAP	164433	31
835c10f273	/IG00.MAP	164519	31
835c10f273	/IG00.MAP	164626	31
835c10f273	/IG00.MAP	164840	31
835c10f273	/IG00.MAP	164953	31
835c10f273	/IG00.MAP	165045	31
835c10f273	/IG00.MAP	165137	31
835c10f273	/IG00.MAP	165223	31
835c10f273	/IG00.MAP	165294	31
835c10f273	/IG00.MAP	165374	31
835c10f273	/IG00.MAP	165450	31
835c10f273	/IG00.MAP	165530	31
835c10f273	/IG00.MAP	165585	31
835c10f273	/IG00.MAP	165708	31
835c10f273	/IG00.MAP	165814	31
835c10f273	/IG00.MAP	165922	31
835c10f273	/IG00.MAP	166016	31
835c10f273	/IG00.MAP	166152	31
835c10f273	/IG00.MAP	166216	31
835c10f273	/IG00.MAP	166382	31
835c10f273	/IG00.MAP	166509	31
835c10f273	/IG00.MAP	166595	31
835c10f273	/IG00.MAP	166764	31
835c10f273	/IG00.MAP	166866	31
835c10f273	/IG00.MAP	166964	31
835c10f273	/IG00.MAP	167157	31
835c10f273	/IG00.MAP	167241	31
835c10f273	/IG00.MAP	167337	31
835c10f273	/IG00.MAP	167394	31
835c10f273	/IG00.MAP	167474	31
835c10f273	/IG00.MAP	167632	31
835c10f273	/IG00.MAP	167683	31
835c10f273	/IG00.MAP	167773	31
835c10f273	/IG00.MAP	167869	31
835c10f273	/IG00.MAP	167971	31
835c10f273	/IG00.MAP	168063	31
835c10f273	/IG00.MAP	168158	31
835c10f273	/IG00.MAP	168252	31
835c10f273	/IG00.MAP	168349	31
835c10f273	/IG00.MAP	168464	31
835c10f273	/IG00.MAP	168537	31
835c10f273	/IG00.MAP	168641	31
835c10f273	/IG00.MAP	168703	31
835c10f273	/IG00.MAP	168774	31
835c10f273	/IG00.MAP	168860	31
835c10f273	/IG00.MAP	168968	31
835c10f273	/IG00.MAP	169083	31
835c10f273	/IG00.MAP	169194	31
835c10f273	/IG00.MAP	169274	31
835c10f273	/IG00.MAP	169477	31
835c10f273	/IG00.MAP	169571	31
835c10f273	/IG00.MAP	169800	31
835c10f273	/IG00.MAP	175399	31
835c10f273	/IG00.MAP	175466	31
835c10f273	/IG00.MAP	175564	31
835c10f273	/IG00.MAP	175627	31
835c10f273	/IG00.MAP	175721	31
835c10f273	/IG00.MAP	175788	31
835c10f273	/IG00.MAP	175886	31
835c10f273	/IG00.MAP	175949	31
835c10f273	/IG00.MAP	176025	31
835c10f273	/IG00.MAP	176115	31
835c10f273	/IG00.MAP	176188	31
835c10f273	/IG00.MAP	176261	31
835c10f273	/IG00.MAP	176510	31
835c10f273	/IG00.MAP	176621	31
835c10f273	/IG00.MAP	176754	31
835c10f273	/IG00.MAP	176827	31
835c10f273	/IG00.MAP	176923	31
835c10f273	/IG00.MAP	177034	31
835c10f273	/IG00.MAP	177167	31
835c10f273	/IG00.MAP	177240	31
835c10f273	/IG00.MAP	177311	31
835c10f273	/IG00.MAP	177397	31
835c10f273	/IG00.MAP	177499	31
835c10f273	/IG00.MAP	177579	31
835c10f273	/IG00.MAP	177649	31
835c10f273	/IG00.MAP	177753	31
835c10f273	/IG00.MAP	177837	31
835c10f273	/IG00.MAP	177894	31
835c10f273	/IG00.MAP	177974	31
835c10f273	/IG00.MAP	178058	31
835c10f273	/IG00.MAP	178123	31
835c10f273	/IG00.MAP	178211	31
835c10f273	/IG00.MAP	178295	31
835c10f273	/IG00.MAP	178360	31
835c10f273	/IG00.MAP	178448	31
835c10f273	/IG00.MAP	178538	31
835c10f273	/IG00.MAP	178642	31
835c10f273	/IG00.MAP	178829	31
835c10f273	/IG00.MAP	178929	31
835c10f273	/IG00.MAP	179064	31
835c10f273	/IG00.MAP	179156	31
835c10f273	/IG00.MAP	179242	31
835c10f273	/IG00.MAP	179313	31
835c10f273	/IG00.MAP	179419	31
835c10f273	/IG00.MAP	179507	31
835c10f273	/IG00.MAP	179564	31
835c10f273	/IG00.MAP	179621	31
835c10f273	/IG00.MAP	179721	31
835c10f273	/IG00.MAP	179790	31
835c10f273	/IG00.MAP	179845	31
835c10f273	/IG00.MAP	179945	31
835c10f273	/IG00.MAP	180008	31
835c10f273	/IG00.MAP	180077	31
835c10f273	/IG00.MAP	180142	31
835c10f273	/IG00.MAP	180230	31
835c10f273	/IG00.MAP	180330	31
835c10f273	/IG00.MAP	180399	31
835c10f273	/IG00.MAP	180487	31
835c10f273	/IG00.MAP	180575	31
835c10f273	/IG00.MAP	180632	31
835c10f273	/IG00.MAP	180714	31
835c10f273	/IG00.MAP	180818	31
835c10f273	/IG00.MAP	180896	31
835c10f273	/IG00.MAP	180982	31
835c10f273	/KM00.MAP	145043	31
835c10f273	/KM00.MAP	145127	31
835c10f273	/KM00.MAP	145209	31
835c10f273	/KM00.MAP	145293	31
835c10f273	/KM00.MAP	145383	31
835c10f273	/KM00.MAP	145458	31
835c10f273	/KM00.MAP	145542	31
835c10f273	/KM00.MAP	145617	31
835c10f273	/KM00.MAP	145701	31
835c10f273	/KM00.MAP	145758	31
835c10f273	/KM00.MAP	145855	31
835c10f273	/KM00.MAP	145937	31
835c10f273	/KM00.MAP	146031	31
835c10f273	/KM00.MAP	146140	31
835c10f273	/KM00.MAP	155092	31
835c10f273	/KM00.MAP	155145	31
835c10f273	/KM00.MAP	155245	31
835c10f273	/KM00.MAP	155323	31
835c10f273	/KM00.MAP	155401	31
835c10f273	/KM00.MAP	155495	31
835c10f273	/KM00.MAP	155603	31
835c10f273	/KM00.MAP	155703	31
835c10f273	/KM00.MAP	155768	31
835c10f273	/KM00.MAP	155852	31
835c10f273	/KM00.MAP	155928	31
835c10f273	/KM00.MAP	156049	31
835c10f273	/KM00.MAP	156120	31
835c10f273	/KM00.MAP	156217	31
835c10f273	/KM00.MAP	156309	31
835c10f273	/KM00.MAP	156389	31
835c10f273	/KM00.MAP	156487	31
835c10f273	/KM00.MAP	156602	31
835c10f273	/KM00.MAP	156707	31
835c10f273	/KM00.MAP	156820	31
835c10f273	/KM00.MAP	156912	31
835c10f273	/KM00.MAP	157020	31
835c10f273	/KM00.MAP	157089	31
835c10f273	/KM00.MAP	157193	31
835c10f273	/KM00.MAP	157306	31
835c10f273	/KM00.MAP	157375	31
835c10f273	/KM00.MAP	157455	31
835c10f273	/KM00.MAP	157551	31
835c10f273	/KM00.MAP	157654	31
835c10f273	/KM00.MAP	157762	31
835c10f273	/KM00.MAP	157819	31
835c10f273	/KM00.MAP	157905	31
835c10f273	/KM00.MAP	157989	31
835c10f273	/KM00.MAP	158065	31
835c10f273	/KM00.MAP	158130	31
835c10f273	/KM00.MAP	158218	31
835c10f273	/KM00.MAP	158285	31
835c10f273	/KM00.MAP	158381	31
835c10f273	/KM00.MAP	158471	31
835c10f273	/KM00.MAP	158534	31
835c10f273	/KM00.MAP	158616	31
835c10f273	/KM00.MAP	158688	31
835c10f273	/KM00.MAP	158755	31
835c10f273	/KM00.MAP	158839	31
835c10f273	/KM00.MAP	158935	31
835c10f273	/KM00.MAP	159011	31
835c10f273	/KM00.MAP	159068	31
835c10f273	/KM00.MAP	159158	31
835c10f273	/KM00.MAP	159232	31
835c10f273	/KM00.MAP	159318	31
835c10f273	/KM00.MAP	159390	31
835c10f273	/KM00.MAP	159455	31
835c10f273	/KM00.MAP	159516	31
835c10f273	/KM00.MAP	159618	31
835c10f273	/KM00.MAP	159700	31
835c10f273	/KM00.MAP	159745	31
835c10f273	/KM00.MAP	159836	31
835c10f273	/KM00.MAP	159897	31
835c10f273	/KM00.MAP	159962	31
835c10f273	/KM00.MAP	160072	31
835c10f273	/KM00.MAP	160172	31
835c10f273	/KM00.MAP	160260	31
835c10f273	/MH00.MAP	160614	31
835c10f273	/MH00.MAP	160708	31
835c10f273	/MH00.MAP	160806	31
835c10f273	/MH00.MAP	160913	31
835c10f273	/MH00.MAP	161016	31
835c10f273	/MH00.MAP	161121	31
835c10f273	/MH00.MAP	161192	31
835c10f273	/MH00.MAP	161286	31
835c10f273	/MH00.MAP	161372	31
835c10f273	/MH00.MAP	161511	31
835c10f273	/MH00.MAP	161583	31
835c10f273	/MH00.MAP	161646	31
835c10f273	/MH00.MAP	161732	31
835c10f273	/MH00.MAP	161818	31
835c10f273	/MH00.MAP	161916	31
835c10f273	/MH00.MAP	162014	31
835c10f273	/MH00.MAP	162114	31
835c10f273	/MH00.MAP	162200	31
835c10f273	/MH00.MAP	162300	31
835c10f273	/MH00.MAP	162369	31
835c10f273	/MH00.MAP	162422	31
835c10f273	/MH00.MAP	162516	31
835c10f273	/MH00.MAP	162598	31
835c10f273	/MH00.MAP	162754	31
835c10f273	/MH00.MAP	162832	31
835c10f273	/MH00.MAP	162912	31
835c10f273	/MH00.MAP	162986	31
835c10f273	/MH00.MAP	163041	31
835c10f273	/MH00.MAP	163137	31
835c10f273	/MH00.MAP	163240	31
835c10f273	/MH00.MAP	163340	31
835c10f273	/MH00.MAP	163436	31
835c10f273	/MH00.MAP	165219	31
835c10f273	/MH00.MAP	165293	31
835c10f273	/MH00.MAP	165360	31
835c10f273	/MH00.MAP	165442	31
835c10f273	/MH00.MAP	165520	31
835c10f273	/MH00.MAP	165587	31
835c10f273	/MH00.MAP	165702	31
835c10f273	/MH00.MAP	165804	31
835c10f273	/MH00.MAP	165983	31
835c10f273	/MH00.MAP	166073	31
835c10f273	/MH00.MAP	166169	31
835c10f273	/MH00.MAP	166216	31
835c10f273	/MH00.MAP	166281	31
835c10f273	/MH00.MAP	166369	31
835c10f273	/MH00.MAP	166473	31
835c10f273	/MH00.MAP	166542	31
835c10f273	/MH00.MAP	166628	31
835c10f273	/MH00.MAP	166718	31
835c10f273	/MH00.MAP	166848	31
835c10f273	/MH00.MAP	166926	31
835c10f273	/MH00.MAP	167032	31
835c10f273	/MH00.MAP	167097	31
835c10f273	/MH00.MAP	167173	31
835c10f273	/MH00.MAP	167270	31
835c10f273	/MH00.MAP	167356	31
835c10f273	/MH00.MAP	167434	31
835c10f273	/MH00.MAP	173792	31
835c10f273	/MH00.MAP	173915	31
835c10f273	/MH00.MAP	173984	31
835c10f273	/MH00.MAP	174066	31
835c10f273	/MH00.MAP	174160	31
835c10f273	/MH00.MAP	174248	31
835c10f273	/MH00.MAP	174328	31
835c10f273	/MH00.MAP	174403	31
835c10f273	/MH00.MAP	174499	31
835c10f273	/MH00.MAP	174585	31
835c10f273	/MH00.MAP	174675	31
835c10f273	/MH00.MAP	174759	31
835c10f273	/MH00.MAP	174840	31
835c10f273	/MH00.MAP	174934	31
835c10f273	/MH00.MAP	175016	31
835c10f273	/MH00.MAP	175094	31
835c10f273	/MH00.MAP	175186	31
835c10f273	/MH00.MAP	175294	31
835c10f273	/MH00.MAP	175380	31
835c10f273	/MH00.MAP	175455	31
835c10f273	/MH00.MAP	175578	31
835c10f273	/MH00.MAP	175692	31
835c10f273	/MH00.MAP	175795	31
835c10f273	/MH00.MAP	175862	31
835c10f273	/MH00.MAP	175966	31
835c10f273	/MH00.MAP	176038	31
835c10f273	/MH00.MAP	176122	31
835c10f273	/MH00.MAP	176202	31
835c10f273	/MH00.MAP	176290	31
835c10f273	/MH00.MAP	176380	31
835c10f273	/MH00.MAP	176448	31
835c10f273	/MH00.MAP	176515	31
835c10f273	/MH00.MAP	176583	31
835c10f273	/MH00.MAP	176702	31
835c10f273	/MH00.MAP	176767	31
835c10f273	/MH00.MAP	176880	31
835c10f273	/MH00.MAP	176968	31
835c10f273	/MH00.MAP	177037	31
835c10f273	/MH00.MAP	177106	31
835c10f273	/MH00.MAP	177163	31
835c10f273	/MH00.MAP	177247	31
835c10f273	/MH00.MAP	177364	31
835c10f273	/MH00.MAP	177452	31
835c10f273	/MH00.MAP	177558	31
835c10f273	/MH00.MAP	177666	31
835c10f273	/MH00.MAP	177775	31
835c10f273	/MH00.MAP	177820	31
835c10f273	/MH00.MAP	177879	31
835c10f273	/MH00.MAP	177969	31
835c10f273	/MH00.MAP	178069	31
835c10f273	/MH00.MAP	178164	31
835c10f273	/MH00.MAP	178274	31
835c10f273	/MH00.MAP	178337	31
835c10f273	/MH00.MAP	178458	31
835c10f273	/MH00.MAP	178684	31
835c10f273	/MH00.MAP	178778	31
835c10f273	/MH00.MAP	178907	31
835c10f273	/MH00.MAP	179123	31
835c10f273	/MH00.MAP	179170	31
835c10f273	/MH00.MAP	179627	31
835c10f273	/MH00.MAP	179686	31
835c10f273	/MH00.MAP	179906	31
835c10f273	/MH00.MAP	180188	31
835c10f273	/MH00.MAP	180282	31
835c10f273	/MH00.MAP	180918	31
835c10f273	/MH00.MAP	181022	31
835c10f273	/MH00.MAP	181120	31
835c10f273	/MH00.MAP	181200	31
835c10f273	/MH00.MAP	181273	31
835c10f273	/MH00.MAP	181359	31
835c10f273	/MH00.MAP	181478	31
835c10f273	/MH00.MAP	181570	31
835c10f273	/MH00.MAP	181635	31
835c10f273	/MH00.MAP	181686	31
835c10f273	/MH00.MAP	181774	31
835c10f273	/MH00.MAP	181903	31
835c10f273	/MH00.MAP	181976	31
835c10f273	/MH00.MAP	182023	31
835c10f273	/MH00.MAP	182152	31
835c10f273	/MH00.MAP	182234	31
835c10f273	/MH00.MAP	182324	31
835c10f273	/MH00.MAP	182420	31
835c10f273	/MH00.MAP	182543	31
835c10f273	/MH00.MAP	182602	31
835c10f273	/MH00.MAP	182692	31
835c10f273	/MH00.MAP	182741	31
835c10f273	/MH00.MAP	182853	31
835c10f273	/MH00.MAP	182957	31
835c10f273	/MH00.MAP	183065	31
835c10f273	/MH00.MAP	183159	31
835c10f273	/MH00.MAP	183265	31
835c10f273	/MH00.MAP	183865	31
835c10f273	/MH00.MAP	183953	31
835c10f273	/MH00.MAP	184051	31
835c10f273	/MH00.MAP	184141	31
835c10f273	/MH00.MAP	184251	31
835c10f273	/MH00.MAP	184327	31
835c10f273	/MH00.MAP	184423	31
835c10f273	/MH00.MAP	184532	31
835c10f273	/MH00.MAP	184620	31
835c10f273	/MP00.MAP	183469	31
835c10f273	/MP00.MAP	183530	31
835c10f273	/MP00.MAP	183622	31
835c10f273	/MP00.MAP	183706	31
835c10f273	/MP00.MAP	183790	31
835c10f273	/MP00.MAP	183892	31
835c10f273	/MP00.MAP	183965	31
835c10f273	/MP00.MAP	184091	31
835c10f273	/MP00.MAP	184208	31
835c10f273	/MP00.MAP	184265	31
835c10f273	/MP00.MAP	184357	31
835c10f273	/MP00.MAP	184459	31
835c10f273	/MP00.MAP	184601	31
835c10f273	/MP00.MAP	184719	31
835c10f273	/MP00.MAP	184772	31
835c10f273	/MP00.MAP	184938	31
835c10f273	/MP00.MAP	185038	31
835c10f273	/MP00.MAP	185130	31
835c10f273	/MP00.MAP	185222	31
835c10f273	/MP00.MAP	185326	31
835c10f273	/MP00.MAP	185489	31
835c10f273	/MP00.MAP	185563	31
835c10f273	/MP00.MAP	185731	31
835c10f273	/MP00.MAP	185876	31
835c10f273	/MP00.MAP	185994	31
835c10f273	/MP00.MAP	186070	31
835c10f273	/MP00.MAP	186216	31
835c10f273	/MP00.MAP	186304	31
835c10f273	/MP00.MAP	186445	31
835c10f273	/MP00.MAP	186539	31
835c10f273	/MP00.MAP	186676	31
835c10f273	/MP00.MAP	186786	31
835c10f273	/MP00.MAP	188334	31
835c10f273	/MP00.MAP	188440	31
835c10f273	/MP00.MAP	188538	31
835c10f273	/MP00.MAP	188636	31
835c10f273	/MP00.MAP	188693	31
835c10f273	/MP00.MAP	188787	31
835c10f273	/MP00.MAP	188846	31
835c10f273	/MP00.MAP	188942	31
835c10f273	/MP00.MAP	188993	31
835c10f273	/MP00.MAP	189075	31
835c10f273	/MP00.MAP	189177	31
835c10f273	/MP00.MAP	189275	31
835c10f273	/MP00.MAP	189326	31
835c10f273	/MP00.MAP	189408	31
835c10f273	/MP00.MAP	189502	31
835c10f273	/MP00.MAP	189588	31
835c10f273	/MP00.MAP	189672	31
835c10f273	/MP00.MAP	189756	31
835c10f273	/MP00.MAP	189848	31
835c10f273	/MP00.MAP	189950	31
835c10f273	/MP00.MAP	190044	31
835c10f273	/MP00.MAP	190140	31
835c10f273	/MP00.MAP	190279	31
835c10f273	/MP00.MAP	190387	31
835c10f273	/MP00.MAP	190500	31
835c10f273	/MP00.MAP	190588	31
835c10f273	/MP00.MAP	190696	31
835c10f273	/MP00.MAP	190755	31
835c10f273	/MP00.MAP	190845	31
835c10f273	/MP00.MAP	190927	31
835c10f273	/MP00.MAP	191046	31
835c10f273	/MP00.MAP	191142	31
835c10f273	/MP00.MAP	191211	31
835c10f273	/MP00.MAP	191264	31
835c10f273	/MP00.MAP	191350	31
835c10f273	/MP00.MAP	191417	31
835c10f273	/MP00.MAP	191517	31
835c10f273	/MP00.MAP	191592	31
835c10f273	/MP00.MAP	191657	31
835c10f273	/MP00.MAP	191724	31
835c10f273	/MP00.MAP	191808	31
835c10f273	/MP00.MAP	191869	31
835c10f273	/MP00.MAP	191945	31
835c10f273	/MP00.MAP	192027	31
835c10f273	/MP00.MAP	192109	31
835c10f273	/MP00.MAP	192187	31
835c10f273	/MP00.MAP	192275	31
835c10f273	/MP00.MAP	192367	31
835c10f273	/MP00.MAP	192447	31
835c10f273	/MP00.MAP	192537	31
835c10f273	/MP00.MAP	192635	31
835c10f273	/MP00.MAP	192719	31
835c10f273	/MP00.MAP	192790	31
835c10f273	/MP00.MAP	192839	31
835c10f273	/MP00.MAP	192933	31
835c10f273	/MP00.MAP	192994	31
835c10f273	/MP00.MAP	193074	31
835c10f273	/MP00.MAP	193154	31
835c10f273	/MP00.MAP	193223	31
835c10f273	/MP00.MAP	193300	31
835c10f273	/MP00.MAP	193414	31
835c10f273	/MP00.MAP	193502	31
835c10f273	/MP00.MAP	193553	31
835c10f273	/MP00.MAP	193600	31
835c10f273	/MP00.MAP	193684	31
835c10f273	/MP00.MAP	193745	31
835c10f273	/MP00.MAP	193837	31
835c10f273	/MP00.MAP	193882	31
835c10f273	/MP00.MAP	193957	31
835c10f273	/MP00.MAP	194043	31
835c10f273	/MP00.MAP	194102	31
835c10f273	/MP00.MAP	194188	31
835c10f273	/MP00.MAP	194259	31
835c10f273	/MP00.MAP	194345	31
835c10f273	/MP00.MAP	194437	31
835c10f273	/MP00.MAP	194521	31
835c10f273	/MP00.MAP	194617	31
835c10f273	/MP00.MAP	194705	31
835c10f273	/MP00.MAP	194783	31
835c10f273	/MP00.MAP	194964	31
835c10f273	/MP00.MAP	195052	31
835c10f273	/NT20.MAP	152574	31
835c10f273	/NT20.MAP	152643	31
835c10f273	/NT20.MAP	152743	31
835c10f273	/NT20.MAP	152862	31
835c10f273	/OT00.MAP	170623	31
835c10f273	/OT00.MAP	170725	31
835c10f273	/OT00.MAP	170838	31
835c10f273	/OT00.MAP	170932	31
835c10f273	/OT00.MAP	170993	31
835c10f273	/OT00.MAP	171071	31
835c10f273	/OT00.MAP	171143	31
835c10f273	/OT00.MAP	171269	31
835c10f273	/OT00.MAP	171422	31
835c10f273	/OT00.MAP	171544	31
835c10f273	/OT00.MAP	171669	31
835c10f273	/OT00.MAP	171767	31
835c10f273	/OT00.MAP	171900	31
835c10f273	/OT00.MAP	172016	31
835c10f273	/OT00.MAP	172069	31
835c10f273	/OT00.MAP	172145	31
835c10f273	/OT00.MAP	172255	31
835c10f273	/OT00.MAP	172318	31
835c10f273	/OT00.MAP	172425	31
835c10f273	/OT00.MAP	172535	31
835c10f273	/OT00.MAP	172590	31
835c10f273	/OT00.MAP	172698	31
835c10f273	/OT00.MAP	172780	31
835c10f273	/OT00.MAP	172835	31
835c10f273	/OT00.MAP	172963	31
835c10f273	/OT00.MAP	180628	31
835c10f273	/OT00.MAP	180710	31
835c10f273	/OT00.MAP	180773	31
835c10f273	/OT00.MAP	180851	31
835c10f273	/OT00.MAP	180929	31
835c10f273	/OT00.MAP	181021	31
835c10f273	/OT00.MAP	181111	31
835c10f273	/OT00.MAP	181187	31
835c10f273	/OT00.MAP	181316	31
835c10f273	/OT00.MAP	181435	31
835c10f273	/OT01.MAP	163537	31
835c10f273	/OT01.MAP	163610	31
835c10f273	/OT01.MAP	163739	31
835c10f273	/OT01.MAP	163837	31
835c10f273	/OT01.MAP	163964	31
835c10f273	/OT01.MAP	164015	31
835c10f273	/OT01.MAP	164105	31
835c10f273	/OT01.MAP	164178	31
835c10f273	/OT01.MAP	164268	31
835c10f273	/OT01.MAP	164378	31
835c10f273	/OT01.MAP	164466	31
835c10f273	/OT01.MAP	166675	31
835c10f273	/OT01.MAP	166806	31
835c10f273	/OT01.MAP	166904	31
835c10f273	/OT01.MAP	167002	31
835c10f273	/OT01.MAP	167082	31
835c10f273	/OT01.MAP	167219	31
835c10f273	/OT01.MAP	167325	31
835c10f273	/OT01.MAP	167394	31
835c10f273	/OT01.MAP	167547	31
835c10f273	/OT01.MAP	167610	31
835c10f273	/QH00.MAP	152113	31
835c10f273	/QH00.MAP	152195	31
835c10f273	/QH00.MAP	152275	31
835c10f273	/QH00.MAP	152365	31
835c10f273	/QH00.MAP	152422	31
835c10f273	/QH00.MAP	152524	31
835c10f273	/QH00.MAP	152595	31
835c10f273	/QH00.MAP	152828	31
835c10f273	/QH00.MAP	152916	31
835c10f273	/QH00.MAP	152987	31
835c10f273	/QH00.MAP	153067	31
835c10f273	/QH00.MAP	153128	31
835c10f273	/QH00.MAP	153206	31
835c10f273	/QH00.MAP	153279	31
835c10f273	/QH00.MAP	153355	31
835c10f273	/QH00.MAP	153453	31
835c10f273	/QH00.MAP	153557	31
835c10f273	/QH00.MAP	153682	31
835c10f273	/QH00.MAP	153766	31
835c10f273	/QH00.MAP	154034	31
835c10f273	/QH00.MAP	154101	31
835c10f273	/QH00.MAP	154187	31
835c10f273	/QH00.MAP	154262	31
835c10f273	/QH00.MAP	154389	31
835c10f273	/QH00.MAP	154518	31
835c10f273	/QH00.MAP	154651	31
835c10f273	/QH00.MAP	154743	31
835c10f273	/QH00.MAP	154800	31
835c10f273	/QH00.MAP	154894	31
835c10f273	/QH00.MAP	155015	31
835c10f273	/QH00.MAP	155109	31
835c10f273	/QH00.MAP	155218	31
835c10f273	/QH00.MAP	155325	31
835c10f273	/QH00.MAP	155384	31
835c10f273	/QH00.MAP	155489	31
835c10f273	/QH00.MAP	155567	31
835c10f273	/QH00.MAP	155626	31
835c10f273	/QH00.MAP	155733	31
835c10f273	/QH00.MAP	155835	31
835c10f273	/QH00.MAP	155884	31
835c10f273	/QH00.MAP	155980	31
835c10f273	/QH00.MAP	156074	31
835c10f273	/QH00.MAP	156167	31
835c10f273	/QH00.MAP	156263	31
835c10f273	/QH00.MAP	156336	31
835c10f273	/QH00.MAP	156432	31
835c10f273	/QH00.MAP	156510	31
835c10f273	/QH00.MAP	156575	31
835c10f273	/QH00.MAP	156670	31
835c10f273	/QH00.MAP	156789	31
835c10f273	/QH00.MAP	156908	31
835c10f273	/QH00.MAP	156996	31
835c10f273	/QH00.MAP	157053	31
835c10f273	/QH00.MAP	157161	31
835c10f273	/QH00.MAP	157224	31
835c10f273	/QH00.MAP	157293	31
835c10f273	/QH00.MAP	157393	31
835c10f273	/QH00.MAP	157455	31
835c10f273	/QH00.MAP	157555	31
835c10f273	/QH00.MAP	157684	31
835c10f273	/QH00.MAP	157735	31
835c10f273	/QH00.MAP	157802	31
835c10f273	/QH00.MAP	157906	31
835c10f273	/QH00.MAP	158005	31
835c10f273	/QH00.MAP	158085	31
835c10f273	/QH00.MAP	158150	31
835c10f273	/QH00.MAP	158244	31
835c10f273	/QH00.MAP	158355	31
835c10f273	/QH00.MAP	158443	31
835c10f273	/QH00.MAP	158515	31
835c10f273	/QH00.MAP	158612	31
835c10f273	/QH00.MAP	158731	31
835c10f273	/QH00.MAP	158798	31
835c10f273	/QH00.MAP	158886	31
835c10f273	/QH00.MAP	158994	31
835c10f273	/QH00.MAP	159062	31
835c10f273	/QH00.MAP	159142	31
835c10f273	/QH00.MAP	159201	31
835c10f273	/QH00.MAP	159295	31
835c10f273	/QH00.MAP	159379	31
835c10f273	/QH00.MAP	159470	31
835c10f273	/QH00.MAP	159545	31
835c10f273	/QH00.MAP	159602	31
835c10f273	/QH00.MAP	159727	31
835c10f273	/QH00.MAP	159815	31
835c10f273	/QH00.MAP	159923	31
835c10f273	/QH00.MAP	160011	31
835c10f273	/QH00.MAP	160109	31
835c10f273	/QH00.MAP	160189	31
835c10f273	/WY00.MAP	231881	31
835c10f273	/WY00.MAP	232017	31
835c10f273	/WY00.MAP	232103	31
835c10f273	/WY00.MAP	232199	31
835c10f273	/WY00.MAP	232283	31
835c10f273	/WY00.MAP	232425	31
835c10f273	/WY00.MAP	232491	31
835c10f273	/WY00.MAP	232587	31
835c10f273	/WY00.MAP	232671	31
835c10f273	/ZM00.MAP	140928	31
835c10f273	/ZM00.MAP	140979	31
835c10f273	/ZM00.MAP	141272	31
835c10f273	/ZM00.MAP	141333	31
835c10f273	/ZM00.MAP	141425	31
835c10f273	/ZM00.MAP	143108	31
835c10f273	/ZM00.MAP	143161	31
835c10f273	/ZM00.MAP	143289	31
835c10f273	/ZM00.MAP	143425	31
835c10f273	/ZM00.MAP	143529	31
835c10f273	/ZM00.MAP	143691	31
835c10f273	/ZM00.MAP	143797	31
835c10f273	/ZM00.MAP	144058	31
835c10f273	/ZM00.MAP	144125	31
835c10f273	/ZM00.MAP	144246	31
835c10f273	/ZM00.MAP	146313	31
835c10f273	/ZM00.MAP	146399	31
835c10f273	/ZM00.MAP	147317	31
835c10f273	/ZM00.MAP	147403	31
835c10f273	/ZM00.MAP	147494	31
835c10f273	/ZM00.MAP	147567	31
835c10f273	/ZM00.MAP	147655	31
835c10f273	/ZM00.MAP	147764	31
835c10f273	/ZM00.MAP	147864	31
835c10f273	/ZM00.MAP	147973	31
835c10f273	/ZM00.MAP	148040	31
835c10f273	/ZM00.MAP	148142	31
835c10f273	/ZM00.MAP	148234	31
835c10f273	/ZM00.MAP	148334	31
835c10f273	/ZM00.MAP	148453	31
835c10f273	/ZM00.MAP	148549	31
835c10f273	/ZM00.MAP	148629	31
835c10f273	/ZM00.MAP	148727	31
835c10f273	/ZM00.MAP	148819	31
835c10f273	/ZM00.MAP	148890	31
835c10f273	/ZM00.MAP	148994	31
835c10f273	/ZM00.MAP	149098	31
835c10f273	/ZM00.MAP	149210	31
835c10f273	/ZM00.MAP	149296	31
835c10f273	/ZM00.MAP	149371	31
835c10f273	/ZM00.MAP	149463	31
835c10f273	/ZM00.MAP	149551	31
835c10f273	/ZM00.MAP	149670	31
835c10f273	/ZM00.MAP	149746	31
835c10f273	/ZM00.MAP	149805	31
835c10f273	/ZM00.MAP	149881	31
835c10f273	/ZM00.MAP	149946	31
835c10f273	/ZM00.MAP	150015	31
835c10f273	/ZM00.MAP	150113	31
835c10f273	/ZM00.MAP	150209	31
835c10f273	/ZM00.MAP	150307	31
835c10f273	/ZM00.MAP	150380	31
835c10f273	/ZM00.MAP	150460	31
835c10f273	/ZM00.MAP	150572	31
835c10f273	/ZM00.MAP	150654	31
835c10f273	/ZM00.MAP	150725	31
835c10f273	/ZM00.MAP	150852	31
835c10f273	/ZM00.MAP	150909	31
835c10f273	/ZM00.MAP	150993	31
835c10f273	/ZM00.MAP	151077	31
835c10f273	/ZM00.MAP	151165	31
835c10f273	/ZM00.MAP	151296	31
835c10f273	/ZM00.MAP	151400	31
835c10f273	/ZM00.MAP	151508	31
835c10f273	/ZM00.MAP	151641	31
835c10f273	/ZM00.MAP	151716	31
835c10f273	/ZM00.MAP	151827	31
835c10f273	/ZM00.MAP	151921	31
835c10f273	/ZM00.MAP	151980	31
835c10f273	/ZM00.MAP	152068	31
835c10f273	/ZM00.MAP	152158	31
835c10f273	/ZM00.MAP	152287	31
835c10f273	/ZM00.MAP	152352	31
835c10f273	/ZM00.MAP	152462	31
835c10f273	/ZM00.MAP	152542	31
835c10f273	/ZM00.MAP	152697	31
835c10f273	/ZM00.MAP	152754	31
835c10f273	/ZM00.MAP	152844	31
835c10f273	/ZM00.MAP	152941	31
835c10f273	/ZM00.MAP	153017	31
835c10f273	/ZM00.MAP	153082	31
835c10f273	/ZM00.MAP	153164	31
835c10f273	/ZM00.MAP	153233	31
835c10f273	/ZM01.MAP	138523	31
835c10f273	/ZM01.MAP	138607	31
835c10f273	/ZM01.MAP	138678	31
835c10f273	/ZM01.MAP	138780	31
835c10f273	/ZM01.MAP	138882	31
835c10f273	/ZM01.MAP	138957	31
835c10f273	/ZM01.MAP	139104	31
835c10f273	/ZM01.MAP	139214	31
835c10f273	/ZM01.MAP	139265	31
835c10f273	/ZM01.MAP	139347	31
835c10f273	/ZM01.MAP	139437	31
835c10f273	/ZM01.MAP	139521	31
835c10f273	/ZM01.MAP	139619	31
835c10f273	/ZM01.MAP	139717	31
835c10f273	/ZM01.MAP	139782	31
835c10f273	/ZM01.MAP	139888	31
835c10f273	/ZM01.MAP	139972	31
835c10f273	/ZM01.MAP	140037	31
835c10f273	/ZM01.MAP	140115	31
835c10f273	/ZM01.MAP	140246	31
835c10f273	/ZM01.MAP	140342	31
835c10f273	/ZM01.MAP	140428	31
835c10f273	/ZM01.MAP	140526	31
835c10f273	/ZM01.MAP	140628	31
835c10f273	/ZM01.MAP	140714	31
835c10f273	/ZM01.MAP	140818	31
835c10f273	/ZM01.MAP	140928	31
835c10f273	/ZM01.MAP	141020	31
835c10f273	/ZM01.MAP	141133	31
835c10f273	/ZM01.MAP	141233	31
835c10f273	/ZM01.MAP	141286	31
835c10f273	/ZM01.MAP	141370	31
835c10f273	/ZM01.MAP	141463	31
835c10f273	/ZM01.MAP	141565	31
835c10f273	/ZM01.MAP	143336	31
835c10f273	/ZM01.MAP	143409	31
835c10f273	/ZM01.MAP	143540	31
835c10f273	/ZM01.MAP	143653	31
835c10f273	/ZM01.MAP	143771	31
835c10f273	/ZM01.MAP	143859	31
835c10f273	/ZM01.MAP	143953	31
835c10f273	/ZM01.MAP	144026	31
835dfd5c42	/GT00.MAP	147022	66
8367b4cb29	/GB00.MAP	182863	69
83781be81f	/GB00.MAP	175880	36
837a2c6774	/ZM01.MAP	139814	73
837caf905c	/KM00.MAP	165620	67
83823f5977	/KD00.MAP	162296	45
838b9248eb	/IZ00.MAP	50657	22
83943b7ebc	/DG00.MAP	136393	27
83a1590703	/JG00.MAP	133479	24
83b5260afd	/AT00.MAP	192068	63
83b6cb0653	/WC00.MAP	224951	67
83c3ee67d8	/GT20.MAP	140310	22
83c3ee67d8	/ZM01.MAP	138065	22
83c4790434	/WY00.MAP	228497	73
83c9258878	/HL00.MAP	134630	71
83ca7f4b23	/CK00.MAP	171681	59
83cc056ce5	/AT20.MAP	84928	28
83cd8e0603	/GB00.MAP	195031	30
83cd8e0603	/GB00.MAP	196045	30
83d9327a92	/WR00.MAP	223142	71
83e5426ccd	/ITEMHELP.MSG	4664	40
83fa5a134a	/NT21.MAP	131766	40
83fc1687ad	/RT20.MAP	107138	61
83fc1687ad	/RT20.MAP	113082	61
8402dbde08	/GH00.MAP	152519	8
84171492e4	/KM00.MAP	165373	14
84171492e4	/KM00.MAP	165569	14
841d7792fb	/NJ10.MAP	134464	80
8433ecb454	/WAZAHELP.MSG	8180	46
8434f90ecf	/BOT4.MAP	27676	14
84354fbf7e	/JG00.MAP	139127	47
843e76305e	/GB00.MAP	185378	61
844b4b5dc1	/NZ11.MAP	107514	14
844b4b5dc1	/OT02.MAP	166301	14
845c9332a4	/IP00.MAP	157937	55
846359880f	/QH00.MAP	155141	76
846563d840	/ZM00.MAP	149778	26
847c2c20fa	/AT20.MAP	85799	16
847c2c20fa	/AT20.MAP	86030	16
847c2c20fa	/AT20.MAP	86170	16
8480b51208	/NT00.MAP	62345	47
84811b3312	/JG00.MAP	135405	41
84828263b5	/AT00.MAP	183036	45
84829c39f5	/WY02.MAP	215723	34
8482ec2b31	/IS00.MAP	161476	81
8489b90896	/RT20.MAP	121804	47
84957ceb73	/NZ10.MAP	112586	73
849ad07baf	/CK00.MAP	161986	32
849b67ba70	/SK00.MAP	118593	51
849dcad438	/WR00.MAP	232268	30
849dcad438	/WR00.MAP	232453	30
84a73ad9e9	/GT10.MAP	51635	10
84b3baff0c	/GM00.MAP	197217	35
84b3baff0c	/KR00.MAP	94125	35
84b3baff0c	/ZM00.MAP	155520	35
84b4069b42	/WR10.MAP	213056	43
84b77611f0	/ES01.MAP	77276	71
84b77611f0	/WS01.MAP	82450	71
84b970e63d	/GM00.MAP	174164	81
84bb00f8a6	/GM00.MAP	205896	51
84c064da4f	/AT00.MAP	176967	60
84caf6f08e	/MP00.MAP	193716	28
84cbbe63ea	/AT00.MAP	182332	22
84d9574215	/KM00.MAP	157583	70
84f767caa2	/OT00.MAP	179313	45
84fd9e5a01	/NJ10.MAP	127486	22
84fd9e5a01	/NJ10.MAP	136274	22
850207d75d	/GM00.MAP	203331	57
850215a1f1	/RT20.MAP	120507	63
850215a1f1	/RT20.MAP	122921	63
851aaa2ca0	/GM00.MAP	202502	22
851ddf71d1	/CK00.MAP	173437	51
851ed56cf4	/HL10.MAP	99204	31
852000eed4	/IG10.MAP	154687	57
8525ae03f8	/KR00.MAP	102574	75
8528771cef	/GM00.MAP	187337	42
8538260d37	/WC00.MAP	222096	22
8541b0f96b	/WR00.MAP	238713	59
8545e91720	/WAZAHELP.MSG	3700	46
854b1f86e1	/AT01.MAP	165840	61
85565568c9	/GM00.MAP	197427	33
8557310921	/CK00.MAP	166863	47
8564cbadfa	/KR00.MAP	99302	42
856b55e220	/DIARY.MSG	6308	207
858b6ed534	/KS00.MAP	174403	49
8599c2e6ea	/TM00.MAP	132406	55
859c816ca1	/AT00.MAP	173857	22
859dbeb758	/QH00.MAP	155047	61
859fa919aa	/WY00.MAP	232457	33
85a5123124	/HL00.MAP	129633	63
85a9213f2f	/OB00.MAP	158210	30
85b70e7ad9	/ITEMHELP.MSG	11452	32
85bdb91b1f	/IG10.MAP	157785	14
85bdb91b1f	/NZ00.MAP	121733	14
85bdb91b1f	/RT20.MAP	117483	14
85c305839c	/MK00.MAP	147941	73
85c5c5b883	/QH00.MAP	154133	53
85cfd55b42	/IP00.MAP	160816	22
85d137871b	/OB00.MAP	158799	36
85d80f6212	/WC00.MAP	221849	67
85df35ae6f	/GB00.MAP	180913	51
85e2dff499	/ITEMHELP.MSG	6560	66
85e688bf0e	/MP00.MAP	189534	53
85e948adde	/QH00.MAP	159233	61
85eb93f04e	/MH00.MAP	183639	55
85ecbb80f5	/CK00.MAP	177935	63
85ed6aeed6	/IP00.MAP	160871	38
85ed6aeed6	/IP00.MAP	163122	38
85f26c0459	/GT20.MAP	140221	57
85f7f2dac3	/GM00.MAP	196333	38
86021f3f86	/KS00.MAP	174652	39
8602e4f5a5	/OT00.MAP	174753	65
8602e4f5a5	/OT00.MAP	176884	65
860e78bbea	/AT00.MAP	182239	61
861c815d60	/AT10.MAP	161019	20
861c815d60	/WC00.MAP	228959	20
8620125ebb	/HS10.MAP	181937	20
862861abff	/ITEMHELP.MSG	4028	36
86352eb979	/GM00.MAP	193612	55
86443bde1c	/RT20.MAP	111783	55
86443bde1c	/RT20.MAP	124474	55
86466cfdb2	/IG00.MAP	172120	25
86466cfdb2	/MH00.MAP	164795	25
8647f3fbb3	/GM00.MAP	173232	94
864bbf577d	/WY00.MAP	219597	47
864bbf577d	/WY00.MAP	221822	47
865960dded	/MH00.MAP	160430	25
865db5fc76	/MH00.MAP	183097	61
86602a28a1	/BOT5.MAP	27665	37
86642326be	/GM00.MAP	196593	40
866bd06768	/GM00.MAP	196809	26
8679e8df6e	/KM00.MAP	148615	40
867b30e4ea	/BOT4.MAP	27755	12
867ba23b66	/DG21.MAP	97878	76
8680aee8eb	/WAZAHELP.MSG	6892	72
868663f724	/AT00.MAP	193175	59
8689b7090b	/OT00.MAP	178132	32
8689b7090b	/OT00.MAP	178947	32
868cc4d593	/KM00.MAP	152268	59
8697477b1d	/DL00.MAP	121221	71
86aab9b3b3	/AT10.MAP	165016	70
86ab8abe1f	/CK00.MAP	176696	53
86b01ed5fc	/HL00.MAP	128918	18
86b01ed5fc	/HL00.MAP	134884	18
86b3afca63	/TM00.MAP	131072	32
86b9c2cbfb	/KM00.MAP	155527	75
86bf44087b	/AT00.MAP	172597	57
86c690a856	/NT30.MAP	103104	55
86d5c8600d	/KM00.MAP	158566	49
86d9f4a4d1	/CK00.MAP	171308	47
86e34e36b8	/QH00.MAP	163188	51
86e727e0c3	/WC00.MAP	221269	14
86ef0c2849	/QH00.MAP	162187	98
86f4774543	/DIARY.MSG	10056	242
86f80823e1	/IG00.MAP	172372	45
86f80823e1	/MH00.MAP	165046	45
86f83d9977	/WC00.MAP	226301	49
86f920fbb3	/DS10.MAP	78669	32
8712b8adac	/WY02.MAP	216438	51
8716efc406	/GM00.MAP	204892	47
871aa99979	/WAZAHELP.MSG	10252	78
871af1a32d	/RT20.MAP	107767	68
871eab1f58	/IG00.MAP	161051	109
871f56e94a	/QH00.MAP	156106	60
8725c61d86	/IG00.MAP	163840	19
87260f9a83	/HL10.MAP	99320	38
872815a7fa	/MH00.MAP	173460	57
872845a7a8	/AT20.MAP	85692	75
872ceb3cd6	/KM10.MAP	23843	7
872ceb3cd6	/SS00.MAP	28815	7
872ceb3cd6	/SS10.MAP	28815	7
87305a1f1e	/ITEMHELP.MSG	6172	54
8732eca211	/WAZAHELP.MSG	8812	58
87345a7bbf	/CT20.MAP	169471	45
8737e13403	/ITEMHELP.MSG	5668	36
873df0e516	/KM10.MAP	56300	43
87420f8e4a	/RT20.MAP	115943	10
87420f8e4a	/WR02.MAP	213042	10
8747084496	/KD00.MAP	161280	59
874d0a5d34	/KM10.MAP	55276	73
874d183d74	/IG00.MAP	178155	55
874d183d74	/IG00.MAP	178392	55
8750220eed	/RT20.MAP	122362	76
875b010174	/MP00.MAP	188472	65
8772246da9	/OB00.MAP	152780	49
8782db7504	/ZM01.MAP	145265	65
87907b5bce	/QH00.MAP	158387	55
8791274a86	/IG00.MAP	168569	71
87946119dc	/WK00.MAP	105322	65
87954f06db	/CK00.MAP	165461	81
879c05297d	/WAZAHELP.MSG	4268	56
879c83d699	/GB00.MAP	178916	32
879c83d699	/GB00.MAP	178981	32
87b85dd3c3	/MH00.MAP	169925	42
87b85dd3c3	/MH00.MAP	172564	42
87be53be5d	/JG00.MAP	141064	33
87c0a1ccee	/WY02.MAP	211423	45
87c5f94ce3	/CT10.MAP	189911	24
87c9e923f9	/OB00.MAP	156098	24
87cb92e6b0	/KK00.MAP	131499	36
87cb92e6b0	/KK01.MAP	130094	36
87dde80aac	/CT20.MAP	171600	43
87eb726cd2	/GM00.MAP	179975	61
87eb970f63	/HL00.MAP	132562	59
87ef3e559c	/IG00.MAP	181113	20
87f0cd5e89	/BL00.MAP	126442	8
87f0cd5e89	/GM00.MAP	199027	8
87f0cd5e89	/MP00.MAP	179887	8
87f0cd5e89	/QH00.MAP	162614	8
87f0cd5e89	/TJ00.MAP	144120	8
87f0cd5e89	/TJ01.MAP	144120	8
87f0cd5e89	/TJ10.MAP	29844	8
87f0cd5e89	/TJ11.MAP	44972	8
87f0cd5e89	/TJ20.MAP	29891	8
87f0cd5e89	/TJ21.MAP	45027	8
87f0cd5e89	/TJ22.MAP	48935	8
87f0cd5e89	/TJ30.MAP	52496	8
87f0cd5e89	/TJ31.MAP	54552	8
87f0cd5e89	/TJ32.MAP	48912	8
87f0cd5e89	/TJ40.MAP	144244	8
87f0cd5e89	/TJ41.MAP	144251	8
87f0cd5e89	/TJ50.MAP	29908	8
87f0cd5e89	/TJ51.MAP	45084	8
87f0cd5e89	/TJ60.MAP	29955	8
87f0cd5e89	/TJ61.MAP	45139	8
87f0cd5e89	/TJ62.MAP	48999	8
87f0cd5e89	/TJ70.MAP	52608	8
87f0cd5e89	/TJ71.MAP	54568	8
87f0cd5e89	/TJ72.MAP	49024	8
87f0cd5e89	/ZM00.MAP	157836	8
87f3bf4334	/IZ00.MAP	64019	22
87f3bf4334	/WR02.MAP	214986	22
87f71c70c0	/KM10.MAP	56938	51
87fed37f3c	/AT00.MAP	171349	4
87fed37f3c	/AT00.MAP	171377	4
87fed37f3c	/AT00.MAP	171391	4
87fed37f3c	/AT01.MAP	165077	4
87fed37f3c	/AT01.MAP	165105	4
87fed37f3c	/AT01.MAP	165119	4
87fed37f3c	/AT10.MAP	160873	4
87fed37f3c	/AT10.MAP	160901	4
87fed37f3c	/AT10.MAP	160915	4
87fed37f3c	/AT10.MAP	161040	4
87fed37f3c	/AT10.MAP	161379	4
87fed37f3c	/AT20.MAP	81539	4
87fed37f3c	/AT20.MAP	81567	4
87fed37f3c	/AT20.MAP	81581	4
87fed37f3c	/BL00.MAP	124600	4
87fed37f3c	/BL00.MAP	124628	4
87fed37f3c	/BL00.MAP	124642	4
87fed37f3c	/BL00.MAP	128567	4
87fed37f3c	/BL10.MAP	40632	4
87fed37f3c	/BL10.MAP	40660	4
87fed37f3c	/BL10.MAP	40674	4
87fed37f3c	/BL20.MAP	57849	4
87fed37f3c	/BL20.MAP	57877	4
87fed37f3c	/BL20.MAP	57891	4
87fed37f3c	/BL30.MAP	42648	4
87fed37f3c	/BL30.MAP	42676	4
87fed37f3c	/BL30.MAP	42690	4
87fed37f3c	/BL40.MAP	80742	4
87fed37f3c	/BL40.MAP	80770	4
87fed37f3c	/BL40.MAP	80784	4
87fed37f3c	/BL50.MAP	51188	4
87fed37f3c	/BL50.MAP	51216	4
87fed37f3c	/BL50.MAP	51230	4
87fed37f3c	/BOOT.MAP	25162	4
87fed37f3c	/BOOT.MAP	25190	4
87fed37f3c	/BOOT.MAP	25204	4
87fed37f3c	/BOOT2.MAP	142008	4
87fed37f3c	/BOOT2.MAP	142036	4
87fed37f3c	/BOOT2.MAP	142050	4
87fed37f3c	/BOT3.MAP	27064	4
87fed37f3c	/BOT3.MAP	27092	4
87fed37f3c	/BOT3.MAP	27106	4
87fed37f3c	/BOT4.MAP	26935	4
87fed37f3c	/BOT4.MAP	26963	4
87fed37f3c	/BOT4.MAP	26977	4
87fed37f3c	/BOT5.MAP	26682	4
87fed37f3c	/BOT5.MAP	26710	4
87fed37f3c	/BOT5.MAP	26724	4
87fed37f3c	/CK00.MAP	160595	4
87fed37f3c	/CK00.MAP	160623	4
87fed37f3c	/CK00.MAP	160637	4
87fed37f3c	/CK01.MAP	156621	4
87fed37f3c	/CK01.MAP	156649	4
87fed37f3c	/CK01.MAP	156663	4
87fed37f3c	/CT00.MAP	164381	4
87fed37f3c	/CT00.MAP	164409	4
87fed37f3c	/CT00.MAP	164423	4
87fed37f3c	/CT10.MAP	186553	4
87fed37f3c	/CT10.MAP	186581	4
87fed37f3c	/CT10.MAP	186595	4
87fed37f3c	/CT20.MAP	166440	4
87fed37f3c	/CT20.MAP	166468	4
87fed37f3c	/CT20.MAP	166482	4
87fed37f3c	/DG00.MAP	135228	4
87fed37f3c	/DG00.MAP	135256	4
87fed37f3c	/DG00.MAP	135270	4
87fed37f3c	/DG10.MAP	89153	4
87fed37f3c	/DG10.MAP	89181	4
87fed37f3c	/DG10.MAP	89195	4
87fed37f3c	/DG21.MAP	95363	4
87fed37f3c	/DG21.MAP	95391	4
87fed37f3c	/DG21.MAP	95405	4
87fed37f3c	/DL00.MAP	119908	4
87fed37f3c	/DL00.MAP	119936	4
87fed37f3c	/DL00.MAP	119950	4
87fed37f3c	/DS00.MAP	83606	4
87fed37f3c	/DS00.MAP	83634	4
87fed37f3c	/DS00.MAP	83648	4
87fed37f3c	/DS10.MAP	78308	4
87fed37f3c	/DS10.MAP	78336	4
87fed37f3c	/DS10.MAP	78350	4
87fed37f3c	/ES00.MAP	74205	4
87fed37f3c	/ES00.MAP	74233	4
87fed37f3c	/ES00.MAP	74247	4
87fed37f3c	/ES01.MAP	73740	4
87fed37f3c	/ES01.MAP	73768	4
87fed37f3c	/ES01.MAP	73782	4
87fed37f3c	/ES10.MAP	74719	4
87fed37f3c	/ES10.MAP	74747	4
87fed37f3c	/ES10.MAP	74761	4
87fed37f3c	/FIR0.MAP	95005	4
87fed37f3c	/FIR0.MAP	95033	4
87fed37f3c	/FIR0.MAP	95047	4
87fed37f3c	/FIR1.MAP	134265	4
87fed37f3c	/FIR1.MAP	134293	4
87fed37f3c	/FIR1.MAP	134307	4
87fed37f3c	/FIR2.MAP	114206	4
87fed37f3c	/FIR2.MAP	114234	4
87fed37f3c	/FIR2.MAP	114248	4
87fed37f3c	/FIR3.MAP	107665	4
87fed37f3c	/FIR3.MAP	107693	4
87fed37f3c	/FIR3.MAP	107707	4
87fed37f3c	/GB00.MAP	171358	4
87fed37f3c	/GB00.MAP	171386	4
87fed37f3c	/GB00.MAP	171400	4
87fed37f3c	/GH00.MAP	150987	4
87fed37f3c	/GH00.MAP	151015	4
87fed37f3c	/GH00.MAP	151029	4
87fed37f3c	/GM00.MAP	171171	4
87fed37f3c	/GM00.MAP	171199	4
87fed37f3c	/GM00.MAP	171213	4
87fed37f3c	/GM01.MAP	164628	4
87fed37f3c	/GM01.MAP	164656	4
87fed37f3c	/GM01.MAP	164670	4
87fed37f3c	/GT00.MAP	145688	4
87fed37f3c	/GT00.MAP	145716	4
87fed37f3c	/GT00.MAP	145730	4
87fed37f3c	/GT10.MAP	46055	4
87fed37f3c	/GT10.MAP	46083	4
87fed37f3c	/GT10.MAP	46097	4
87fed37f3c	/GT20.MAP	138855	4
87fed37f3c	/GT20.MAP	138883	4
87fed37f3c	/GT20.MAP	138897	4
87fed37f3c	/HL00.MAP	128786	4
87fed37f3c	/HL00.MAP	128814	4
87fed37f3c	/HL00.MAP	128828	4
87fed37f3c	/HL10.MAP	94166	4
87fed37f3c	/HL10.MAP	94194	4
87fed37f3c	/HL10.MAP	94208	4
87fed37f3c	/HL11.MAP	92224	4
87fed37f3c	/HL11.MAP	92252	4
87fed37f3c	/HL11.MAP	92266	4
87fed37f3c	/HS00.MAP	69051	4
87fed37f3c	/HS00.MAP	69079	4
87fed37f3c	/HS00.MAP	69093	4
87fed37f3c	/HS10.MAP	181158	4
87fed37f3c	/HS10.MAP	181186	4
87fed37f3c	/HS10.MAP	181200	4
87fed37f3c	/HY00.MAP	131027	4
87fed37f3c	/HY00.MAP	131055	4
87fed37f3c	/HY00.MAP	131069	4
87fed37f3c	/IG00.MAP	157286	4
87fed37f3c	/IG00.MAP	157314	4
87fed37f3c	/IG00.MAP	157328	4
87fed37f3c	/IG01.MAP	153203	4
87fed37f3c	/IG01.MAP	153231	4
87fed37f3c	/IG01.MAP	153245	4
87fed37f3c	/IG10.MAP	153607	4
87fed37f3c	/IG10.MAP	153635	4
87fed37f3c	/IG10.MAP	153649	4
87fed37f3c	/IP00.MAP	156457	4
87fed37f3c	/IP00.MAP	156485	4
87fed37f3c	/IP00.MAP	156499	4
87fed37f3c	/IP10.MAP	135235	4
87fed37f3c	/IP10.MAP	135263	4
87fed37f3c	/IP10.MAP	135277	4
87fed37f3c	/IS00.MAP	160417	4
87fed37f3c	/IS00.MAP	160445	4
87fed37f3c	/IS00.MAP	160459	4
87fed37f3c	/IS10.MAP	58112	4
87fed37f3c	/IS10.MAP	58140	4
87fed37f3c	/IS10.MAP	58154	4
87fed37f3c	/IXXX.MAP	21934	4
87fed37f3c	/IXXX.MAP	21962	4
87fed37f3c	/IXXX.MAP	21976	4
87fed37f3c	/IY00.MAP	121559	4
87fed37f3c	/IY00.MAP	121587	4
87fed37f3c	/IY00.MAP	121601	4
87fed37f3c	/IZ00.MAP	49280	4
87fed37f3c	/IZ00.MAP	49308	4
87fed37f3c	/IZ00.MAP	49322	4
87fed37f3c	/JG00.MAP	130029	4
87fed37f3c	/JG00.MAP	130057	4
87fed37f3c	/JG00.MAP	130071	4
87fed37f3c	/JG01.MAP	125171	4
87fed37f3c	/JG01.MAP	125199	4
87fed37f3c	/JG01.MAP	125213	4
87fed37f3c	/JG02.MAP	125386	4
87fed37f3c	/JG02.MAP	125414	4
87fed37f3c	/JG02.MAP	125428	4
87fed37f3c	/JG10.MAP	148637	4
87fed37f3c	/JG10.MAP	148665	4
87fed37f3c	/JG10.MAP	148679	4
87fed37f3c	/KB00.MAP	54484	4
87fed37f3c	/KB00.MAP	54512	4
87fed37f3c	/KB00.MAP	54526	4
87fed37f3c	/KB01.MAP	54115	4
87fed37f3c	/KB01.MAP	54143	4
87fed37f3c	/KB01.MAP	54157	4
87fed37f3c	/KB10.MAP	55243	4
87fed37f3c	/KB10.MAP	55271	4
87fed37f3c	/KB10.MAP	55285	4
87fed37f3c	/KB20.MAP	61086	4
87fed37f3c	/KB20.MAP	61114	4
87fed37f3c	/KB20.MAP	61128	4
87fed37f3c	/KD00.MAP	160765	4
87fed37f3c	/KD00.MAP	160793	4
87fed37f3c	/KD00.MAP	160807	4
87fed37f3c	/KK00.MAP	130320	4
87fed37f3c	/KK00.MAP	130348	4
87fed37f3c	/KK00.MAP	130362	4
87fed37f3c	/KK01.MAP	128974	4
87fed37f3c	/KK01.MAP	129002	4
87fed37f3c	/KK01.MAP	129016	4
87fed37f3c	/KM00.MAP	144864	4
87fed37f3c	/KM00.MAP	144892	4
87fed37f3c	/KM00.MAP	144906	4
87fed37f3c	/KM01.MAP	140946	4
87fed37f3c	/KM01.MAP	140974	4
87fed37f3c	/KM01.MAP	140988	4
87fed37f3c	/KM10.MAP	47082	4
87fed37f3c	/KM10.MAP	47110	4
87fed37f3c	/KM10.MAP	47124	4
87fed37f3c	/KM10.MAP	47268	4
87fed37f3c	/KR00.MAP	93343	4
87fed37f3c	/KR00.MAP	93371	4
87fed37f3c	/KR00.MAP	93385	4
87fed37f3c	/KS00.MAP	167031	4
87fed37f3c	/KS00.MAP	167059	4
87fed37f3c	/KS00.MAP	167073	4
87fed37f3c	/KZ00.MAP	171059	4
87fed37f3c	/KZ00.MAP	171087	4
87fed37f3c	/KZ00.MAP	171101	4
87fed37f3c	/MH00.MAP	160267	4
87fed37f3c	/MH00.MAP	160295	4
87fed37f3c	/MH00.MAP	160309	4
87fed37f3c	/MK00.MAP	147128	4
87fed37f3c	/MK00.MAP	147156	4
87fed37f3c	/MK00.MAP	147170	4
87fed37f3c	/MP00.MAP	174295	4
87fed37f3c	/MP00.MAP	174323	4
87fed37f3c	/MP00.MAP	174337	4
87fed37f3c	/MP01.MAP	125667	4
87fed37f3c	/MP01.MAP	125695	4
87fed37f3c	/MP01.MAP	125709	4
87fed37f3c	/NJ00.MAP	155251	4
87fed37f3c	/NJ00.MAP	155279	4
87fed37f3c	/NJ00.MAP	155293	4
87fed37f3c	/NJ10.MAP	126777	4
87fed37f3c	/NJ10.MAP	126805	4
87fed37f3c	/NJ10.MAP	126819	4
87fed37f3c	/NT00.MAP	60433	4
87fed37f3c	/NT00.MAP	60461	4
87fed37f3c	/NT00.MAP	60475	4
87fed37f3c	/NT10.MAP	132461	4
87fed37f3c	/NT10.MAP	132489	4
87fed37f3c	/NT10.MAP	132503	4
87fed37f3c	/NT20.MAP	143424	4
87fed37f3c	/NT20.MAP	143452	4
87fed37f3c	/NT20.MAP	143466	4
87fed37f3c	/NT21.MAP	130009	4
87fed37f3c	/NT21.MAP	130037	4
87fed37f3c	/NT21.MAP	130051	4
87fed37f3c	/NT30.MAP	102444	4
87fed37f3c	/NT30.MAP	102472	4
87fed37f3c	/NT30.MAP	102486	4
87fed37f3c	/NT31.MAP	137301	4
87fed37f3c	/NT31.MAP	137329	4
87fed37f3c	/NT31.MAP	137343	4
87fed37f3c	/NZ00.MAP	116283	4
87fed37f3c	/NZ00.MAP	116311	4
87fed37f3c	/NZ00.MAP	116325	4
87fed37f3c	/NZ10.MAP	108785	4
87fed37f3c	/NZ10.MAP	108813	4
87fed37f3c	/NZ10.MAP	108827	4
87fed37f3c	/NZ11.MAP	107281	4
87fed37f3c	/NZ11.MAP	107309	4
87fed37f3c	/NZ11.MAP	107323	4
87fed37f3c	/OB00.MAP	149983	4
87fed37f3c	/OB00.MAP	150011	4
87fed37f3c	/OB00.MAP	150025	4
87fed37f3c	/OT00.MAP	165900	4
87fed37f3c	/OT00.MAP	165928	4
87fed37f3c	/OT00.MAP	165942	4
87fed37f3c	/OT01.MAP	163334	4
87fed37f3c	/OT01.MAP	163362	4
87fed37f3c	/OT01.MAP	163376	4
87fed37f3c	/OT02.MAP	163111	4
87fed37f3c	/OT02.MAP	163139	4
87fed37f3c	/OT02.MAP	163153	4
87fed37f3c	/OT10.MAP	162866	4
87fed37f3c	/OT10.MAP	162894	4
87fed37f3c	/OT10.MAP	162908	4
87fed37f3c	/QH00.MAP	148299	4
87fed37f3c	/QH00.MAP	148327	4
87fed37f3c	/QH00.MAP	148341	4
87fed37f3c	/QH01.MAP	144950	4
87fed37f3c	/QH01.MAP	144978	4
87fed37f3c	/QH01.MAP	144992	4
87fed37f3c	/RS00.MAP	48374	4
87fed37f3c	/RS00.MAP	48402	4
87fed37f3c	/RS00.MAP	48416	4
87fed37f3c	/RS01.MAP	49700	4
87fed37f3c	/RS01.MAP	49728	4
87fed37f3c	/RS01.MAP	49742	4
87fed37f3c	/RT00.MAP	158962	4
87fed37f3c	/RT00.MAP	158990	4
87fed37f3c	/RT00.MAP	159004	4
87fed37f3c	/RT20.MAP	101864	4
87fed37f3c	/RT20.MAP	101892	4
87fed37f3c	/RT20.MAP	101906	4
87fed37f3c	/RT30.MAP	137956	4
87fed37f3c	/RT30.MAP	137984	4
87fed37f3c	/RT30.MAP	137998	4
87fed37f3c	/SB00.MAP	72177	4
87fed37f3c	/SB00.MAP	72205	4
87fed37f3c	/SB00.MAP	72219	4
87fed37f3c	/SK00.MAP	115534	4
87fed37f3c	/SK00.MAP	115562	4
87fed37f3c	/SK00.MAP	115576	4
87fed37f3c	/SK10.MAP	91850	4
87fed37f3c	/SK10.MAP	91878	4
87fed37f3c	/SK10.MAP	91892	4
87fed37f3c	/SS00.MAP	68583	4
87fed37f3c	/SS00.MAP	68611	4
87fed37f3c	/SS00.MAP	68625	4
87fed37f3c	/SS10.MAP	68630	4
87fed37f3c	/SS10.MAP	68658	4
87fed37f3c	/SS10.MAP	68672	4
87fed37f3c	/ST00.MAP	115434	4
87fed37f3c	/ST00.MAP	115462	4
87fed37f3c	/ST00.MAP	115476	4
87fed37f3c	/ST10.MAP	81919	4
87fed37f3c	/ST10.MAP	81947	4
87fed37f3c	/ST10.MAP	81961	4
87fed37f3c	/TEST.MAP	141602	4
87fed37f3c	/TEST.MAP	141630	4
87fed37f3c	/TEST.MAP	141644	4
87fed37f3c	/TJ00.MAP	143977	4
87fed37f3c	/TJ00.MAP	144005	4
87fed37f3c	/TJ00.MAP	144019	4
87fed37f3c	/TJ01.MAP	143977	4
87fed37f3c	/TJ01.MAP	144005	4
87fed37f3c	/TJ01.MAP	144019	4
87fed37f3c	/TJ10.MAP	29701	4
87fed37f3c	/TJ10.MAP	29729	4
87fed37f3c	/TJ10.MAP	29743	4
87fed37f3c	/TJ11.MAP	44829	4
87fed37f3c	/TJ11.MAP	44857	4
87fed37f3c	/TJ11.MAP	44871	4
87fed37f3c	/TJ20.MAP	29748	4
87fed37f3c	/TJ20.MAP	29776	4
87fed37f3c	/TJ20.MAP	29790	4
87fed37f3c	/TJ21.MAP	44884	4
87fed37f3c	/TJ21.MAP	44912	4
87fed37f3c	/TJ21.MAP	44926	4
87fed37f3c	/TJ22.MAP	48792	4
87fed37f3c	/TJ22.MAP	48820	4
87fed37f3c	/TJ22.MAP	48834	4
87fed37f3c	/TJ30.MAP	52353	4
87fed37f3c	/TJ30.MAP	52381	4
87fed37f3c	/TJ30.MAP	52395	4
87fed37f3c	/TJ31.MAP	54409	4
87fed37f3c	/TJ31.MAP	54437	4
87fed37f3c	/TJ31.MAP	54451	4
87fed37f3c	/TJ32.MAP	48769	4
87fed37f3c	/TJ32.MAP	48797	4
87fed37f3c	/TJ32.MAP	48811	4
87fed37f3c	/TJ40.MAP	144101	4
87fed37f3c	/TJ40.MAP	144129	4
87fed37f3c	/TJ40.MAP	144143	4
87fed37f3c	/TJ41.MAP	144108	4
87fed37f3c	/TJ41.MAP	144136	4
87fed37f3c	/TJ41.MAP	144150	4
87fed37f3c	/TJ50.MAP	29765	4
87fed37f3c	/TJ50.MAP	29793	4
87fed37f3c	/TJ50.MAP	29807	4
87fed37f3c	/TJ51.MAP	44941	4
87fed37f3c	/TJ51.MAP	44969	4
87fed37f3c	/TJ51.MAP	44983	4
87fed37f3c	/TJ60.MAP	29812	4
87fed37f3c	/TJ60.MAP	29840	4
87fed37f3c	/TJ60.MAP	29854	4
87fed37f3c	/TJ61.MAP	44996	4
87fed37f3c	/TJ61.MAP	45024	4
87fed37f3c	/TJ61.MAP	45038	4
87fed37f3c	/TJ62.MAP	48856	4
87fed37f3c	/TJ62.MAP	48884	4
87fed37f3c	/TJ62.MAP	48898	4
87fed37f3c	/TJ70.MAP	52465	4
87fed37f3c	/TJ70.MAP	52493	4
87fed37f3c	/TJ70.MAP	52507	4
87fed37f3c	/TJ71.MAP	54425	4
87fed37f3c	/TJ71.MAP	54453	4
87fed37f3c	/TJ71.MAP	54467	4
87fed37f3c	/TJ72.MAP	48881	4
87fed37f3c	/TJ72.MAP	48909	4
87fed37f3c	/TJ72.MAP	48923	4
87fed37f3c	/TM00.MAP	130095	4
87fed37f3c	/TM00.MAP	130123	4
87fed37f3c	/TM00.MAP	130137	4
87fed37f3c	/TM00.MAP	133697	4
87fed37f3c	/TM10.MAP	68434	4
87fed37f3c	/TM10.MAP	68462	4
87fed37f3c	/TM10.MAP	68476	4
87fed37f3c	/TM20.MAP	78090	4
87fed37f3c	/TM20.MAP	78118	4
87fed37f3c	/TM20.MAP	78132	4
87fed37f3c	/TM30.MAP	101362	4
87fed37f3c	/TM30.MAP	101390	4
87fed37f3c	/TM30.MAP	101404	4
87fed37f3c	/TM40.MAP	44438	4
87fed37f3c	/TM40.MAP	44466	4
87fed37f3c	/TM40.MAP	44480	4
87fed37f3c	/TST2.MAP	128350	4
87fed37f3c	/TST2.MAP	128378	4
87fed37f3c	/TST2.MAP	128392	4
87fed37f3c	/TTTT.MAP	97046	4
87fed37f3c	/TTTT.MAP	97074	4
87fed37f3c	/TTTT.MAP	97088	4
87fed37f3c	/WC00.MAP	205791	4
87fed37f3c	/WC00.MAP	205819	4
87fed37f3c	/WC00.MAP	205833	4
87fed37f3c	/WC00.MAP	228885	4
87fed37f3c	/WC00.MAP	229166	4
87fed37f3c	/WC01.MAP	199156	4
87fed37f3c	/WC01.MAP	199184	4
87fed37f3c	/WC01.MAP	199198	4
87fed37f3c	/WK00.MAP	103471	4
87fed37f3c	/WK00.MAP	103499	4
87fed37f3c	/WK00.MAP	103513	4
87fed37f3c	/WR00.MAP	217651	4
87fed37f3c	/WR00.MAP	217679	4
87fed37f3c	/WR00.MAP	217693	4
87fed37f3c	/WR01.MAP	210344	4
87fed37f3c	/WR01.MAP	210372	4
87fed37f3c	/WR01.MAP	210386	4
87fed37f3c	/WR02.MAP	212520	4
87fed37f3c	/WR02.MAP	212548	4
87fed37f3c	/WR02.MAP	212562	4
87fed37f3c	/WR10.MAP	210506	4
87fed37f3c	/WR10.MAP	210534	4
87fed37f3c	/WR10.MAP	210548	4
87fed37f3c	/WS00.MAP	79255	4
87fed37f3c	/WS00.MAP	79283	4
87fed37f3c	/WS00.MAP	79297	4
87fed37f3c	/WS01.MAP	78742	4
87fed37f3c	/WS01.MAP	78770	4
87fed37f3c	/WS01.MAP	78784	4
87fed37f3c	/WS10.MAP	79664	4
87fed37f3c	/WS10.MAP	79692	4
87fed37f3c	/WS10.MAP	79706	4
87fed37f3c	/WY00.MAP	215701	4
87fed37f3c	/WY00.MAP	215729	4
87fed37f3c	/WY00.MAP	215743	4
87fed37f3c	/WY00.MAP	217869	4
87fed37f3c	/WY00.MAP	229025	4
87fed37f3c	/WY01.MAP	208914	4
87fed37f3c	/WY01.MAP	208942	4
87fed37f3c	/WY01.MAP	208956	4
87fed37f3c	/WY02.MAP	210828	4
87fed37f3c	/WY02.MAP	210856	4
87fed37f3c	/WY02.MAP	210870	4
87fed37f3c	/ZM00.MAP	140740	4
87fed37f3c	/ZM00.MAP	140768	4
87fed37f3c	/ZM00.MAP	140782	4
87fed37f3c	/ZM01.MAP	137579	4
87fed37f3c	/ZM01.MAP	137607	4
87fed37f3c	/ZM01.MAP	137621	4
87ffb35bf4	/IG00.MAP	163243	53
8800c647a1	/DG10.MAP	90528	28
8805180195	/NJ10.MAP	132163	57
8808f8099d	/DS10.MAP	79378	49
8810d4b08a	/GM00.MAP	182814	76
881fa1262d	/AT20.MAP	88032	80
88297c4629	/HS00.MAP	71531	32
88345026ed	/NT20.MAP	143556	18
8838eb4b8b	/GB00.MAP	176166	22
883c72e5f1	/GT00.MAP	148373	22
88404a6e0c	/WAZAHELP.MSG	12856	58
88471657fc	/SK00.MAP	119874	55
884e440825	/DG10.MAP	89365	20
885e0e67fd	/GB00.MAP	181810	42
8868c0e46c	/IG01.MAP	154340	26
88717445ef	/WK00.MAP	106771	70
88742d30bf	/ITEMHELP.MSG	2760	96
887d33cd70	/NT20.MAP	144911	38
887d33cd70	/NT20.MAP	145184	38
88840b1341	/AT20.MAP	89105	16
8886573851	/OT00.MAP	178236	18
8886573851	/OT00.MAP	180040	18
88a35d7e3b	/GB00.MAP	185742	106
88bc5b1039	/MH00.MAP	163727	19
88bd8e38ef	/DG10.MAP	90318	27
88c14a9e9f	/WC00.MAP	222413	22
88c6c9baeb	/QH01.MAP	146409	14
88d7060e7e	/HL00.MAP	136195	18
88d7060e7e	/HL00.MAP	136282	18
88e00bb26e	/OT00.MAP	167116	53
88eb8ba76e	/ES00.MAP	75675	22
88f0ad7985	/OB00.MAP	155382	34
88f279b003	/DG10.MAP	89901	51
88f8951641	/ITEMHELP.MSG	11620	54
8907f7890d	/WC00.MAP	220343	108
89096714d2	/CK00.MAP	180522	41
8909755b89	/WC00.MAP	213009	30
890f1e7129	/KM00.MAP	146956	40
891a09c736	/MP00.MAP	192751	38
891cd7ee50	/OT00.MAP	171454	30
893592ea5e	/ZM00.MAP	143395	29
8938d3c50a	/KM00.MAP	158162	55
89425127f1	/QH00.MAP	148817	31
89439bf505	/CT20.MAP	169717	64
895df23cbf	/MP00.MAP	180596	18
8962bac2c8	/WR00.MAP	227002	40
8968c037ec	/BL00.MAP	126544	45
8968c037ec	/GM00.MAP	199158	45
8968c037ec	/MP00.MAP	180006	45
8968c037ec	/QH00.MAP	162730	45
8968c037ec	/TJ00.MAP	144252	45
8968c037ec	/TJ01.MAP	144252	45
8968c037ec	/TJ10.MAP	29964	45
8968c037ec	/TJ11.MAP	45092	45
8968c037ec	/TJ20.MAP	30008	45
8968c037ec	/TJ21.MAP	45144	45
8968c037ec	/TJ22.MAP	49052	45
8968c037ec	/TJ30.MAP	52599	45
8968c037ec	/TJ31.MAP	54655	45
8968c037ec	/TJ32.MAP	49015	45
8968c037ec	/ZM00.MAP	157952	45
896cdc167c	/AT00.MAP	187026	53
8970143370	/GM00.MAP	182110	69
897c21b2ff	/RT20.MAP	103784	53
897c21b2ff	/RT20.MAP	105653	53
898234ce44	/HL00.MAP	132415	40
8990853121	/WC00.MAP	227566	102
8990e3aab1	/WC00.MAP	206286	32
89982680b9	/KR00.MAP	109215	65
8999c2fb3c	/MP00.MAP	189209	65
899cecd097	/TM00.MAP	130358	23
899e4b2f02	/IZ00.MAP	60453	14
899e4b2f02	/IZ00.MAP	60746	14
89a28532cb	/WY00.MAP	234857	30
89aba86f16	/GB00.MAP	114037	6
89b9b08218	/AT10.MAP	45172	7
89bd27d1d4	/WR00.MAP	225137	25
89befd52c1	/KB00.MAP	55304	30
89befd52c1	/KB20.MAP	62717	30
89c74a12c5	/BOT5.MAP	28057	22
89cd41a332	/CT00.MAP	133684	6
89cd41a332	/CT10.MAP	123736	6
89cd41a332	/CT20.MAP	105460	6
89cf097668	/RT20.MAP	107071	30
89d300118e	/GM00.MAP	197867	51
89d3d4d4e7	/IG00.MAP	158219	59
89dc767bde	/KS00.MAP	173387	57
89e48d3c63	/GM00.MAP	196216	43
89e7c788ab	/BOT3.MAP	27618	10
89edb75a27	/GM00.MAP	196865	41
89f59a5a93	/KB20.MAP	61785	32
89f87f7fe5	/AT00.MAP	189784	69
8a01b2f983	/WS01.MAP	80013	73
8a0fd797d6	/NT00.MAP	62691	96
8a1d959786	/WR00.MAP	229742	22
8a20c51240	/CT10.MAP	188395	35
8a20c51240	/CT10.MAP	188700	35
8a20c51240	/CT10.MAP	188805	35
8a20c51240	/CT10.MAP	188880	35
8a20c51240	/CT10.MAP	189234	35
8a20c51240	/CT10.MAP	189538	35
8a20c51240	/CT10.MAP	189622	35
8a20c51240	/CT10.MAP	189875	35
8a20c51240	/CT10.MAP	191431	35
8a20c51240	/CT10.MAP	191968	35
8a20c51240	/CT10.MAP	192043	35
8a20c51240	/CT10.MAP	193190	35
8a20c51240	/CT10.MAP	193494	35
8a20c51240	/CT10.MAP	193570	35
8a20c51240	/DG21.MAP	97842	35
8a20c51240	/DG21.MAP	98514	35
8a20c51240	/DG21.MAP	98726	35
8a20c51240	/NT31.MAP	137949	35
8a20c51240	/NT31.MAP	138140	35
8a20c51240	/RT20.MAP	102170	35
8a20c51240	/RT20.MAP	102344	35
8a20c51240	/RT20.MAP	102678	35
8a20c51240	/RT20.MAP	102761	35
8a20c51240	/RT20.MAP	102886	35
8a20c51240	/RT20.MAP	103007	35
8a20c51240	/RT20.MAP	103072	35
8a20c51240	/RT20.MAP	103143	35
8a20c51240	/RT20.MAP	103225	35
8a20c51240	/RT20.MAP	103331	35
8a20c51240	/RT20.MAP	103437	35
8a20c51240	/RT20.MAP	103502	35
8a20c51240	/RT20.MAP	103911	35
8a20c51240	/RT20.MAP	104173	35
8a20c51240	/RT20.MAP	104347	35
8a20c51240	/RT20.MAP	104681	35
8a20c51240	/RT20.MAP	105174	35
8a20c51240	/RT20.MAP	105249	35
8a20c51240	/RT20.MAP	105402	35
8a20c51240	/RT20.MAP	105780	35
8a20c51240	/RT20.MAP	105868	35
8a20c51240	/RT20.MAP	105949	35
8a20c51240	/RT20.MAP	106138	35
8a20c51240	/RT20.MAP	106205	35
8a20c51240	/RT20.MAP	106481	35
8a20c51240	/RT20.MAP	106555	35
8a20c51240	/RT20.MAP	106726	35
8a20c51240	/RT20.MAP	106793	35
8a20c51240	/RT20.MAP	107035	35
8a20c51240	/RT20.MAP	107102	35
8a20c51240	/RT20.MAP	107200	35
8a20c51240	/RT20.MAP	107433	35
8a20c51240	/RT20.MAP	107539	35
8a20c51240	/RT20.MAP	107731	35
8a20c51240	/RT20.MAP	107836	35
8a20c51240	/RT20.MAP	108021	35
8a20c51240	/RT20.MAP	108109	35
8a20c51240	/RT20.MAP	108230	35
8a20c51240	/RT20.MAP	108302	35
8a20c51240	/RT20.MAP	108396	35
8a20c51240	/RT20.MAP	108492	35
8a20c51240	/RT20.MAP	108539	35
8a20c51240	/RT20.MAP	108608	35
8a20c51240	/RT20.MAP	108704	35
8a20c51240	/RT20.MAP	108786	35
8a20c51240	/RT20.MAP	108877	35
8a20c51240	/RT20.MAP	108967	35
8a20c51240	/RT20.MAP	109057	35
8a20c51240	/RT20.MAP	112017	35
8a20c51240	/RT20.MAP	112125	35
8a20c51240	/RT20.MAP	112196	35
8a20c51240	/RT20.MAP	112269	35
8a20c51240	/RT20.MAP	112349	35
8a20c51240	/RT20.MAP	112480	35
8a20c51240	/RT20.MAP	112592	35
8a20c51240	/RT20.MAP	112694	35
8a20c51240	/RT20.MAP	112790	35
8a20c51240	/RT20.MAP	112863	35
8a20c51240	/RT20.MAP	112934	35
8a20c51240	/RT20.MAP	113046	35
8a20c51240	/RT20.MAP	113144	35
8a20c51240	/RT20.MAP	113287	35
8a20c51240	/RT20.MAP	113377	35
8a20c51240	/RT20.MAP	113471	35
8a20c51240	/RT20.MAP	113571	35
8a20c51240	/RT20.MAP	113659	35
8a20c51240	/RT20.MAP	113782	35
8a20c51240	/RT20.MAP	113854	35
8a20c51240	/RT20.MAP	113948	35
8a20c51240	/RT20.MAP	114044	35
8a20c51240	/RT20.MAP	114091	35
8a20c51240	/RT20.MAP	114160	35
8a20c51240	/RT20.MAP	114256	35
8a20c51240	/RT20.MAP	114338	35
8a20c51240	/RT20.MAP	114429	35
8a20c51240	/RT20.MAP	114519	35
8a20c51240	/RT20.MAP	114609	35
8a34419c66	/IP00.MAP	157454	59
8a37c56a83	/KM00.MAP	148205	18
8a37c56a83	/KM10.MAP	48790	18
8a38b9642f	/NJ00.MAP	158717	67
8a4013bd15	/DIARY.MSG	5700	232
8a513b0a34	/DL00.MAP	121816	38
8a549f60e6	/KD00.MAP	163059	47
8a590e95c1	/KM00.MAP	165306	35
8a5b249dfe	/ITEMHELP.MSG	2604	70
8a5bc7636e	/BL00.MAP	125295	25
8a5bc7636e	/ZM00.MAP	156657	25
8a6b06ceaa	/WY00.MAP	218554	61
8a799bfb87	/ZM01.MAP	139749	32
8a7c9b2e11	/OT00.MAP	177650	51
8a832cced7	/JG00.MAP	142592	24
8a8c119dca	/MH00.MAP	167064	32
8a96a23595	/MP00.MAP	190311	75
8ab7d817ce	/RT20.MAP	120602	82
8ace3b3db9	/IP00.MAP	157138	63
8acf32cfbf	/DS00.MAP	84777	59
8acf902ef5	/TM00.MAP	131451	92
8ad2a88b95	/CT00.MAP	164980	49
8ad581b941	/DL00.MAP	122083	53
8af01453b9	/KM00.MAP	148689	20
8af691e1c4	/GT10.MAP	48357	43
8af691e1c4	/GT10.MAP	48994	43
8afa985b37	/AT00.MAP	181349	14
8afb0a6a3c	/CT20.MAP	174125	49
8aff271618	/ES00.MAP	75559	84
8b081a7821	/JG00.MAP	132019	26
8b097bdc56	/CT10.MAP	189574	47
8b1754485e	/IG10.MAP	157261	65
8b20e17582	/GB00.MAP	185619	90
8b2150d3ef	/IZ00.MAP	60182	78
8b23c6ca7a	/KM10.MAP	56482	51
8b2c1bc075	/NJ10.MAP	129650	28
8b38ca8ebb	/WAZAHELP.MSG	4388	28
8b46e4fc30	/CK00.MAP	166644	16
8b50e0ab92	/IG00.MAP	161449	53
8b5dda8d7e	/KR00.MAP	100580	14
8b6363f61d	/WY00.MAP	235831	22
8b65720998	/WR00.MAP	239846	38
8b6baf4343	/RT20.MAP	105005	18
8b6eacbec9	/NT00.MAP	61353	16
8b73cf5495	/WAZAHELP.MSG	2572	46
8b74be67ae	/DS00.MAP	83769	22
8b78daac72	/ZM00.MAP	147189	47
8b824576bc	/KM00.MAP	149063	41
8b879757e8	/KR00.MAP	103030	37
8b92b379c6	/WC00.MAP	228556	49
8b9c26b9d1	/DG00.MAP	136857	45
8b9ca20575	/GM00.MAP	200931	10
8ba63b27c7	/KR00.MAP	94431	30
8ba63b27c7	/ZM00.MAP	156290	30
8ba640a91a	/IP00.MAP	163613	59
8ba89d0444	/IP00.MAP	162482	67
8bad231c99	/KM10.MAP	47903	26
8bb3cff3f1	/DG10.MAP	90234	51
8bb4647e25	/KM10.MAP	48250	10
8bc63330d6	/MK00.MAP	150036	63
8bc6e380b6	/DG00.MAP	136098	12
8bc94d9576	/IG00.MAP	168673	29
8bcd8fca23	/CK00.MAP	171034	63
8bd58de4b7	/SK00.MAP	120799	66
8bd8918cba	/GM00.MAP	197292	33
8be59c1eae	/MH00.MAP	177911	57
8bfbc349bb	/NT10.MAP	132765	36
8bff588c68	/IG10.MAP	159166	80
8bffae910e	/IY00.MAP	122196	56
8bffae910e	/IY00.MAP	122544	56
8c1375469c	/NZ00.MAP	121559	82
8c20272db9	/BL00.MAP	124932	18
8c20272db9	/ZM00.MAP	155721	18
8c293c9935	/ZM00.MAP	147349	53
8c3438dc4e	/ITEMHELP.MSG	6496	60
8c41806e08	/MP00.MAP	178528	20
8c49e94779	/IG00.MAP	170082	23
8c62be084e	/ZM00.MAP	148581	47
8c64826050	/WY00.MAP	229441	45
8c6e7c8524	/KM01.MAP	141230	67
8c755fdab6	/WAZAHELP.MSG	6412	54
8c7d989aba	/KD00.MAP	162586	41
8c7dd00c36	/KM00.MAP	146351	27
8c808d4e04	/GT20.MAP	141073	18
8c808d4e04	/JG00.MAP	133369	18
8c808d4e04	/OB00.MAP	154681	18
8c808d4e04	/QH00.MAP	160512	18
8c860ccfd9	/GT10.MAP	51524	28
8c8d86e89a	/DG21.MAP	99128	115
8c8d9eb6b7	/HS00.MAP	71126	69
8c992b3f73	/MP00.MAP	179658	57
8ca0f89a15	/KZ00.MAP	172443	69
8ca1bb612d	/AT20.MAP	81964	40
8ca3a41dcb	/JG00.MAP	133028	30
8cadfa251a	/MH00.MAP	180038	61
8cb1691a49	/KM00.MAP	151138	36
8cc0786e81	/KR00.MAP	105171	63
8cc1c8b85a	/GB00.MAP	172681	36
8ce2a82ce7	/WR02.MAP	218714	57
8ce2abc120	/CT00.MAP	34372	16
8ce31346fd	/IZ00.MAP	58340	88
8ce80723c0	/WR02.MAP	217380	49
8ce95e468e	/AT10.MAP	165796	34
8cf44db4aa	/KK00.MAP	131972	42
8cf44db4aa	/KK01.MAP	130567	42
8cf9f1c55f	/HL10.MAP	95037	67
8cfe23ae0b	/DIARY.MSG	11124	159
8d000a0ee3	/WAZAHELP.MSG	4932	24
8d03ec20a9	/SK00.MAP	116651	29
8d13e04cea	/OT00.MAP	171701	65
8d16a65d52	/KS00.MAP	169018	65
8d24aadd12	/CT20.MAP	174207	36
8d2d938eba	/AT00.MAP	189587	55
8d33832664	/CK00.MAP	162386	49
8d382c9516	/KM10.MAP	54517	55
8d42420932	/WR00.MAP	228895	63
8d46119145	/WR00.MAP	241289	102
8d4749673c	/GT10.MAP	48902	53
8d512d0f8c	/AT00.MAP	183819	47
8d5b2673be	/MH00.MAP	169065	36
8d5b2673be	/MH00.MAP	171704	36
8d6282af82	/IG00.MAP	170505	18
8d6fe678de	/MK00.MAP	149278	49
8d6fed3aec	/HS00.MAP	74641	31
8d74f4d606	/WR00.MAP	233590	34
8d7d40053a	/ES00.MAP	76882	26
8d7d40053a	/ES10.MAP	78223	26
8d8871cc66	/GT00.MAP	148428	22
8d8e37a04d	/WR00.MAP	230111	30
8d92989f50	/SB00.MAP	72467	26
8d95a04b56	/IP10.MAP	135747	74
8d96b060ce	/WY00.MAP	223894	74
8d9c94ab18	/KR00.MAP	93785	41
8daf1c4fff	/WK00.MAP	105778	51
8db6e393a9	/GM00.MAP	179516	51
8dbf1a4312	/OT10.MAP	163342	26
8dbf1a4312	/OT10.MAP	163526	26
8dcd3666d7	/OT00.MAP	170549	26
8dd1c6cf8c	/WK00.MAP	106208	36
8dd9d003d5	/WR00.MAP	222225	40
8dde1959e0	/KD00.MAP	164889	43
8de2d9874a	/CK00.MAP	162924	42
8de6c2698a	/MP00.MAP	186924	57
8de9591f02	/DG10.MAP	77122	10
8de9591f02	/DG10.MAP	79366	10
8deab36bf6	/BL00.MAP	127941	34
8df2f627cb	/ITEMHELP.MSG	6792	20
8df4e838ae	/DG21.MAP	96256	119
8e02323abe	/JG00.MAP	141712	8
8e051655ee	/OT00.MAP	168769	51
8e051655ee	/OT01.MAP	169507	51
8e0d6f9cd8	/AT20.MAP	84146	25
8e0f1d0f40	/NT31.MAP	137681	6
8e0f1d0f40	/NT31.MAP	137985	6
8e130290c4	/MP00.MAP	179751	22
8e14f13c1a	/IG01.MAP	154543	121
8e3c2e4192	/WR02.MAP	218211	20
8e4128ab35	/ZM00.MAP	157750	57
8e4308f18c	/WAZAHELP.MSG	4808	32
8e465ea898	/AT00.MAP	173465	63
8e48881d98	/CK00.MAP	163936	246
8e4b2d2488	/WS00.MAP	79843	22
8e52d29367	/NJ10.MAP	132426	32
8e5f2ad6a3	/GM00.MAP	204971	45
8e60679157	/WY00.MAP	233995	55
8e6426c11e	/WY00.MAP	226303	59
8e6d236be6	/WR00.MAP	230019	49
8e719b2ee1	/KM00.MAP	162548	30
8e719b2ee1	/KM00.MAP	164546	30
8e74220b19	/JG00.MAP	132594	30
8e78e4842d	/NJ10.MAP	128782	43
8e7c977ba9	/IZ00.MAP	55643	84
8e895665d5	/KM00.MAP	152716	43
8e8ab32386	/WY00.MAP	216790	70
8e99f5803d	/KM00.MAP	162815	33
8e99f5803d	/KM00.MAP	164813	33
8e9aef1e8f	/IG10.MAP	157358	32
8e9cc7725a	/GB00.MAP	197069	36
8ea2ec414a	/SK00.MAP	116104	33
8ea8aaa2bf	/IG00.MAP	180850	45
8eaf215f21	/IP10.MAP	137175	45
8eb52886e2	/WR00.MAP	223695	53
8eb76aaf3b	/WC00.MAP	223535	84
8ebf7c7e38	/WY00.MAP	220729	73
8ec854c331	/GM00.MAP	197461	35
8ee048aa15	/OT00.MAP	175688	31
8ee048aa15	/OT00.MAP	176192	31
8ee3515176	/KR00.MAP	99757	53
8ee9246df0	/OT01.MAP	168883	55
8eeb5ac3c4	/HL00.MAP	129115	28
8ef118354c	/WC00.MAP	219425	55
8ef27fbef1	/GT20.MAP	141610	32
8efa51a6de	/IP10.MAP	135997	65
8f002aa1a4	/GM00.MAP	185104	65
8f09386a3b	/WR10.MAP	210774	68
8f136238f4	/NJ00.MAP	157102	45
8f15b3462b	/WAZAHELP.MSG	9776	62
8f16f6dac5	/NT30.MAP	104573	41
8f19625525	/GB00.MAP	188401	59
8f19625525	/GB00.MAP	190955	59
8f228194c6	/KM00.MAP	148710	31
8f24aff9dd	/CT20.MAP	167845	51
8f3a3592d5	/WC00.MAP	230654	67
8f3abedc70	/GM00.MAP	187562	57
8f3f58dafd	/GB00.MAP	172413	49
8f4b305aca	/CK00.MAP	161668	63
8f5630077a	/IZ00.MAP	63334	49
8f5916a198	/OB00.MAP	152050	69
8f5b1f80f2	/WAZAHELP.MSG	6468	42
8f5e4a45fd	/HS10.MAP	182175	63
8f626e6324	/IP10.MAP	136753	40
8f6aecbea1	/IP10.MAP	137389	43
8f6ca0bd32	/NJ10.MAP	129373	22
8f6f7e17af	/IZ00.MAP	52064	30
8f77f044bc	/GB00.MAP	173792	34
8f8a1d1242	/MP00.MAP	190877	49
8f8add72a2	/CK00.MAP	174637	38
8f9b9d5368	/CK00.MAP	175560	61
8fa0a3363a	/IG00.MAP	173562	108
8fa22819bc	/WAZAHELP.MSG	9012	34
8fa68b29be	/KS00.MAP	18868	16
8faf6e34c8	/BOT4.MAP	28578	24
8fb5b92282	/KK00.MAP	130499	14
8fb9a0d387	/GB00.MAP	177615	45
8fb9fb37d4	/WY00.MAP	228036	90
8fbe3bfdf6	/NJ00.MAP	155420	49
8fcb9aa815	/NJ10.MAP	135761	108
8fe324b627	/GB00.MAP	182648	63
8fefbcbbec	/RT20.MAP	120716	78
8ff57432d7	/JG00.MAP	142300	84
8ff5b9d118	/KM00.MAP	165790	21
8ff5dced95	/NT20.MAP	150644	59
90025ab210	/OT00.MAP	174857	23
90025ab210	/OT00.MAP	176988	23
9006bc77c5	/HL10.MAP	99753	41
9008da41c7	/AT00.MAP	184994	34
900fac3c36	/IZ00.MAP	49923	14
90104aa533	/NJ00.MAP	156781	20
901c88e44e	/WC00.MAP	207923	69
901f6606f0	/AT00.MAP	194567	72
902a321307	/MP00.MAP	192667	51
902aeb7bbf	/QH00.MAP	160894	61
902b22d2c6	/KM00.MAP	154534	73
903168660a	/CT20.MAP	172809	49
903367427c	/OT01.MAP	163869	94
9038276c91	/NJ00.MAP	159479	26
9048873944	/FIR0.MAP	95649	14
9048873944	/FIR3.MAP	108509	14
904b9a2ac0	/OB00.MAP	155232	36
90613b80bf	/KR00.MAP	110139	65
9063779346	/GM00.MAP	196495	47
906bdbcf5a	/HS00.MAP	72237	51
9092ae8bf8	/NJ00.MAP	159324	73
9092cd0b2f	/WAZAHELP.MSG	4960	34
909453f702	/IS10.MAP	58762	47
909cf59bbd	/MP00.MAP	189982	61
90a12d8566	/KM10.MAP	55008	30
90a33a296c	/RT20.MAP	119900	84
90acde1079	/GM00.MAP	204277	94
90b7248dcf	/GT20.MAP	139185	26
90b7248dcf	/GT20.MAP	139483	26
90b7248dcf	/NT21.MAP	131890	26
90b7248dcf	/NT21.MAP	132178	26
90b7248dcf	/RT30.MAP	138695	26
90b7248dcf	/RT30.MAP	138974	26
90ba466a4f	/WS00.MAP	79509	36
90bae9ecaa	/WC00.MAP	229738	14
90c3d83123	/QH01.MAP	147490	6
90c7ada266	/KM10.MAP	50358	51
90d3dedc92	/IG01.MAP	154984	51
90e403c600	/HL10.MAP	96653	83
90f1066e3a	/WAZAHELP.MSG	8568	93
91017b9da8	/AT20.MAP	88323	38
91017b9da8	/AT20.MAP	88602	38
9102909b03	/KR00.MAP	95639	67
9103a53d3f	/GM00.MAP	199715	57
9103b93137	/WR00.MAP	226332	20
9106158636	/IG00.MAP	164551	74
9108c595bb	/JG00.MAP	138330	67
910cc97a44	/CT10.MAP	188346	37
910cc97a44	/CT10.MAP	188618	37
910cc97a44	/CT10.MAP	188964	37
910cc97a44	/CT10.MAP	189062	37
910cc97a44	/CT10.MAP	189344	37
910cc97a44	/CT10.MAP	189432	37
910cc97a44	/CT10.MAP	189796	37
910cc97a44	/CT10.MAP	191349	37
910cc97a44	/CT10.MAP	192127	37
910cc97a44	/CT10.MAP	192225	37
910cc97a44	/CT10.MAP	193300	37
910cc97a44	/CT10.MAP	193388	37
910cc97a44	/DG21.MAP	97711	37
910cc97a44	/DG21.MAP	98098	37
910cc97a44	/DG21.MAP	98239	37
910cc97a44	/DG21.MAP	98457	37
910cc97a44	/DG21.MAP	98624	37
910cc97a44	/DG21.MAP	98844	37
910cc97a44	/DG21.MAP	99407	37
910cc97a44	/DG21.MAP	99472	37
910cc97a44	/GT10.MAP	46206	37
910cc97a44	/GT10.MAP	46420	37
910cc97a44	/GT10.MAP	46594	37
910cc97a44	/GT10.MAP	46744	37
910cc97a44	/GT10.MAP	46822	37
910cc97a44	/GT10.MAP	47032	37
910cc97a44	/GT10.MAP	47201	37
910cc97a44	/GT10.MAP	47351	37
910cc97a44	/GT10.MAP	47487	37
910cc97a44	/GT10.MAP	47689	37
910cc97a44	/GT10.MAP	47863	37
910cc97a44	/GT10.MAP	47940	37
910cc97a44	/GT10.MAP	48149	37
910cc97a44	/GT10.MAP	48319	37
910cc97a44	/GT10.MAP	48482	37
910cc97a44	/GT10.MAP	48637	37
910cc97a44	/GT10.MAP	48714	37
910cc97a44	/GT10.MAP	48818	37
910cc97a44	/GT10.MAP	48956	37
910cc97a44	/GT10.MAP	49125	37
910cc97a44	/GT10.MAP	49296	37
910cc97a44	/GT10.MAP	49373	37
910cc97a44	/GT10.MAP	49477	37
910cc97a44	/GT10.MAP	49588	37
910cc97a44	/GT10.MAP	49742	37
910cc97a44	/GT10.MAP	49924	37
910cc97a44	/GT10.MAP	50001	37
910cc97a44	/GT10.MAP	50105	37
910cc97a44	/GT10.MAP	50301	37
910cc97a44	/GT10.MAP	50513	37
910cc97a44	/GT10.MAP	50691	37
910cc97a44	/GT10.MAP	50768	37
910cc97a44	/GT10.MAP	50872	37
910cc97a44	/GT10.MAP	50986	37
910cc97a44	/GT10.MAP	51177	37
910cc97a44	/GT10.MAP	51234	37
910cc97a44	/GT10.MAP	51346	37
910cc97a44	/GT10.MAP	51411	37
910cc97a44	/GT10.MAP	51486	37
910cc97a44	/GT10.MAP	51553	37
910cc97a44	/GT20.MAP	139544	37
910cc97a44	/GT20.MAP	139623	37
910cc97a44	/GT20.MAP	139686	37
910cc97a44	/GT20.MAP	139909	37
910cc97a44	/GT20.MAP	140024	37
910cc97a44	/NT20.MAP	143792	37
910cc97a44	/NT20.MAP	143898	37
910cc97a44	/NT20.MAP	144007	37
910cc97a44	/NT20.MAP	144119	37
910cc97a44	/NT20.MAP	144209	37
910cc97a44	/NT20.MAP	145223	37
910cc97a44	/NT20.MAP	145442	37
910cc97a44	/NT20.MAP	145552	37
910cc97a44	/NT20.MAP	145611	37
910cc97a44	/NT20.MAP	145686	37
910cc97a44	/NT20.MAP	145819	37
910cc97a44	/NT20.MAP	145954	37
910cc97a44	/NT20.MAP	146181	37
910cc97a44	/NT20.MAP	146273	37
910cc97a44	/NT20.MAP	146344	37
910cc97a44	/NT20.MAP	146521	37
910cc97a44	/NT20.MAP	146596	37
910cc97a44	/NT20.MAP	146645	37
910cc97a44	/NT20.MAP	146729	37
910cc97a44	/NT20.MAP	146999	37
910cc97a44	/NT20.MAP	147068	37
910cc97a44	/NT20.MAP	147229	37
910cc97a44	/NT20.MAP	147321	37
910cc97a44	/NT20.MAP	147423	37
910cc97a44	/NT20.MAP	147550	37
910cc97a44	/NT20.MAP	147697	37
910cc97a44	/NT20.MAP	148257	37
910cc97a44	/NT20.MAP	148508	37
910cc97a44	/NT20.MAP	148721	37
910cc97a44	/NT20.MAP	148825	37
910cc97a44	/NT21.MAP	130737	37
910cc97a44	/NT21.MAP	130980	37
910cc97a44	/NT21.MAP	131188	37
910cc97a44	/NT21.MAP	131690	37
910cc97a44	/NT30.MAP	102636	37
910cc97a44	/NT30.MAP	102807	37
910cc97a44	/NT30.MAP	102895	37
910cc97a44	/NT30.MAP	103066	37
910cc97a44	/NT30.MAP	103160	37
910cc97a44	/NT30.MAP	103347	37
910cc97a44	/NT30.MAP	103520	37
910cc97a44	/NT30.MAP	103604	37
910cc97a44	/NT30.MAP	103706	37
910cc97a44	/NT30.MAP	103889	37
910cc97a44	/NT30.MAP	103964	37
910cc97a44	/NT30.MAP	104062	37
910cc97a44	/NT30.MAP	104127	37
910cc97a44	/NT30.MAP	104246	37
910cc97a44	/NT30.MAP	104350	37
910cc97a44	/NT30.MAP	104502	37
910cc97a44	/NT30.MAP	104718	37
910cc97a44	/NT30.MAP	104783	37
910cc97a44	/NT30.MAP	104933	37
910cc97a44	/NT30.MAP	105008	37
910cc97a44	/NT30.MAP	105214	37
910cc97a44	/NT30.MAP	105291	37
910cc97a44	/NT30.MAP	105399	37
910cc97a44	/NT30.MAP	105660	37
910cc97a44	/NT30.MAP	105752	37
910cc97a44	/NT30.MAP	105833	37
910cc97a44	/NT30.MAP	105914	37
910cc97a44	/NT30.MAP	106016	37
910cc97a44	/NT30.MAP	106134	37
910cc97a44	/NT30.MAP	106250	37
910cc97a44	/NT30.MAP	106452	37
910cc97a44	/NT30.MAP	106525	37
910cc97a44	/NT30.MAP	106633	37
910cc97a44	/NT30.MAP	106733	37
910cc97a44	/NT30.MAP	106792	37
910cc97a44	/NT30.MAP	106905	37
910cc97a44	/NT30.MAP	106974	37
910cc97a44	/NT30.MAP	107153	37
910cc97a44	/NT30.MAP	107241	37
910cc97a44	/NT30.MAP	107337	37
910cc97a44	/NT30.MAP	107386	37
910cc97a44	/NT31.MAP	137643	37
910cc97a44	/NT31.MAP	137817	37
910cc97a44	/NT31.MAP	138193	37
910cc97a44	/NT31.MAP	138507	37
91198d8a9b	/SK10.MAP	45985	36
91198d8a9b	/SK10.MAP	59509	36
911b232bc7	/MP00.MAP	196947	38
911dda9c9c	/GB00.MAP	180709	77
911fdae690	/BOT5.MAP	27475	37
9129aed8b0	/FIR1.MAP	134926	12
9129aed8b0	/FIR2.MAP	114760	12
913946b64e	/IP00.MAP	163864	49
913eb12928	/ITEMHELP.MSG	1212	42
913ec0f6f5	/HS10.MAP	183447	55
913f685937	/JG00.MAP	139581	20
91421fcddc	/CK00.MAP	175893	24
914906b011	/IP00.MAP	160730	53
914cba5fff	/IG00.MAP	181603	36
914d50f6a4	/CK00.MAP	175253	47
91543ed8a0	/SK00.MAP	115771	49
915711ec9f	/BL00.MAP	125321	37
915711ec9f	/ZM00.MAP	156683	37
9159676781	/AT00.MAP	180548	47
916611f2f7	/IZ00.MAP	60946	41
916c345e81	/IS10.MAP	61147	47
91743133d4	/RT20.MAP	102122	47
91743133d4	/RT20.MAP	104125	47
917db5dc6c	/AT20.MAP	81734	12
917e94746a	/DIARY.MSG	6516	197
917fe5a8af	/AT00.MAP	178966	38
918896e3ec	/CK00.MAP	171886	40
91992a6d96	/MP00.MAP	187090	8
919a5c1e64	/CK00.MAP	167956	51
919fcacfcb	/OT00.MAP	172730	49
91a258a8a6	/CT10.MAP	187248	53
91a258a8a6	/CT10.MAP	187902	53
91a7b5ab95	/GM00.MAP	175008	49
91b2483066	/CK00.MAP	178458	55
91b5d976c0	/OT00.MAP	180883	45
91c2ea5246	/IG00.MAP	171546	10
91d39d5a5d	/ITEMHELP.MSG	9936	58
91db5a3655	/KM10.MAP	53767	20
91de60c0cb	/WC00.MAP	211465	57
91ec1a0708	/KR00.MAP	100179	33
9208e9d455	/CK00.MAP	166595	6
921524d38a	/QH00.MAP	79002	16
921524d38a	/QH01.MAP	79002	16
922451420c	/CT10.MAP	190585	26
922879e72b	/WY02.MAP	217417	43
922b67086f	/NJ10.MAP	134347	84
9239a4698a	/KR00.MAP	98719	53
923a1d2f19	/AT00.MAP	190692	84
923d0914d3	/AT00.MAP	176185	12
9242724070	/GB00.MAP	189409	49
9242724070	/GB00.MAP	190220	49
9256910b3b	/CK00.MAP	165671	55
92580764a6	/JG00.MAP	131694	55
925e31d21c	/IG00.MAP	164037	77
92644593d7	/OT01.MAP	169281	49
92657855fe	/IG10.MAP	155068	30
926cc34f4f	/IZ00.MAP	65558	26
926dc4d4f8	/CT20.MAP	168031	42
926dc4d4f8	/MK00.MAP	147304	42
92826d9609	/STATHELP.MAT	348	314
9283927112	/KEYHELP.MAT	2072	77
9286effa42	/MH00.MAP	175126	59
9287f8eab0	/ES01.MAP	76113	30
928e7701ad	/ZM01.MAP	145751	69
928fc1bb7f	/NZ10.MAP	112240	26
928fc1bb7f	/RT20.MAP	117755	26
929043877a	/IG01.MAP	155718	65
9290dd198a	/GB00.MAP	191985	71
9290dd198a	/GB00.MAP	193432	71
929287d636	/KM10.MAP	56375	22
9294900b3e	/IZ00.MAP	57776	55
92a3aa8887	/DG10.MAP	92752	14
92a3aa8887	/KM00.MAP	162880	14
92a3aa8887	/KM00.MAP	164878	14
92b0e8261a	/RT20.MAP	110483	45
92b5d39d7f	/GB00.MAP	183756	59
92bc81f8e7	/WC00.MAP	222220	40
92c57ed5f8	/KR00.MAP	110944	63
92c95b07eb	/GM00.MAP	176462	94
92d3fb1cf1	/KR00.MAP	94462	46
92d3fb1cf1	/ZM00.MAP	156321	46
92d6ef5597	/IG00.MAP	173109	73
92f139dc0f	/SK10.MAP	93246	53
92f31f0ea4	/HS10.MAP	46406	8
92fc3e82a0	/WC00.MAP	225341	57
9308b79718	/KM00.MAP	154801	40
931113cba8	/CK00.MAP	173137	18
93218ab51b	/TJ70.MAP	52870	77
93218ab51b	/TJ71.MAP	54830	77
93218ab51b	/TJ72.MAP	49286	77
93318de3e9	/MH00.MAP	162548	49
9333575ff0	/IG01.MAP	154704	67
9342a8116d	/ITEMHELP.MSG	4780	38
93458263d0	/MH00.MAP	177396	55
9352ed36f3	/IZ00.MAP	56922	26
9357187a9e	/GM00.MAP	196964	34
9369e7934b	/GB00.MAP	173125	26
936ddbaf0e	/GM00.MAP	177811	75
9379f0a872	/OT00.MAP	178279	12
9379f0a872	/OT00.MAP	180083	12
937bd20b1d	/MH00.MAP	176615	86
937f5a111b	/KK00.MAP	134328	28
938077ce16	/SK10.MAP	93885	41
9381773891	/MH00.MAP	182989	75
938fa406d6	/GM00.MAP	181301	45
939223496b	/WK00.MAP	107658	81
93922896a4	/OT00.MAP	171103	39
9396ec79a4	/OT01.MAP	168513	33
93983983f7	/WY00.MAP	222894	38
93983983f7	/WY00.MAP	224930	38
939c3a9017	/KK00.MAP	130514	49
939d11dcbc	/KD00.MAP	165449	26
939d11dcbc	/KD00.MAP	166756	26
939d11dcbc	/KD00.MAP	168075	26
93a15af114	/ITEMHELP.MSG	3816	46
93a40debad	/ZM00.MAP	151328	71
93acf4579b	/IG00.MAP	160847	55
93b33c8932	/CK00.MAP	170314	20
93b60f155b	/KR00.MAP	107047	55
93b94b8727	/KR00.MAP	105655	36
93b9baf0f8	/ZM00.MAP	145949	84
93bc632e29	/CK00.MAP	172150	30
93ca1239e4	/ZM01.MAP	145005	61
93d23d1f49	/IZ00.MAP	59992	69
93f03920fe	/NT20.MAP	150539	73
93f054dd07	/IG00.MAP	171499	46
93f248fa9a	/SK00.MAP	116585	34
94022f4b92	/CT00.MAP	33764	16
94022f4b92	/CT10.MAP	39892	16
940b46a24a	/HL00.MAP	132264	53
940b585f05	/GB00.MAP	178428	55
94198548ab	/JG01.MAP	125487	38
942d037e49	/IZ00.MAP	58807	16
942d037e49	/IZ00.MAP	59481	16
942ed3e98b	/CK00.MAP	177706	57
943ed857b9	/NT00.MAP	60597	43
94455650e9	/DG10.MAP	89816	53
944d6aaea8	/MP00.MAP	192479	57
944fca65e8	/WR00.MAP	229083	49
945bd335bc	/MH00.MAP	177698	76
945fd358df	/NT20.MAP	144247	47
9462eb665c	/GB00.MAP	176679	55
94648987df	/IS00.MAP	161885	53
9479040bcb	/MH00.MAP	160740	65
9481c20d6f	/KR00.MAP	101087	26
9483be8fe4	/GM00.MAP	201942	10
948431abc6	/CT10.MAP	189100	32
948431abc6	/CT10.MAP	192263	32
94843d2fcb	/AT00.MAP	176081	71
948ea35484	/SK10.MAP	42325	20
948fa809fe	/MP00.MAP	180516	25
949c75de4c	/GM00.MAP	197497	23
94a0af45f4	/GT20.MAP	140175	14
94a2b98c5f	/KR00.MAP	99216	53
94a47bdb8b	/AT00.MAP	177873	59
94b21ddef1	/SS00.MAP	69856	34
94b21ddef1	/SS10.MAP	69903	34
94cbdd8896	/DG00.MAP	135558	43
94dcb67763	/ES01.MAP	74970	67
94e3959c3c	/DG21.MAP	99899	113
94ea0ca655	/WC00.MAP	207376	49
94eee1532c	/NT20.MAP	146559	36
94f5459700	/IG00.MAP	168735	38
94f6c4a872	/BL00.MAP	126113	37
94f6c4a872	/OT00.MAP	167816	37
94f7d0b656	/WC00.MAP	207565	32
94f81720da	/MP00.MAP	195084	22
94fa1a2742	/FIR3.MAP	107832	26
9507e0480d	/WR00.MAP	235758	47
950ba59420	/AT00.MAP	185110	67
950dc86b88	/IP00.MAP	162866	57
9515cd5ae2	/WY00.MAP	216211	41
951ab4442f	/WAZAHELP.MSG	11836	62
952200fd09	/GB00.MAP	180250	14
952eafd2cf	/IS00.MAP	162911	24
9531711824	/CT00.MAP	164781	53
9534932c19	/CT00.MAP	96958	12
9534932c19	/CT10.MAP	90538	12
9534932c19	/CT20.MAP	72262	12
95371f26d5	/WC00.MAP	219078	24
9537d65bb7	/CT10.MAP	194174	32
953c1adeb9	/GT10.MAP	51080	14
9540f0bb5b	/ZM00.MAP	150412	47
954c252ebb	/ES01.MAP	77194	49
954c252ebb	/WS01.MAP	82368	49
955a47d986	/GM00.MAP	196907	27
955aa7d5bc	/CK00.MAP	170869	36
9562f378b2	/CK00.MAP	161803	33
9562f378b2	/MH00.MAP	164534	33
95863a3ea4	/KR00.MAP	94011	37
95863a3ea4	/ZM00.MAP	155406	37
95a1d2d74e	/AT20.MAP	84595	53
95ab259e3e	/DS00.MAP	86046	41
95b2e66a04	/WC00.MAP	207203	74
95c244eba1	/RT20.MAP	111136	49
95ce8a7427	/HY00.MAP	132349	32
95d4e448e7	/NT20.MAP	152260	41
95da38a09e	/WC00.MAP	209200	55
95e2a65a50	/JG10.MAP	149465	36
95f24f3b6b	/RT00.MAP	159203	10
95f24f3b6b	/RT20.MAP	109408	10
95f24f3b6b	/RT20.MAP	115478	10
95f24f3b6b	/RT20.MAP	115520	10
95f24f3b6b	/RT20.MAP	115749	10
95f42cb32f	/MP00.MAP	195304	35
95f7da79c8	/QH00.MAP	149369	23
9606427aec	/QH00.MAP	158276	78
9610d795d6	/HL10.MAP	96561	59
9610f9a5d9	/OT00.MAP	168207	43
9610f9a5d9	/OT01.MAP	168939	43
961272691c	/IZ00.MAP	63384	51
96198eef65	/GM00.MAP	205595	41
961e9294f1	/JG00.MAP	135683	51
961fb74f7d	/WC00.MAP	218702	53
962268c610	/ZM01.MAP	141495	69
9622785b27	/OB00.MAP	151988	30
9625b18eca	/HY00.MAP	131437	29
9636f59e2e	/AT00.MAP	184750	67
963f2b9e65	/RT00.MAP	159287	40
963f2b9e65	/RT00.MAP	159359	40
96508b49d7	/KM00.MAP	152077	47
9652bb3abc	/WC00.MAP	210898	47
96685f9ecf	/CT10.MAP	195812	120
966dfaae1b	/JG00.MAP	131310	26
9672efbc79	/HL10.MAP	98324	65
9673c416d1	/QH00.MAP	157716	18
967cbd4863	/KM00.MAP	149700	51
9686fc71fb	/HY00.MAP	133361	22
96884c693d	/DL00.MAP	120431	67
96916a7061	/WR00.MAP	231394	71
9695cc1d05	/CK00.MAP	172507	71
9696758a25	/KS00.MAP	171319	40
96a2cf193e	/MH00.MAP	175487	90
96ade991d8	/WC00.MAP	227788	67
96ade991d8	/WC00.MAP	228142	67
96b3e0e7f8	/NT30.MAP	108115	69
96bbae04a6	/AT20.MAP	86973	47
96bda3615a	/MP00.MAP	190728	26
96c0f387a0	/WY00.MAP	234613	57
96c128a4bb	/ZM01.MAP	143121	65
96d73da700	/AT20.MAP	86888	53
96e3609b54	/IZ00.MAP	61584	29
96e3609b54	/IZ00.MAP	62359	29
96e8dfbe2f	/HL00.MAP	131456	35
96eb9c979e	/BL00.MAP	47870	8
96eb9c979e	/BL00.MAP	59494	8
96eb9c979e	/KR00.MAP	40670	8
96eb9c979e	/KR00.MAP	52294	8
96eb9c979e	/ZM00.MAP	50726	8
96eb9c979e	/ZM00.MAP	62350	8
96eb9c979e	/ZM01.MAP	50726	8
96eb9c979e	/ZM01.MAP	62350	8
96fb1c6327	/ZM00.MAP	149583	86
970b7d3bb4	/CT00.MAP	34212	16
970d9789a0	/WY02.MAP	213714	63
970db340ad	/HS00.MAP	73019	22
971849e5b1	/OT00.MAP	169036	50
971849e5b1	/OT01.MAP	169778	50
9718ad26db	/KK00.MAP	133875	45
9721a04f32	/GB00.MAP	180149	68
973688baed	/MP00.MAP	176955	69
9748c298d0	/IG00.MAP	178570	71
974d5b53c3	/AT20.MAP	86307	16
974d5b53c3	/GM00.MAP	204403	16
974d5b53c3	/MH00.MAP	170006	16
974d5b53c3	/MH00.MAP	172645	16
974d5b53c3	/SS00.MAP	69481	16
974d5b53c3	/SS10.MAP	69528	16
975a412771	/GM00.MAP	197370	56
975aaf1feb	/GM00.MAP	178050	38
97601ef8f4	/KM00.MAP	161537	73
97601ef8f4	/KM00.MAP	163535	73
976b6a115a	/NT20.MAP	151105	57
9775cbdaa7	/GT20.MAP	141459	14
978bc7189a	/DIARY.MSG	11536	153
978cfa8cc9	/IG00.MAP	159732	51
978fbf18b1	/JG00.MAP	140660	21
9792e6312a	/NJ00.MAP	157390	67
9794f03284	/ZM00.MAP	152494	47
9797c90bcd	/RT20.MAP	117611	16
979b75073d	/ES01.MAP	73964	49
979b75073d	/WS01.MAP	78966	49
97a08d14fe	/OT00.MAP	174427	38
97ace2adb6	/KM10.MAP	56114	57
97ade9a763	/WR10.MAP	212462	45
97ae15aaa6	/MP01.MAP	125810	42
97ae1ef279	/MH00.MAP	178369	88
97b40b2e8e	/WC00.MAP	218024	45
97c9679087	/KD00.MAP	162919	37
97c9dfdcc9	/AT00.MAP	184940	53
97d5a5dee5	/MP00.MAP	174691	56
97e85b366f	/MP00.MAP	181879	68
97eaf0ef70	/MP00.MAP	175881	53
97ee7bcbcf	/BL00.MAP	125817	59
97ee7bcbcf	/OT00.MAP	167520	59
97eecb7ca2	/MP00.MAP	187774	75
97f04a4390	/QH00.MAP	149962	52
97f48437a6	/HL10.MAP	98553	25
9802b0686e	/KS00.MAP	168154	45
9805caa485	/WY02.MAP	212658	18
98074dd534	/WC00.MAP	214286	20
980a6b0417	/QH01.MAP	145566	16
980a6b0417	/WR10.MAP	210718	16
9818937cd7	/IZ00.MAP	55321	34
9819c49119	/CK00.MAP	161288	35
981c5ec045	/KK00.MAP	131397	8
981c5ec045	/KK01.MAP	129992	8
982089b7e5	/WR00.MAP	229445	59
982091702b	/WK00.MAP	108659	96
98211c7691	/DG21.MAP	95686	16
98398fe26a	/MP00.MAP	178023	33
9845be50e4	/WR00.MAP	233785	76
984dbafcee	/IG00.MAP	180746	71
9853c44b81	/HL10.MAP	97888	51
98543a8ff9	/BOT4.MAP	28519	8
985df663bd	/KR00.MAP	104863	72
985e546f81	/MH00.MAP	182055	96
985f345b80	/HS00.MAP	74241	36
985f637461	/KD00.MAP	163763	39
98640f3285	/WY02.MAP	217673	43
987bf4466a	/NJ00.MAP	158957	72
988756fea6	/IZ00.MAP	54223	41
9889736efc	/MH00.MAP	183985	65
988cb7f1b6	/KM00.MAP	152791	84
989965ba48	/WY00.MAP	221266	28
989965ba48	/WY00.MAP	222434	28
989cf9195d	/HL00.MAP	129996	26
98aeeee1f9	/AT00.MAP	196369	61
98b4a1b10f	/SK10.MAP	41688	12
98b4a1b10f	/SK10.MAP	44708	12
98b4a1b10f	/SK10.MAP	44724	12
98b4a1b10f	/SK10.MAP	58232	12
98b4a1b10f	/SK10.MAP	58248	12
98ba36fa3e	/WAZAHELP.MSG	6004	48
98c4210ad2	/QH00.MAP	153387	65
98c4d8606b	/ES10.MAP	77208	63
98c4d8606b	/WS10.MAP	82171	63
98ceb59dd9	/HS00.MAP	72170	32
98cfe5e94b	/AT00.MAP	187663	81
98d2d34fd6	/BOT4.MAP	27569	35
98d2d34fd6	/BOT4.MAP	27828	35
98dcc70450	/IP00.MAP	160287	79
98dd3c0713	/NJ10.MAP	128405	18
98dd3c0713	/WC00.MAP	211653	18
98e2b2c0f0	/ZM00.MAP	152319	32
98fe780435	/SS00.MAP	69058	57
98fe780435	/SS10.MAP	69105	57
990cca94e8	/DS00.MAP	85183	43
99130bc3a2	/CT10.MAP	192426	49
992aabfc44	/GM00.MAP	185310	69
9934419682	/GB00.MAP	174008	69
993985e257	/GM00.MAP	192995	53
993bd4af17	/JG00.MAP	130474	24
993f2b0a3a	/NJ00.MAP	156186	63
99440031f0	/WC00.MAP	220916	61
994c815314	/KM10.MAP	55381	12
994f8977d1	/WAZAHELP.MSG	10036	54
99581eb56b	/IG00.MAP	169000	82
995f45f61f	/OB00.MAP	153062	32
996423277c	/KR00.MAP	98804	38
99778f249f	/KM00.MAP	165225	49
9983ae5f16	/KK00.MAP	132197	12
9983ae5f16	/KK01.MAP	130792	12
998918f45d	/AT00.MAP	193122	20
9989291f29	/DS00.MAP	84924	57
99972b582c	/CK00.MAP	161374	46
999a776db8	/OT02.MAP	163860	80
99a0767bce	/AT20.MAP	90924	53
99a0eee27f	/KM00.MAP	147377	53
99ab123ca4	/KR00.MAP	96766	84
99abf32f47	/DG10.MAP	91643	61
99ae8fd1a7	/DL00.MAP	122509	30
99cb99b6fd	/MH00.MAP	132835	7
99cb99b6fd	/MH00.MAP	134883	7
99cb99b6fd	/MH00.MAP	139847	7
99cb99b6fd	/MH00.MAP	141895	7
99d6679820	/MH00.MAP	182452	90
99d66ed0ca	/MP00.MAP	192399	47
99e9e13c7e	/IG10.MAP	154162	71
99eedb3051	/IP10.MAP	136826	32
99fc63712c	/DG00.MAP	135885	10
99fe30fff9	/WY02.MAP	214488	59
9a0d794ed4	/FIR3.MAP	108335	50
9a1796376b	/HS00.MAP	74113	43
9a1cfcc2aa	/KD00.MAP	161824	74
9a1e55dc28	/KM10.MAP	51265	24
9a22aa2e53	/GM00.MAP	184138	26
9a29ae034e	/HY00.MAP	136340	48
9a2c973258	/IS00.MAP	161153	61
9a2ea0cca7	/RT20.MAP	107982	38
9a3177d395	/JG10.MAP	148799	8
9a3393b53d	/NT20.MAP	150921	30
9a5142ee84	/ES01.MAP	78085	34
9a5142ee84	/WS01.MAP	83293	34
9a56caabc9	/NJ00.MAP	158665	20
9a7a79c06b	/RT20.MAP	118628	63
9a8011346f	/IP10.MAP	136242	44
9a80562350	/GM00.MAP	202912	47
9a861ed8f8	/OT00.MAP	168276	34
9a861ed8f8	/OT01.MAP	169008	34
9a8a91a1c0	/KS00.MAP	170488	79
9a8b58ae22	/KS00.MAP	170793	28
9a8d3638f4	/HS00.MAP	69312	12
9a8d3638f4	/WR00.MAP	227219	12
9a9b2393ee	/GB00.MAP	172495	71
9aa7ae8c75	/BOT5.MAP	27942	26
9ab19af9c1	/FIR3.MAP	107905	32
9ab262d102	/HS10.MAP	184633	22
9ab262d102	/HS10.MAP	185926	22
9ab43c58e7	/NT30.MAP	107122	30
9ab6fee793	/GM00.MAP	174484	57
9ab909532f	/ITEMHELP.MSG	2676	80
9ac480f253	/GT20.MAP	142063	10
9ac480f253	/NZ10.MAP	110783	10
9ac83d1445	/KR00.MAP	100795	67
9ac904232c	/IZ00.MAP	49786	24
9acb2e31e3	/NJ10.MAP	130212	35
9acdcfbda1	/IZ00.MAP	50834	55
9aceddb6a8	/NJ00.MAP	157586	32
9aceed319f	/QH00.MAP	152454	69
9acf4cde57	/WR10.MAP	211542	26
9ada2d1d0b	/MP00.MAP	179024	51
9aeb04926d	/GH00.MAP	151176	6
9af61b0990	/CK00.MAP	176377	35
9af82fb9b6	/KM00.MAP	153311	61
9b046e4b99	/OT00.MAP	181143	43
9b07104b84	/ZM00.MAP	151540	100
9b11dd0b9b	/RT20.MAP	103947	51
9b11dd0b9b	/RT20.MAP	105816	51
9b18162d05	/WC00.MAP	229432	68
9b2170bbc8	/ZM00.MAP	143457	71
9b22b46090	/KK00.MAP	131289	18
9b22b46090	/KK01.MAP	129884	18
9b22b46090	/OB00.MAP	151849	18
9b30eb2f9f	/ITEMHELP.MSG	9116	48
9b33529ef0	/HS10.MAP	184366	16
9b33529ef0	/HS10.MAP	185650	16
9b33529ef0	/HS10.MAP	185771	16
9b33e55b02	/IG00.MAP	172716	26
9b3ae363e6	/SK00.MAP	117744	47
9b42050401	/KM10.MAP	56821	26
9b42b7be41	/GM00.MAP	203056	49
9b4722aaa8	/WK00.MAP	108220	59
9b4766f99b	/NZ10.MAP	109847	70
9b4986524f	/KS00.MAP	174246	59
9b4e49b94f	/WS00.MAP	81744	84
9b4e49b94f	/WS10.MAP	82474	84
9b4fe5b8e1	/GM00.MAP	198938	28
9b57486e54	/TM00.MAP	130332	25
9b58ef6a8c	/HL10.MAP	99950	37
9b5de62948	/KM00.MAP	148323	53
9b6d6d8db3	/WY00.MAP	230574	28
9b7efbcc08	/CT00.MAP	165683	59
9b886d3a32	/WS01.MAP	80201	49
9b89ecb39a	/KK00.MAP	134388	27
9b8c6bedb7	/WC00.MAP	208384	49
9b8e9c91d2	/CK00.MAP	164664	71
9b92ace7d8	/KS00.MAP	172235	38
9b95d36eda	/NZ10.MAP	114935	71
9ba9eecf96	/KB00.MAP	56278	24
9ba9eecf96	/KB20.MAP	64334	24
9bad2f8d96	/JG10.MAP	149282	72
9bb5f37df5	/WY00.MAP	217061	59
9bb8d045b6	/IG00.MAP	179096	59
9bbefeb166	/GM00.MAP	194180	38
9bc42ad6f7	/KK00.MAP	134139	37
9bc5bb4575	/WC00.MAP	230305	55
9bc8642224	/KM10.MAP	47251	16
9bcdc0e59b	/WAZAHELP.MSG	5516	44
9bcf34a066	/NT00.MAP	60865	55
9bcf34a066	/NT00.MAP	61463	55
9bd7c149f3	/KS00.MAP	18804	16
9bdf5c5732	/GT20.MAP	140745	16
9bdf5c5732	/JG00.MAP	136658	16
9bedcf749a	/AT00.MAP	175344	10
9bedfcb50a	/WAZAHELP.MSG	8712	46
9c00c53ac2	/IP00.MAP	157388	34
9c017cac26	/GT00.MAP	147800	59
9c096010e6	/GB00.MAP	179460	80
9c0b025f85	/ES10.MAP	75737	45
9c0b025f85	/WS10.MAP	80700	45
9c0b4b50a9	/CT10.MAP	192784	65
9c0f4920c6	/WAZAHELP.MSG	10932	66
9c0fc69e6f	/IZ00.MAP	57068	10
9c1e063c06	/WAZAHELP.MSG	10092	54
9c1ed41b7c	/OT00.MAP	173030	176
9c2cefafd7	/RT20.MAP	112730	59
9c3d7fd0d4	/GB00.MAP	179046	51
9c404ed3da	/KM10.MAP	54292	42
9c4bf0383a	/GB00.MAP	180377	57
9c7090db7f	/CT20.MAP	168283	16
9c73591c8b	/WR00.MAP	226832	68
9c74f56b89	/AT20.MAP	81778	53
9c78472f5b	/OT01.MAP	164210	57
9c7896e0e5	/ITEMHELP.MSG	3116	50
9c7b9806eb	/MH00.MAP	173947	36
9c81bbafce	/GB00.MAP	181885	70
9c8390e5d2	/JG00.MAP	142419	32
9c92b0e59d	/IZ00.MAP	59147	75
9c92b0e59d	/IZ00.MAP	59821	75
9c968fe152	/MH00.MAP	180497	65
9c97b01f1b	/WY00.MAP	223795	67
9c9c3fddeb	/WAZAHELP.MSG	9996	38
9ca246231f	/MH00.MAP	169672	88
9ca246231f	/MH00.MAP	172311	88
9ca291e223	/MH00.MAP	178306	30
9cae6a9a4d	/WY02.MAP	212377	51
9cbde7c44b	/WY00.MAP	216284	49
9cd5fa477a	/JG00.MAP	131211	67
9cdf265b79	/WC00.MAP	208024	28
9ce1809652	/KM10.MAP	49726	18
9ce5d231f2	/GM00.MAP	184686	80
9cea8bf314	/RT20.MAP	108057	51
9cf0d6f464	/WY00.MAP	219168	57
9d090b30a7	/IG10.MAP	156462	57
9d09b8e2d0	/SB00.MAP	73334	57
9d295b789e	/GM00.MAP	198066	59
9d2ccad166	/WAZAHELP.MSG	5380	48
9d2f8d9c23	/ZM00.MAP	149026	71
9d37226027	/BL20.MAP	57994	4
9d37226027	/BL30.MAP	42793	4
9d37226027	/BL40.MAP	80887	4
9d37226027	/BL50.MAP	51333	4
9d37226027	/GT00.MAP	145874	4
9d37226027	/HY00.MAP	131172	4
9d37226027	/HY00.MAP	131250	4
9d37226027	/IS10.MAP	61928	4
9d37226027	/KD00.MAP	160910	4
9d37226027	/MH00.MAP	183374	4
9d37226027	/NT00.MAP	61938	4
9d37226027	/NT10.MAP	132605	4
9d37226027	/TM20.MAP	78239	4
9d37226027	/TM30.MAP	101511	4
9d37226027	/TM40.MAP	44587	4
9d37226027	/WK00.MAP	104047	4
9d37226027	/WK00.MAP	104106	4
9d37226027	/WR00.MAP	239474	4
9d37226027	/WY00.MAP	235292	4
9d39289245	/RT20.MAP	109959	68
9d39289245	/RT20.MAP	116805	68
9d442b3ad3	/AT10.MAP	168843	91
9d4ecd5d13	/SK00.MAP	118315	47
9d4f4a3ba3	/WR02.MAP	218851	59
9d5c7f6a70	/SK00.MAP	117226	77
9d612b295c	/MK00.MAP	149533	63
9d6d863624	/HS10.MAP	185596	22
9d71c85a57	/HL00.MAP	128984	47
9d7997bf83	/KS00.MAP	170945	59
9d87e1ec16	/CT00.MAP	164638	53
9d89dcc80e	/WAZAHELP.MSG	12744	52
9da2b20260	/WR00.MAP	232077	12
9daac46247	/GM00.MAP	178917	49
9dc381f0cd	/CT00.MAP	165061	49
9dcac879a2	/NT30.MAP	105598	61
9dcc70b033	/OT00.MAP	174497	47
9dcc70b033	/OT00.MAP	176628	47
9dcf55717d	/KEYHELP.MAT	1956	112
9dd09066fa	/AT00.MAP	179415	49
9dd3db6095	/WY00.MAP	236059	47
9dd7a43578	/WS00.MAP	80989	57
9de36b6bb7	/WY02.MAP	215352	55
9de52af356	/JG00.MAP	133177	14
9de52af356	/NJ10.MAP	131405	14
9de52af356	/RT20.MAP	109362	14
9de575b162	/WAZAHELP.MSG	9720	54
9de725884b	/WC00.MAP	213435	61
9de7a61399	/KB10.MAP	56390	26
9dea02589a	/ZM00.MAP	150686	38
9dee127140	/SB00.MAP	73039	59
9df282f504	/MH00.MAP	180645	36
9df5d8ec67	/GM00.MAP	200175	12
9df67dc554	/HS00.MAP	76708	31
9df67dc554	/HS00.MAP	76782	31
9df67dc554	/HS00.MAP	76860	31
9df82874ea	/KM10.MAP	49558	47
9df95ed1be	/MH00.MAP	182266	57
9e27af5381	/WY00.MAP	227730	34
9e3a7795c7	/ITEMHELP.MSG	2412	48
9e4329a2b3	/IG00.MAP	170708	55
9e46857cbb	/WC00.MAP	217689	52
9e5471b90d	/CT20.MAP	172513	53
9e671932be	/KR00.MAP	110235	65
9e692795c6	/KR00.MAP	106054	94
9e6dcef2cb	/GM00.MAP	200405	32
9e7034d716	/WC00.MAP	229133	32
9e817c591d	/WR00.MAP	237823	75
9e817c591d	/WR02.MAP	216925	75
9e8f737dc9	/WY02.MAP	214040	42
9e97b666a7	/HL10.MAP	99901	20
9e9d2d76a0	/DS00.MAP	83823	30
9e9ef036dd	/KK00.MAP	132883	20
9ea29bef17	/IG00.MAP	157418	87
9eaf0efc22	/HS00.MAP	74781	36
9eb42e2345	/KM00.MAP	152204	32
9eb790c64b	/JG00.MAP	134258	30
9eb9d8d919	/AT00.MAP	197885	45
9ec9f439e7	/KS00.MAP	18740	16
9ed14a9432	/ITEMHELP.MSG	4320	42
9ed3cca4fb	/MP00.MAP	185908	38
9ed51a5241	/MP00.MAP	191174	36
9ed6cbad24	/MP00.MAP	189704	51
9edfa6d408	/RT20.MAP	115085	30
9ef3cd0139	/WR00.MAP	220512	31
9ef60f7007	/ITEMHELP.MSG	6856	72
9ef699dbf5	/BL00.MAP	125633	31
9f058aa6ff	/WR00.MAP	236394	38
9f058aa6ff	/WR00.MAP	236464	38
9f0b693499	/IG00.MAP	177343	53
9f0c0afcd2	/RT20.MAP	124792	80
9f27bb4c3a	/OB00.MAP	152151	22
9f2ec587db	/WC00.MAP	209483	86
9f30fe90ba	/KK00.MAP	130951	36
9f30fe90ba	/KK01.MAP	129546	36
9f33646194	/CK00.MAP	179453	53
9f370b18b9	/WR02.MAP	212789	61
9f3c47f780	/HS00.MAP	73084	65
9f4cfa8e3c	/OT00.MAP	180428	82
9f4d464ad7	/CK00.MAP	179539	25
9f4f9ec911	/NJ10.MAP	134212	47
9f6269e647	/NJ10.MAP	127719	102
9f6269e647	/NJ10.MAP	136507	102
9f7fc025aa	/KR00.MAP	94882	27
9f7fc025aa	/MH00.MAP	164186	27
9f7fc025aa	/ZM01.MAP	145114	27
9f83bc922c	/WAZAHELP.MSG	1928	30
9f9435cb00	/MP00.MAP	174821	18
9f9aea9da4	/GM00.MAP	175949	55
9f9f6b7149	/GH00.MAP	151473	26
9fa390dd57	/BL00.MAP	126151	60
9fa390dd57	/OT00.MAP	167854	60
9fa93ef4d1	/RS01.MAP	50520	53
9facd65857	/CK00.MAP	172824	51
9fb1f5a879	/AT00.MAP	194976	79
9fb251f5c0	/DG21.MAP	100109	105
9fb35e5659	/AT00.MAP	187279	24
9fb6694373	/WAZAHELP.MSG	3420	50
9fb79feab8	/OB00.MAP	152627	28
9fba374d0e	/CT20.MAP	167415	57
9fbb5d8747	/CK00.MAP	180790	10
9fbd344ddf	/DG10.MAP	91111	40
9fceda6513	/WC00.MAP	217902	45
9fd1596845	/AT20.MAP	82561	43
9fd1ea78ef	/QH00.MAP	148993	60
9fd260d4f3	/WAZAHELP.MSG	10688	66
9fdd91ce96	/IG10.MAP	157831	55
9fe514f9d3	/JG00.MAP	140344	33
9fecb5e8a9	/IS10.MAP	58913	65
9ff6bc9fbb	/IP00.MAP	158025	47
9ff85cf8f9	/MH00.MAP	182356	63
9ffa2e8a1b	/GM00.MAP	184398	69
a00a2a8a9d	/WR00.MAP	227324	26
a01431d950	/ZM01.MAP	144510	27
a018464f0b	/JG00.MAP	137190	55
a01911ecab	/SK10.MAP	93989	36
a01911ecab	/SK10.MAP	94296	36
a01c19c6f4	/WC00.MAP	231299	28
a025ef7f14	/CK00.MAP	174308	55
a0263989a7	/KM00.MAP	156249	59
a030b3b346	/RT20.MAP	110371	40
a030b3b346	/RT20.MAP	117159	40
a0317c19cc	/WR10.MAP	212595	43
a03a4bd936	/KK00.MAP	134256	39
a03f001cb0	/NJ10.MAP	134897	47
a055f8feae	/WY00.MAP	215863	83
a061ed53d1	/GM00.MAP	202556	10
a066d1b27e	/WY00.MAP	225586	28
a0695a1c26	/KR00.MAP	94837	44
a0695a1c26	/MH00.MAP	164141	44
a06a507437	/HL10.MAP	98845	64
a06b16341e	/CK00.MAP	164446	61
a06c0670ae	/MK00.MAP	148630	40
a077596192	/GM00.MAP	180186	66
a088c12353	/WR00.MAP	222612	28
a09ebe3484	/DG10.MAP	93018	65
a0a64660e0	/WC00.MAP	213722	34
a0afcb70d7	/DL00.MAP	121652	51
a0b4ebeac9	/IG00.MAP	172574	16
a0b5022cd6	/BL00.MAP	125558	26
a0b5022cd6	/ZM00.MAP	156914	26
a0b694a59f	/NJ10.MAP	127324	51
a0bd45a807	/GM00.MAP	191889	61
a0ca5eed79	/IS10.MAP	60705	20
a0d7bcf694	/NJ00.MAP	155501	68
a0e001d2d1	/WS00.MAP	81079	94
a0ec6b9b88	/RT20.MAP	107000	34
a0f6aaf740	/CT10.MAP	191672	26
a107217917	/WR00.MAP	237503	47
a107217917	/WR02.MAP	216605	47
a115d52068	/GB00.MAP	189889	84
a118a35d43	/OT00.MAP	171932	83
a11a739321	/WAZAHELP.MSG	1532	66
a11ad91544	/OT00.MAP	174662	59
a11ad91544	/OT00.MAP	176793	59
a12107e9ff	/WC00.MAP	215195	69
a12c52b578	/KM00.MAP	150085	43
a134657c0c	/GM00.MAP	198527	27
a13482333b	/BL00.MAP	125261	33
a13482333b	/ZM00.MAP	156623	33
a13a9a1d4a	/NJ10.MAP	128253	43
a13c022cfb	/AT20.MAP	82680	53
a13e6e80d0	/WC00.MAP	220019	16
a141573d66	/JG01.MAP	125565	19
a142179c48	/JG00.MAP	137814	51
a1451d684e	/NT20.MAP	144295	68
a149c64082	/BL00.MAP	125665	34
a149c64082	/ZM00.MAP	157019	34
a1575ccb2a	/AT10.MAP	161507	49
a16cdfb64e	/GM00.MAP	185020	51
a16fa4af4e	/DIARY.MSG	5448	248
a18799ce36	/GB00.MAP	179205	30
a1909335a1	/RT20.MAP	111607	45
a1998c7bb2	/CK00.MAP	164893	43
a1aad5c77f	/ZM00.MAP	142643	43
a1b5b40165	/WC00.MAP	210822	44
a1c0d29fe6	/IG00.MAP	172304	67
a1c6710e46	/AT00.MAP	172687	27
a1d39f3baf	/WY00.MAP	235885	16
a1d85f4fc7	/RT20.MAP	106174	30
a1dc1ded39	/MP00.MAP	184297	59
a1dcb8cbb1	/BOT5.MAP	27437	37
a1e310c98f	/CT20.MAP	167303	73
a1ebe227f2	/BL20.MAP	58059	53
a1ed357ce5	/WC00.MAP	229075	18
a1ed357ce5	/WC00.MAP	229104	18
a1ed357ce5	/WC00.MAP	229372	18
a1ef8e0fd4	/AT00.MAP	192229	67
a204b9d454	/NT30.MAP	102845	49
a206f2eec2	/IG00.MAP	171160	25
a206f2eec2	/MH00.MAP	164268	25
a20bb5738d	/CT20.MAP	167670	67
a20c73d257	/RT20.MAP	109463	16
a20e77f245	/KR00.MAP	106653	51
a2270bcb41	/MP00.MAP	175967	28
a230f15a73	/CK00.MAP	167128	45
a23c3d6c81	/CK00.MAP	170367	22
a24233857c	/RT20.MAP	110132	64
a24233857c	/RT20.MAP	116978	64
a24a775687	/ITEMHELP.MSG	6932	74
a251ce54ae	/NT31.MAP	137855	18
a255c8d6f7	/QH01.MAP	147588	27
a25ccba1f4	/RT20.MAP	115261	30
a2610bdf59	/FIR3.MAP	108713	51
a268afe840	/MK00.MAP	150445	49
a26a8b3c2c	/ITEMHELP.MSG	8576	58
a26efd1704	/AT00.MAP	174776	67
a279a51a16	/AT00.MAP	197332	34
a27e780277	/QH00.MAP	155521	45
a2839bd497	/CK00.MAP	170498	16
a295043e0f	/ES10.MAP	75117	38
a29538af68	/HY00.MAP	131362	43
a29d5b307b	/KD00.MAP	165177	55
a2a1491032	/MH00.MAP	167466	77
a2a6bbe087	/KS00.MAP	171220	67
a2af21f003	/RT20.MAP	124905	43
a2b0300377	/NT30.MAP	103844	34
a2b2e03a2e	/WY02.MAP	217366	19
a2b85c20cd	/TM00.MAP	132668	34
a2b8c3d4e9	/IZ00.MAP	55143	32
a2c1ee117f	/GM00.MAP	189062	59
a2c1ee117f	/GM00.MAP	189467	59
a2d180aba6	/WR00.MAP	220742	32
a2d348aadc	/IS00.MAP	161970	69
a2e3e0628a	/WAZAHELP.MSG	2352	54
a2e51e8a11	/IG00.MAP	162240	71
a2e5bd5efa	/IG00.MAP	166349	32
a2f0d59bab	/WR00.MAP	222919	73
a2f9415378	/GH00.MAP	152388	10
a2ff8fa9f4	/MP00.MAP	188668	24
a303ad8036	/HL00.MAP	133361	38
a3058503e5	/AT00.MAP	183986	14
a308161a23	/GM00.MAP	180705	38
a3094ba013	/KM10.MAP	54885	24
a30f150518	/ES10.MAP	76649	61
a30f150518	/WS10.MAP	81612	61
a31567ba28	/WK00.MAP	106276	20
a3270f0835	/GH00.MAP	118242	8
a329233ef3	/OT00.MAP	167959	57
a3322ed146	/QH00.MAP	157587	96
a336c73292	/FIR2.MAP	114461	57
a3425eb6a2	/GM00.MAP	198309	43
a34ad7afb9	/IG00.MAP	157586	42
a34e5d6952	/GM00.MAP	203545	16
a354b6a810	/IS00.MAP	163288	16
a354b6a810	/NJ00.MAP	155752	16
a35bb92030	/GM00.MAP	185412	32
a360491667	/GM00.MAP	199420	41
a360491667	/TJ00.MAP	144514	41
a360491667	/TJ01.MAP	144514	41
a378b688af	/OT00.MAP	173987	123
a37a91dc8f	/KK00.MAP	130649	40
a37a91dc8f	/KK01.MAP	129244	40
a381275633	/AT20.MAP	83794	35
a38def0b35	/AT20.MAP	83862	55
a3a0ca8d8c	/WR00.MAP	230451	92
a3add9540e	/RT20.MAP	111990	26
a3b5ce5e66	/AT10.MAP	167755	37
a3ce9dc833	/WAZAHELP.MSG	9604	64
a3d1505175	/AT00.MAP	171650	4
a3d1505175	/AT20.MAP	81686	4
a3d1505175	/BL00.MAP	124747	4
a3d1505175	/BL10.MAP	40787	4
a3d1505175	/CK00.MAP	178684	4
a3d1505175	/DG00.MAP	135420	4
a3d1505175	/DS00.MAP	86302	4
a3d1505175	/DS00.MAP	86339	4
a3d1505175	/DS10.MAP	79517	4
a3d1505175	/ES00.MAP	74352	4
a3d1505175	/ES10.MAP	74866	4
a3d1505175	/GB00.MAP	197624	4
a3d1505175	/GH00.MAP	151134	4
a3d1505175	/GM00.MAP	199645	4
a3d1505175	/GT20.MAP	139002	4
a3d1505175	/HL10.MAP	100558	4
a3d1505175	/HS10.MAP	181376	4
a3d1505175	/IG00.MAP	181713	4
a3d1505175	/IG10.MAP	153788	4
a3d1505175	/IP00.MAP	156653	4
a3d1505175	/IS00.MAP	163266	4
a3d1505175	/IS10.MAP	61973	4
a3d1505175	/IS10.MAP	62108	4
a3d1505175	/IY00.MAP	121706	4
a3d1505175	/IY00.MAP	121743	4
a3d1505175	/KB01.MAP	54262	4
a3d1505175	/KB01.MAP	54299	4
a3d1505175	/KK00.MAP	130467	4
a3d1505175	/KK01.MAP	129121	4
a3d1505175	/KM00.MAP	165900	4
a3d1505175	/KM10.MAP	47229	4
a3d1505175	/KR00.MAP	93621	4
a3d1505175	/KS00.MAP	175050	4
a3d1505175	/KZ00.MAP	171206	4
a3d1505175	/MH00.MAP	160544	4
a3d1505175	/MP00.MAP	174582	4
a3d1505175	/NJ00.MAP	155398	4
a3d1505175	/NT00.MAP	61977	4
a3d1505175	/NT20.MAP	143575	4
a3d1505175	/NT21.MAP	130409	4
a3d1505175	/NZ00.MAP	116430	4
a3d1505175	/NZ10.MAP	108964	4
a3d1505175	/OB00.MAP	150165	4
a3d1505175	/OT00.MAP	180606	4
a3d1505175	/OT01.MAP	163515	4
a3d1505175	/OT10.MAP	163578	4
a3d1505175	/QH00.MAP	148607	4
a3d1505175	/QH00.MAP	148644	4
a3d1505175	/RT00.MAP	159109	4
a3d1505175	/RT30.MAP	138103	4
a3d1505175	/SB00.MAP	72328	4
a3d1505175	/SK00.MAP	115681	4
a3d1505175	/SK00.MAP	115718	4
a3d1505175	/SS00.MAP	68730	4
a3d1505175	/SS00.MAP	68767	4
a3d1505175	/SS10.MAP	68777	4
a3d1505175	/SS10.MAP	68814	4
a3d1505175	/ST00.MAP	115581	4
a3d1505175	/ST10.MAP	82096	4
a3d1505175	/TM00.MAP	130242	4
a3d1505175	/TM10.MAP	68581	4
a3d1505175	/WS00.MAP	79402	4
a3d1505175	/WS10.MAP	79811	4
a3d1505175	/ZM00.MAP	158460	4
a3d1505175	/ZM01.MAP	138501	4
a3d94d667f	/RT20.MAP	115985	12
a3e4521f9b	/DIARY.MSG	12928	97
a3ecdbd1e9	/IG01.MAP	153642	16
a3f68b7824	/HL00.MAP	135774	37
a401d026c8	/DG10.MAP	91468	43
a410889996	/KEYHELP.MAT	2392	79
a4111a40d9	/HL10.MAP	99359	51
a414003de8	/WY00.MAP	230158	49
a430ad51a0	/IG10.MAP	155460	84
a43f1f4df2	/GM00.MAP	187486	43
a44343875e	/DG00.MAP	137529	51
a4520c737e	/HS10.MAP	186583	22
a457d20663	/WAZAHELP.MSG	13040	74
a45a24dc7d	/ZM01.MAP	142559	71
a45d13760d	/KD00.MAP	162440	37
a45e9133fe	/OT00.MAP	180660	49
a4784b65a0	/KS00.MAP	174797	49
a47dcf7f78	/ES00.MAP	76037	47
a47dcf7f78	/ES10.MAP	77378	47
a47dcf7f78	/WS00.MAP	81611	47
a47dcf7f78	/WS10.MAP	82341	47
a48553dd9b	/OB00.MAP	154892	49
a48e24f578	/WR00.MAP	225355	42
a497b97b37	/JG02.MAP	125754	22
a49cd8a3e9	/RT20.MAP	120236	40
a49cd8a3e9	/RT20.MAP	120934	40
a4a411ebec	/GT10.MAP	47581	30
a4a52c8d4b	/FIR0.MAP	95520	49
a4a728de09	/AT00.MAP	190271	39
a4ab3cb9b5	/IG00.MAP	168284	64
a4abf3e246	/HS10.MAP	182550	78
a4abf3e246	/HS10.MAP	183276	78
a4b5bbf82b	/GM00.MAP	173748	69
a4b688dcd1	/MH00.MAP	175827	34
a4b997aac2	/WK00.MAP	110194	23
a4c0222203	/AT00.MAP	184647	32
a4ccc6dc2e	/JG00.MAP	138493	59
a4d34fa84b	/NZ10.MAP	111156	32
a4f828d9fe	/HL10.MAP	96460	68
a4fcd435f9	/SK00.MAP	118025	43
a50af4e109	/ES00.MAP	74457	26
a50c7b2e43	/HS10.MAP	181320	18
a51ef2e342	/GM00.MAP	201146	22
a51f29ff82	/AT00.MAP	179265	24
a529097f88	/OT00.MAP	166360	51
a534a9e76d	/KM00.MAP	145415	42
a5378fe539	/BOT4.MAP	27980	16
a53b41dc36	/BL10.MAP	40831	8
a53b41dc36	/BL20.MAP	58040	8
a53b41dc36	/BL30.MAP	42839	8
a53b41dc36	/BL40.MAP	80933	8
a53b41dc36	/ES10.MAP	75188	8
a53b41dc36	/WS10.MAP	80151	8
a53e9adc28	/ES01.MAP	77681	30
a53e9adc28	/WS01.MAP	82855	30
a53fca010f	/QH00.MAP	150015	29
a5459bc75a	/WC00.MAP	228926	22
a54d2d48e4	/MP00.MAP	183501	28
a554be7092	/KR00.MAP	98202	42
a55cbec66a	/HL10.MAP	99795	62
a57adc4d88	/WR00.MAP	218905	31
a57adc4d88	/WR00.MAP	219835	31
a57b397e5e	/IZ00.MAP	66253	22
a57c09c2d1	/ZM00.MAP	147269	47
a580b0d04d	/TM00.MAP	130551	43
a581ec0c9a	/HY00.MAP	135479	36
a581ec0c9a	/HY00.MAP	135892	36
a581ec0c9a	/HY00.MAP	136949	36
a581ec0c9a	/HY00.MAP	137216	36
a58fb9b15e	/AT20.MAP	90090	67
a59c2de651	/QH00.MAP	152627	57
a59dea039a	/ZM00.MAP	156368	36
a5a20f3091	/KB01.MAP	54618	67
a5a403f0c0	/KR00.MAP	110671	63
a5a549fa11	/WAZAHELP.MSG	2208	52
a5ac2893bf	/IZ00.MAP	58856	45
a5ac2893bf	/IZ00.MAP	59530	45
a5b3111966	/IS00.MAP	162071	40
a5b439feba	/NJ00.MAP	157179	57
a5b6ccbb47	/GM00.MAP	177308	53
a5c5130d8b	/BL00.MAP	128360	92
a5c761b545	/MP00.MAP	193989	53
a5c8168d02	/HS00.MAP	69224	56
a5c8ddcc1a	/QH00.MAP	159327	51
a5ca7ecf8d	/KB00.MAP	55853	38
a5ca7ecf8d	/KB10.MAP	56319	38
a5ca7ecf8d	/KB20.MAP	61946	38
a5ca7ecf8d	/KB20.MAP	63266	38
a5cf79b4a2	/AT10.MAP	161258	22
a5cf79b4a2	/AT10.MAP	161332	22
a5cf79b4a2	/WC00.MAP	230202	22
a5d3fc6bd2	/WAZAHELP.MSG	2140	66
a5d7aec95b	/KM00.MAP	156634	72
a5e9d78de7	/MH00.MAP	184083	57
a5f23ada03	/ZM00.MAP	153049	32
a5f4c2f770	/BOT4.MAP	28528	14
a5fdab7c2c	/IG00.MAP	169979	37
a602679549	/TM00.MAP	133065	47
a60581b832	/DG10.MAP	91871	53
a60a046e40	/NJ10.MAP	132827	49
a60a046e40	/NJ10.MAP	133349	49
a6129ba43f	/WC00.MAP	226229	71
a613f86e62	/BOT5.MAP	27285	6
a61c11f12f	/AT00.MAP	181260	57
a61d24f4d7	/ITEMHELP.MSG	8756	74
a624aef030	/ITEMHELP.MSG	5880	72
a62bf9ac99	/KZ00.MAP	171555	28
a62ce124d5	/GM00.MAP	204451	51
a6380612a9	/AT20.MAP	82376	34
a63bf9760c	/WR10.MAP	212379	51
a641476552	/HY00.MAP	136200	51
a646f046b0	/OT02.MAP	163443	20
a672b30324	/HS10.MAP	182379	36
a672b30324	/HS10.MAP	183105	36
a685acad5a	/GM00.MAP	205368	47
a68c872906	/IS10.MAP	62395	47
a68d928729	/OT00.MAP	177803	45
a6937948ed	/WC00.MAP	214687	92
a69d878104	/ZM01.MAP	139651	65
a6b1e6e103	/QH00.MAP	156542	32
a6b8805245	/ITEMHELP.MSG	5084	64
a6bf647129	/ZM01.MAP	143891	61
a6c3644255	/IP10.MAP	135547	71
a6c43c156d	/ZM00.MAP	145896	20
a6cedfa37c	/WC00.MAP	211788	26
a6cfc2fc6b	/ITEMHELP.MSG	9168	40
a6e429a5b4	/IG10.MAP	155576	43
a6ed0d1aa4	/NT20.MAP	143936	24
a6f25fb79d	/DG10.MAP	91183	49
a6f436db8f	/NJ10.MAP	133755	14
a7013eb59f	/QH00.MAP	149532	46
a709432cdf	/ZM00.MAP	150492	79
a710d69223	/DG21.MAP	96892	123
a71cc0d0ec	/HS00.MAP	75752	61
a71d858376	/NJ10.MAP	133231	26
a72ade741c	/RT20.MAP	119536	53
a72ade741c	/RT20.MAP	121006	53
a72c6f1a54	/CT20.MAP	170614	12
a72d4a2da4	/KR00.MAP	103518	72
a72d4d0bd3	/IS10.MAP	61952	20
a72d4d0bd3	/IS10.MAP	62087	20
a730670115	/MP00.MAP	179433	53
a730f68217	/QH00.MAP	148849	31
a737ab40bc	/KM00.MAP	159732	12
a737ab40bc	/MH00.MAP	177807	12
a7381cca85	/WR00.MAP	230173	67
a73ded85cf	/CT20.MAP	172608	26
a741a0a7d2	/KK00.MAP	133160	45
a74867227c	/NT20.MAP	146767	74
a74af59f5e	/DIARY.MSG	8784	218
a74b19432b	/CK00.MAP	178665	18
a74b19432b	/GM00.MAP	199626	18
a74b19432b	/IG00.MAP	181694	18
a74b19432b	/IG10.MAP	153769	18
a74b19432b	/KM00.MAP	165881	18
a74b19432b	/MH00.MAP	160525	18
a74b19432b	/OT01.MAP	163496	18
a74b19432b	/ZM01.MAP	138482	18
a74e7b905f	/QH00.MAP	154421	96
a7545dec70	/MH00.MAP	173238	10
a7545dec70	/OT01.MAP	165909	10
a757fb52b8	/GM00.MAP	181753	28
a75f3a3877	/ZM01.MAP	145142	41
a760eabf01	/WR00.MAP	228990	61
a7652af58a	/CT10.MAP	192609	59
a76ad73c0b	/SK10.MAP	92200	51
a76c6023f2	/WC00.MAP	225523	63
a76db44cb3	/IG00.MAP	169458	18
a76e6a8924	/OT02.MAP	164766	53
a7736b31c6	/WK00.MAP	109147	49
a773b76635	/OT00.MAP	166753	12
a7766035f4	/WY00.MAP	230499	43
a77d5258dc	/WY00.MAP	216058	61
a7887bde51	/AT20.MAP	89362	18
a788d7092e	/IG10.MAP	157012	57
a7a230540a	/FIR3.MAP	108416	61
a7b4729874	/TM00.MAP	132905	47
a7c772a3fe	/HS00.MAP	70627	57
a7cac51ceb	/WY00.MAP	218040	42
a7cd33cc67	/DG10.MAP	89985	49
a7db469ed5	/CT10.MAP	196478	69
a7e2cda9cb	/GM00.MAP	195362	39
a7e4841f9f	/WR00.MAP	240226	100
a7ed0f6b57	/CK01.MAP	156870	36
a7f9ba77a0	/OT01.MAP	164047	57
a80c53b0a0	/WY00.MAP	233794	18
a81074fd39	/JG00.MAP	131368	69
a810f921af	/OB00.MAP	155129	71
a811660d37	/WR00.MAP	232638	47
a811660d37	/WR00.MAP	232805	47
a8123bccec	/MH00.MAP	181152	47
a81a1df3c1	/WR00.MAP	231045	88
a81db3a793	/MP00.MAP	195371	28
a82bda16ff	/KS00.MAP	172403	51
a844b109c3	/NJ10.MAP	128013	49
a846603b40	/GB00.MAP	173859	45
a8471f70f7	/WY00.MAP	234919	47
a84cd46daa	/KM10.MAP	47816	55
a8575bd0d8	/WC00.MAP	215905	30
a867deb66a	/WR00.MAP	228278	73
a86a0de4cd	/MK00.MAP	150132	24
a87013ff9d	/OT00.MAP	167611	53
a874d1b034	/IZ00.MAP	54004	47
a874d1b034	/WR00.MAP	219034	47
a874d1b034	/WR00.MAP	219964	47
a876be3b1a	/RT20.MAP	106088	49
a879c53e26	/GT10.MAP	46632	47
a87c57d3bb	/NT30.MAP	107659	22
a87dc3edf0	/ZM01.MAP	138555	51
a8879ddf13	/WAZAHELP.MSG	1384	60
a894fb0966	/ITEMHELP.MSG	7060	58
a8955a5564	/WR00.MAP	174232	16
a8955a5564	/WR01.MAP	174232	16
a8955a5564	/WR02.MAP	174232	16
a8955a5564	/WR10.MAP	172960	16
a898286dd7	/AT20.MAP	84074	39
a89d1b7457	/BOT4.MAP	27719	12
a8a0ca3a9c	/GM00.MAP	171908	37
a8a1e6a2e0	/MH00.MAP	167886	4
a8c6427c44	/IS10.MAP	62675	40
a8de104e16	/ITEMHELP.MSG	3940	32
a8e1da304a	/WAZAHELP.MSG	4772	32
a8ea80d6a0	/GT00.MAP	145975	57
a8edaa5867	/CK00.MAP	178096	41
a8f1b2ce7f	/IG01.MAP	155888	25
a91e8ce4f1	/ES00.MAP	74405	20
a91f8bbb01	/ST00.MAP	116315	53
a92bb4c629	/SK00.MAP	116860	18
a92e206c2b	/GM00.MAP	203593	59
a937e2845f	/CT10.MAP	191212	71
a93865d19a	/RT20.MAP	107575	94
a93b6b180e	/GB00.MAP	197043	24
a93cb52e31	/KZ00.MAP	171937	78
a94b792d6d	/IG00.MAP	158742	10
a94b792d6d	/RT20.MAP	115436	10
a94e33fd92	/IP00.MAP	164098	55
a95284a6f7	/NZ00.MAP	121076	57
a957099007	/WC00.MAP	210766	24
a965ee52e0	/RT20.MAP	123016	84
a967f6f525	/MH00.MAP	178592	43
a975edda74	/IG00.MAP	162973	49
a99209a659	/KM00.MAP	153988	26
a992eb5262	/RS01.MAP	51918	16
a99b3b9318	/OT01.MAP	167114	57
a9a26bde45	/KM00.MAP	154195	45
a9a44cb2e1	/IG00.MAP	170612	67
a9aadc92c9	/WR00.MAP	241078	8
a9aadc92c9	/WS01.MAP	79156	8
a9ac0fa6b9	/HY00.MAP	133985	51
a9ac751731	/ZM00.MAP	154678	6
a9ac82780c	/AT00.MAP	177597	45
a9b04c3cfa	/HL10.MAP	95612	16
a9b4327568	/MH00.MAP	169001	32
a9b4327568	/MH00.MAP	171640	32
a9c218bb21	/AT10.MAP	169775	24
a9c87c282e	/OB00.MAP	155640	42
a9cd15b8c6	/IS10.MAP	61226	24
a9d8f0dfd8	/MP00.MAP	191977	49
a9dcdd7821	/GB00.MAP	182276	65
a9ed18fc46	/ZM00.MAP	151025	51
a9fae723e2	/AT00.MAP	181099	71
a9fda66b41	/OB00.MAP	150996	28
aa07dffa76	/WC00.MAP	206088	69
aa086b503d	/CT10.MAP	192327	67
aa12ae7f44	/GM00.MAP	187820	38
aa2ff021d3	/RT30.MAP	138585	53
aa386f8fcc	/KB20.MAP	61712	41
aa463a37fe	/DS00.MAP	86200	66
aa46b0ab6c	/IG00.MAP	179877	67
aa4c0bd79f	/MP00.MAP	188090	76
aa4c154b9b	/OT00.MAP	178495	55
aa51daca22	/AT00.MAP	175387	49
aa6cbb004c	/JG00.MAP	135622	28
aa7a5562e0	/QH00.MAP	161582	65
aa82ffa1e3	/HY00.MAP	134974	41
aa86a96e32	/WY02.MAP	215603	88
aa9f5a9a93	/KD00.MAP	162114	45
aaa598eb14	/WC00.MAP	231328	26
aaadf9798e	/AT00.MAP	191466	49
aab995d0f0	/IS10.MAP	58380	57
aabf9012d1	/IG10.MAP	155341	35
aabfac9f5e	/WR02.MAP	217288	60
aacf38d8e4	/GM00.MAP	201953	30
aadf53c537	/WY00.MAP	218297	16
aae12645b6	/WAZAHELP.MSG	5244	32
aae6cc688e	/IG00.MAP	169603	100
ab02165196	/GM00.MAP	203106	22
ab07ef64ab	/WC00.MAP	213266	66
ab128677ed	/JG00.MAP	134187	39
ab168199cd	/JG00.MAP	139519	61
ab192d3cde	/HL10.MAP	94900	39
ab1fd622f5	/IP00.MAP	159545	27
ab23b1fa82	/WR02.MAP	218046	49
ab35493b9c	/IG00.MAP	170524	18
ab3c38482d	/IG01.MAP	154197	20
ab3f2bc859	/IG01.MAP	154811	34
ab50048b02	/WR00.MAP	233059	92
ab54f3aecd	/AT20.MAP	83132	47
ab5704b292	/KM00.MAP	146272	10
ab5704b292	/KM00.MAP	149811	10
ab61b0bfcf	/HY00.MAP	134392	62
ab669e9c73	/AT00.MAP	180252	51
ab74235d4c	/AT00.MAP	185046	63
ab769574bc	/AT20.MAP	88394	38
ab769574bc	/AT20.MAP	88673	38
ab7a98cfe2	/WC00.MAP	222604	24
ab7b3758a7	/WR00.MAP	229319	34
ab7c8223ac	/DL00.MAP	120823	35
ab82e449aa	/HL00.MAP	135051	55
ab8a4b8152	/AT10.MAP	164316	485
ab908d2de0	/GM00.MAP	194443	26
ab91e31dcf	/GM00.MAP	195158	31
ab91e31dcf	/GM00.MAP	195250	31
ab91e31dcf	/GM00.MAP	205563	31
ab91e31dcf	/WC00.MAP	224565	31
ab91e31dcf	/WC00.MAP	224671	31
ab91e31dcf	/WC00.MAP	224797	31
ab91e31dcf	/WC00.MAP	224849	31
ab91e31dcf	/WC00.MAP	224919	31
ab91e31dcf	/WC00.MAP	225019	31
ab91e31dcf	/WC00.MAP	225078	31
ab91e31dcf	/WC00.MAP	225168	31
ab91e31dcf	/WC00.MAP	225250	31
ab91e31dcf	/WC00.MAP	225309	31
ab91e31dcf	/WC00.MAP	225399	31
ab91e31dcf	/WC00.MAP	225491	31
ab91e31dcf	/WC00.MAP	225587	31
ab91e31dcf	/WC00.MAP	225706	31
ab91e31dcf	/WC00.MAP	225796	31
ab91e31dcf	/WC00.MAP	225884	31
ab91e31dcf	/WC00.MAP	226003	31
ab91e31dcf	/WC00.MAP	226112	31
ab91e31dcf	/WC00.MAP	226444	31
ab91e31dcf	/WC00.MAP	226508	31
ab91e31dcf	/WC00.MAP	226631	31
ab91e31dcf	/WC00.MAP	226703	31
ab91e31dcf	/WC00.MAP	226771	31
ab91e31dcf	/WC00.MAP	226872	31
ab91e31dcf	/WC00.MAP	226946	31
ab97bc8f3e	/IP00.MAP	158176	42
ab9bac7925	/FIR0.MAP	95333	47
ab9bf3c117	/IZ00.MAP	61104	45
ab9bf3c117	/IZ00.MAP	61879	45
ab9d8e81ed	/SK10.MAP	93685	42
aba8a980d4	/NZ10.MAP	109773	42
aba8e989dd	/KM10.MAP	50448	38
abb98ee414	/GT10.MAP	48253	65
abb9ba9297	/WK00.MAP	104540	81
abc11563c4	/GT10.MAP	51591	12
abcb4437a9	/WR00.MAP	226775	25
abd32a1d64	/DG10.MAP	89506	47
abda0ba6c3	/HY00.MAP	136526	28
abdb86f30e	/WY00.MAP	230031	43
abeade2530	/BL00.MAP	126962	63
abf144592e	/ES00.MAP	76691	77
abf144592e	/ES10.MAP	78032	77
abf51e3836	/KD00.MAP	163613	45
ac109550e1	/OT00.MAP	175272	24
ac109550e1	/OT00.MAP	175758	24
ac109550e1	/OT00.MAP	177403	24
ac19189b25	/IP00.MAP	158251	67
ac3c942ca3	/GM00.MAP	181379	69
ac42b72aae	/NJ10.MAP	136124	16
ac466b014b	/HS00.MAP	72915	61
ac5ea79a20	/CT10.MAP	189164	69
ac68f0c910	/WC00.MAP	227105	28
ac68f0c910	/WC00.MAP	227144	28
ac68f0c910	/WC00.MAP	227352	28
ac71a26206	/KM00.MAP	154137	26
ac73a6a554	/OB00.MAP	156597	61
ac7cd24603	/HS00.MAP	69741	31
ac91514bef	/CT20.MAP	171676	55
ac98d0bde9	/GM00.MAP	198827	80
ac9c090d89	/KM00.MAP	162070	63
ac9c090d89	/KM00.MAP	164068	63
ac9ef5c7ce	/IP00.MAP	159462	51
aca30ca9a5	/RS01.MAP	50791	32
aca30ca9a5	/RS01.MAP	51095	32
aca9e0bd6c	/GB00.MAP	176849	36
acb77f04a8	/GM00.MAP	202395	39
acc86b44d5	/NT30.MAP	107375	10
acd15ab0b6	/GM00.MAP	206105	34
acd5a007bc	/HL00.MAP	131585	41
acf3d06606	/WC00.MAP	224829	19
acf6ca44e0	/WK00.MAP	104179	22
acfd12c0fe	/DS00.MAP	85598	51
acfd9221c4	/AT20.MAP	85336	69
ad02386636	/KS00.MAP	171720	80
ad065c446f	/IG01.MAP	153374	43
ad065c446f	/IG01.MAP	154257	43
ad065c446f	/IG01.MAP	155394	43
ad341bfe2c	/HL10.MAP	98735	32
ad35cadf1c	/AT10.MAP	167824	32
ad36f348c2	/WY00.MAP	232135	63
ad36f348c2	/WY00.MAP	232523	63
ad3a5e539d	/NT00.MAP	62501	36
ad453fcae4	/QH01.MAP	147346	32
ad48b70c0d	/GM00.MAP	192303	32
ad48b70c0d	/GM00.MAP	192930	32
ad5ccf9a66	/KM00.MAP	159994	77
ad5e9288ae	/CK00.MAP	170547	58
ad65ddf0e1	/IG10.MAP	158354	65
ad7a81b8d5	/MK00.MAP	148304	51
ad809f9e2f	/NZ10.MAP	114629	80
ad84124a85	/RT30.MAP	138787	45
ad854dbd94	/AT00.MAP	180627	53
ad854dbd94	/AT00.MAP	181765	53
ad866fbad0	/AT00.MAP	192799	18
ad8e05eab4	/MH00.MAP	168160	73
ad93581c66	/NJ10.MAP	129483	67
ad95bf3941	/MP00.MAP	195733	16
ad97495ea1	/WR00.MAP	231296	65
ad9f12388c	/KD00.MAP	168619	14
ada2f269f3	/ES00.MAP	76174	47
ada2f269f3	/ES10.MAP	77515	47
ada501d64f	/NT20.MAP	148949	14
adb1a6dd9f	/NJ10.MAP	137601	62
adb45c7d53	/MK00.MAP	149359	51
adbb785e2a	/WR00.MAP	228561	49
adc7c68a9b	/IS10.MAP	59799	10
adccc1810f	/GM00.MAP	183844	79
add00f9d8a	/QH00.MAP	161874	12
ade5e6f2c6	/AT00.MAP	192849	53
adeef31004	/RT20.MAP	111685	65
adeef31004	/RT20.MAP	124376	65
adf307ab3c	/QH00.MAP	149393	28
adf97b7c14	/SK00.MAP	117171	24
adfbad1680	/WR00.MAP	227931	59
ae0d518c9e	/MH00.MAP	160838	74
ae15846d7e	/ZM00.MAP	145475	51
ae15c64856	/BOT5.MAP	27292	10
ae19a28d3d	/RT20.MAP	106425	55
ae19f8c262	/NT00.MAP	61694	43
ae1b9ba5a2	/AT00.MAP	176003	45
ae1f032ec0	/KD00.MAP	165507	55
ae1f032ec0	/KD00.MAP	166814	55
ae1f032ec0	/KD00.MAP	168133	55
ae2196d824	/IZ00.MAP	50487	28
ae3723ee57	/WR02.MAP	212950	12
ae4b41c2a0	/AT00.MAP	172860	47
ae5066fc18	/KR00.MAP	101146	26
ae5abf51da	/AT00.MAP	174418	24
ae67728b59	/KK00.MAP	132438	28
ae7bb80ad5	/KB01.MAP	54373	69
ae7d5336d5	/GM00.MAP	175291	57
ae7db95880	/WAZAHELP.MSG	11324	32
ae93df0dd7	/GB00.MAP	174202	52
aea00af5b5	/QH00.MAP	149912	49
aea3758d4b	/IZ00.MAP	50547	10
aea5452570	/WY02.MAP	215087	73
aeb0516469	/KS00.MAP	170314	88
aeb7412470	/SK10.MAP	92043	26
aec7edd5df	/WY00.MAP	226553	30
aecf828d8a	/WAZAHELP.MSG	4628	66
aee3b5293a	/MH00.MAP	179408	63
aeeb54743b	/ZM00.MAP	141970	90
aef2016417	/DG00.MAP	136227	59
aef2016417	/DG00.MAP	136537	59
aef87f85f6	/IG00.MAP	160596	49
af05f04791	/AT00.MAP	182166	40
af061086bd	/DIARY.MSG	6960	211
af0b6a7fa8	/KD00.MAP	163329	39
af0cf2b1f7	/WAZAHELP.MSG	8928	30
af127ef560	/RT20.MAP	126376	82
af2317bdf3	/DG21.MAP	96609	98
af26529aab	/GB00.MAP	194005	42
af2e72ff33	/ZM00.MAP	142140	18
af367ac5d0	/NT30.MAP	107559	68
af39071ddb	/ZM00.MAP	155822	53
af3f8cdb3d	/KS00.MAP	170148	57
af3ff893ee	/MH00.MAP	181718	55
af43d07e9e	/WC00.MAP	212029	67
af4b03175c	/NJ10.MAP	134807	57
af4b03175c	/NJ10.MAP	135063	57
af4fccd2a1	/TM00.MAP	133297	123
af6546e160	/WR00.MAP	233968	57
af6c804517	/GM00.MAP	193993	28
af6d7e2291	/IZ00.MAP	58060	87
af6f5f5f22	/ZM00.MAP	147796	67
af6fe7f6d4	/GT00.MAP	148085	45
af744bb46b	/KM00.MAP	158787	51
af79b1ce90	/ITEMHELP.MSG	11220	38
af82d34fe2	/GM00.MAP	179684	28
af951ecac1	/KR00.MAP	102125	28
afa2dcf68b	/ES00.MAP	74671	59
afa2dcf68b	/ES10.MAP	74939	59
afb0036241	/FIR2.MAP	114634	24
afb0c455b1	/QH00.MAP	158037	47
afb635235b	/QH00.MAP	160783	104
afb7ae5dfb	/DG21.MAP	96097	110
afbe7fa54b	/MP00.MAP	181046	28
afbe866d61	/KM00.MAP	151206	55
afbff8b05c	/OB00.MAP	153126	34
afd5ba1776	/IZ00.MAP	65317	28
afd9c2b2d6	/DL00.MAP	120897	49
afdea01729	/IS10.MAP	60562	31
afded00475	/IG00.MAP	176542	78
afded00475	/IG00.MAP	176955	78
afe112e02c	/WY00.MAP	229354	55
afe34439c5	/CK00.MAP	173606	65
afe35c41f5	/NJ10.MAP	131250	61
afe49d71b4	/QH00.MAP	159847	75
afea0cf385	/HL10.MAP	99236	22
affa983a29	/KM00.MAP	158720	34
affcc3055c	/WY02.MAP	217118	49
b005be9690	/KM00.MAP	145325	57
b0076c42f9	/IZ00.MAP	54457	24
b01054ebe9	/KM10.MAP	48186	32
b020ade663	/WAZAHELP.MSG	5564	64
b02d7e453b	/KR00.MAP	109503	78
b03557db17	/JG10.MAP	149181	69
b03c3974d8	/GB00.MAP	185971	69
b05485817b	/MH00.MAP	178667	16
b055f952cf	/GM00.MAP	175524	57
b0570892c6	/IG00.MAP	163122	88
b05ace8c69	/JG00.MAP	134104	51
b076502e2a	/MP01.MAP	125974	90
b07a9df310	/AT00.MAP	190409	34
b07da66754	/DG10.MAP	90378	21
b0823d3e7f	/ITEMHELP.MSG	10720	40
b083503a8b	/CK00.MAP	172975	43
b099c836a1	/NJ10.MAP	131206	12
b0a33b1574	/HY00.MAP	137760	55
b0ae2e2f60	/WS00.MAP	80447	40
b0b7f51000	/IG00.MAP	172654	47
b0bb921882	/HS00.MAP	71971	53
b0ddc9da09	/SK00.MAP	118100	34
b0e06acc7a	/OT00.MAP	170000	57
b0e5275230	/MH00.MAP	181602	32
b0e9ad36e2	/AT20.MAP	82288	55
b0eb6728b6	/BL00.MAP	125964	61
b0eb6728b6	/MP00.MAP	181676	61
b0eb6728b6	/OT00.MAP	167665	61
b0eb6728b6	/OT01.MAP	168423	61
b0ebaf034b	/ITEMHELP.MSG	10912	72
b0fe945dbb	/KM00.MAP	146172	88
b110f4871e	/IZ00.MAP	54354	71
b113b56ca5	/WR10.MAP	210930	41
b129bb0d78	/CK00.MAP	160926	19
b13c043f8d	/GM00.MAP	181814	47
b1425e2911	/AT00.MAP	173325	40
b157289643	/GM00.MAP	175716	94
b157289643	/GM00.MAP	176139	94
b1639d1ca9	/WK00.MAP	107859	28
b166cb02db	/ITEMHELP.MSG	5756	48
b168c078df	/GB00.MAP	176918	28
b16bba761a	/ZM01.MAP	138639	38
b16d9d0fa0	/OB00.MAP	153320	62
b171e4eab2	/IZ00.MAP	57251	32
b17f0707ea	/CK00.MAP	166092	41
b1819a74e7	/AT20.MAP	89307	22
b1831a4d7e	/MP00.MAP	182150	57
b18360f6aa	/ZM00.MAP	142092	16
b19a32b2c1	/QH00.MAP	152860	55
b1a1fdbd12	/SK10.MAP	94553	22
b1aba8ae45	/TJ50.MAP	30291	12
b1aba8ae45	/TJ51.MAP	45467	12
b1aba8ae45	/TJ70.MAP	52980	12
b1aba8ae45	/TJ71.MAP	54940	12
b1aba8ae45	/TJ72.MAP	49396	12
b1abc4d391	/DL00.MAP	121554	59
b1cdb19c06	/ZM00.MAP	148005	34
b1e68294b7	/OT00.MAP	171576	45
b1eb2574ef	/AT00.MAP	195537	73
b1effa5714	/WS00.MAP	82558	92
b1effa5714	/WS10.MAP	83288	92
b1f2a909a9	/QH00.MAP	156368	63
b1fd6a4192	/IG00.MAP	171676	11
b1fde0bddd	/GT10.MAP	47901	38
b1fde0bddd	/GT10.MAP	48675	38
b1fde0bddd	/GT10.MAP	49334	38
b1fde0bddd	/GT10.MAP	49962	38
b1fde0bddd	/GT10.MAP	50729	38
b207a94a59	/IG00.MAP	177926	47
b210d07590	/WR00.MAP	240423	20
b214d52e82	/IZ00.MAP	51700	18
b218e3df3a	/ES01.MAP	75712	16
b218e3df3a	/WS01.MAP	80869	16
b21955e697	/ITEMHELP.MSG	6628	64
b21cbd7b72	/CT10.MAP	196837	26
b2216daa87	/HL00.MAP	130070	8
b2250236a8	/AT00.MAP	190888	73
b22e75279d	/WY00.MAP	225694	16
b23ab12612	/SK10.MAP	93593	57
b252e7eeea	/GM00.MAP	190505	88
b257ff8b8f	/AT00.MAP	171363	4
b257ff8b8f	/AT00.MAP	171405	4
b257ff8b8f	/AT01.MAP	165091	4
b257ff8b8f	/AT01.MAP	165133	4
b257ff8b8f	/AT10.MAP	160887	4
b257ff8b8f	/AT10.MAP	160929	4
b257ff8b8f	/AT10.MAP	161281	4
b257ff8b8f	/AT10.MAP	161355	4
b257ff8b8f	/AT10.MAP	161393	4
b257ff8b8f	/AT20.MAP	81553	4
b257ff8b8f	/AT20.MAP	81595	4
b257ff8b8f	/BL00.MAP	124614	4
b257ff8b8f	/BL00.MAP	124656	4
b257ff8b8f	/BL00.MAP	128581	4
b257ff8b8f	/BL10.MAP	40646	4
b257ff8b8f	/BL10.MAP	40688	4
b257ff8b8f	/BL20.MAP	57863	4
b257ff8b8f	/BL20.MAP	57905	4
b257ff8b8f	/BL30.MAP	42662	4
b257ff8b8f	/BL30.MAP	42704	4
b257ff8b8f	/BL40.MAP	80756	4
b257ff8b8f	/BL40.MAP	80798	4
b257ff8b8f	/BL50.MAP	51202	4
b257ff8b8f	/BL50.MAP	51244	4
b257ff8b8f	/BOOT.MAP	25176	4
b257ff8b8f	/BOOT.MAP	25218	4
b257ff8b8f	/BOOT2.MAP	142022	4
b257ff8b8f	/BOOT2.MAP	142064	4
b257ff8b8f	/BOT3.MAP	27078	4
b257ff8b8f	/BOT3.MAP	27120	4
b257ff8b8f	/BOT4.MAP	26949	4
b257ff8b8f	/BOT4.MAP	26991	4
b257ff8b8f	/BOT5.MAP	26696	4
b257ff8b8f	/BOT5.MAP	26738	4
b257ff8b8f	/CK00.MAP	160609	4
b257ff8b8f	/CK00.MAP	160651	4
b257ff8b8f	/CK01.MAP	156635	4
b257ff8b8f	/CK01.MAP	156677	4
b257ff8b8f	/CT00.MAP	164395	4
b257ff8b8f	/CT00.MAP	164437	4
b257ff8b8f	/CT10.MAP	186567	4
b257ff8b8f	/CT10.MAP	186609	4
b257ff8b8f	/CT20.MAP	166454	4
b257ff8b8f	/CT20.MAP	166496	4
b257ff8b8f	/DG00.MAP	135242	4
b257ff8b8f	/DG00.MAP	135284	4
b257ff8b8f	/DG10.MAP	89167	4
b257ff8b8f	/DG10.MAP	89209	4
b257ff8b8f	/DG21.MAP	95377	4
b257ff8b8f	/DG21.MAP	95419	4
b257ff8b8f	/DL00.MAP	119922	4
b257ff8b8f	/DL00.MAP	119964	4
b257ff8b8f	/DS00.MAP	83620	4
b257ff8b8f	/DS00.MAP	83662	4
b257ff8b8f	/DS10.MAP	78322	4
b257ff8b8f	/DS10.MAP	78364	4
b257ff8b8f	/ES00.MAP	74219	4
b257ff8b8f	/ES00.MAP	74261	4
b257ff8b8f	/ES01.MAP	73754	4
b257ff8b8f	/ES01.MAP	73796	4
b257ff8b8f	/ES10.MAP	74733	4
b257ff8b8f	/ES10.MAP	74775	4
b257ff8b8f	/FIR0.MAP	95019	4
b257ff8b8f	/FIR0.MAP	95061	4
b257ff8b8f	/FIR1.MAP	134279	4
b257ff8b8f	/FIR1.MAP	134321	4
b257ff8b8f	/FIR2.MAP	114220	4
b257ff8b8f	/FIR2.MAP	114262	4
b257ff8b8f	/FIR3.MAP	107679	4
b257ff8b8f	/FIR3.MAP	107721	4
b257ff8b8f	/GB00.MAP	171372	4
b257ff8b8f	/GB00.MAP	171414	4
b257ff8b8f	/GH00.MAP	151001	4
b257ff8b8f	/GH00.MAP	151043	4
b257ff8b8f	/GM00.MAP	171185	4
b257ff8b8f	/GM00.MAP	171227	4
b257ff8b8f	/GM01.MAP	164642	4
b257ff8b8f	/GM01.MAP	164684	4
b257ff8b8f	/GT00.MAP	145702	4
b257ff8b8f	/GT00.MAP	145744	4
b257ff8b8f	/GT10.MAP	46069	4
b257ff8b8f	/GT10.MAP	46111	4
b257ff8b8f	/GT20.MAP	138869	4
b257ff8b8f	/GT20.MAP	138911	4
b257ff8b8f	/HL00.MAP	128800	4
b257ff8b8f	/HL00.MAP	128842	4
b257ff8b8f	/HL10.MAP	94180	4
b257ff8b8f	/HL10.MAP	94222	4
b257ff8b8f	/HL11.MAP	92238	4
b257ff8b8f	/HL11.MAP	92280	4
b257ff8b8f	/HS00.MAP	69065	4
b257ff8b8f	/HS00.MAP	69107	4
b257ff8b8f	/HS10.MAP	181172	4
b257ff8b8f	/HS10.MAP	181214	4
b257ff8b8f	/HY00.MAP	131041	4
b257ff8b8f	/HY00.MAP	131083	4
b257ff8b8f	/IG00.MAP	157300	4
b257ff8b8f	/IG00.MAP	157342	4
b257ff8b8f	/IG01.MAP	153217	4
b257ff8b8f	/IG01.MAP	153259	4
b257ff8b8f	/IG10.MAP	153621	4
b257ff8b8f	/IG10.MAP	153663	4
b257ff8b8f	/IP00.MAP	156471	4
b257ff8b8f	/IP00.MAP	156513	4
b257ff8b8f	/IP10.MAP	135249	4
b257ff8b8f	/IP10.MAP	135291	4
b257ff8b8f	/IS00.MAP	160431	4
b257ff8b8f	/IS00.MAP	160473	4
b257ff8b8f	/IS10.MAP	58126	4
b257ff8b8f	/IS10.MAP	58168	4
b257ff8b8f	/IXXX.MAP	21948	4
b257ff8b8f	/IXXX.MAP	21990	4
b257ff8b8f	/IY00.MAP	121573	4
b257ff8b8f	/IY00.MAP	121615	4
b257ff8b8f	/IZ00.MAP	49294	4
b257ff8b8f	/IZ00.MAP	49336	4
b257ff8b8f	/JG00.MAP	130043	4
b257ff8b8f	/JG00.MAP	130085	4
b257ff8b8f	/JG01.MAP	125185	4
b257ff8b8f	/JG01.MAP	125227	4
b257ff8b8f	/JG02.MAP	125400	4
b257ff8b8f	/JG02.MAP	125442	4
b257ff8b8f	/JG10.MAP	148651	4
b257ff8b8f	/JG10.MAP	148693	4
b257ff8b8f	/KB00.MAP	54498	4
b257ff8b8f	/KB00.MAP	54540	4
b257ff8b8f	/KB01.MAP	54129	4
b257ff8b8f	/KB01.MAP	54171	4
b257ff8b8f	/KB10.MAP	55257	4
b257ff8b8f	/KB10.MAP	55299	4
b257ff8b8f	/KB20.MAP	61100	4
b257ff8b8f	/KB20.MAP	61142	4
b257ff8b8f	/KD00.MAP	160779	4
b257ff8b8f	/KD00.MAP	160821	4
b257ff8b8f	/KK00.MAP	130334	4
b257ff8b8f	/KK00.MAP	130376	4
b257ff8b8f	/KK01.MAP	128988	4
b257ff8b8f	/KK01.MAP	129030	4
b257ff8b8f	/KM00.MAP	144878	4
b257ff8b8f	/KM00.MAP	144920	4
b257ff8b8f	/KM01.MAP	140960	4
b257ff8b8f	/KM01.MAP	141002	4
b257ff8b8f	/KM10.MAP	47096	4
b257ff8b8f	/KM10.MAP	47138	4
b257ff8b8f	/KR00.MAP	93357	4
b257ff8b8f	/KR00.MAP	93399	4
b257ff8b8f	/KS00.MAP	167045	4
b257ff8b8f	/KS00.MAP	167087	4
b257ff8b8f	/KZ00.MAP	171073	4
b257ff8b8f	/KZ00.MAP	171115	4
b257ff8b8f	/MH00.MAP	160281	4
b257ff8b8f	/MH00.MAP	160323	4
b257ff8b8f	/MK00.MAP	147142	4
b257ff8b8f	/MK00.MAP	147184	4
b257ff8b8f	/MP00.MAP	174309	4
b257ff8b8f	/MP00.MAP	174351	4
b257ff8b8f	/MP01.MAP	125681	4
b257ff8b8f	/MP01.MAP	125723	4
b257ff8b8f	/NJ00.MAP	155265	4
b257ff8b8f	/NJ00.MAP	155307	4
b257ff8b8f	/NJ10.MAP	126791	4
b257ff8b8f	/NJ10.MAP	126833	4
b257ff8b8f	/NT00.MAP	60447	4
b257ff8b8f	/NT00.MAP	60489	4
b257ff8b8f	/NT10.MAP	132475	4
b257ff8b8f	/NT10.MAP	132517	4
b257ff8b8f	/NT20.MAP	143438	4
b257ff8b8f	/NT20.MAP	143480	4
b257ff8b8f	/NT21.MAP	130023	4
b257ff8b8f	/NT21.MAP	130065	4
b257ff8b8f	/NT30.MAP	102458	4
b257ff8b8f	/NT30.MAP	102500	4
b257ff8b8f	/NT31.MAP	137315	4
b257ff8b8f	/NT31.MAP	137357	4
b257ff8b8f	/NZ00.MAP	116297	4
b257ff8b8f	/NZ00.MAP	116339	4
b257ff8b8f	/NZ10.MAP	108799	4
b257ff8b8f	/NZ10.MAP	108841	4
b257ff8b8f	/NZ11.MAP	107295	4
b257ff8b8f	/NZ11.MAP	107337	4
b257ff8b8f	/OB00.MAP	149997	4
b257ff8b8f	/OB00.MAP	150039	4
b257ff8b8f	/OT00.MAP	165914	4
b257ff8b8f	/OT00.MAP	165956	4
b257ff8b8f	/OT01.MAP	163348	4
b257ff8b8f	/OT01.MAP	163390	4
b257ff8b8f	/OT02.MAP	163125	4
b257ff8b8f	/OT02.MAP	163167	4
b257ff8b8f	/OT10.MAP	162880	4
b257ff8b8f	/OT10.MAP	162922	4
b257ff8b8f	/QH00.MAP	148313	4
b257ff8b8f	/QH00.MAP	148355	4
b257ff8b8f	/QH01.MAP	144964	4
b257ff8b8f	/QH01.MAP	145006	4
b257ff8b8f	/RS00.MAP	48388	4
b257ff8b8f	/RS00.MAP	48430	4
b257ff8b8f	/RS01.MAP	49714	4
b257ff8b8f	/RS01.MAP	49756	4
b257ff8b8f	/RT00.MAP	158976	4
b257ff8b8f	/RT00.MAP	159018	4
b257ff8b8f	/RT20.MAP	101878	4
b257ff8b8f	/RT20.MAP	101920	4
b257ff8b8f	/RT30.MAP	137970	4
b257ff8b8f	/RT30.MAP	138012	4
b257ff8b8f	/SB00.MAP	72191	4
b257ff8b8f	/SB00.MAP	72233	4
b257ff8b8f	/SK00.MAP	115548	4
b257ff8b8f	/SK00.MAP	115590	4
b257ff8b8f	/SK10.MAP	91864	4
b257ff8b8f	/SK10.MAP	91906	4
b257ff8b8f	/SS00.MAP	68597	4
b257ff8b8f	/SS00.MAP	68639	4
b257ff8b8f	/SS10.MAP	68644	4
b257ff8b8f	/SS10.MAP	68686	4
b257ff8b8f	/ST00.MAP	115448	4
b257ff8b8f	/ST00.MAP	115490	4
b257ff8b8f	/ST10.MAP	81933	4
b257ff8b8f	/ST10.MAP	81975	4
b257ff8b8f	/TEST.MAP	141616	4
b257ff8b8f	/TEST.MAP	141658	4
b257ff8b8f	/TJ00.MAP	143991	4
b257ff8b8f	/TJ00.MAP	144033	4
b257ff8b8f	/TJ01.MAP	143991	4
b257ff8b8f	/TJ01.MAP	144033	4
b257ff8b8f	/TJ10.MAP	29715	4
b257ff8b8f	/TJ10.MAP	29757	4
b257ff8b8f	/TJ11.MAP	44843	4
b257ff8b8f	/TJ11.MAP	44885	4
b257ff8b8f	/TJ20.MAP	29762	4
b257ff8b8f	/TJ20.MAP	29804	4
b257ff8b8f	/TJ21.MAP	44898	4
b257ff8b8f	/TJ21.MAP	44940	4
b257ff8b8f	/TJ22.MAP	48806	4
b257ff8b8f	/TJ22.MAP	48848	4
b257ff8b8f	/TJ30.MAP	52367	4
b257ff8b8f	/TJ30.MAP	52409	4
b257ff8b8f	/TJ31.MAP	54423	4
b257ff8b8f	/TJ31.MAP	54465	4
b257ff8b8f	/TJ32.MAP	48783	4
b257ff8b8f	/TJ32.MAP	48825	4
b257ff8b8f	/TJ40.MAP	144115	4
b257ff8b8f	/TJ40.MAP	144157	4
b257ff8b8f	/TJ41.MAP	144122	4
b257ff8b8f	/TJ41.MAP	144164	4
b257ff8b8f	/TJ50.MAP	29779	4
b257ff8b8f	/TJ50.MAP	29821	4
b257ff8b8f	/TJ51.MAP	44955	4
b257ff8b8f	/TJ51.MAP	44997	4
b257ff8b8f	/TJ60.MAP	29826	4
b257ff8b8f	/TJ60.MAP	29868	4
b257ff8b8f	/TJ61.MAP	45010	4
b257ff8b8f	/TJ61.MAP	45052	4
b257ff8b8f	/TJ62.MAP	48870	4
b257ff8b8f	/TJ62.MAP	48912	4
b257ff8b8f	/TJ70.MAP	52479	4
b257ff8b8f	/TJ70.MAP	52521	4
b257ff8b8f	/TJ71.MAP	54439	4
b257ff8b8f	/TJ71.MAP	54481	4
b257ff8b8f	/TJ72.MAP	48895	4
b257ff8b8f	/TJ72.MAP	48937	4
b257ff8b8f	/TM00.MAP	130109	4
b257ff8b8f	/TM00.MAP	130151	4
b257ff8b8f	/TM00.MAP	133711	4
b257ff8b8f	/TM10.MAP	68448	4
b257ff8b8f	/TM10.MAP	68490	4
b257ff8b8f	/TM20.MAP	78104	4
b257ff8b8f	/TM20.MAP	78146	4
b257ff8b8f	/TM30.MAP	101376	4
b257ff8b8f	/TM30.MAP	101418	4
b257ff8b8f	/TM40.MAP	44452	4
b257ff8b8f	/TM40.MAP	44494	4
b257ff8b8f	/TST2.MAP	128364	4
b257ff8b8f	/TST2.MAP	128406	4
b257ff8b8f	/TTTT.MAP	97060	4
b257ff8b8f	/TTTT.MAP	97102	4
b257ff8b8f	/WC00.MAP	205805	4
b257ff8b8f	/WC00.MAP	205847	4
b257ff8b8f	/WC01.MAP	199170	4
b257ff8b8f	/WC01.MAP	199212	4
b257ff8b8f	/WK00.MAP	103485	4
b257ff8b8f	/WK00.MAP	103527	4
b257ff8b8f	/WR00.MAP	217665	4
b257ff8b8f	/WR00.MAP	217707	4
b257ff8b8f	/WR01.MAP	210358	4
b257ff8b8f	/WR01.MAP	210400	4
b257ff8b8f	/WR02.MAP	212534	4
b257ff8b8f	/WR02.MAP	212576	4
b257ff8b8f	/WR10.MAP	210520	4
b257ff8b8f	/WR10.MAP	210562	4
b257ff8b8f	/WS00.MAP	79269	4
b257ff8b8f	/WS00.MAP	79311	4
b257ff8b8f	/WS01.MAP	78756	4
b257ff8b8f	/WS01.MAP	78798	4
b257ff8b8f	/WS10.MAP	79678	4
b257ff8b8f	/WS10.MAP	79720	4
b257ff8b8f	/WY00.MAP	215715	4
b257ff8b8f	/WY00.MAP	215757	4
b257ff8b8f	/WY00.MAP	229039	4
b257ff8b8f	/WY01.MAP	208928	4
b257ff8b8f	/WY01.MAP	208970	4
b257ff8b8f	/WY02.MAP	210842	4
b257ff8b8f	/WY02.MAP	210884	4
b257ff8b8f	/ZM00.MAP	140754	4
b257ff8b8f	/ZM00.MAP	140796	4
b257ff8b8f	/ZM01.MAP	137593	4
b257ff8b8f	/ZM01.MAP	137635	4
b25b01a6f9	/HS00.MAP	75018	35
b25c1e52a5	/GH00.MAP	151269	10
b25c1e52a5	/RT00.MAP	159245	10
b261fe222e	/GM00.MAP	194555	53
b262020c32	/AT10.MAP	164965	18
b2650ca2b6	/WC00.MAP	209409	42
b2661a0507	/AT00.MAP	179703	24
b26eb2b250	/RT20.MAP	107702	28
b279b32e2d	/SS00.MAP	68789	20
b279b32e2d	/SS10.MAP	68836	20
b282fbf282	/AT00.MAP	193467	24
b286c74142	/HL10.MAP	99411	55
b2b25f9f86	/CT00.MAP	34308	16
b2baa269d3	/IZ00.MAP	56654	40
b2c4517324	/KM00.MAP	159350	39
b2c729bc43	/SB00.MAP	72691	43
b2cb3f51d1	/BOT3.MAP	27666	12
b2d0c2c519	/WY02.MAP	213513	49
b2d5fc120c	/OT02.MAP	163733	82
b2ec4ceb7c	/GM00.MAP	194054	28
b2ee6c54fd	/MP00.MAP	182094	53
b2f305857f	/DIARY.MSG	828	242
b30128bea8	/IG00.MAP	166996	30
b307454f50	/CK00.MAP	172416	59
b30a67253f	/OT02.MAP	165148	100
b313603c21	/OT00.MAP	168489	28
b313603c21	/OT01.MAP	169219	28
b316ec7494	/DL00.MAP	122550	30
b31b67b4fd	/CK00.MAP	168645	61
b3241f0408	/TM00.MAP	130866	38
b327fa6e20	/KM00.MAP	162470	41
b327fa6e20	/KM00.MAP	164468	41
b32b4556cd	/KM10.MAP	54056	37
b32be7fcc6	/AT00.MAP	177674	14
b32c6c6654	/AT00.MAP	175629	63
b33557e756	/OB00.MAP	155538	45
b336a8e5e5	/BL00.MAP	127153	8
b336a8e5e5	/BL00.MAP	127194	8
b336a8e5e5	/TM00.MAP	132133	8
b336a8e5e5	/TM00.MAP	132174	8
b33c66a81d	/KM00.MAP	160104	67
b34199f083	/MH00.MAP	178558	33
b34199f083	/MH00.MAP	179264	33
b34199f083	/MH00.MAP	179374	33
b34199f083	/MH00.MAP	179472	33
b34199f083	/MH00.MAP	179741	33
b34199f083	/MH00.MAP	179820	33
b34199f083	/MH00.MAP	180004	33
b34199f083	/MH00.MAP	180100	33
b34199f083	/MH00.MAP	180413	33
b34199f083	/MH00.MAP	180611	33
b34199f083	/MH00.MAP	180682	33
b34199f083	/MH00.MAP	180745	33
b34199f083	/MH00.MAP	180820	33
b3428c93c0	/HL00.MAP	135282	35
b34488b8e5	/KM00.MAP	155124	20
b349bfed0b	/KK00.MAP	134447	12
b3509ac901	/SK00.MAP	119961	61
b354c86ea5	/DS00.MAP	83885	14
b3631975d7	/MP00.MAP	186982	12
b366de347b	/WR00.MAP	231649	32
b36735330f	/IG00.MAP	170568	21
b36d75f614	/WY00.MAP	225277	67
b37d8d3a6c	/GM00.MAP	194339	71
b37fe48620	/IP00.MAP	163193	67
b38151da3b	/HY00.MAP	132046	45
b398fe1980	/WY00.MAP	221901	57
b39ac105fa	/NT30.MAP	104165	80
b39d4d55c0	/WK00.MAP	109487	43
b3a5faad77	/WAZAHELP.MSG	11544	86
b3a7507147	/WY00.MAP	229287	35
b3acadffda	/SB00.MAP	72309	18
b3ad6f0d02	/GB00.MAP	189268	108
b3ad6f0d02	/GB00.MAP	190079	108
b3bdc75169	/WR00.MAP	239409	41
b3f3403c59	/GB00.MAP	177989	59
b3f7d5ae65	/QH00.MAP	161189	53
b3feac3d75	/KM10.MAP	53134	20
b403e60360	/IG00.MAP	166898	65
b40b457f18	/IG10.MAP	159073	61
b40d9917bc	/GM00.MAP	191508	39
b410e9c015	/WC00.MAP	222660	36
b4282782f1	/ITEMHELP.MSG	5808	70
b42e3cc6b6	/OT00.MAP	166477	47
b4495a19c4	/CT10.MAP	189977	22
b44c41941c	/WC00.MAP	224464	47
b44e6fb2c7	/GT00.MAP	147199	72
b453ecd24d	/WY02.MAP	217069	16
b4553be680	/GM00.MAP	182055	22
b45ac755fb	/ITEMHELP.MSG	6300	68
b45f59c9ef	/GT00.MAP	147891	16
b467a97f44	/OT01.MAP	166056	22
b473e62440	/IS10.MAP	62922	45
b47893445a	/AT10.MAP	164889	43
b479461248	/IG00.MAP	158156	30
b47a74499b	/GB00.MAP	179640	110
b4862d08e7	/KM00.MAP	153238	41
b4924309bb	/KS00.MAP	171833	26
b49949b72d	/WC00.MAP	214811	49
b4a3938725	/AT00.MAP	186402	24
b4aa0f2f1c	/ITEMHELP.MSG	11376	32
b4ad1f1bcf	/JG02.MAP	126201	57
b4aeab2326	/JG00.MAP	140603	17
b4b008e992	/NZ10.MAP	109187	38
b4c088157e	/ES00.MAP	76253	41
b4c088157e	/ES10.MAP	77594	41
b4c20c6dd3	/GM00.MAP	187412	41
b4c4c34016	/WAZAHELP.MSG	12636	52
b4c68011a2	/JG00.MAP	137384	30
b4d2689189	/MP00.MAP	192059	49
b4db30897b	/MP00.MAP	174779	10
b4db30897b	/MP00.MAP	175120	10
b4db30897b	/WK00.MAP	108007	10
b4e8b6018b	/WY00.MAP	218114	34
b4ef86196c	/DS10.MAP	79125	53
b4f606415c	/HS00.MAP	72739	42
b4f61c0fbc	/WR00.MAP	232718	55
b4f729a539	/HS00.MAP	76114	39
b4fa215cac	/JG00.MAP	137584	64
b500690e80	/KS00.MAP	168537	55
b501eda151	/GB00.MAP	188933	77
b501eda151	/GB00.MAP	191487	77
b502fdb544	/MH00.MAP	182634	57
b51234cef7	/MH00.MAP	173824	90
b51281d5bf	/WC00.MAP	228378	61
b51aa9d9c0	/WY02.MAP	211336	55
b51e0e53af	/ZM00.MAP	151109	55
b51f03bc27	/WY02.MAP	216889	73
b526fb06d5	/SK10.MAP	93344	18
b535eb5f96	/ITEMHELP.MSG	5224	44
b536df0650	/OT02.MAP	163282	47
b538024f81	/GB00.MAP	188022	22
b538024f81	/GB00.MAP	190576	22
b54bf639a9	/RS01.MAP	50186	28
b551acbd37	/MH00.MAP	163468	69
b55aba0b39	/WY00.MAP	217737	16
b55ce0f30a	/IS10.MAP	62840	47
b55d21c63a	/GM00.MAP	183382	47
b55f70ca4c	/MH00.MAP	162786	45
b56e42dab0	/QH00.MAP	160562	41
b57a4ba4ce	/GT10.MAP	50461	51
b57fe3dc76	/KS00.MAP	171892	47
b582c5e464	/RT20.MAP	113323	53
b587497bdc	/GM00.MAP	203994	69
b58aadb481	/GB00.MAP	174796	72
b593a72f36	/NZ00.MAP	121476	51
b59fb81af0	/OT02.MAP	165434	40
b5a5b73f36	/GB00.MAP	177861	32
b5a7acfd50	/OT01.MAP	168344	26
b5a7acfd50	/ZM01.MAP	145821	26
b5ad9bbc64	/GM00.MAP	202077	47
b5b308478e	/NT30.MAP	108657	55
b5b36352d9	/KM00.MAP	157338	36
b5bdeb56ce	/GB00.MAP	187114	48
b5c1bc8c1a	/IZ00.MAP	53911	61
b5d2039ef5	/WY00.MAP	233354	45
b5ddc204df	/WK00.MAP	108056	41
b5de936014	/HY00.MAP	135331	43
b5e8947fcf	/KM00.MAP	150536	53
b5ed208fa7	/WC00.MAP	209765	43
b5ed7443da	/WAZAHELP.MSG	8872	54
b5fdc84472	/AT00.MAP	190995	63
b5ff9418fb	/GT20.MAP	141674	75
b604247db6	/CT10.MAP	195241	51
b60ca474e2	/IG00.MAP	159405	73
b61adaef6b	/RT00.MAP	114726	32
b620a2cdd0	/QH00.MAP	152556	38
b6237ba24c	/KM10.MAP	53885	22
b6270c1bac	/OT00.MAP	174264	65
b6381db94e	/DIARY.MSG	3596	190
b63fbd0565	/WC00.MAP	223135	26
b647df2121	/WC00.MAP	211058	18
b648025bd4	/QH00.MAP	155416	72
b667138232	/AT00.MAP	192739	28
b667fdf36a	/QH00.MAP	152227	47
b668d5b91e	/SK10.MAP	93072	51
b672227f56	/IG00.MAP	179274	38
b675fb50f3	/MP00.MAP	197255	53
b6800eccc9	/WAZAHELP.MSG	3968	38
b686bc655a	/IG00.MAP	171557	24
b696d74e5f	/IS00.MAP	160704	49
b6992ca3d4	/OB00.MAP	156153	61
b6a36bc2c5	/KM00.MAP	150027	26
b6a6c112ab	/OB00.MAP	151678	45
b6a98f1b3c	/HL00.MAP	131172	55
b6aa70550b	/HL00.MAP	129144	34
b6aa70550b	/HL00.MAP	129316	34
b6aac430bb	/FIR3.MAP	108565	24
b6b2737d64	/WAZAHELP.MSG	7404	64
b6c56854c2	/GM00.MAP	176795	84
b6cbf4256f	/AT10.MAP	162492	192
b6cd5bb14d	/NJ10.MAP	130906	14
b6cd5bb14d	/NJ10.MAP	131634	14
b6cd5bb14d	/WR02.MAP	218539	14
b6cd5bb14d	/WY02.MAP	213809	14
b6cdab4ea7	/ZM00.MAP	143140	20
b6dd59f5e8	/IS10.MAP	63163	61
b6eab351ca	/CK00.MAP	179740	47
b6ef8d7cff	/RT20.MAP	110231	47
b6ef8d7cff	/RT20.MAP	117077	47
b6f2899f62	/CT10.MAP	191009	67
b6f5f5fa5b	/IG00.MAP	180262	67
b704759b73	/WC00.MAP	213528	70
b708178a7c	/NZ10.MAP	59218	25
b708178a7c	/NZ11.MAP	59218	25
b717a7a68f	/AT20.MAP	82036	75
b717c885f3	/KM00.MAP	154486	16
b71dc4f4c9	/MK00.MAP	149159	16
b72732c19b	/GB00.MAP	183615	24
b7303339c0	/NZ10.MAP	110426	41
b73324050c	/MH00.MAP	167388	45
b739aa1baf	/DIARY.MSG	3788	250
b73b065782	/BL00.MAP	125196	25
b73bbdbe04	/KM10.MAP	51997	45
b73d75115c	/GM00.MAP	180285	104
b7424387a3	/AT00.MAP	190589	63
b749ec8d42	/HS00.MAP	69804	75
b74b53105d	/IG00.MAP	171389	32
b74b53105d	/KR00.MAP	95193	32
b74b53105d	/MH00.MAP	164501	32
b74b53105d	/MP00.MAP	181333	32
b74bd208d4	/HS00.MAP	69911	57
b75063f529	/AT00.MAP	173731	94
b75b3f9ef8	/AT00.MAP	173659	40
b75cd9208e	/WAZAHELP.MSG	2840	48
b75f018259	/IZ00.MAP	65952	63
b7658322d4	/GB00.MAP	192945	49
b7658322d4	/GB00.MAP	194798	49
b7658322d4	/GB00.MAP	195812	49
b76a960e09	/IG00.MAP	173189	78
b772f872d2	/IZ00.MAP	54088	16
b7772cc9a2	/IP00.MAP	157233	36
b78238a028	/WC00.MAP	226803	68
b788bf36e7	/GT10.MAP	47829	33
b7898b779f	/HS00.MAP	73590	30
b78a8debf5	/NT30.MAP	106563	69
b798aabb09	/KB00.MAP	56205	41
b798aabb09	/KB10.MAP	56730	41
b798aabb09	/KB20.MAP	63618	41
b798aabb09	/KB20.MAP	64261	41
b798c87c92	/ITEMHELP.MSG	1748	50
b7beead3a8	/KM00.MAP	159868	28
b7c20791fe	/KM00.MAP	161642	34
b7c20791fe	/KM00.MAP	163640	34
b7c3a46d29	/WY02.MAP	216289	42
b7c500a4b5	/WAZAHELP.MSG	1296	85
b7d88a8115	/BL00.MAP	127410	51
b7f233d7d4	/GM00.MAP	173576	86
b7f395f87e	/HL00.MAP	133982	55
b7fe2d8691	/KM00.MAP	145075	51
b80718ca9c	/SK00.MAP	119568	37
b8176323e7	/BL00.MAP	125406	22
b8176323e7	/ZM00.MAP	156768	22
b826323fa0	/IS00.MAP	162143	20
b82aaac132	/ITEMHELP.MSG	6080	20
b82cc7ef0b	/JG00.MAP	141760	57
b837d7a8d5	/IG00.MAP	163424	55
b839fdd0c3	/NT21.MAP	130394	14
b83d685cfd	/BL50.MAP	51407	30
b83d685cfd	/TM40.MAP	44661	30
b840613feb	/MP00.MAP	177460	30
b8420de45c	/KS00.MAP	174338	32
b843b820cd	/KM00.MAP	153404	24
b84846df9e	/JG00.MAP	139617	12
b8484aa25d	/KM00.MAP	159422	32
b852f89a0d	/WC00.MAP	220802	32
b85d6112b3	/CT20.MAP	168196	55
b85d6112b3	/MK00.MAP	147481	55
b860e2e87b	/WAZAHELP.MSG	7072	42
b869665c9f	/IP10.MAP	136890	28
b8698dc07b	/NJ00.MAP	156506	28
b86cf9025e	/HL00.MAP	133121	30
b87e7b084c	/HS10.MAP	186331	26
b87f0fd926	/GM00.MAP	181894	61
b884b18632	/OB00.MAP	153002	28
b8855d697e	/MP00.MAP	177116	79
b886f9a8f8	/WR00.MAP	239196	26
b88c24630b	/GB00.MAP	196577	61
b896073da7	/HS00.MAP	75362	53
b8995b8ac6	/IG00.MAP	160379	67
b89ac385c5	/IG00.MAP	171245	55
b89ac385c5	/KR00.MAP	95047	55
b89ac385c5	/MH00.MAP	164353	55
b8a0757e32	/BL00.MAP	128648	45
b8a0757e32	/TM00.MAP	133768	45
b8b8c91fac	/KR00.MAP	110586	53
b8bf2899d9	/WR02.MAP	218127	51
b8c619eb99	/IG01.MAP	155554	45
b8c6544949	/SK00.MAP	118922	51
b8cdf380e4	/RT20.MAP	102314	29
b8cdf380e4	/RT20.MAP	104317	29
b8d009cbab	/IG00.MAP	158537	104
b8d5d0f363	/KM00.MAP	155884	43
b8d7facc3e	/GM00.MAP	186372	22
b8e2cf0d24	/AT00.MAP	174876	55
b8f2d34576	/WAZAHELP.MSG	1052	26
b91476676d	/ITEMHELP.MSG	3708	52
b9228bb63a	/IG00.MAP	171750	59
b925d9f70e	/KM10.MAP	57284	34
b92cfc7219	/IZ00.MAP	51617	51
b930d259c3	/AT00.MAP	180157	63
b934145c7a	/MK00.MAP	150189	45
b9351c3c75	/OT00.MAP	172287	30
b935bdbe3b	/KD00.MAP	170663	49
b9394d05b5	/WY00.MAP	234797	28
b93b72c719	/KM10.MAP	52948	22
b943c42282	/GM00.MAP	205447	18
b944c7c7bc	/GM00.MAP	194706	32
b94900aed5	/CK00.MAP	179897	38
b95158035d	/IP00.MAP	163370	63
b96bcf0db1	/HS00.MAP	69640	29
b96be77d4f	/GM00.MAP	199938	32
b97597a167	/AT00.MAP	172300	34
b97a20027f	/QH00.MAP	154066	34
b97dbc2194	/CK00.MAP	160861	26
b97dbc2194	/IG00.MAP	170017	26
b97dbc2194	/MH00.MAP	163642	26
b981c7fec2	/MP00.MAP	175518	47
b9824efd5c	/GT10.MAP	47525	24
b988186125	/IP00.MAP	161667	63
b9888429b1	/RT20.MAP	112826	36
b98910896b	/NT20.MAP	148070	61
b98b0b956e	/OT02.MAP	165475	32
b98fb26900	/CK00.MAP	163112	14
b998ff7476	/ZM00.MAP	145559	90
b99bbf1b98	/GM00.MAP	194963	51
b9b8c2c593	/KM10.MAP	50848	28
b9bb41b75b	/BL00.MAP	126702	59
b9bb41b75b	/TJ30.MAP	52757	59
b9bb41b75b	/TJ31.MAP	54813	59
b9bb41b75b	/TJ32.MAP	49173	59
b9bb41b75b	/TJ70.MAP	52710	59
b9bb41b75b	/TJ71.MAP	54670	59
b9bb41b75b	/TJ72.MAP	49126	59
b9c46e8ead	/KM00.MAP	154272	47
b9c58afe0f	/WC00.MAP	212212	38
b9d3f04843	/KM00.MAP	146063	76
b9d7f16b42	/MP00.MAP	178266	16
b9dd5237ec	/HL00.MAP	134542	55
b9e164d237	/AT20.MAP	84114	31
b9e164d237	/AT20.MAP	84172	31
b9e164d237	/AT20.MAP	84247	31
b9e164d237	/AT20.MAP	84341	31
b9e1e6e261	/ZM00.MAP	144552	38
b9eb1da970	/MK00.MAP	147799	43
b9ede1d085	/CK01.MAP	157654	45
b9f8c9c8d0	/WR00.MAP	224884	53
b9f9d17a8a	/CT10.MAP	194108	34
b9fb8c06f7	/MH00.MAP	177484	73
b9fd5041b1	/WR00.MAP	229637	73
b9fe49fc23	/CK00.MAP	173053	51
ba0a40aabf	/GT00.MAP	148482	14
ba1a6f0b03	/GH00.MAP	151171	4
ba21d75575	/CT20.MAP	171447	49
ba25ce5c5a	/CK00.MAP	172908	34
ba2a479d8d	/CT20.MAP	170469	45
ba2f475eda	/WAZAHELP.MSG	10856	74
ba31ef8517	/QH00.MAP	150291	51
ba33b91211	/ZM00.MAP	149913	32
ba3a875302	/IS00.MAP	162853	26
ba3b456751	/DG10.MAP	90432	22
ba45bdb3c1	/GM00.MAP	179814	61
ba4722dcc3	/DL00.MAP	120762	22
ba53231f4c	/IG00.MAP	157506	79
ba5aea5374	/IP00.MAP	158606	47
ba5e359ece	/KM00.MAP	155635	67
ba63cade60	/NJ10.MAP	127252	37
ba63cade60	/NJ10.MAP	136052	37
ba690b799c	/NT30.MAP	105871	42
ba71c1993b	/KM10.MAP	51721	41
ba737d3705	/IG10.MAP	157422	67
ba785676df	/NJ10.MAP	132253	53
ba917d4e50	/MP00.MAP	179612	45
ba936296ac	/HS10.MAP	185819	33
baaac58f7f	/HL00.MAP	134816	47
baac5a6e4f	/MP00.MAP	181837	41
bab3e40fbb	/WY00.MAP	228446	12
bab9e67b7d	/OB00.MAP	155799	18
babefc4c4f	/MH00.MAP	183733	38
bac4c8b4cd	/ZM01.MAP	142463	63
bac975d99b	/RT20.MAP	113413	57
bad4030ab4	/GM00.MAP	195539	39
bada8a7abe	/ZM00.MAP	148661	65
badc7ac877	/MH00.MAP	183897	55
bae86536e4	/WC00.MAP	206448	83
baeb852b0e	/KR00.MAP	102406	61
baee5ab682	/GM00.MAP	189154	57
bafe3d56a3	/IG00.MAP	159226	98
bafff1ab3d	/GM00.MAP	174708	72
bb07938613	/JG02.MAP	126599	28
bb0aae8455	/AT10.MAP	32346	8
bb0dd326ca	/MP00.MAP	193026	47
bb1115cb19	/CK00.MAP	165759	57
bb20bbd658	/MH00.MAP	175894	71
bb23c6d555	/IG00.MAP	161534	78
bb2a688efb	/BOT4.MAP	28276	14
bb2e79aa8b	/ZM01.MAP	139297	49
bb2fa2112d	/GT10.MAP	51325	20
bb30549c2e	/WS00.MAP	79577	38
bb427c4704	/NJ10.MAP	129036	61
bb44f40a4f	/HS10.MAP	183534	10
bb485c6180	/IG00.MAP	180519	55
bb4a9e5f7f	/KK00.MAP	134553	25
bb4c444ed9	/GT10.MAP	50190	26
bb657cc121	/GB00.MAP	183334	74
bb75f691c5	/WC00.MAP	228720	69
bb7e1ca755	/IS00.MAP	161329	32
bb8d851b92	/OT10.MAP	163606	136
bb98b135e1	/AT00.MAP	173561	65
bb9bb6d94d	/MP00.MAP	187965	28
bb9bde19d4	/IZ00.MAP	64873	32
bb9c7fa458	/NT31.MAP	137612	22
bb9f7ede10	/IG10.MAP	156670	51
bba41a9019	/WAZAHELP.MSG	6968	42
bbb897521a	/KK00.MAP	134688	30
bbb897521a	/KK01.MAP	131039	30
bbba391299	/GM00.MAP	196836	28
bbbb7400bc	/NT31.MAP	137920	20
bbc3df35bf	/WC00.MAP	223393	53
bbc82700f6	/WR00.MAP	225989	28
bbc9d52774	/QH00.MAP	160987	12
bbd3fae38e	/AT20.MAP	88887	22
bbda55941b	/OB00.MAP	153785	51
bbe5af64aa	/OB00.MAP	150832	43
bbe7d2695a	/HS10.MAP	185086	86
bbeb3b4ed6	/KR00.MAP	111372	38
bbed50f490	/WR10.MAP	212088	72
bbee4489a5	/JG00.MAP	140258	45
bbf17ec743	/KM00.MAP	150433	71
bbf1c736bc	/WAZAHELP.MSG	12916	56
bbf41777a6	/WAZAHELP.MSG	8084	28
bbfca0ac2a	/IG00.MAP	160101	80
bc05ec4273	/KD00.MAP	163477	35
bc128c67ed	/QH00.MAP	155916	63
bc128c67ed	/QH00.MAP	156199	63
bc164958d0	/WC00.MAP	221545	34
bc219eb7a9	/KZ00.MAP	171373	41
bc24cdad10	/WC00.MAP	210660	26
bc25a66806	/KM00.MAP	146507	40
bc27afdefa	/KM10.MAP	56664	59
bc33606a95	/WR10.MAP	211941	67
bc50028df5	/HY00.MAP	134891	51
bc563b7182	/GB00.MAP	176062	71
bc56b367c3	/WC00.MAP	208331	20
bc5822d599	/IG00.MAP	170063	18
bc6246a2f0	/NZ10.MAP	110151	65
bc64c5093b	/WAZAHELP.MSG	12088	66
bc763c234e	/MK00.MAP	147755	12
bc7a44953c	/GB00.MAP	180619	57
bc81ce6e8d	/IP00.MAP	158441	61
bc8248182e	/NZ00.MAP	119381	49
bc872ce056	/AT10.MAP	161173	57
bc90bcbc9e	/HL00.MAP	133282	47
bc9e9dc77e	/ITEMHELP.MSG	4008	18
bca2497137	/WAZAHELP.MSG	11360	28
bcb102d559	/SB00.MAP	72526	47
bcb2529de7	/IZ00.MAP	54301	16
bcbf0e74e5	/IZ00.MAP	52979	53
bccd5836c4	/MP00.MAP	194220	38
bcd3c10937	/ITEMHELP.MSG	6064	14
bcd4958a34	/NT31.MAP	137734	74
bce2dd2afb	/KR00.MAP	93760	24
bce30c4f53	/JG00.MAP	136979	51
bce30c4f53	/JG00.MAP	137075	51
bce38b59c6	/IG00.MAP	160678	34
bd039218fe	/WAZAHELP.MSG	11492	48
bd0538674a	/NZ00.MAP	116778	24
bd05d6646a	/AT00.MAP	172939	59
bd05edabd9	/CK00.MAP	175438	30
bd062d47cf	/IP00.MAP	164698	57
bd0ef6ff92	/QH00.MAP	161758	25
bd113848da	/MH00.MAP	170402	57
bd11ab8b29	/ZM01.MAP	137742	45
bd1f9080cd	/DIARY.MSG	1072	259
bd22511477	/IP10.MAP	136162	79
bd31f5b097	/KR00.MAP	104329	57
bd33201978	/WY00.MAP	223188	71
bd35da1f6c	/NJ00.MAP	157489	65
bd35da1f6c	/NJ00.MAP	158208	65
bd384fff2e	/KM00.MAP	145887	49
bd39db13e5	/IG00.MAP	171486	12
bd39db13e5	/IG00.MAP	172561	12
bd49a5b5fd	/JG00.MAP	139022	64
bd49e85ecd	/KD00.MAP	162659	39
bd4d7a7107	/HS00.MAP	71677	74
bd50c2ef13	/CK00.MAP	163662	267
bd5b4ec5fe	/KB00.MAP	54905	20
bd5b4ec5fe	/KB20.MAP	62318	20
bd663e23a2	/KD00.MAP	162988	39
bd6696a83b	/KB10.MAP	55991	51
bd712755f1	/GB00.MAP	176317	51
bd7a4ca611	/RT20.MAP	112970	75
bd7a89b1e4	/WY00.MAP	231329	70
bd7d7b7eb3	/DG21.MAP	98495	10
bd895428f9	/OT00.MAP	169405	55
bd89984fad	/IG10.MAP	154985	51
bd8ac93f9d	/WAZAHELP.MSG	8228	52
bda16dc0ba	/IG00.MAP	159026	77
bda3145884	/HS00.MAP	71783	57
bdb01337e5	/WS00.MAP	79897	18
bdb01337e5	/WY00.MAP	223291	18
bdbabdcbc5	/HS10.MAP	186930	28
bdbc030e49	/WY02.MAP	214267	100
bdbf65c1cf	/KM00.MAP	153718	47
bdc3d7ec08	/MP00.MAP	193446	55
bdc406db28	/MP00.MAP	177056	28
bdc555a258	/MP00.MAP	191624	32
bdc82d7da1	/IG10.MAP	158874	32
bdca8f6e44	/ES01.MAP	77047	24
bdca8f6e44	/WS01.MAP	82221	24
bdccedefdb	/NZ10.MAP	111619	55
bde0585b7f	/WY00.MAP	219786	40
bde0ec1aea	/WK00.MAP	105620	57
bdf2002a03	/NJ00.MAP	158560	73
be041e346b	/CT00.MAP	253463	6
be041e346b	/CT10.MAP	264807	6
be0ba8677c	/KB00.MAP	54957	49
be0ba8677c	/KB20.MAP	62370	49
be0cc754b2	/DIARY.MSG	10928	193
be18fcd857	/HY00.MAP	132881	36
be21b2d22e	/ZM00.MAP	144403	20
be26c01988	/OT00.MAP	173563	108
be283dd1af	/ES00.MAP	75160	32
be2a43b703	/WR02.MAP	212683	16
be2fed63c6	/WR00.MAP	234936	73
be2fed63c6	/WR00.MAP	235538	73
be313496e1	/IZ00.MAP	65499	27
be34d92da5	/KEYHELP.MAT	1548	110
be3658494a	/BOOT2.MAP	142587	12
be3f5431ef	/IG10.MAP	154266	77
be4160feaa	/ST10.MAP	82515	40
be418c194a	/AT00.MAP	187137	65
be4324a605	/WR00.MAP	238396	77
be50504f0a	/WR00.MAP	234631	59
be50c30749	/WAZAHELP.MSG	6160	38
be5ada8f11	/OB00.MAP	150269	41
be5ada8f11	/OB00.MAP	151605	41
be6314fbca	/WC00.MAP	212853	40
be669fcdc4	/FIR0.MAP	95168	28
be669fcdc4	/FIR1.MAP	134428	28
be669fcdc4	/FIR2.MAP	114690	28
be7359070a	/NT20.MAP	144783	59
be75b73ac8	/RT20.MAP	125351	88
be7870c886	/JG00.MAP	141137	59
be7a2b9b86	/WY00.MAP	226394	61
be7c6de6a5	/OT00.MAP	168407	30
be7c6de6a5	/OT01.MAP	169137	30
beb6ebbeab	/KR00.MAP	96523	64
beb9f87dcd	/MH00.MAP	179081	41
bec1c017d9	/WAZAHELP.MSG	5036	36
bed4118c03	/KR00.MAP	111126	18
bedd0dca5a	/WR00.MAP	233730	22
bedd8efd95	/IG00.MAP	172702	13
bee171169f	/WC00.MAP	211380	53
bee214c3d3	/KR00.MAP	101940	65
beeb0c8047	/OT01.MAP	165336	51
bef5c1df9c	/DG00.MAP	135927	44
bef79f6309	/GB00.MAP	173184	51
befe6af5f2	/AT00.MAP	184101	30
bf082ff803	/GB00.MAP	197016	26
bf0eb45a64	/ES00.MAP	76940	57
bf0eb45a64	/ES10.MAP	78281	57
bf100d7611	/GM00.MAP	198908	29
bf11e2b0a5	/AT20.MAP	91372	26
bf21e4ff3e	/MP00.MAP	175597	39
bf2362f4dd	/AT00.MAP	196704	57
bf24768dbf	/RT20.MAP	106762	30
bf25d2c109	/CK00.MAP	180068	36
bf2ad13a4c	/KD00.MAP	161093	68
bf2d329a88	/GT00.MAP	148012	41
bf2f8117e1	/MP00.MAP	187250	335
bf3a2c8c20	/WR00.MAP	226474	20
bf3bf99a14	/MP00.MAP	186995	26
bf3efa45cd	/RT30.MAP	138157	66
bf4813d14f	/SK10.MAP	41432	12
bf4813d14f	/SK10.MAP	44196	12
bf4813d14f	/SK10.MAP	44212	12
bf4813d14f	/SK10.MAP	57720	12
bf4813d14f	/SK10.MAP	57736	12
bf4cc0700d	/JG00.MAP	133660	47
bf59ca79f2	/ES00.MAP	75994	42
bf7bb48790	/GM00.MAP	201882	28
bf82bccfc0	/WC00.MAP	217156	55
bf8e278d6e	/AT00.MAP	176475	35
bf93d8c51e	/GM00.MAP	203764	49
bf969fbc23	/GM00.MAP	174645	30
bf986e58db	/WY02.MAP	212323	22
bf99172af6	/KD00.MAP	169940	34
bf9ab9e726	/TM00.MAP	132012	71
bfab599b8f	/WY00.MAP	227803	65
bfadb45bc9	/GM00.MAP	183462	74
bfbadef38f	/KM00.MAP	146315	35
bfbadef38f	/KM00.MAP	146379	35
bfbadef38f	/KM00.MAP	146471	35
bfbadef38f	/KM00.MAP	146685	35
bfbadef38f	/KM00.MAP	146775	35
bfbadef38f	/KM00.MAP	146844	35
bfbadef38f	/KM00.MAP	146920	35
bfbadef38f	/KM00.MAP	146997	35
bfbadef38f	/KM00.MAP	147083	35
bfbadef38f	/KM00.MAP	147191	35
bfbadef38f	/KM00.MAP	147264	35
bfbadef38f	/KM00.MAP	147341	35
bfbadef38f	/KM00.MAP	147431	35
bfbadef38f	/KM00.MAP	147529	35
bfbadef38f	/KM00.MAP	147627	35
bfbadef38f	/KM00.MAP	147694	35
bfbadef38f	/KM00.MAP	147780	35
bfbadef38f	/KM00.MAP	147833	35
bfbadef38f	/KM00.MAP	147927	35
bfbadef38f	/KM00.MAP	147990	35
bfbadef38f	/KM00.MAP	148074	35
bfbadef38f	/KM00.MAP	148224	35
bfbadef38f	/KM00.MAP	148377	35
bfbadef38f	/KM10.MAP	47667	35
bfbadef38f	/KM10.MAP	47780	35
bfbadef38f	/KM10.MAP	48481	35
bfbadef38f	/KM10.MAP	48585	35
bfbadef38f	/KM10.MAP	48698	35
bfbadef38f	/KM10.MAP	48809	35
bfbadef38f	/KM10.MAP	50487	35
bfbadef38f	/KM10.MAP	50812	35
bfbadef38f	/KM10.MAP	51002	35
bfbadef38f	/KM10.MAP	51059	35
bfbadef38f	/KM10.MAP	53459	35
bfbadef38f	/KM10.MAP	55857	35
bfbadef38f	/KM10.MAP	56030	35
bfbadef38f	/KM10.MAP	56216	35
bfbadef38f	/KM10.MAP	56398	35
bfbadef38f	/KM10.MAP	56580	35
bfbadef38f	/KM10.MAP	56848	35
bfbadef38f	/KM10.MAP	56990	35
bfbadef38f	/KM10.MAP	57082	35
bfbadef38f	/KM10.MAP	57248	35
bfbbb23008	/WY00.MAP	217848	20
bfbbb23008	/WY00.MAP	233470	20
bfbbb23008	/WY00.MAP	233501	20
bfc2b9244b	/NZ00.MAP	116911	16
bfd39f41fb	/WAZAHELP.MSG	1732	42
bfe6a7a402	/OT00.MAP	180961	59
bff0056834	/OB00.MAP	157798	24
bff0acbad4	/IG00.MAP	177272	38
bff2f101ff	/HY00.MAP	134147	51
bff90909ce	/SB00.MAP	73236	66
bff9533552	/MP00.MAP	186248	55
bffad71277	/HL00.MAP	130038	26
bffcadd281	/WR00.MAP	220097	57
c0025ed248	/CT20.MAP	168492	73
c009911c25	/MP00.MAP	184751	20
c00d43d928	/HY00.MAP	136813	79
c00e0d6b13	/CT10.MAP	190094	28
c00e0d6b13	/CT10.MAP	190764	28
c01a6398e3	/IP00.MAP	161762	49
c01cf408b1	/MH00.MAP	161404	59
c028e9239c	/CT10.MAP	191834	20
c02e5797a2	/IP00.MAP	159798	34
c03a7d0e43	/TM00.MAP	133260	36
c03b6807b9	/GB00.MAP	197106	39
c03e9a0070	/MP00.MAP	184491	62
c045dffa97	/MH00.MAP	180563	47
c046eb449f	/WR00.MAP	229537	67
c05edfe80b	/WY00.MAP	221438	63
c062734970	/HS00.MAP	70058	47
c0659f4c2f	/ZM00.MAP	150047	65
c0661c04fe	/OB00.MAP	153624	22
c070c80aea	/WC00.MAP	223066	37
c072add372	/KS00.MAP	173683	61
c090d8c448	/DG21.MAP	97055	42
c09237959a	/QH00.MAP	157487	67
c0962f69b7	/KM10.MAP	47703	20
c099384afa	/NT20.MAP	148164	92
c09f6ecc98	/AT00.MAP	196608	63
c0a6632879	/DIARY.MSG	2912	215
c0a902aa48	/ITEMHELP.MSG	9996	50
c0ae371c65	/GM00.MAP	191983	82
c0ba1970a4	/CT20.MAP	174372	41
c0bbf243a1	/WAZAHELP.MSG	6864	24
c0ca2ca46d	/MP00.MAP	195782	14
c0ca2ca46d	/WR02.MAP	218667	14
c0f52a2b25	/KD00.MAP	161193	55
c0fda22cca	/AT00.MAP	182044	20
c10474b759	/OT01.MAP	165537	30
c11e2bb793	/GT20.MAP	140467	32
c11ef943dd	/KR00.MAP	111042	49
c126ce6015	/ES01.MAP	74434	48
c126ce6015	/WS01.MAP	79479	48
c12ae2470c	/GT00.MAP	147675	22
c13202df66	/NJ00.MAP	156281	53
c144492d39	/MP00.MAP	194918	45
c1482f3f38	/AT00.MAP	179322	61
c14bd36d62	/KB00.MAP	55696	30
c14bd36d62	/KB20.MAP	63109	30
c154cfc399	/HS00.MAP	71872	67
c15675cc76	/WK00.MAP	107159	69
c15819a7f1	/GM00.MAP	171767	51
c160774aab	/WY00.MAP	235713	10
c1678e4c04	/TM00.MAP	131240	20
c170f23c79	/WR00.MAP	235096	22
c173cad073	/WS00.MAP	82936	26
c173cad073	/WS10.MAP	83666	26
c17c5f8db8	/CK00.MAP	166692	37
c17ce126c5	/CT10.MAP	188572	45
c1857ff0c8	/GB00.MAP	190006	40
c190e18ea7	/IG00.MAP	172228	75
c190e18ea7	/MH00.MAP	164903	75
c193eb97cf	/IZ00.MAP	49476	8
c19c79d041	/RS01.MAP	51473	22
c1b00e4ff5	/KR00.MAP	94938	24
c1b00e4ff5	/MP00.MAP	181103	24
c1bb585c66	/AT00.MAP	173965	53
c1bd8e3e82	/SK10.MAP	92810	14
c1c43d5d17	/WY00.MAP	222201	18
c1c52f98d0	/HL10.MAP	96944	49
c1c582b73a	/OB00.MAP	154111	26
c1c83e4d60	/KS00.MAP	42900	12
c1cd00a6e9	/GM00.MAP	201289	22
c1d11b3173	/GM00.MAP	204845	14
c1d370b988	/GM00.MAP	179083	34
c1d8e7daa2	/CK00.MAP	168177	49
c1def2202c	/KS00.MAP	167435	42
c1e406f577	/IG01.MAP	154485	18
c1ea11dbd9	/KM00.MAP	160838	73
c1ee788031	/GB00.MAP	186464	88
c1ef0c1675	/WY00.MAP	224190	55
c1ef313e87	/ZM00.MAP	141152	53
c1f185ec3b	/WY00.MAP	228609	51
c1f24345e1	/NJ00.MAP	158510	18
c1f7a6e67b	/KM10.MAP	52279	25
c1fcbf9183	/RT20.MAP	121279	65
c20d962cf1	/AT10.MAP	166670	39
c20e3805ed	/IP10.MAP	136646	75
c2106aba57	/WC00.MAP	213151	14
c217d1f516	/NT20.MAP	151729	69
c223512841	/JG00.MAP	20894	8
c223512841	/JG01.MAP	20894	8
c223512841	/JG02.MAP	21022	8
c226180e03	/CT10.MAP	195726	53
c22a486785	/WR10.MAP	212192	18
c230cdaad0	/MH00.MAP	169566	67
c230cdaad0	/MH00.MAP	172205	67
c23abcc7c5	/ZM00.MAP	148922	71
c248a53e08	/CK00.MAP	168568	45
c250bd7d08	/ITEMHELP.MSG	3340	48
c255894a57	/GM00.MAP	193508	71
c25a1639c9	/OT00.MAP	168368	37
c26497b794	/KR00.MAP	98991	47
c2667d7fe1	/CT20.MAP	173236	55
c26ec589da	/WY02.MAP	211837	63
c277185fea	/IZ00.MAP	49715	39
c284a0a131	/GT00.MAP	147421	80
c285473f25	/DG21.MAP	95751	78
c28a87b9a1	/GM01.MAP	165268	12
c28a87b9a1	/IG01.MAP	153534	12
c28acbec3e	/IZ00.MAP	58585	63
c28acbec3e	/IZ00.MAP	59259	63
c28b5d2991	/WR00.MAP	223245	38
c292535a85	/WC00.MAP	222150	37
c29616770d	/HY00.MAP	134712	36
c2990964bc	/WAZAHELP.MSG	10816	36
c2a3fe5b0b	/BL00.MAP	127185	8
c2a3fe5b0b	/TM00.MAP	132165	8
c2aacd5064	/NT20.MAP	146104	76
c2b096f5e3	/OT02.MAP	164298	107
c2b2682ecf	/MH00.MAP	178716	61
c2b2682ecf	/MH00.MAP	180220	61
c2b7396990	/QH01.MAP	147276	30
c2b993b138	/WAZAHELP.MSG	3652	44
c2bac3ff84	/GM00.MAP	181201	67
c2d8d368cd	/ITEMHELP.MSG	10048	56
c2d9c0a071	/WAZAHELP.MSG	7324	36
c2db77e090	/KK00.MAP	132046	51
c2db77e090	/KK01.MAP	130641	51
c2e66702d9	/JG00.MAP	136348	26
c2f5fcfee9	/ITEMHELP.MSG	10380	52
c305ca89a7	/OB00.MAP	150519	79
c30b18aa3e	/IG00.MAP	166708	55
c30f249e3a	/WY00.MAP	228934	16
c311ccdba7	/AT20.MAP	90400	45
c316d3b9c0	/GM00.MAP	196634	49
c31bca3c86	/ZM00.MAP	145682	77
c325fa7df5	/ITEMHELP.MSG	1096	34
c3281f95c5	/IZ00.MAP	52898	49
c337a2b8a7	/WY00.MAP	222753	55
c339e3ac0b	/KEYHELP.MAT	3028	97
c33b0a6924	/GM00.MAP	191809	47
c33f1c4056	/MP00.MAP	193106	47
c3452d9571	/IG00.MAP	167805	63
c3556c9006	/AT00.MAP	177412	43
c35fbb0c33	/TM00.MAP	130382	22
c3604b549a	/OB00.MAP	151228	28
c360939fa0	/WY00.MAP	228771	30
c3635e7a28	/WC00.MAP	231031	61
c3635e7a28	/WC00.MAP	231444	61
c36962e961	/WS00.MAP	80627	24
c373bddd11	/MH00.MAP	174966	49
c37cbc8ca0	/JG00.MAP	140785	62
c3970e18c9	/WC00.MAP	215499	86
c397673512	/GM00.MAP	177517	26
c39ba81e52	/IG00.MAP	179345	73
c3a3556bd0	/KM00.MAP	162736	42
c3a3556bd0	/KM00.MAP	164734	42
c3ad46da0b	/WY00.MAP	216521	45
c3adff9ac4	/GB00.MAP	186072	63
c3b0c677b7	/OT01.MAP	168371	51
c3b0c677b7	/ZM01.MAP	145848	51
c3be03cbf0	/MP00.MAP	181543	47
c3c7280c1e	/MH00.MAP	161048	72
c3d1807895	/QH00.MAP	150175	42
c3d47b63a4	/KM00.MAP	158250	34
c3de05c1f1	/OT01.MAP	165146	118
c3e4433858	/QH00.MAP	156012	61
c3f161eb86	/CT20.MAP	169161	29
c3fa5fd5ae	/ZM00.MAP	152660	36
c401cf31e2	/KR00.MAP	103750	68
c4157f6852	/CK00.MAP	161493	27
c418fc1d0a	/AT10.MAP	44187	7
c41a141b13	/GB00.MAP	172782	69
c421e91fcc	/ES00.MAP	75816	49
c429d886c4	/KD00.MAP	163138	43
c430016414	/WK00.MAP	107770	16
c43eb2df2b	/ZM01.MAP	138407	34
c444ce0a00	/WR00.MAP	234270	73
c44861d800	/KR00.MAP	109019	61
c44d0c916c	/WC00.MAP	216604	39
c4540c4df0	/AT10.MAP	167387	336
c45fd6a01c	/IG00.MAP	164465	53
c46478516c	/DG00.MAP	135792	61
c467c19a16	/GM00.MAP	197919	63
c46aac960a	/WR00.MAP	238132	24
c46c896989	/DG00.MAP	136318	43
c46d9df119	/ZM01.MAP	138710	69
c47d650454	/NT00.MAP	62031	37
c47fc2bdad	/KM10.MAP	54741	38
c4835caf9b	/NT30.MAP	104756	26
c4875f622d	/JG00.MAP	133226	45
c4879de84d	/NT20.MAP	144981	18
c49025f428	/NT21.MAP	130354	39
c49025f428	/RT30.MAP	138437	39
c493eec6e6	/ST00.MAP	116013	66
c493f55358	/KR00.MAP	98663	24
c496d1169e	/RT20.MAP	123786	92
c49dfb0bdd	/NJ00.MAP	158866	59
c4a0e31137	/KR00.MAP	105724	49
c4b58f6c02	/NJ10.MAP	129582	36
c4ce8c2184	/IG10.MAP	155221	26
c4d5f3e0e1	/AT00.MAP	188856	29
c4e68ba7e0	/GB00.MAP	173268	14
c4ebcda5a8	/WAZAHELP.MSG	2512	58
c4ec06fc65	/MP00.MAP	181623	52
c4ec0d48da	/AT00.MAP	193580	53
c4f40b90a5	/OT00.MAP	171025	45
c4f5a4a24b	/KM10.MAP	48734	24
c4f8966e3e	/ITEMHELP.MSG	6104	66
c50686f73c	/AT00.MAP	173031	10
c50828e4e6	/WC00.MAP	225200	49
c516f5fe00	/AT00.MAP	185621	112
c517da339c	/ZM00.MAP	144708	47
c51b513ce2	/KB00.MAP	54820	53
c51b513ce2	/KB20.MAP	62233	53
c52ae08e53	/NZ10.MAP	110988	53
c52fd28381	/WY00.MAP	232377	26
c5300b2a96	/HY00.MAP	131589	32
c535c110d2	/GM00.MAP	198353	45
c53cb3f657	/WY02.MAP	211178	47
c53e1d5dbc	/KM10.MAP	50668	45
c5423a1408	/ZM00.MAP	141304	28
c556aca5f1	/MH00.MAP	169382	57
c556aca5f1	/MH00.MAP	172021	57
c55aaab65d	/MP00.MAP	189620	51
c5648b76ac	/RT20.MAP	121884	51
c5648b76ac	/RT20.MAP	122654	51
c5648b76ac	/RT20.MAP	123428	51
c5648b76ac	/RT20.MAP	124981	51
c5648b76ac	/RT20.MAP	125770	51
c5648b76ac	/RT20.MAP	126575	51
c56abe4100	/CK00.MAP	168042	45
c56de87340	/NZ00.MAP	121779	57
c57669241a	/IZ00.MAP	64078	34
c57669241a	/WR02.MAP	215045	34
c57d567467	/BL00.MAP	127711	49
c57e160cfd	/GT20.MAP	141883	59
c5830d3200	/JG00.MAP	134810	18
c5830d3200	/WR00.MAP	218642	18
c5830d3200	/WR02.MAP	214664	18
c58a494c5a	/CT10.MAP	195324	55
c58ec46450	/AT10.MAP	169305	28
c594282a00	/WY00.MAP	220242	51
c59e66e7c6	/WR00.MAP	240475	78
c5a492993b	/WC00.MAP	211164	51
c5a6fff0ea	/WY00.MAP	229841	51
c5a8047c3e	/AT00.MAP	197085	59
c5aa1a50c3	/WY00.MAP	231549	22
c5ac222d2d	/NT21.MAP	130431	45
c5ac222d2d	/NT21.MAP	130494	45
c5ac222d2d	/NT21.MAP	130649	45
c5ac222d2d	/NT21.MAP	130813	45
c5ac222d2d	/NT21.MAP	130870	45
c5ac222d2d	/NT21.MAP	131035	45
c5ac222d2d	/NT21.MAP	131259	45
c5ac222d2d	/NT21.MAP	131334	45
c5ac222d2d	/NT21.MAP	131413	45
c5ac222d2d	/NT21.MAP	131513	45
c5ac222d2d	/NT21.MAP	131605	45
c5af23e4cb	/GB00.MAP	187500	40
c5b4c729b4	/WAZAHELP.MSG	10616	70
c5ba4f887b	/GH00.MAP	151907	16
c5bd47827a	/HY00.MAP	134641	39
c5bf2321d3	/CK01.MAP	156947	63
c5ce935b13	/WY00.MAP	217785	57
c5d48534ab	/CT20.MAP	166868	59
c5d53f1859	/AT01.MAP	165361	24
c5d5bf3e7d	/AT00.MAP	184405	65
c5e5fa1ed5	/GT00.MAP	146765	33
c5eb96ceaf	/JG00.MAP	141457	16
c5ef3f4b2f	/IP10.MAP	135651	64
c5f3213e05	/KS00.MAP	169658	63
c5f6ba4b6b	/QH00.MAP	158644	86
c5f9ec4cdc	/GT10.MAP	51449	36
c5fad1c550	/MH00.MAP	168588	45
c5fad1c550	/MH00.MAP	171227	45
c600c856d7	/KR00.MAP	93680	37
c600c856d7	/ZM00.MAP	155073	37
c61067d586	/AT00.MAP	181493	78
c627edb088	/MH00.MAP	183351	22
c627edb088	/WR00.MAP	239451	22
c62b40a652	/WAZAHELP.MSG	3504	56
c62df289b5	/OB00.MAP	151288	51
c6306be887	/ZM00.MAP	152012	55
c6338d0eaa	/NJ10.MAP	137894	51
c646ffb273	/KM10.MAP	55187	57
c64d490935	/KEYHELP.MAT	1212	222
c65b3c6143	/AT10.MAP	169502	53
c65bd710c9	/WR10.MAP	212242	47
c666d87e0b	/KD00.MAP	164189	84
c670776c5c	/WY00.MAP	231860	20
c670776c5c	/WY00.MAP	232404	20
c6746668a9	/KR00.MAP	102936	61
c6781a2239	/CK00.MAP	166452	47
c681d74adc	/OT00.MAP	177887	30
c682a3f2f1	/OT00.MAP	180805	45
c683123f7c	/WC00.MAP	221772	45
c6a75a6fa8	/WR00.MAP	221264	47
c6a75a6fa8	/WR00.MAP	221871	47
c6b52cb939	/SK00.MAP	121480	51
c6bf0ef4ab	/WR00.MAP	224418	22
c6c75bf445	/IG00.MAP	175659	61
c6da31b3b5	/ZM00.MAP	154809	18
c6ebc73a66	/KM10.MAP	53428	30
c6ef27d65b	/GM00.MAP	202237	24
c70333ef19	/RT20.MAP	111088	16
c7050bed74	/NZ10.MAP	114437	67
c7050bed74	/NZ10.MAP	115119	67
c71d828c65	/GM00.MAP	186123	34
c71f15297c	/HS00.MAP	76740	41
c722a85c14	/WAZAHELP.MSG	9896	44
c727f986d7	/AT00.MAP	189854	73
c73acde8bf	/SK00.MAP	121384	64
c745bb01b6	/AT00.MAP	190067	108
c746c64c9c	/CK00.MAP	165941	30
c76228740b	/DG21.MAP	97229	33
c762e7b892	/AT00.MAP	192935	12
c764d65713	/QH00.MAP	152338	26
c76b13e611	/RT20.MAP	104876	16
c777dff964	/KM10.MAP	48393	24
c77936e74e	/KR00.MAP	96032	59
c77e63c1d7	/WY00.MAP	226010	30
c79092e26a	/MH00.MAP	166248	32
c7974a2317	/MK00.MAP	150627	24
c7a47f8ffc	/WY02.MAP	216363	43
c7a89c78fb	/GM00.MAP	188939	90
c7a89c78fb	/GM00.MAP	189344	90
c7ab15e052	/TM00.MAP	130405	18
c7ad533284	/GM01.MAP	164950	12
c7adb41043	/GM00.MAP	175440	51
c7b086bdb4	/NT20.MAP	152894	40
c7b167859d	/CT10.MAP	190154	30
c7d1ea6b92	/AT20.MAP	86079	59
c7d1ea6b92	/AT20.MAP	86356	59
c7dcd63583	/WR00.MAP	239792	22
c7f010206c	/BL00.MAP	128008	37
c7f413d666	/KK00.MAP	131617	26
c7f413d666	/KK01.MAP	130212	26
c7f5334bc9	/WAZAHELP.MSG	2892	56
c7fa170245	/KR00.MAP	94201	37
c7fa170245	/ZM00.MAP	156054	37
c8031b64df	/CT20.MAP	170949	83
c817beb3ae	/AT20.MAP	87950	49
c81c362f27	/CT10.MAP	186736	24
c81d4c3675	/BOT4.MAP	28291	12
c821716c1f	/BOT3.MAP	27690	14
c8231e1355	/MH00.MAP	173174	39
c8231e1355	/OT01.MAP	165845	39
c83284373a	/KM00.MAP	162170	69
c83284373a	/KM00.MAP	164168	69
c8499f88d9	/OT00.MAP	168903	20
c8499f88d9	/OT01.MAP	169641	20
c84c457ac6	/KM00.MAP	159043	24
c84cb93997	/GB00.MAP	192553	63
c84cb93997	/GB00.MAP	194406	63
c84cb93997	/GB00.MAP	195420	63
c84d1807fb	/OB00.MAP	150342	40
c84f22ebe0	/QH00.MAP	159411	58
c851500df2	/NT20.MAP	145030	51
c857e935e0	/IS10.MAP	63002	55
c87688d7c3	/QH00.MAP	151202	28
c878827114	/NT20.MAP	144650	102
c894cd8d7a	/DL00.MAP	121390	47
c896dbfda2	/KM00.MAP	148575	39
c8978a727c	/WY00.MAP	218707	47
c8a0883d10	/MH00.MAP	161764	53
c8a79d22d4	/CK00.MAP	168898	16
c8bef4b65b	/KR00.MAP	108612	69
c8c00d0b8a	/MH00.MAP	167869	16
c8c105c98e	/AT00.MAP	184059	10
c8c105c98e	/IS00.MAP	162283	10
c8c173f5dc	/MH00.MAP	178196	77
c8c44c089a	/MH00.MAP	167129	43
c8cfa90f22	/AT20.MAP	90229	65
c8e4fa59a1	/RS01.MAP	51752	14
c8eefe8a6b	/WC00.MAP	209659	74
c8ef163ce9	/AT00.MAP	192669	38
c8f4762e35	/QH00.MAP	161900	110
c90b2a05e3	/WS00.MAP	80918	38
c914b4d3d9	/HY00.MAP	132260	57
c92183c227	/HY00.MAP	137930	54
c924dc576c	/MP00.MAP	174993	45
c92c6fa7aa	/AT10.MAP	161574	221
c92f9319c5	/IZ00.MAP	50589	26
c9321c91db	/WC00.MAP	208524	79
c93c63ed0f	/NT20.MAP	146939	59
c943c73d8c	/HL00.MAP	136126	45
c94e92cb98	/KR00.MAP	108154	57
c951f89488	/CT10.MAP	187496	71
c951f89488	/CT10.MAP	188209	71
c95d0fbbb5	/AT00.MAP	189278	51
c966a20f8b	/WC00.MAP	228819	28
c96760b60d	/ZM00.MAP	155179	42
c96b67f291	/AT00.MAP	186168	112
c96c230396	/CK00.MAP	180342	35
c96c230396	/CK00.MAP	180486	35
c96c230396	/CK00.MAP	180564	35
c96c230396	/KM00.MAP	160337	35
c96c230396	/KM00.MAP	160414	35
c96c230396	/KM00.MAP	160512	35
c96c230396	/KM00.MAP	160600	35
c96c230396	/KM00.MAP	160700	35
c96c230396	/KM00.MAP	160802	35
c96c230396	/KM00.MAP	160912	35
c96c230396	/KM00.MAP	161006	35
c96c230396	/KM00.MAP	161100	35
c96c230396	/KM00.MAP	161194	35
c96c230396	/KM00.MAP	161276	35
c96c230396	/KM00.MAP	161370	35
c96c230396	/KM00.MAP	161452	35
c96c230396	/KM00.MAP	161501	35
c96c230396	/KM00.MAP	161677	35
c96c230396	/KM00.MAP	161748	35
c96c230396	/KM00.MAP	161846	35
c96c230396	/KM00.MAP	161934	35
c96c230396	/KM00.MAP	162034	35
c96c230396	/KM00.MAP	162134	35
c96c230396	/KM00.MAP	162240	35
c96c230396	/KM00.MAP	162334	35
c96c230396	/KM00.MAP	162434	35
c96c230396	/KM00.MAP	162512	35
c96c230396	/KM00.MAP	162579	35
c96c230396	/KM00.MAP	162779	35
c96c230396	/KM00.MAP	162895	35
c96c230396	/KM00.MAP	162997	35
c96c230396	/KM00.MAP	163126	35
c96c230396	/KM00.MAP	163195	35
c96c230396	/KM00.MAP	163285	35
c96c230396	/KM00.MAP	163381	35
c96c230396	/KM00.MAP	163450	35
c96c230396	/KM00.MAP	163499	35
c96c230396	/KM00.MAP	163675	35
c96c230396	/KM00.MAP	163746	35
c96c230396	/KM00.MAP	163844	35
c96c230396	/KM00.MAP	163932	35
c96c230396	/KM00.MAP	164032	35
c96c230396	/KM00.MAP	164132	35
c96c230396	/KM00.MAP	164238	35
c96c230396	/KM00.MAP	164332	35
c96c230396	/KM00.MAP	164432	35
c96c230396	/KM00.MAP	164510	35
c96c230396	/KM00.MAP	164577	35
c96c230396	/KM00.MAP	164777	35
c96c230396	/KM00.MAP	164893	35
c96c230396	/KM00.MAP	164995	35
c96c230396	/KM00.MAP	165124	35
c96c230396	/KM00.MAP	165388	35
c96c230396	/KM00.MAP	165584	35
c96c230396	/KM00.MAP	165688	35
c97b230fb5	/MH00.MAP	162401	20
c986837859	/KR00.MAP	105964	57
c98e5c362c	/ZM01.MAP	140746	71
c991336a70	/WR00.MAP	237321	53
c991336a70	/WR02.MAP	216423	53
c99a5f0a58	/AT00.MAP	187797	59
c9a158df75	/WR00.MAP	219347	31
c9a637b5a9	/BL00.MAP	125877	31
c9a637b5a9	/MP00.MAP	181591	31
c9a91233f9	/ES01.MAP	76323	51
c9a91233f9	/WS01.MAP	81497	51
c9aa5265a5	/GH00.MAP	151225	12
c9d44fd067	/GM00.MAP	183956	67
c9ee218b66	/GB00.MAP	191812	40
c9fc8749a0	/CT10.MAP	40084	16
ca028e5739	/RT20.MAP	115382	22
ca02ce04df	/CK00.MAP	176860	53
ca03a8a72d	/KM00.MAP	149752	45
ca07ffe312	/WC00.MAP	216988	53
ca0e8d68a6	/STATHELP.MAT	2556	353
ca0f691365	/WC00.MAP	222467	14
ca12f9ea5b	/KEYHELP.MAT	2472	106
ca13768219	/CK00.MAP	172352	32
ca18713acf	/CK00.MAP	161550	34
ca2a60dd3c	/WAZAHELP.MSG	3176	54
ca3b5d00ef	/OB00.MAP	153936	22
ca416e87ed	/JG00.MAP	136073	28
ca4980687a	/NT30.MAP	108324	34
ca5050cd05	/NZ10.MAP	112749	59
ca54faf2af	/JG02.MAP	126113	49
ca57212002	/WK00.MAP	103603	28
ca5a627685	/WR00.MAP	222406	31
ca5a627685	/WR00.MAP	222509	31
ca6f93b117	/ZM00.MAP	140960	18
ca769bcffa	/GM00.MAP	198967	29
ca76a1b4ea	/KS00.MAP	168873	30
ca76a68b36	/GM00.MAP	200556	45
ca77179d48	/NT30.MAP	107279	57
ca7d5b0d5e	/OB00.MAP	157272	75
ca8897e1c2	/WC00.MAP	208977	47
ca901d4bb4	/ZM00.MAP	144090	34
ca99a7d6d1	/ITEMHELP.MSG	6012	34
ca99c3bd36	/AT00.MAP	180385	57
ca9aefcdfb	/NJ10.MAP	131851	55
caa7dcd980	/NZ00.MAP	121673	28
caa9e21623	/HY00.MAP	136586	26
cab7c10281	/MH00.MAP	165325	34
cacd958d66	/HL00.MAP	136049	45
cad41745dd	/WAZAHELP.MSG	3804	66
cad7b75f9e	/WC00.MAP	222803	22
cae8da0b16	/CT00.MAP	165905	30
caf1a98e6e	/AT00.MAP	180784	34
caf1fe7236	/OB00.MAP	151371	63
caf64c09fa	/QH00.MAP	151644	49
caf64c09fa	/QH00.MAP	151863	49
caf779d43b	/MH00.MAP	182008	14
cb049f4922	/DG10.MAP	91544	66
cb04df7644	/TM00.MAP	130614	51
cb15396ab6	/GT20.MAP	142426	36
cb177eed21	/WS00.MAP	82303	22
cb177eed21	/WS10.MAP	83033	22
cb1861989b	/ZM00.MAP	153604	60
cb2396d6e3	/ES01.MAP	76651	24
cb2396d6e3	/WS01.MAP	81825	24
cb26eae147	/WY00.MAP	232315	61
cb26eae147	/WY00.MAP	232703	61
cb2958bf18	/GT20.MAP	140898	32
cb3b4bc832	/AT00.MAP	174964	45
cb454a7197	/GB00.MAP	197556	8
cb4b377841	/NT20.MAP	151342	43
cb4cdee663	/WR00.MAP	237093	14
cb4cdee663	/WR02.MAP	216195	14
cb507da0b1	/MP00.MAP	186708	30
cb531aff98	/GM00.MAP	181481	63
cb638238d4	/CK00.MAP	165575	63
cb692783fe	/ES00.MAP	75898	63
cb7917bc4e	/WS00.MAP	82357	78
cb7917bc4e	/WS10.MAP	83087	78
cb79b7949a	/KR00.MAP	95835	75
cb8121c464	/HL00.MAP	130110	57
cb88c41aaf	/SK00.MAP	119151	28
cb8e7e1262	/AT20.MAP	83694	67
cb8e82b6c0	/NJ00.MAP	157035	35
cb8e82b6c0	/NJ00.MAP	158141	35
cb8ed474cc	/NT21.MAP	130263	59
cb8ed474cc	/RT30.MAP	138346	59
cb8f690ee7	/WR00.MAP	232216	20
cb95199a29	/OT00.MAP	169222	50
cb95199a29	/OT01.MAP	169968	50
cba8e01d6f	/HL00.MAP	132972	59
cbaf046ea3	/NT20.MAP	147588	108
cbb0d3ddda	/OT01.MAP	168548	33
cbb2779220	/ZM00.MAP	156223	28
cbb36ead0f	/WR00.MAP	221117	24
cbbc5baff9	/CK00.MAP	178376	49
cbc710db48	/NT30.MAP	104100	26
cbc821ab9f	/RT20.MAP	110657	69
cbc821ab9f	/RT20.MAP	118726	69
cbc94ca38e	/GH00.MAP	151618	38
cbcc7b774f	/ZM00.MAP	157122	43
cbd58304f1	/WR02.MAP	213689	31
cbd83ad5bb	/KK00.MAP	133438	35
cbdb795991	/KZ00.MAP	172366	45
cbdfa45e7b	/OT01.MAP	164867	83
cbe20d8d3b	/KR00.MAP	95161	31
cbe80559be	/ZM01.MAP	144797	39
cbeda037b1	/RT20.MAP	124286	57
cbf15a76bc	/WAZAHELP.MSG	1832	54
cbfb9d35f6	/WY02.MAP	214184	51
cbfe104fd5	/OT00.MAP	174207	18
cbfe104fd5	/OT00.MAP	176509	18
cc00b4e92f	/GM00.MAP	175211	47
cc01cea251	/NT20.MAP	149965	71
cc139182cb	/CK00.MAP	177235	49
cc14cba4dc	/WR10.MAP	212977	47
cc15310942	/GT20.MAP	139372	36
cc15310942	/NT21.MAP	132141	36
cc1591d9ef	/DL00.MAP	120247	51
cc1b01b8f0	/WR00.MAP	223024	86
cc1e844901	/CT10.MAP	187421	43
cc1e844901	/CT10.MAP	188075	43
cc2d853ca5	/GM00.MAP	178798	31
cc2e1252c3	/IG00.MAP	168496	40
cc332f92b0	/KS00.MAP	173476	38
cc3431efc3	/KM10.MAP	55706	63
cc367ee3ac	/QH00.MAP	149054	31
cc4c69d752	/GB00.MAP	173937	38
cc4db9222b	/CT20.MAP	173089	57
cc553f7450	/MH00.MAP	166313	55
cc66343cb5	/IZ00.MAP	55764	88
cc766e578c	/SK10.MAP	41928	12
cc766e578c	/SK10.MAP	45188	12
cc766e578c	/SK10.MAP	45204	12
cc766e578c	/SK10.MAP	58712	12
cc766e578c	/SK10.MAP	58728	12
cc87bfa871	/QH00.MAP	149120	41
cc89e50816	/CT20.MAP	21572	24
cc92605b05	/CT10.MAP	196388	57
cc93a11a0e	/GM00.MAP	199236	45
cc93a11a0e	/TJ00.MAP	144330	45
cc93a11a0e	/TJ01.MAP	144330	45
cc9d6a9540	/KR00.MAP	93846	14
cc9d6a9540	/ZM00.MAP	155241	14
cc9fcd1dc5	/WC00.MAP	212606	49
cca6b04ddf	/GB00.MAP	181475	55
cca93d3f00	/IG00.MAP	165482	47
ccafc2ec04	/WC00.MAP	230041	32
ccb0910cd1	/JG10.MAP	149603	53
ccb6e649f7	/DG00.MAP	137308	49
ccc2402d28	/ZM01.MAP	144203	55
cccb8c023a	/WR00.MAP	240327	64
ccd1ca77b1	/CT10.MAP	194962	31
ccd2a849bc	/AT00.MAP	188054	73
cce13f9b14	/ZM00.MAP	141011	43
cce2e7d469	/KD00.MAP	164021	32
cce9bcd54f	/QH00.MAP	162665	32
cce9bcd54f	/TJ20.MAP	29943	32
cce9bcd54f	/TJ21.MAP	45079	32
cce9bcd54f	/TJ22.MAP	48987	32
cce9bcd54f	/TJ60.MAP	30006	32
cce9bcd54f	/TJ61.MAP	45190	32
cce9bcd54f	/TJ62.MAP	49050	32
cce9bcd54f	/ZM00.MAP	157887	32
cce9d93dfc	/QH00.MAP	153238	40
cd0124f987	/RT20.MAP	110876	57
cd0124f987	/RT20.MAP	118945	57
cd025ddab4	/KM10.MAP	53939	12
cd06119eb4	/IG00.MAP	164268	80
cd0734caca	/WY00.MAP	219461	30
cd0734caca	/WY00.MAP	221686	30
cd0875e542	/BOT5.MAP	27513	37
cd0a0ce1bc	/GM00.MAP	189708	47
cd0a0ce1bc	/GM00.MAP	189878	47
cd1c3c8f51	/CK00.MAP	164768	92
cd2309e7b8	/WK00.MAP	108420	26
cd23fad34c	/NT00.MAP	62425	43
cd30eeed03	/HL10.MAP	98768	40
cd32c1c9d2	/MH00.MAP	179506	28
cd382acc48	/ITEMHELP.MSG	3016	42
cd421e88bc	/CT20.MAP	166704	47
cd51715237	/RT20.MAP	108266	35
cd51715237	/RT20.MAP	113818	35
cd539b2b9d	/IG10.MAP	155651	45
cd6514e7bf	/NJ00.MAP	159537	28
cd663fec78	/NJ10.MAP	131451	38
cd6ba64b92	/QH01.MAP	147053	75
cd76e71199	/WR00.MAP	219486	86
cd76eda4d9	/IG00.MAP	176481	28
cd7f9b2530	/SK00.MAP	120897	47
cd7fd8cc6b	/OT00.MAP	179162	24
cd81256628	/WR00.MAP	227485	16
cd8b5075ee	/GT00.MAP	148221	18
cd8b5075ee	/IZ00.MAP	50436	18
cd9d37c74e	/HL00.MAP	130065	4
cd9f410134	/WR00.MAP	223616	47
cda39eb8e4	/ITEMHELP.MSG	3060	54
cda4c25cf5	/KM10.MAP	47373	106
cdb15a4959	/AT00.MAP	171486	8
cdb15a4959	/AT10.MAP	161010	8
cdb16caf23	/HS00.MAP	72059	26
cdcfb82ac1	/JG00.MAP	138157	47
cdd156fdde	/AT00.MAP	171527	38
cdd156fdde	/MP00.MAP	174459	38
cdd23c6cc8	/MH00.MAP	178001	67
cdeec7e2d1	/ZM00.MAP	148174	59
cdf5fb838c	/NJ00.MAP	155601	57
ce035f9e17	/WC00.MAP	219821	73
ce05a815d9	/TM00.MAP	130522	28
ce0c577499	/OT00.MAP	168251	24
ce0c577499	/OT01.MAP	168983	24
ce21b11c4e	/AT00.MAP	176589	18
ce3886c8a1	/DIARY.MSG	7688	163
ce38bdd989	/AT00.MAP	186925	100
ce3fd2fd7f	/QH00.MAP	157325	67
ce40b1d4fb	/KM10.MAP	47961	58
ce4441bbf8	/GM00.MAP	178999	51
ce5102f9bc	/WR10.MAP	211476	15
ce522543c8	/GB00.MAP	173455	59
ce57e0687d	/KR00.MAP	100014	51
ce5ee00c12	/IG01.MAP	155639	39
ce6fe32908	/RT20.MAP	103367	69
ceaf36af92	/WY00.MAP	230239	51
ceb7d52d62	/IP00.MAP	157301	55
cec0135ce2	/KS00.MAP	172486	14
cec2e678aa	/NT30.MAP	106771	20
cec3e137ff	/DL00.MAP	120040	37
cec3e137ff	/DL00.MAP	120103	37
cec3e137ff	/DL00.MAP	120209	37
cec3e137ff	/DL00.MAP	120299	37
cec3e137ff	/DL00.MAP	120393	37
cec3e137ff	/DL00.MAP	120499	37
cec3e137ff	/DL00.MAP	120565	37
cec3e137ff	/DL00.MAP	120646	37
cec3e137ff	/DL00.MAP	120724	37
cec3e137ff	/DL00.MAP	120785	37
cec3e137ff	/DL00.MAP	120859	37
cec3e137ff	/DL00.MAP	120995	37
cec3e137ff	/DL00.MAP	121058	37
cec3e137ff	/DL00.MAP	121516	37
cec3e137ff	/DL00.MAP	121614	37
cec3e137ff	/DL00.MAP	121778	37
cec3e137ff	/DL00.MAP	121855	37
cec3e137ff	/DL00.MAP	121953	37
cec3e137ff	/DL00.MAP	122045	37
cec3e137ff	/DL00.MAP	122137	37
cec3e137ff	/DL00.MAP	122215	37
cec3e137ff	/DL00.MAP	122296	37
cec3e137ff	/DL00.MAP	122380	37
cec3e137ff	/DL00.MAP	122439	37
cecd0e250e	/OB00.MAP	156305	49
cee2ff6696	/HL10.MAP	96403	24
cef60af551	/AT00.MAP	171775	31
cef60af551	/AT00.MAP	171855	31
cef60af551	/AT00.MAP	171916	31
cef60af551	/AT00.MAP	172000	31
cef60af551	/AT00.MAP	172184	31
cef60af551	/AT00.MAP	172268	31
cef60af551	/AT00.MAP	172406	31
cef60af551	/AT00.MAP	172449	31
cef60af551	/AT00.MAP	172655	31
cef60af551	/AT00.MAP	172763	31
cef60af551	/AT00.MAP	172828	31
cef60af551	/AT00.MAP	172999	31
cef60af551	/AT00.MAP	173293	31
cef60af551	/AT00.MAP	173366	31
cef60af551	/AT00.MAP	173433	31
cef60af551	/AT00.MAP	173529	31
cef60af551	/AT00.MAP	173627	31
cef60af551	/AT00.MAP	173880	31
cef60af551	/AT00.MAP	173933	31
cef60af551	/AT00.MAP	174019	31
cef60af551	/AT00.MAP	174119	31
cef60af551	/AT00.MAP	174386	31
cef60af551	/AT00.MAP	174443	31
cef60af551	/AT00.MAP	174544	31
cef60af551	/AT00.MAP	175312	31
cef60af551	/AT00.MAP	175355	31
cef60af551	/AT00.MAP	175437	31
cef60af551	/AT00.MAP	175488	31
cef60af551	/AT00.MAP	175597	31
cef60af551	/AT00.MAP	175693	31
cef60af551	/AT00.MAP	175850	31
cef60af551	/AT00.MAP	175912	31
cef60af551	/AT00.MAP	175971	31
cef60af551	/AT00.MAP	176049	31
cef60af551	/AT00.MAP	176153	31
cef60af551	/AT00.MAP	176198	31
cef60af551	/AT00.MAP	176443	31
cef60af551	/AT20.MAP	89073	31
cef60af551	/AT20.MAP	89122	31
cef60af551	/AT20.MAP	89206	31
cef60af551	/AT20.MAP	89275	31
cef60af551	/AT20.MAP	89515	31
cef60af551	/AT20.MAP	89584	31
cef60af551	/AT20.MAP	89919	31
cef60af551	/AT20.MAP	90005	31
cef60af551	/AT20.MAP	90058	31
cefe44bab0	/ZM00.MAP	152384	77
cf000eaa9b	/GT10.MAP	50249	51
cf0282400b	/IZ00.MAP	50021	75
cf0796bae5	/KS00.MAP	168684	73
cf14071939	/CK00.MAP	171441	55
cf1bd2ada3	/ITEMHELP.MSG	7660	62
cf245c218d	/AT00.MAP	171307	35
cf245c218d	/AT01.MAP	165035	35
cf245c218d	/AT10.MAP	160831	35
cf245c218d	/AT20.MAP	81497	35
cf245c218d	/BL00.MAP	124558	35
cf245c218d	/BL10.MAP	40590	35
cf245c218d	/BL20.MAP	57807	35
cf245c218d	/BL30.MAP	42606	35
cf245c218d	/BL40.MAP	80700	35
cf245c218d	/BL50.MAP	51146	35
cf245c218d	/BOOT.MAP	25120	35
cf245c218d	/BOOT1.MAP	23980	35
cf245c218d	/BOOT2.MAP	141966	35
cf245c218d	/BOOT3.MAP	23946	35
cf245c218d	/BOT3.MAP	27022	35
cf245c218d	/BOT4.MAP	26893	35
cf245c218d	/BOT5.MAP	26640	35
cf245c218d	/CK00.MAP	160553	35
cf245c218d	/CK01.MAP	156579	35
cf245c218d	/CT00.MAP	164339	35
cf245c218d	/CT10.MAP	186511	35
cf245c218d	/CT20.MAP	166398	35
cf245c218d	/DG00.MAP	135186	35
cf245c218d	/DG10.MAP	89111	35
cf245c218d	/DG20.MAP	66565	35
cf245c218d	/DG21.MAP	95321	35
cf245c218d	/DL00.MAP	119866	35
cf245c218d	/DS00.MAP	83564	35
cf245c218d	/DS10.MAP	78266	35
cf245c218d	/ES00.MAP	74163	35
cf245c218d	/ES01.MAP	73698	35
cf245c218d	/ES10.MAP	74677	35
cf245c218d	/FIR0.MAP	94963	35
cf245c218d	/FIR1.MAP	134223	35
cf245c218d	/FIR2.MAP	114164	35
cf245c218d	/FIR3.MAP	107623	35
cf245c218d	/GB00.MAP	171316	35
cf245c218d	/GH00.MAP	150945	35
cf245c218d	/GM00.MAP	171129	35
cf245c218d	/GM01.MAP	164586	35
cf245c218d	/GT00.MAP	145646	35
cf245c218d	/GT10.MAP	46013	35
cf245c218d	/GT20.MAP	138813	35
cf245c218d	/HL00.MAP	128744	35
cf245c218d	/HL10.MAP	94124	35
cf245c218d	/HL11.MAP	92182	35
cf245c218d	/HS00.MAP	69009	35
cf245c218d	/HS10.MAP	181116	35
cf245c218d	/HY00.MAP	130985	35
cf245c218d	/IG00.MAP	157244	35
cf245c218d	/IG01.MAP	153161	35
cf245c218d	/IG10.MAP	153565	35
cf245c218d	/IP00.MAP	156415	35
cf245c218d	/IP10.MAP	135193	35
cf245c218d	/IS00.MAP	160375	35
cf245c218d	/IS10.MAP	58070	35
cf245c218d	/IXXX.MAP	21892	35
cf245c218d	/IY00.MAP	121517	35
cf245c218d	/IZ00.MAP	49238	35
cf245c218d	/JG00.MAP	129987	35
cf245c218d	/JG01.MAP	125129	35
cf245c218d	/JG02.MAP	125344	35
cf245c218d	/JG10.MAP	148595	35
cf245c218d	/KB00.MAP	54442	35
cf245c218d	/KB01.MAP	54073	35
cf245c218d	/KB10.MAP	55201	35
cf245c218d	/KB20.MAP	61044	35
cf245c218d	/KD00.MAP	160723	35
cf245c218d	/KK00.MAP	130278	35
cf245c218d	/KK01.MAP	128932	35
cf245c218d	/KM00.MAP	144822	35
cf245c218d	/KM01.MAP	140904	35
cf245c218d	/KM10.MAP	47040	35
cf245c218d	/KR00.MAP	93301	35
cf245c218d	/KS00.MAP	166989	35
cf245c218d	/KZ00.MAP	171017	35
cf245c218d	/MH00.MAP	160225	35
cf245c218d	/MK00.MAP	147086	35
cf245c218d	/MP00.MAP	174253	35
cf245c218d	/MP01.MAP	125625	35
cf245c218d	/NJ00.MAP	155209	35
cf245c218d	/NJ10.MAP	126735	35
cf245c218d	/NT00.MAP	60391	35
cf245c218d	/NT10.MAP	132419	35
cf245c218d	/NT20.MAP	143382	35
cf245c218d	/NT21.MAP	129967	35
cf245c218d	/NT30.MAP	102402	35
cf245c218d	/NT31.MAP	137259	35
cf245c218d	/NZ00.MAP	116241	35
cf245c218d	/NZ10.MAP	108743	35
cf245c218d	/NZ11.MAP	107239	35
cf245c218d	/OB00.MAP	149941	35
cf245c218d	/OT00.MAP	165858	35
cf245c218d	/OT01.MAP	163292	35
cf245c218d	/OT02.MAP	163069	35
cf245c218d	/OT10.MAP	162824	35
cf245c218d	/QH00.MAP	148257	35
cf245c218d	/QH01.MAP	144908	35
cf245c218d	/RS00.MAP	48332	35
cf245c218d	/RS01.MAP	49658	35
cf245c218d	/RT00.MAP	158920	35
cf245c218d	/RT20.MAP	101822	35
cf245c218d	/RT30.MAP	137914	35
cf245c218d	/SB00.MAP	72135	35
cf245c218d	/SK00.MAP	115492	35
cf245c218d	/SK10.MAP	91808	35
cf245c218d	/SS00.MAP	68541	35
cf245c218d	/SS10.MAP	68588	35
cf245c218d	/ST00.MAP	115392	35
cf245c218d	/ST10.MAP	81877	35
cf245c218d	/TEST.MAP	141560	35
cf245c218d	/TJ00.MAP	143935	35
cf245c218d	/TJ01.MAP	143935	35
cf245c218d	/TJ10.MAP	29659	35
cf245c218d	/TJ11.MAP	44787	35
cf245c218d	/TJ20.MAP	29706	35
cf245c218d	/TJ21.MAP	44842	35
cf245c218d	/TJ22.MAP	48750	35
cf245c218d	/TJ30.MAP	52311	35
cf245c218d	/TJ31.MAP	54367	35
cf245c218d	/TJ32.MAP	48727	35
cf245c218d	/TJ40.MAP	144059	35
cf245c218d	/TJ41.MAP	144066	35
cf245c218d	/TJ50.MAP	29723	35
cf245c218d	/TJ51.MAP	44899	35
cf245c218d	/TJ60.MAP	29770	35
cf245c218d	/TJ61.MAP	44954	35
cf245c218d	/TJ62.MAP	48814	35
cf245c218d	/TJ70.MAP	52423	35
cf245c218d	/TJ71.MAP	54383	35
cf245c218d	/TJ72.MAP	48839	35
cf245c218d	/TM00.MAP	130053	35
cf245c218d	/TM10.MAP	68392	35
cf245c218d	/TM20.MAP	78048	35
cf245c218d	/TM30.MAP	101320	35
cf245c218d	/TM40.MAP	44396	35
cf245c218d	/TST2.MAP	128308	35
cf245c218d	/TTTT.MAP	97004	35
cf245c218d	/WC00.MAP	205749	35
cf245c218d	/WC01.MAP	199114	35
cf245c218d	/WK00.MAP	103429	35
cf245c218d	/WR00.MAP	217609	35
cf245c218d	/WR01.MAP	210302	35
cf245c218d	/WR02.MAP	212478	35
cf245c218d	/WR10.MAP	210464	35
cf245c218d	/WS00.MAP	79213	35
cf245c218d	/WS01.MAP	78700	35
cf245c218d	/WS10.MAP	79622	35
cf245c218d	/WY00.MAP	215659	35
cf245c218d	/WY01.MAP	208872	35
cf245c218d	/WY02.MAP	210786	35
cf245c218d	/ZM00.MAP	140698	35
cf245c218d	/ZM01.MAP	137537	35
cf26195321	/GM00.MAP	201443	59
cf28821110	/NZ10.MAP	113940	79
cf2c2cfb04	/IG00.MAP	173299	34
cf2df99338	/GM00.MAP	191203	65
cf351c8bc2	/DS00.MAP	85681	47
cf38ed042e	/WS00.MAP	80519	18
cf41bf4ef5	/KM00.MAP	149383	29
cf4bc2a262	/MP00.MAP	180542	17
cf5822ea26	/KM10.MAP	52758	59
cf5e669680	/NT21.MAP	130172	59
cf5e669680	/RT30.MAP	138255	59
cf5ef7cad1	/WAZAHELP.MSG	1488	42
cf62fe5092	/WK00.MAP	109332	47
cf64f52855	/ZM01.MAP	139246	18
cf69621a93	/OT00.MAP	172867	56
cf81680d14	/CK00.MAP	161150	33
cf81680d14	/MH00.MAP	163931	33
cf89460580	/KM00.MAP	153460	38
cf8991cd79	/WR00.MAP	224678	73
cf8b544309	/NT20.MAP	151418	53
cf9d001dfa	/DG00.MAP	136703	45
cf9f8f3970	/IZ00.MAP	50203	43
cfa7f54b0e	/WY00.MAP	220132	32
cfb7cff188	/DS00.MAP	85806	40
cfde6bbd02	/IS10.MAP	61547	43
cfdef7f0fe	/NZ10.MAP	111301	59
cfe5ec75ed	/KR00.MAP	101768	41
cfe77642c5	/RT20.MAP	105210	38
cfea8787dd	/WR00.MAP	235838	42
cff67809b5	/NT20.MAP	149148	45
cff9b55f96	/WAZAHELP.MSG	8484	81
d0023bc2d5	/AT10.MAP	168054	75
d012c97295	/RT20.MAP	116076	12
d0196a0b61	/DIARY.MSG	3360	235
d01b1e230c	/IG00.MAP	163055	34
d01e4d36da	/AT00.MAP	188903	69
d025fef494	/AT00.MAP	189006	65
d028385644	/DG10.MAP	90589	16
d02bcea586	/KM00.MAP	152359	61
d032bcf79a	/QH00.MAP	155765	69
d0351f7721	/IP00.MAP	163065	24
d03753ce08	/WAZAHELP.MSG	5664	38
d03e0f0aa8	/HS10.MAP	186702	27
d0426cab14	/GM00.MAP	181988	34
d0430eae6b	/TM00.MAP	130940	39
d0455e7e8d	/GM00.MAP	185953	55
d045c35673	/SK00.MAP	119211	37
d04a0a3858	/MP00.MAP	190532	55
d04ac02233	/AT00.MAP	175725	53
d060b4e0bc	/ZM01.MAP	144953	51
d0613bff1b	/HS00.MAP	72824	59
d0613bff1b	/HS00.MAP	73711	59
d07bd2e9ff	/GB00.MAP	187230	82
d08d79e1a5	/WY02.MAP	213258	47
d0915ff98c	/MH00.MAP	162146	53
d096c98de7	/WS00.MAP	82842	61
d096c98de7	/WS10.MAP	83572	61
d0a4a922d2	/IG00.MAP	173677	147
d0a4a922d2	/IG10.MAP	159348	147
d0aa6e9610	/NT20.MAP	150831	57
d0b2340896	/KEYHELP.MAT	2924	102
d0b7a9a62e	/MP00.MAP	180670	32
d0be851c3c	/ZM00.MAP	144278	49
d0c4417f0b	/IP00.MAP	164787	71
d0c8e31a10	/KS00.MAP	172138	64
d0ca500c40	/WC00.MAP	229667	39
d0f9e50faf	/NJ10.MAP	132491	47
d0fd1b04da	/CK00.MAP	175047	51
d104b00793	/IS10.MAP	61360	57
d108e20757	/RT20.MAP	108575	32
d108e20757	/RT20.MAP	114127	32
d11108dfa0	/GB00.MAP	184016	16
d111973974	/ZM00.MAP	154828	16
d113f7614b	/AT00.MAP	193743	45
d11976abc4	/WY00.MAP	235757	42
d12547fba8	/HS10.MAP	28960	8
d1283b71ea	/ZM00.MAP	154846	34
d135840dc7	/MH00.MAP	176734	32
d13a17d138	/OT02.MAP	165636	28
d14704757c	/IG00.MAP	172846	20
d14b6c6c0d	/KR00.MAP	94573	57
d14b6c6c0d	/ZM00.MAP	156432	57
d1501e2a55	/MP00.MAP	181276	26
d156d629d0	/RT20.MAP	110310	26
d16b5bccda	/DG10.MAP	77234	10
d16b5bccda	/DG10.MAP	79478	10
d16dcc0a49	/KD00.MAP	170402	49
d16f7e2d21	/DIARY.MSG	12356	216
d19e2bb456	/KEYHELP.MAT	2692	48
d19e2bb456	/KEYHELP.MAT	3236	48
d1a2be9661	/ITEMHELP.MSG	4708	32
d1b0ae0f4e	/WR00.MAP	239071	34
d1b0ae0f4e	/WR00.MAP	239116	34
d1b60275f3	/NT30.MAP	106054	30
d1b69a8a91	/MP00.MAP	174938	23
d1cae4b0cb	/NJ10.MAP	137455	12
d1cf2c25a0	/ZM00.MAP	146135	77
d1e32f4890	/NT30.MAP	104002	59
d1e99e5d22	/IG01.MAP	154406	39
d1edb3e0c1	/HL00.MAP	133898	51
d1fe1e26e5	/KK00.MAP	132498	45
d20b74826e	/IZ00.MAP	64316	34
d20b74826e	/WR02.MAP	215283	34
d20bcd0dbc	/DG00.MAP	135379	6
d20bcd0dbc	/IP10.MAP	137528	6
d20d558a60	/NJ10.MAP	132339	55
d21350b373	/OT00.MAP	175519	53
d216979fbd	/IZ00.MAP	56392	32
d22cce6ae5	/ZM00.MAP	154062	106
d22ef07b26	/WR00.MAP	220970	38
d23c9ded2a	/AT00.MAP	187203	75
d23ea817a4	/HL00.MAP	131016	69
d24432d392	/KS00.MAP	170853	60
d25167a894	/HS00.MAP	75596	47
d2561f2810	/JG00.MAP	133616	12
d25b8e4ac0	/IS10.MAP	58679	51
d264aee314	/AT20.MAP	89495	19
d2678f03b3	/MH00.MAP	174872	61
d27cfbc58b	/IG00.MAP	171471	14
d28cbf52f0	/OT00.MAP	172924	38
d28d8de962	/ZM00.MAP	152973	43
d293118c55	/OB00.MAP	158158	20
d29e5c8ab7	/WC00.MAP	207138	32
d2a73b1518	/JG00.MAP	139437	38
d2aa55c2de	/GB00.MAP	177429	69
d2ab757250	/NJ10.MAP	129182	49
d2b1c15466	/GB00.MAP	185015	21
d2b41d292a	/RT20.MAP	102797	24
d2c20a9492	/BL00.MAP	125359	21
d2c20a9492	/ZM00.MAP	156721	21
d2ccf31160	/QH00.MAP	153099	28
d2d09c0855	/ZM00.MAP	154175	260
d2d356f13f	/KEYHELP.MAT	2152	135
d2d3b7ba18	/OB00.MAP	156393	63
d2d98ed3b4	/ZM01.MAP	141985	334
d2e7652a40	/CK00.MAP	161610	57
d2ea0587a7	/WC00.MAP	219927	59
d2f380ca2c	/CK00.MAP	170195	41
d2ff6a6059	/HS10.MAP	182721	24
d307f22364	/WR02.MAP	213752	34
d308a32d43	/QH01.MAP	146671	6
d31f4ffc82	/MP00.MAP	195209	63
d32024f91e	/QH00.MAP	160684	92
d3209bee61	/OT00.MAP	168438	50
d3209bee61	/OT01.MAP	169168	50
d326092af3	/MK00.MAP	149208	28
d32b860ebe	/AT00.MAP	195729	47
d32c804e4b	/IG00.MAP	167664	18
d32d3cde75	/GM00.MAP	185847	73
d32f5c665f	/MP00.MAP	175668	49
d32ffc972b	/NT30.MAP	102741	65
d33c7718a6	/WR00.MAP	233482	76
d340d96a69	/HL10.MAP	94330	65
d341c3d382	/GT10.MAP	46187	18
d34544619c	/KM10.MAP	53555	12
d34a8c316a	/GT10.MAP	47239	47
d3624b56c0	/NJ10.MAP	132997	22
d36726e94b	/WC00.MAP	218882	34
d3682b9e0d	/CK00.MAP	169831	59
d370bc8750	/IS10.MAP	59841	43
d379054693	/AT00.MAP	194005	78
d3798de041	/OT00.MAP	171395	26
d37abebe17	/NJ10.MAP	130011	47
d381782b88	/HS00.MAP	72659	37
d381d67979	/WY00.MAP	227584	41
d384f7024d	/AT00.MAP	172128	55
d38c160a24	/DIARY.MSG	11392	137
d38d03b3c0	/GM01.MAP	165002	17
d3949cc86c	/ZM00.MAP	153665	79
d3a6d7fd38	/ITEMHELP.MSG	7508	62
d3a7d66751	/QH00.MAP	157256	36
d3af1ba389	/KM00.MAP	159100	57
d3c8af316c	/CK00.MAP	173704	90
d3cdbcac4b	/BL00.MAP	127793	39
d3d27b8763	/QH00.MAP	154219	42
d3d3459e15	/WS01.MAP	81281	36
d3db353a79	/OT00.MAP	169172	49
d3dff13e85	/GB00.MAP	182517	98
d3f2b0347d	/TM00.MAP	131261	37
d3ffffda7e	/HL10.MAP	98613	25
d417d24894	/OT02.MAP	165903	34
d418e53aaa	/QH00.MAP	163364	63
d41b16a5a3	/IZ00.MAP	60797	49
d41b16a5a3	/IZ00.MAP	61650	49
d41ce9119d	/BOT4.MAP	27779	6
d41ce9119d	/BOT4.MAP	27997	6
d41ce9119d	/BOT4.MAP	28304	6
d4204b08a8	/WK00.MAP	109972	98
d421939bb8	/CT10.MAP	190031	31
d421939bb8	/CT10.MAP	190522	31
d421939bb8	/CT10.MAP	190701	31
d421939bb8	/CT10.MAP	190878	31
d422b1985b	/MH00.MAP	182724	16
d42593fad8	/WR00.MAP	219752	51
d4274f3103	/IG00.MAP	159867	10
d42dde3a1e	/JG00.MAP	140887	38
d42eb75ae4	/OT01.MAP	167579	30
d43262820a	/NT30.MAP	107914	40
d463a2f8ea	/WAZAHELP.MSG	5632	30
d464affb24	/HL10.MAP	94520	67
d46599608b	/CK00.MAP	174953	59
d473255b58	/ZM00.MAP	143561	73
d475d7f9c7	/WY00.MAP	221601	53
d4772b5496	/HS10.MAP	29024	8
d4774a86c8	/CK00.MAP	171605	41
d4795218a2	/AT00.MAP	183181	71
d4795218a2	/AT00.MAP	183716	71
d47ebf86ff	/CT20.MAP	173918	36
d48920381f	/CK00.MAP	172104	14
d48920381f	/CT20.MAP	168597	14
d48920381f	/WR10.MAP	211492	14
d49041b8ab	/ITEMHELP.MSG	1800	56
d491f22b1c	/KK00.MAP	131019	49
d491f22b1c	/KK01.MAP	129614	49
d49986b259	/WC00.MAP	210977	49
d499dbc037	/RT20.MAP	112305	43
d4a1f6e5ce	/KM00.MAP	151770	38
d4a580dd8d	/SK00.MAP	118835	55
d4aa92c09c	/NT00.MAP	61096	24
d4ad508ab2	/HL00.MAP	130859	51
d4ae9669cd	/OB00.MAP	157215	25
d4c3899505	/WC00.MAP	209288	20
d4c5725f54	/GT00.MAP	148271	20
d4ca6bc2cf	/WR00.MAP	233666	22
d4d9402424	/NT20.MAP	145857	96
d4e299b531	/KK00.MAP	131675	28
d4e299b531	/KK01.MAP	130270	28
d4e43a1ec6	/HY00.MAP	135095	8
d4e82a3fc2	/IG00.MAP	173365	51
d4f005e727	/GM00.MAP	202293	47
d5028b469c	/GB00.MAP	189491	47
d5028b469c	/GB00.MAP	190302	47
d5028b469c	/GB00.MAP	192173	47
d5028b469c	/GB00.MAP	193620	47
d507b297b4	/RT20.MAP	123911	98
d507d34c2b	/WY02.MAP	212253	38
d50d38942e	/HL00.MAP	131303	59
d517b19dbf	/AT00.MAP	179932	51
d51bfdc7d7	/ZM00.MAP	146546	12
d51f0f8935	/QH01.MAP	146088	45
d5285a819c	/NJ00.MAP	159429	18
d52894ef8c	/HY00.MAP	132949	82
d530bc0393	/KM10.MAP	50060	24
d533388ab1	/AT00.MAP	186644	39
d533388ab1	/AT00.MAP	186868	39
d533388ab1	/AT00.MAP	187080	39
d533388ab1	/AT00.MAP	187857	39
d533388ab1	/AT00.MAP	188128	39
d533b7b9c3	/ZM00.MAP	143193	55
d546b9c83a	/HS10.MAP	184474	14
d54e0a07aa	/IZ00.MAP	53443	38
d55556cdf8	/DG21.MAP	99840	10
d557524ac4	/KM00.MAP	158097	32
d557707651	/WR00.MAP	228796	67
d55d2adb01	/IZ00.MAP	51194	77
d56ecd2fb6	/NJ10.MAP	131055	20
d56f66b78e	/GM00.MAP	195110	47
d5789237ab	/WY00.MAP	224095	63
d584437570	/KM00.MAP	145574	42
d5973b8389	/WR00.MAP	236776	59
d5973b8389	/WR02.MAP	215878	59
d5a6d8f3ff	/DG10.MAP	92867	30
d5a979f370	/CK00.MAP	171172	28
d5abbdac19	/KR00.MAP	97448	20
d5ad2a8951	/MH00.MAP	166201	14
d5ca526dc0	/ITEMHELP.MSG	9212	46
d5d36d4486	/KD00.MAP	164423	70
d5d9ca0dce	/KM00.MAP	163231	53
d5ecfd1dd3	/MP00.MAP	188725	61
d5f1b933ed	/QH00.MAP	158763	34
d5f6f53739	/KR00.MAP	97730	18
d5f7371a29	/ITEMHELP.MSG	8324	78
d5fffcec23	/KB00.MAP	56683	22
d5fffcec23	/KB10.MAP	57205	22
d5fffcec23	/KB20.MAP	64093	22
d5fffcec23	/KB20.MAP	64739	22
d60a8af0a6	/MH00.MAP	181806	96
d60ca669d7	/WR00.MAP	227232	31
d60ca669d7	/WR00.MAP	227351	31
d60ca669d7	/WR00.MAP	227562	31
d60ca669d7	/WR00.MAP	227991	31
d60ca669d7	/WR00.MAP	228046	31
d60ca669d7	/WR00.MAP	228138	31
d60ca669d7	/WR00.MAP	229214	31
d60ca669d7	/WR00.MAP	229354	31
d612ea3c3e	/BL00.MAP	128229	36
d61bccbce9	/OT00.MAP	169665	57
d61da56d64	/KM10.MAP	49776	59
d61eb9cbe3	/GB00.MAP	177926	30
d61f1b9bb5	/WAZAHELP.MSG	10412	62
d62201ed3d	/KK00.MAP	130721	30
d62201ed3d	/KK01.MAP	129316	30
d623c57dac	/KM00.MAP	157851	53
d629fc8eaf	/CT10.MAP	188656	43
d629fc8eaf	/CT10.MAP	191387	43
d62ab38c34	/CK00.MAP	175830	30
d62fe25f51	/AT10.MAP	164833	24
d63c3e277f	/NJ10.MAP	133923	71
d64ab24d04	/WK00.MAP	103991	30
d64b9aeb1e	/IS00.MAP	160921	41
d652331935	/CK00.MAP	169076	33
d652331935	/CK00.MAP	169162	33
d652331935	/CK00.MAP	169244	33
d652331935	/CK00.MAP	169348	33
d652331935	/CK00.MAP	169746	33
d652331935	/CK00.MAP	169797	33
d652331935	/CK00.MAP	169891	33
d652331935	/CK00.MAP	170035	33
d652331935	/CK00.MAP	170098	33
d652331935	/CK00.MAP	170161	33
d652331935	/CK00.MAP	170280	33
d652331935	/CK00.MAP	170606	33
d652331935	/CK00.MAP	170690	33
d652331935	/CK00.MAP	170835	33
d652331935	/CK00.MAP	170933	33
d652331935	/CK00.MAP	171098	33
d652331935	/CK00.MAP	171497	33
d652331935	/CK00.MAP	171571	33
d652331935	/CK00.MAP	171647	33
d652331935	/CK00.MAP	171741	33
d652331935	/CK00.MAP	171852	33
d652331935	/CK00.MAP	172070	33
d652331935	/CK00.MAP	172245	33
d652331935	/CK00.MAP	172724	33
d652331935	/CK00.MAP	172790	33
d652331935	/CK00.MAP	173019	33
d652331935	/CK00.MAP	173156	33
d652331935	/CK00.MAP	173244	33
d652331935	/CK00.MAP	173317	33
d652331935	/CK00.MAP	174198	33
d652331935	/CK00.MAP	174274	33
d652331935	/CK00.MAP	174444	33
d652331935	/CK00.MAP	174493	33
d652331935	/CK00.MAP	174603	33
d652331935	/CK00.MAP	174774	33
d652331935	/CK00.MAP	175013	33
d652331935	/CK00.MAP	175099	33
d652331935	/CK00.MAP	175219	33
d652331935	/CK00.MAP	175301	33
d6619891a2	/JG10.MAP	148769	22
d6731802c8	/ITEMHELP.MSG	7176	72
d681b0d32c	/KR00.MAP	98928	30
d68b8855b8	/DG10.MAP	89729	55
d68d20e71c	/HL10.MAP	97794	61
d68d6db4cb	/IG00.MAP	176653	100
d68d6db4cb	/IG00.MAP	177066	100
d68edfdf30	/GM00.MAP	180529	53
d6a03527ba	/AT00.MAP	188443	92
d6a571770c	/KM00.MAP	156852	59
d6abd56125	/GH00.MAP	151995	57
d6b3e4fe97	/SK10.MAP	92859	57
d6b67d931c	/IG10.MAP	157990	57
d6b7f3d1f2	/TM00.MAP	132985	47
d6ba2dfee1	/KR00.MAP	95405	42
d6c073f5d7	/WR02.MAP	213202	47
d6c37064e5	/WC00.MAP	227701	55
d6c37064e5	/WC00.MAP	228291	55
d6c67ddc4d	/NT30.MAP	107713	35
d6c7e76b4b	/CK00.MAP	163062	18
d6cac050a5	/KR00.MAP	98394	49
d6cb17c84c	/HS00.MAP	75928	34
d6ccdaf7d6	/CK00.MAP	174396	47
d6d08270ba	/JG00.MAP	142140	49
d6e0d1c651	/WS00.MAP	82114	38
d6e0d1c651	/WS10.MAP	82844	38
d6e3bc1ba4	/MH00.MAP	165474	45
d6e51ee766	/IZ00.MAP	60297	30
d6e51ee766	/IZ00.MAP	60590	30
d6eb00fa26	/ZM00.MAP	148266	67
d705b61d24	/CK00.MAP	180136	65
d706e689eb	/ITEMHELP.MSG	4500	44
d708af069c	/MH00.MAP	167302	53
d70d5bfab3	/BL00.MAP	128172	24
d718b6921d	/CK00.MAP	170422	43
d719db526f	/HS10.MAP	183696	32
d72173ac1e	/OT01.MAP	165667	53
d726637d2a	/GT00.MAP	146070	12
d726870a0c	/HS00.MAP	76664	43
d7281ff49e	/CT10.MAP	190825	20
d7285f271e	/NJ10.MAP	132644	32
d72f4a980c	/NT00.MAP	61770	32
d733780bc5	/SK00.MAP	118166	53
d73de6c2ba	/DIARY.MSG	4304	224
d748869ec4	/DG00.MAP	136780	45
d7495f921c	/OT00.MAP	170486	30
d75bdce11b	/WS00.MAP	81860	53
d75bdce11b	/WS10.MAP	82590	53
d77876ae61	/OT00.MAP	170964	28
d7793a9911	/WY02.MAP	215199	47
d781690d8c	/GB00.MAP	171973	57
d79692af79	/NT30.MAP	102674	35
d798271d89	/AT10.MAP	167963	59
d7a0959d4d	/WR02.MAP	218942	61
d7a61a3514	/OT00.MAP	166890	45
d7b54b0c54	/CK00.MAP	175390	47
d7b8ee2de0	/OT00.MAP	166412	33
d7c25c9def	/KD00.MAP	168549	38
d7c28d1d18	/WAZAHELP.MSG	10476	58
d7c87be6b5	/WC00.MAP	226351	92
d7c8bcdae9	/WK00.MAP	106598	55
d7d44c0c9b	/HL00.MAP	134463	47
d7d700d41f	/CT20.MAP	168804	65
d7d9aff025	/MH00.MAP	165734	69
d7e0215d4e	/KR00.MAP	100895	12
d7e0319844	/WY00.MAP	218220	45
d7ed90f904	/ES00.MAP	75224	55
d7f32f6049	/NT21.MAP	131838	51
d7f79616d3	/HS10.MAP	182857	49
d7fc9d6da2	/CT10.MAP	194239	40
d8054afec4	/CT20.MAP	21412	24
d80d8f16c5	/GH00.MAP	152144	35
d80dce040f	/MH00.MAP	177852	26
d8124556b0	/GM00.MAP	194251	55
d81356c407	/OT00.MAP	180005	34
d815d53bb6	/OT01.MAP	166570	47
d81d231b49	/CK00.MAP	179596	27
d828b8a94d	/ES00.MAP	74515	58
d82f0729ca	/MP01.MAP	125864	98
d82f414064	/KK00.MAP	132914	24
d82f414064	/KK01.MAP	130923	24
d837802578	/QH00.MAP	161679	47
d847e856cc	/GM00.MAP	198771	55
d853176edb	/MP00.MAP	193914	42
d85a762ea6	/RT20.MAP	126045	53
d85e95f759	/WR00.MAP	228468	61
d86188a4bc	/MP00.MAP	178643	61
d86ae3fa00	/WC00.MAP	213072	47
d86aeddfc5	/KM10.MAP	53495	28
d86d7a3210	/QH00.MAP	157028	24
d87508cc8c	/MH00.MAP	180447	18
d87c81ac71	/IZ00.MAP	66050	80
d8842936f5	/ITEMHELP.MSG	11300	36
d889f5fd08	/RT00.MAP	108522	32
d89902df8a	/OB00.MAP	154310	12
d89afaa185	/GB00.MAP	197597	26
d8a3c63965	/GB00.MAP	181124	55
d8ae6ecfd7	/MP00.MAP	183401	20
d8ae6ecfd7	/MP00.MAP	184870	20
d8ae6ecfd7	/MP00.MAP	186148	20
d8ae6ecfd7	/MP00.MAP	187223	20
d8b2a05406	/QH00.MAP	161828	45
d8b2e256a8	/WR00.MAP	231565	51
d8b6e70e27	/HS00.MAP	69356	22
d8b9e017cd	/KR00.MAP	110072	32
d8c64cfa7e	/HL10.MAP	98692	20
d8c6c63ac6	/IG10.MAP	156283	24
d8c90f85e4	/CT00.MAP	165774	37
d8cf1dcea7	/ZM00.MAP	145426	16
d8cf818b70	/OT00.MAP	167355	27
d8cf912d6c	/HL00.MAP	129032	82
d8d66e8518	/HS00.MAP	71227	59
d8e1f39429	/GB00.MAP	184594	42
d8e5e8c1f7	/KS00.MAP	168293	41
d8ec269e9d	/IY00.MAP	121936	14
d8f433adf6	/CK00.MAP	176625	38
d8fc33b636	/GM00.MAP	177394	90
d902c26af9	/GM00.MAP	190214	63
d912930697	/CT10.MAP	189382	49
d912930697	/CT10.MAP	193338	49
d931c02536	/NT00.MAP	62140	45
d940247b53	/GM00.MAP	195514	24
d94937323d	/OT01.MAP	168240	49
d9507eacf2	/WY00.MAP	224567	47
d95b6141fc	/WC00.MAP	215296	53
d95d13f893	/RT20.MAP	123132	76
d977b66266	/IZ00.MAP	63142	71
d97aded7ff	/OT00.MAP	171301	61
d98307e590	/KR00.MAP	99914	67
d988a240d4	/WC00.MAP	207787	14
d98b69299d	/WC00.MAP	214025	66
d98c0a5e1f	/NT10.MAP	132629	15
d98e1cff15	/AT00.MAP	174051	67
d995b8bd51	/WC00.MAP	217476	38
d9970a2845	/AT00.MAP	188185	55
d99b6ce61b	/KR00.MAP	94368	26
d99c9fcc45	/KD00.MAP	163835	39
d9a0884a3d	/ITEMHELP.MSG	2284	60
d9a0f37cb7	/WAZAHELP.MSG	9172	42
d9a65d2e42	/BL00.MAP	125529	28
d9a65d2e42	/ZM00.MAP	156885	28
d9a736f38e	/IS00.MAP	160650	22
d9afa99082	/IG01.MAP	153586	16
d9c09f61f0	/RT20.MAP	103473	28
d9c1c52c2d	/OT02.MAP	166059	54
d9caf4ad49	/MH00.MAP	169208	79
d9caf4ad49	/MH00.MAP	171847	79
d9cdaefe68	/WR00.MAP	235912	25
d9d414c0dc	/GT20.MAP	142494	69
d9d5232b5b	/KS00.MAP	168366	38
d9f8e3add3	/AT00.MAP	191204	69
da05e67e4d	/WR00.MAP	240149	45
da08484444	/KM00.MAP	149144	39
da0b23121c	/KM10.MAP	57215	32
da0e46ad14	/KM00.MAP	151051	55
da151c49b6	/WY00.MAP	222494	24
da15d28e9f	/WAZAHELP.MSG	1776	54
da1b7d4be0	/GB00.MAP	177531	51
da1f81f263	/KM10.MAP	53343	53
da2e4eeb3d	/BOT5.MAP	27265	10
da30fc5137	/IP00.MAP	163705	55
da3c0f45c8	/IG00.MAP	160314	32
da43b8e75e	/GM00.MAP	185573	55
da474ab1da	/WC00.MAP	224597	73
da4d6e7534	/SK00.MAP	118251	32
da4eb208d2	/WY00.MAP	217513	29
da57efb655	/SK00.MAP	119005	39
da6054f293	/AT00.MAP	197963	20
da630997e2	/ES10.MAP	75978	80
da630997e2	/WS10.MAP	80941	80
da66df5c54	/BOT3.MAP	27609	8
da7e392470	/QH00.MAP	153798	92
da7e86e053	/BL00.MAP	124915	16
da7e86e053	/ZM00.MAP	155704	16
da80235ca9	/HL00.MAP	132026	45
da81a0d07c	/KS00.MAP	174018	55
da95c2c961	/AT00.MAP	180336	16
da978d98d2	/IZ00.MAP	50380	24
da9e1842a3	/IZ00.MAP	65028	32
daa43ac2fd	/RT20.MAP	108740	45
daa43ac2fd	/RT20.MAP	114292	45
daa52dae14	/ZM00.MAP	148485	63
daad6c7c03	/KD00.MAP	168487	61
dab084d4a9	/MH00.MAP	168363	24
dab084d4a9	/MH00.MAP	171002	24
dab33bc9d4	/HL00.MAP	129729	61
dab4adb00e	/OT01.MAP	163996	18
dab7f94d38	/AT00.MAP	174475	68
dabf7df0f2	/WC00.MAP	229966	12
daccb3b0a9	/JG10.MAP	149748	53
dad1164a93	/KM10.MAP	48517	67
dad1fdba04	/KM00.MAP	145969	61
dad84a7136	/OT01.MAP	168582	38
dae79c4144	/NT20.MAP	147204	24
dae79c4144	/NT20.MAP	147825	24
dae8bb155f	/ITEMHELP.MSG	4364	82
daed704da6	/ZM00.MAP	148759	59
daf6198a1e	/NT30.MAP	107191	49
db0d578807	/JG00.MAP	133419	28
db16c1f893	/CK00.MAP	167723	10
db1964e4d6	/GM00.MAP	202676	28
db1982b60b	/NJ10.MAP	138043	30
db238f13f6	/IP00.MAP	162783	51
db428eec6b	/WC00.MAP	222728	43
db4c12900e	/RT20.MAP	119244	78
db4c6b0827	/WC00.MAP	219134	69
db58122408	/HY00.MAP	135716	69
db58122408	/HY00.MAP	136024	69
db5d85a2b3	/WAZAHELP.MSG	10536	26
db5f1e6071	/GM00.MAP	179745	36
db69daa130	/OB00.MAP	158960	65
db6b4a8359	/MK00.MAP	150684	51
db6b64545d	/RT20.MAP	109900	24
db6b64545d	/RT20.MAP	116746	24
db70b44881	/WK00.MAP	105532	55
db725afbd6	/CT10.MAP	188384	10
db747ba83a	/ITEMHELP.MSG	9328	56
db7e391987	/WAZAHELP.MSG	11392	38
db83f38ed3	/GB00.MAP	194937	61
db83f38ed3	/GB00.MAP	195951	61
db86aae30c	/WR00.MAP	222033	75
db87423800	/NZ10.MAP	109614	42
db89dc7c84	/GM00.MAP	203245	53
db8ebd0eda	/KEYHELP.MAT	2580	110
db96e9f77f	/ES00.MAP	76116	26
db96e9f77f	/ES10.MAP	77457	26
db99404241	/IP00.MAP	161555	79
dba769762d	/WY02.MAP	211689	20
dbab625f39	/ES10.MAP	75030	55
dbac8fea2b	/WAZAHELP.MSG	6256	26
dbb3b7ced0	/MP00.MAP	193534	18
dbbb5e6436	/CK00.MAP	178170	75
dbbd49cf1e	/WY00.MAP	223454	55
dbbe8bada7	/IZ00.MAP	51434	12
dbbe8bada7	/KM00.MAP	162692	12
dbbe8bada7	/KM00.MAP	164690	12
dbbe8bada7	/WY00.MAP	219858	12
dbbe8bada7	/ZM00.MAP	144359	12
dbc0d16d03	/IP00.MAP	159342	34
dbcd2da30d	/IS00.MAP	161676	70
dbce9ce03d	/MP00.MAP	194649	55
dbd2166e67	/GM00.MAP	189958	51
dbd2cf8f7c	/OB00.MAP	157995	70
dbdafdfebf	/OT00.MAP	172177	77
dbdf77f126	/CK00.MAP	171531	39
dbe14882f2	/WC00.MAP	221172	65
dbea79432e	/WS00.MAP	81551	59
dbeb3cb7b3	/IP00.MAP	158350	59
dbec1527d8	/KR00.MAP	108047	74
dbfb1316f8	/KM10.MAP	53819	34
dc03d65ed6	/JG00.MAP	132935	61
dc1739a069	/IG00.MAP	173498	57
dc1a5375fa	/NZ00.MAP	117904	69
dc1a5375fa	/NZ00.MAP	119158	69
dc1a5375fa	/NZ00.MAP	120006	69
dc1a5375fa	/NZ00.MAP	120975	69
dc1b5af9cd	/WR00.MAP	227594	43
dc1fa8fd71	/NT20.MAP	146873	34
dc24a90855	/GB00.MAP	184416	65
dc2bd046bf	/WC00.MAP	215812	61
dc30062621	/OB00.MAP	156016	51
dc3e7999de	/GH00.MAP	152430	57
dc4224895d	/DS00.MAP	84869	22
dc451103b7	/MH00.MAP	161615	30
dc4ba9bd92	/NT30.MAP	103558	45
dc523bba4e	/TJ40.MAP	144801	69
dc523bba4e	/TJ41.MAP	144808	69
dc523bba4e	/TJ50.MAP	30383	69
dc523bba4e	/TJ51.MAP	45559	69
dc523bba4e	/TJ60.MAP	30461	69
dc523bba4e	/TJ61.MAP	45645	69
dc523bba4e	/TJ62.MAP	49506	69
dc523bba4e	/TJ70.MAP	53082	69
dc523bba4e	/TJ71.MAP	55042	69
dc523bba4e	/TJ72.MAP	49498	69
dc54d964b2	/KS00.MAP	174554	65
dc5bef9d53	/AT20.MAP	89698	12
dc6dba7713	/NJ10.MAP	129129	21
dc779a283a	/GB00.MAP	181720	57
dc7a1c021c	/KK00.MAP	132359	47
dc85f79949	/OB00.MAP	152465	53
dc87f1114d	/NZ00.MAP	116594	55
dc88408ba0	/AT00.MAP	171481	4
dc88408ba0	/AT10.MAP	161005	4
dc8f437aa9	/WR00.MAP	218851	22
dc8f437aa9	/WR02.MAP	214873	22
dcad41f9cc	/IS00.MAP	162420	49
dcbb2e751c	/WK00.MAP	109085	30
dcc4a38576	/ES00.MAP	77271	73
dcc4a38576	/ES10.MAP	78612	73
dcd22cf8af	/WR00.MAP	232121	63
dcd4fdc4b7	/AT20.MAP	87581	34
dce24c40f4	/NJ10.MAP	129299	31
dce24c40f4	/NJ10.MAP	132131	31
dce24c40f4	/NJ10.MAP	132221	31
dce24c40f4	/NJ10.MAP	132307	31
dce24c40f4	/NJ10.MAP	132459	31
dce24c40f4	/NJ10.MAP	132795	31
dce24c40f4	/NJ10.MAP	132877	31
dce24c40f4	/NJ10.MAP	132965	31
dce24c40f4	/NJ10.MAP	133020	31
dce24c40f4	/NJ10.MAP	133258	31
dce24c40f4	/NJ10.MAP	133317	31
dce24c40f4	/NJ10.MAP	133399	31
dce24c40f4	/NJ10.MAP	133597	31
dce24c40f4	/NJ10.MAP	133723	31
dce24c40f4	/NJ10.MAP	134260	31
dce24c40f4	/NJ10.MAP	134315	31
dce24c40f4	/NJ10.MAP	134432	31
dce24c40f4	/NJ10.MAP	134599	31
dce24c40f4	/NJ10.MAP	134689	31
dce24c40f4	/NJ10.MAP	134775	31
dce24c40f4	/NJ10.MAP	134865	31
dce24c40f4	/NJ10.MAP	134945	31
dce24c40f4	/NJ10.MAP	135031	31
dce24c40f4	/NJ10.MAP	135368	31
dce6e513b2	/SK10.MAP	93468	51
dce786d546	/KS00.MAP	173302	53
dceac08d29	/GB00.MAP	179783	90
dcef01ca36	/KR00.MAP	98875	20
dcfc5bcf28	/GT00.MAP	148583	37
dd03dc3c27	/HL00.MAP	135439	59
dd05aa4fda	/KB20.MAP	61289	39
dd0ba4d8f2	/WY00.MAP	229617	51
dd2394f4c4	/GT10.MAP	49265	30
dd39e9b763	/GM00.MAP	196182	33
dd3e3fcdeb	/HS10.MAP	184687	16
dd3e3fcdeb	/HS10.MAP	185204	16
dd3e3fcdeb	/HS10.MAP	185980	16
dd3e3fcdeb	/IZ00.MAP	64188	16
dd3e3fcdeb	/NJ10.MAP	130426	16
dd3e3fcdeb	/WR02.MAP	215155	16
dd3e3fcdeb	/WR10.MAP	212720	16
dd3e81b514	/NZ00.MAP	116524	38
dd4311c12c	/CT10.MAP	195411	51
dd449da780	/GM00.MAP	206171	78
dd4531d8ca	/KM00.MAP	149321	61
dd45a99c61	/CT10.MAP	193775	34
dd489195d9	/KM00.MAP	163321	59
dd4a22c738	/KM00.MAP	148260	31
dd534303cb	/AT00.MAP	171249	39
dd534303cb	/AT01.MAP	164977	39
dd534303cb	/AT10.MAP	160773	39
dd534303cb	/AT20.MAP	81439	39
dd534303cb	/BL00.MAP	124500	39
dd534303cb	/BL10.MAP	40532	39
dd534303cb	/BL20.MAP	57749	39
dd534303cb	/BL30.MAP	42548	39
dd534303cb	/BL40.MAP	80642	39
dd534303cb	/BL50.MAP	51088	39
dd534303cb	/BOOT.MAP	25062	39
dd534303cb	/BOOT1.MAP	23922	39
dd534303cb	/BOOT2.MAP	141908	39
dd534303cb	/BOOT3.MAP	23888	39
dd534303cb	/BOT3.MAP	26964	39
dd534303cb	/BOT4.MAP	26835	39
dd534303cb	/BOT5.MAP	26582	39
dd534303cb	/CK00.MAP	160495	39
dd534303cb	/CK01.MAP	156521	39
dd534303cb	/CT00.MAP	164281	39
dd534303cb	/CT10.MAP	186453	39
dd534303cb	/CT20.MAP	166340	39
dd534303cb	/DG00.MAP	135128	39
dd534303cb	/DG10.MAP	89053	39
dd534303cb	/DG20.MAP	66507	39
dd534303cb	/DG21.MAP	95263	39
dd534303cb	/DL00.MAP	119808	39
dd534303cb	/DS00.MAP	83506	39
dd534303cb	/DS10.MAP	78208	39
dd534303cb	/ES00.MAP	74105	39
dd534303cb	/ES01.MAP	73640	39
dd534303cb	/ES10.MAP	74619	39
dd534303cb	/FIR0.MAP	94905	39
dd534303cb	/FIR1.MAP	134165	39
dd534303cb	/FIR2.MAP	114106	39
dd534303cb	/FIR3.MAP	107565	39
dd534303cb	/GB00.MAP	171258	39
dd534303cb	/GH00.MAP	150887	39
dd534303cb	/GM00.MAP	171071	39
dd534303cb	/GM01.MAP	164528	39
dd534303cb	/GT00.MAP	145588	39
dd534303cb	/GT10.MAP	45955	39
dd534303cb	/GT20.MAP	138755	39
dd534303cb	/HL00.MAP	128686	39
dd534303cb	/HL10.MAP	94066	39
dd534303cb	/HL11.MAP	92124	39
dd534303cb	/HS00.MAP	68951	39
dd534303cb	/HS10.MAP	181058	39
dd534303cb	/HY00.MAP	130927	39
dd534303cb	/IG00.MAP	157186	39
dd534303cb	/IG01.MAP	153103	39
dd534303cb	/IG10.MAP	153507	39
dd534303cb	/IP00.MAP	156357	39
dd534303cb	/IP10.MAP	135135	39
dd534303cb	/IS00.MAP	160317	39
dd534303cb	/IS10.MAP	58012	39
dd534303cb	/IXXX.MAP	21834	39
dd534303cb	/IY00.MAP	121459	39
dd534303cb	/IZ00.MAP	49180	39
dd534303cb	/JG00.MAP	129929	39
dd534303cb	/JG01.MAP	125071	39
dd534303cb	/JG02.MAP	125286	39
dd534303cb	/JG10.MAP	148537	39
dd534303cb	/KB00.MAP	54384	39
dd534303cb	/KB01.MAP	54015	39
dd534303cb	/KB10.MAP	55143	39
dd534303cb	/KB20.MAP	60986	39
dd534303cb	/KD00.MAP	160665	39
dd534303cb	/KK00.MAP	130220	39
dd534303cb	/KK01.MAP	128874	39
dd534303cb	/KM00.MAP	144764	39
dd534303cb	/KM01.MAP	140846	39
dd534303cb	/KM10.MAP	46982	39
dd534303cb	/KR00.MAP	93243	39
dd534303cb	/KS00.MAP	166931	39
dd534303cb	/KZ00.MAP	170959	39
dd534303cb	/MH00.MAP	160167	39
dd534303cb	/MK00.MAP	147028	39
dd534303cb	/MP00.MAP	174195	39
dd534303cb	/MP01.MAP	125567	39
dd534303cb	/NJ00.MAP	155151	39
dd534303cb	/NJ10.MAP	126677	39
dd534303cb	/NT00.MAP	60333	39
dd534303cb	/NT10.MAP	132361	39
dd534303cb	/NT20.MAP	143324	39
dd534303cb	/NT21.MAP	129909	39
dd534303cb	/NT30.MAP	102344	39
dd534303cb	/NT31.MAP	137201	39
dd534303cb	/NZ00.MAP	116183	39
dd534303cb	/NZ10.MAP	108685	39
dd534303cb	/NZ11.MAP	107181	39
dd534303cb	/OB00.MAP	149883	39
dd534303cb	/OT00.MAP	165800	39
dd534303cb	/OT01.MAP	163234	39
dd534303cb	/OT02.MAP	163011	39
dd534303cb	/OT10.MAP	162766	39
dd534303cb	/QH00.MAP	148199	39
dd534303cb	/QH01.MAP	144850	39
dd534303cb	/RS00.MAP	48274	39
dd534303cb	/RS01.MAP	49600	39
dd534303cb	/RT00.MAP	158862	39
dd534303cb	/RT20.MAP	101764	39
dd534303cb	/RT30.MAP	137856	39
dd534303cb	/SB00.MAP	72077	39
dd534303cb	/SK00.MAP	115434	39
dd534303cb	/SK10.MAP	91750	39
dd534303cb	/SS00.MAP	68483	39
dd534303cb	/SS10.MAP	68530	39
dd534303cb	/ST00.MAP	115334	39
dd534303cb	/ST10.MAP	81819	39
dd534303cb	/TEST.MAP	141502	39
dd534303cb	/TJ00.MAP	143877	39
dd534303cb	/TJ01.MAP	143877	39
dd534303cb	/TJ10.MAP	29601	39
dd534303cb	/TJ11.MAP	44729	39
dd534303cb	/TJ20.MAP	29648	39
dd534303cb	/TJ21.MAP	44784	39
dd534303cb	/TJ22.MAP	48692	39
dd534303cb	/TJ30.MAP	52253	39
dd534303cb	/TJ31.MAP	54309	39
dd534303cb	/TJ32.MAP	48669	39
dd534303cb	/TJ40.MAP	144001	39
dd534303cb	/TJ41.MAP	144008	39
dd534303cb	/TJ50.MAP	29665	39
dd534303cb	/TJ51.MAP	44841	39
dd534303cb	/TJ60.MAP	29712	39
dd534303cb	/TJ61.MAP	44896	39
dd534303cb	/TJ62.MAP	48756	39
dd534303cb	/TJ70.MAP	52365	39
dd534303cb	/TJ71.MAP	54325	39
dd534303cb	/TJ72.MAP	48781	39
dd534303cb	/TM00.MAP	129995	39
dd534303cb	/TM10.MAP	68334	39
dd534303cb	/TM20.MAP	77990	39
dd534303cb	/TM30.MAP	101262	39
dd534303cb	/TM40.MAP	44338	39
dd534303cb	/TST2.MAP	128250	39
dd534303cb	/TTTT.MAP	96946	39
dd534303cb	/WC00.MAP	205691	39
dd534303cb	/WC01.MAP	199056	39
dd534303cb	/WK00.MAP	103371	39
dd534303cb	/WR00.MAP	217551	39
dd534303cb	/WR01.MAP	210244	39
dd534303cb	/WR02.MAP	212420	39
dd534303cb	/WR10.MAP	210406	39
dd534303cb	/WS00.MAP	79155	39
dd534303cb	/WS01.MAP	78642	39
dd534303cb	/WS10.MAP	79564	39
dd534303cb	/WY00.MAP	215601	39
dd534303cb	/WY01.MAP	208814	39
dd534303cb	/WY02.MAP	210728	39
dd534303cb	/ZM00.MAP	140640	39
dd534303cb	/ZM01.MAP	137479	39
dd59d909f7	/ZM00.MAP	146591	45
dd5f8ab27d	/KD00.MAP	161930	45
dd60228f5e	/CT00.MAP	165619	32
dd6f8b8d3e	/JG00.MAP	134609	12
dd72a427ce	/IP00.MAP	159058	47
dd775d2600	/AT00.MAP	176764	8
dd775d2600	/KD00.MAP	164713	8
dd775d2600	/KD00.MAP	169104	8
dd775d2600	/KM00.MAP	148492	8
dd775d2600	/KS00.MAP	169618	8
dd775d2600	/WY00.MAP	216977	8
dd775d2600	/WY00.MAP	222964	8
dd775d2600	/WY00.MAP	225000	8
dd775d2600	/WY02.MAP	214579	8
dd7853cde7	/NJ10.MAP	129955	24
dd7c43d059	/SK00.MAP	119280	34
dd7e34dea1	/KS00.MAP	169882	59
dd8010c849	/RS01.MAP	51378	55
dd828f51af	/WY02.MAP	217609	32
dd9ad95e26	/IS00.MAP	160581	36
dda15183d0	/HL10.MAP	95508	71
dda17da01a	/IG00.MAP	169226	47
dda84226cf	/RT20.MAP	120016	76
ddb2905e10	/ITEMHELP.MSG	11164	52
ddb604d2fd	/WY00.MAP	221012	35
ddb7343d4d	/QH00.MAP	150045	33
ddbc779560	/IZ00.MAP	51478	55
ddbf066662	/CT00.MAP	166431	26
ddc3921d7b	/SK10.MAP	94364	88
ddc4297b58	/AT00.MAP	194400	75
ddc4fa2e7b	/KEYHELP.MAT	984	224
ddc771eee1	/HL11.MAP	92396	55
dddb37a2c2	/OT00.MAP	170302	65
dddc13dbd6	/WC00.MAP	217073	51
dde397f2d4	/GB00.MAP	175103	67
ddea1af173	/GB00.MAP	185472	43
ddf16ccf63	/IG01.MAP	153927	34
ddf6ea469e	/KR00.MAP	95566	40
de002fad64	/ZM01.MAP	145434	76
de01d384eb	/KM00.MAP	157407	47
de043b903c	/GB00.MAP	174901	70
de0bc2e6b8	/MP00.MAP	195514	30
de13cb02a8	/HS00.MAP	75447	53
de1812fcae	/IZ00.MAP	60098	47
de1d73e5b9	/QH00.MAP	159634	92
de20e20382	/KR00.MAP	95943	56
de22d97d80	/WC00.MAP	207833	57
de23b02e29	/OT00.MAP	166556	37
de2663fabd	/WY00.MAP	233823	22
de30479ea3	/KS00.MAP	169753	96
de3ed4ecfa	/KB20.MAP	61418	38
de4365504f	/CT20.MAP	169072	57
de4d1ac53d	/IZ00.MAP	62975	75
de50271aa7	/QH00.MAP	152948	38
de59cbf126	/NJ10.MAP	133052	62
de5d06cd8b	/ES01.MAP	74613	67
de5d06cd8b	/ES01.MAP	78250	67
de5d06cd8b	/WS01.MAP	79658	67
de5d06cd8b	/WS01.MAP	83458	67
de652d58c8	/WY00.MAP	227351	20
de80d28e6b	/AT00.MAP	190962	32
de825699d1	/IG00.MAP	181671	22
de8c50fe83	/WR00.MAP	220273	69
de92be8f34	/MH00.MAP	165836	98
de985f4cfc	/QH00.MAP	162808	45
de995dcef7	/AT01.MAP	165562	10
de9b860247	/TM00.MAP	133421	240
deb39d42a5	/GM00.MAP	175138	40
debf5a28d6	/WAZAHELP.MSG	4996	36
dec48d5af6	/AT00.MAP	187745	51
dedd007191	/JG10.MAP	148849	43
dee3df03e9	/BL00.MAP	128719	8
dee3df03e9	/TM00.MAP	133842	8
dee5900a74	/BL00.MAP	124893	21
dee5900a74	/ZM00.MAP	155682	21
def353ec0a	/GM00.MAP	200469	55
df17534191	/FIR3.MAP	107968	14
df22934a70	/IZ00.MAP	51810	71
df27e6efa0	/HL00.MAP	135970	47
df283298a3	/KS00.MAP	170673	88
df3c25772b	/RT20.MAP	109003	53
df3c25772b	/RT20.MAP	114555	53
df3fbcfbf7	/AT00.MAP	184001	26
df4108447b	/WR00.MAP	241207	49
df466e7086	/WK00.MAP	109563	61
df55871905	/IG10.MAP	158538	51
df5bec7173	/KD00.MAP	164612	69
df60a70542	/ZM00.MAP	143940	18
df656b3696	/SK00.MAP	120160	53
df6ff986d4	/WR02.MAP	219035	31
df71bcf3e9	/ITEMHELP.MSG	2200	36
df75dced1b	/GT00.MAP	148763	40
df831f07b4	/WAZAHELP.MSG	3564	20
df901d9182	/BOT5.MAP	27744	6
df901d9182	/BOT5.MAP	27783	6
df901d9182	/BOT5.MAP	27820	6
df901d9182	/BOT5.MAP	27859	6
df901d9182	/BOT5.MAP	27896	6
df901d9182	/BOT5.MAP	27935	6
df901d9182	/BOT5.MAP	27976	6
df901d9182	/BOT5.MAP	28013	6
df901d9182	/BOT5.MAP	28050	6
df901d9182	/BOT5.MAP	28087	6
df9270e641	/DG00.MAP	136628	43
df9407173f	/AT00.MAP	193340	12
dfb43a7357	/NZ10.MAP	111454	61
dfc2228ded	/CK00.MAP	167768	53
dfca11df72	/IG00.MAP	166414	94
dfd1ca9c3d	/CT20.MAP	169548	40
dfdf8b85a1	/AT00.MAP	189486	100
dfe26271c4	/HL10.MAP	99988	34
dfe353a47a	/WAZAHELP.MSG	6804	56
dfe5c173e3	/BL00.MAP	127113	8
dfe5c173e3	/TM00.MAP	132093	8
dfe9716050	/ES10.MAP	76987	74
dfe9716050	/WS10.MAP	81950	74
dfeb486bb5	/ITEMHELP.MSG	7428	78
dffc456376	/CK00.MAP	162200	35
e005745137	/MP00.MAP	194553	63
e009e616b4	/KM00.MAP	157121	71
e00f020f87	/MP00.MAP	181992	53
e018e30e3c	/OB00.MAP	156947	10
e018e30e3c	/OT10.MAP	163030	10
e01ae3793c	/GM00.MAP	185757	57
e01c300613	/MP00.MAP	176235	53
e0223d1dfa	/HS00.MAP	70199	45
e0223d1dfa	/HS00.MAP	70716	45
e025a1e83b	/GM00.MAP	174574	38
e029ff948e	/HL10.MAP	99259	22
e02cfee389	/IG10.MAP	158451	55
e02eb85283	/QH00.MAP	153589	92
e03d2099b0	/ZM01.MAP	145511	45
e03d9e0c09	/RT20.MAP	103869	41
e03d9e0c09	/RT20.MAP	105738	41
e041099f93	/ES01.MAP	77487	59
e041099f93	/WS01.MAP	82661	59
e0466939c7	/MP00.MAP	195431	51
e046e98944	/RT20.MAP	118479	24
e04aebcdba	/KR00.MAP	106862	66
e04f564e36	/NJ10.MAP	130474	12
e04f564e36	/RT20.MAP	116120	12
e0554304ca	/WR00.MAP	227669	59
e05d088512	/KR00.MAP	109796	94
e06c93725e	/MP00.MAP	177522	51
e06f77efff	/MH00.MAP	168672	31
e06f77efff	/MH00.MAP	171311	31
e0742463df	/ES10.MAP	76202	76
e0742463df	/WS10.MAP	81165	76
e080fb1d4b	/RT20.MAP	118536	57
e0874cad4b	/DG10.MAP	92548	71
e08e7bd66a	/GM00.MAP	181577	59
e08f31df75	/MH00.MAP	163372	63
e09dbede2a	/DG21.MAP	97686	16
e0aad7b0d3	/WK00.MAP	104375	47
e0b8ab60ed	/GB00.MAP	185881	57
e0ba018762	/GM00.MAP	202736	28
e0ba7226bd	/OT00.MAP	172995	28
e0c6b52bb1	/WAZAHELP.MSG	7556	57
e0c8ac1db1	/AT00.MAP	175142	65
e0c984f440	/OT00.MAP	176566	30
e0cb23cbbb	/IP00.MAP	161445	77
e0d07ac13e	/MP00.MAP	181193	26
e0de0a53e5	/OB00.MAP	158697	70
e0e0fd53ce	/KR00.MAP	94395	34
e0e238d0bb	/ZM00.MAP	155987	27
e0ee3e5cbb	/AT00.MAP	198086	10
e0ee3e5cbb	/KD00.MAP	169875	10
e0ef3f4d75	/JG00.MAP	139214	27
e0f23785e3	/KR00.MAP	104251	45
e0fc6ae690	/HY00.MAP	132481	22
e1064c1340	/MP00.MAP	190787	57
e1104025fd	/KM00.MAP	160292	34
e115744983	/NT20.MAP	152020	47
e11ca5d707	/HL10.MAP	97197	34
e120c50b94	/WC00.MAP	227937	69
e1237ef457	/NJ10.MAP	133801	90
e1280043e5	/WY00.MAP	230634	34
e151cf3eea	/GM00.MAP	204682	22
e1537c9ab3	/HS00.MAP	77016	41
e15e85ac4d	/GB00.MAP	197534	10
e15e85ac4d	/HL10.MAP	100531	10
e15e85ac4d	/ZM00.MAP	140894	10
e15e85ac4d	/ZM00.MAP	140915	10
e15e85ac4d	/ZM00.MAP	158433	10
e162144183	/RT20.MAP	115204	24
e1719a052d	/IP00.MAP	161380	32
e172d33458	/QH00.MAP	150384	51
e177cf16b5	/WK00.MAP	106923	38
e1841a15ab	/IS00.MAP	162787	34
e18c5adb19	/CT20.MAP	173839	47
e18c70b014	/WAZAHELP.MSG	6676	64
e18ed490dc	/WR10.MAP	211112	76
e1a53e17f9	/IG00.MAP	171106	27
e1a53e17f9	/KR00.MAP	94910	27
e1a53e17f9	/MH00.MAP	164214	27
e1a53e17f9	/MP00.MAP	181075	27
e1b2a17dd0	/GM00.MAP	178401	61
e1be923e6b	/WC00.MAP	229291	80
e1bf8efa65	/KD00.MAP	164964	59
e1c3c35253	/CK00.MAP	179116	36
e1c9250bf9	/NT30.MAP	102607	28
e1da73ec5c	/NZ10.MAP	50526	11
e1da73ec5c	/NZ11.MAP	50526	11
e1dc23b408	/DG10.MAP	90950	69
e1e2a2fda9	/MP00.MAP	180933	31
e1fabc2cdd	/WC00.MAP	218322	53
e1fbc6284f	/AT00.MAP	184502	22
e1fe74f9cf	/WY00.MAP	218980	51
e1ffd14fb1	/AT10.MAP	169135	53
e1fff70e16	/JG00.MAP	135479	30
e20855564a	/BOT5.MAP	27234	30
e21b80df52	/HS10.MAP	181398	28
e21ff4a923	/WR00.MAP	237738	53
e21ff4a923	/WR02.MAP	216840	53
e22a4cda60	/CT20.MAP	172243	63
e232551849	/IG00.MAP	178090	32
e232551849	/IG00.MAP	178327	32
e233fd25bb	/WK00.MAP	103805	76
e2341b12c7	/MP00.MAP	195138	38
e235847609	/WK00.MAP	108136	45
e2468bcb38	/KR00.MAP	98102	67
e247179651	/MP00.MAP	175402	22
e248a098cc	/WY02.MAP	213108	32
e250c82b1d	/ES01.MAP	75210	51
e252ac3763	/DG10.MAP	92929	57
e25c5d23d2	/SK00.MAP	119499	37
e26df25c17	/NZ10.MAP	111706	30
e2720cd9e5	/OT00.MAP	180365	30
e2751a77e0	/GB00.MAP	192490	30
e2751a77e0	/GB00.MAP	194343	30
e2751a77e0	/GB00.MAP	195357	30
e2754d5016	/WY00.MAP	224880	18
e27ff2009d	/ITEMHELP.MSG	11676	50
e28b29befe	/MK00.MAP	148400	36
e29a7242cb	/MH00.MAP	167815	53
e29c73d9d1	/WC00.MAP	215116	47
e2a218c972	/DG21.MAP	100254	12
e2b0cec4c7	/DG10.MAP	89306	6
e2b0cec4c7	/IP00.MAP	156610	6
e2b1457520	/MH00.MAP	165552	34
e2b32eef7e	/CT00.MAP	166025	28
e2b5523167	/DG21.MAP	97749	84
e2b9ad4141	/GT20.MAP	139995	28
e2cadddbe1	/TM00.MAP	131029	42
e2d1307701	/QH00.MAP	154775	24
e2d48271af	/WAZAHELP.MSG	12524	52
e2dd4f8796	/DIARY.MSG	8608	168
e2decedb40	/WY02.MAP	211932	41
e2e5571012	/ITEMHELP.MSG	8164	76
e2ed630b27	/ES00.MAP	46713	10
e2ed630b27	/ES01.MAP	45961	10
e2ed630b27	/ES10.MAP	46713	10
e2f0dbb42c	/NJ10.MAP	135692	34
e2f874517a	/ITEMHELP.MSG	2240	42
e2f9f80798	/WC00.MAP	208909	35
e2fc43cc59	/SS00.MAP	68906	42
e2fc43cc59	/SS10.MAP	68953	42
e2fd47e303	/CT20.MAP	172944	36
e30100b3b7	/DG10.MAP	77666	10
e30100b3b7	/DG10.MAP	79910	10
e301724276	/KB00.MAP	55598	65
e301724276	/KB20.MAP	63011	65
e303b1703b	/DG10.MAP	93444	16
e310691e23	/RT20.MAP	115147	24
e311d98b8d	/QH00.MAP	162986	47
e311d98b8d	/TJ20.MAP	30264	47
e311d98b8d	/TJ21.MAP	45400	47
e311d98b8d	/TJ22.MAP	49308	47
e311d98b8d	/ZM00.MAP	158208	47
e3154ed496	/WY00.MAP	231788	38
e3186eeace	/KM00.MAP	156081	38
e3259eaf53	/WY00.MAP	230877	18
e3259eaf53	/WY00.MAP	230901	18
e3259eaf53	/WY00.MAP	230930	18
e3259eaf53	/WY00.MAP	230959	18
e3259eaf53	/WY00.MAP	230983	18
e3259eaf53	/WY00.MAP	231012	18
e3259eaf53	/WY00.MAP	231036	18
e3259eaf53	/WY00.MAP	231065	18
e3259eaf53	/WY00.MAP	231179	18
e3259eaf53	/WY00.MAP	231203	18
e3272df8c5	/CK00.MAP	160888	18
e3272df8c5	/MH00.MAP	163669	18
e33362f4bc	/ITEMHELP.MSG	10164	62
e3344724d2	/JG00.MAP	136873	26
e33fe91251	/WK00.MAP	106496	69
e34bece89c	/ZM00.MAP	148851	38
e3504856a3	/WAZAHELP.MSG	12416	81
e350fd85c7	/MH00.MAP	175998	39
e3519a8946	/WAZAHELP.MSG	7996	40
e355b3f218	/WY00.MAP	230431	36
e3689217b5	/CK00.MAP	177164	38
e36f5a4920	/GB00.MAP	179130	42
e370c2ced3	/CT20.MAP	170854	63
e370def1fb	/KM10.MAP	49867	61
e376fe2cd7	/MP00.MAP	175344	26
e382dd3330	/AT00.MAP	190525	63
e39444c970	/KD00.MAP	166534	38
e39b80bfc3	/WC00.MAP	212687	45
e39fa146b5	/IZ00.MAP	64113	43
e39fa146b5	/WR02.MAP	215080	43
e3a3208afb	/ES00.MAP	76801	49
e3a3208afb	/ES10.MAP	78142	49
e3a8917710	/ZM01.MAP	144339	53
e3acc6eca8	/CK00.MAP	161732	33
e3acc6eca8	/MH00.MAP	164467	33
e3b2a89af6	/BL00.MAP	126212	43
e3b2a89af6	/OT00.MAP	167915	43
e3b2cfa4fa	/AT00.MAP	195885	59
e3d024e688	/MH00.MAP	173356	65
e3d024e688	/OT01.MAP	166117	65
e3e7aa2479	/KEYHELP.MAT	1660	79
e3e7b63092	/MH00.MAP	170702	61
e3f3673e5d	/AT00.MAP	171887	28
e3f7d7997b	/WC00.MAP	217434	10
e3fa5fd99e	/HS00.MAP	74002	33
e3fa5fd99e	/HS00.MAP	74207	33
e3fa5fd99e	/HS00.MAP	74347	33
e3fa5fd99e	/HS00.MAP	74446	33
e3fa5fd99e	/HS00.MAP	74818	33
e3fa5fd99e	/HS00.MAP	74936	33
e40d172a6f	/QH01.MAP	147168	68
e40dbfd555	/CT10.MAP	39988	16
e415f200f7	/OT01.MAP	163569	40
e429718765	/IG00.MAP	160745	69
e432b3cb44	/CT20.MAP	172759	18
e43fdf6a6c	/KM00.MAP	151398	77
e4432f7ff9	/CT20.MAP	172128	82
e44fc6ea3e	/IZ00.MAP	55541	65
e4520e79a5	/KR00.MAP	97283	45
e45601a6bd	/KM00.MAP	150808	39
e45e16cd4a	/KD00.MAP	170006	45
e45e5cb192	/DIARY.MSG	9340	239
e46811a262	/GB00.MAP	182744	86
e46a99b4dc	/SS00.MAP	69148	57
e46a99b4dc	/SS00.MAP	69297	57
e46a99b4dc	/SS10.MAP	69195	57
e46a99b4dc	/SS10.MAP	69344	57
e46b2bf4b4	/IG10.MAP	156109	55
e47ae3b7e7	/ZM00.MAP	151197	98
e47fa0831c	/MP00.MAP	175817	32
e4827c1d40	/BL20.MAP	57981	12
e4827c1d40	/BL30.MAP	42780	12
e4827c1d40	/BL40.MAP	80874	12
e4827c1d40	/BL50.MAP	51320	12
e4827c1d40	/GT00.MAP	145861	12
e4827c1d40	/HY00.MAP	131159	12
e4827c1d40	/HY00.MAP	131237	12
e4827c1d40	/KD00.MAP	160897	12
e48aa7dc17	/NZ00.MAP	116959	14
e4a11207bd	/WC00.MAP	217309	55
e4a1ec6344	/SB00.MAP	72606	53
e4a55273ef	/WR00.MAP	238277	39
e4acaefdd4	/KK00.MAP	131447	20
e4acaefdd4	/KK01.MAP	130042	20
e4b2565cc6	/NT20.MAP	153002	36
e4b3aa5420	/NT20.MAP	145112	71
e4b4abaa11	/IZ00.MAP	51115	47
e4b565d38b	/GM00.MAP	188778	24
e4b92ff4b0	/IY00.MAP	121871	33
e4c14d21dc	/MP00.MAP	176814	18
e4d82827b1	/WC00.MAP	217546	42
e4eccf84e5	/GB00.MAP	184882	16
e4eccf84e5	/GB00.MAP	185069	16
e4eeb3e46d	/WY00.MAP	224646	28
e4f20ea330	/WAZAHELP.MSG	9436	44
e4f6a510c0	/WAZAHELP.MSG	12156	86
e4f9446845	/ZM00.MAP	142456	40
e4fb062bae	/GM00.MAP	188036	67
e5074a454a	/RT00.MAP	159431	28
e513d09f7d	/KM00.MAP	162931	65
e513d09f7d	/KM00.MAP	164929	65
e51fd9bb60	/KR00.MAP	105888	43
e51fdbba57	/JG00.MAP	131931	55
e522f3850a	/AT00.MAP	182725	49
e525beba66	/KD00.MAP	166348	36
e52d22e435	/RT20.MAP	105377	24
e52e6db3e4	/ES10.MAP	76090	20
e52e6db3e4	/WS10.MAP	81053	20
e53787327c	/QH00.MAP	149295	47
e53c048cda	/GM00.MAP	194838	43
e53e6affe4	/KM00.MAP	159929	32
e5416d3c66	/ZM00.MAP	152786	57
e5493f5241	/HL10.MAP	99467	37
e54cf35f6b	/AT20.MAP	90603	51
e558ef582c	/WC00.MAP	227302	49
e559352b1f	/MP00.MAP	176379	110
e56f0890b2	/CT10.MAP	193059	59
e56f4993ab	/ES10.MAP	75228	67
e56f4993ab	/WS10.MAP	80191	67
e5720ebc27	/RT20.MAP	102922	34
e5720ebc27	/RT20.MAP	105438	34
e5720ebc27	/RT20.MAP	105904	34
e58712dbe0	/OT00.MAP	167727	19
e588d0a2d5	/RT20.MAP	115609	12
e58cc07d75	/KM00.MAP	155800	51
e594cfddf8	/TM00.MAP	131105	38
e598f41ed1	/ITEMHELP.MSG	3976	30
e59e9aac07	/AT20.MAP	86725	30
e5a2adb6c0	/MP00.MAP	176721	61
e5b26b4b87	/WY00.MAP	220196	14
e5bd61f155	/WC00.MAP	216859	45
e5c02550fa	/WY00.MAP	233594	63
e5c59ab716	/NT30.MAP	105329	69
e5c66f163c	/WAZAHELP.MSG	5168	28
e5caf096e7	/ZM00.MAP	148366	86
e5caf38d6c	/OB00.MAP	157404	53
e5ccbc4de4	/HL00.MAP	134336	20
e5d42a2c25	/MH00.MAP	170498	38
e5da205dfa	/CT20.MAP	173622	9
e5dfd805ca	/NZ10.MAP	110605	32
e5e8b1db12	/IZ00.MAP	55437	67
e5ef4960ad	/QH00.MAP	155658	74
e5f14364ca	/KR00.MAP	102500	41
e6235f4de3	/NT20.MAP	150069	69
e630b4fcdc	/WY00.MAP	232823	22
e6310fced3	/IG01.MAP	155953	51
e633207177	/KM10.MAP	48448	32
e636a3017a	/JG00.MAP	130905	81
e6390cc39b	/NZ00.MAP	118281	98
e63d817c39	/GM00.MAP	206397	24
e63db9e18b	/NJ00.MAP	159127	53
e64a5adff3	/OT00.MAP	168311	26
e64a5adff3	/OT01.MAP	169043	26
e64bba7e7b	/QH00.MAP	149690	47
e64fc6e6ed	/WC00.MAP	228858	26
e65408fd00	/WR00.MAP	226669	74
e6655111f4	/NZ10.MAP	112356	45
e666f56810	/ES10.MAP	75675	30
e666f56810	/WS10.MAP	80638	30
e669378e77	/KM00.MAP	155277	45
e66d822473	/WK00.MAP	110105	57
e66dc302e3	/NT20.MAP	149101	14
e66e2ddeff	/QH00.MAP	150108	28
e6725b496d	/WK00.MAP	104825	80
e672ed49a5	/ITEMHELP.MSG	3444	48
e6799c6291	/DG10.MAP	90066	49
e67be34b57	/DG21.MAP	99445	18
e67f0c290a	/CK00.MAP	167280	51
e69769561c	/WR00.MAP	239267	10
e6b10f930c	/SK10.MAP	93830	20
e6c7c791e7	/KR00.MAP	111179	36
e6cac41dfd	/NT00.MAP	60673	28
e6ce1b58c8	/WR00.MAP	223374	55
e6d1571653	/SK00.MAP	115852	18
e6d4b69651	/IG00.MAP	174890	274
e6d4f1e163	/RT20.MAP	124562	86
e6d535945f	/IG00.MAP	169306	55
e6d9772ca8	/DG21.MAP	98277	92
e6e903ded9	/SB00.MAP	72897	69
e7022b557e	/NT00.MAP	45358	8
e70276c0e1	/ITEMHELP.MSG	11260	38
e70651ac7e	/NT30.MAP	105532	34
e709902366	/WC00.MAP	209601	26
e70bdcc6a6	/HS00.MAP	73245	71
e7121d58a3	/HY00.MAP	135287	12
e715390025	/HY00.MAP	135960	32
e715390025	/HY00.MAP	137017	32
e715390025	/HY00.MAP	137284	32
e7172437bb	/MP00.MAP	183345	55
e7179e17d6	/WY00.MAP	233935	28
e7180c8c80	/MP00.MAP	182310	8
e7180c8c80	/MP00.MAP	182756	8
e7180c8c80	/MP00.MAP	182974	8
e7180c8c80	/MP00.MAP	183097	8
e7180c8c80	/TM00.MAP	131338	8
e7188bfc6d	/QH00.MAP	152145	49
e721631740	/NJ00.MAP	156081	73
e728397cee	/HS10.MAP	181427	35
e728397cee	/HS10.MAP	181531	35
e728397cee	/HS10.MAP	181757	35
e728397cee	/HS10.MAP	181958	35
e728397cee	/HS10.MAP	182050	35
e728397cee	/HS10.MAP	182685	35
e728397cee	/HS10.MAP	182746	35
e728397cee	/HS10.MAP	183411	35
e7290849d1	/GM00.MAP	196049	65
e72b48e54a	/OT01.MAP	168659	43
e72d88b684	/STATHELP.MAT	1284	288
e735d69a9d	/CT10.MAP	196895	32
e738072c0a	/GM00.MAP	179234	34
e751002a25	/IG00.MAP	167901	69
e751bf6c49	/KM10.MAP	52464	8
e755e4681e	/GM00.MAP	182923	47
e758ab21a8	/WR00.MAP	233894	42
e7652a85d3	/KK00.MAP	132129	36
e7652a85d3	/KK01.MAP	130724	36
e775bdeeff	/WY02.MAP	211257	47
e77bc7e143	/IG01.MAP	154001	84
e77e786bbd	/NZ00.MAP	117475	37
e77e786bbd	/NZ00.MAP	118727	37
e77e786bbd	/NZ00.MAP	119575	37
e77e786bbd	/NZ00.MAP	120544	37
e783983ebf	/AT10.MAP	169060	43
e78c7a0b74	/MP00.MAP	176864	59
e7912955a1	/GM00.MAP	191034	28
e791ff9dc2	/NJ10.MAP	137499	67
e794ffd99f	/QH00.MAP	157193	30
e795c697a7	/QH00.MAP	160454	26
e7a62e2b4a	/KK00.MAP	133615	45
e7cdc7ca15	/WK00.MAP	105095	47
e7dce2238a	/KM00.MAP	158317	63
e7e2039a58	/IG00.MAP	150198	8
e7e2039a58	/IG01.MAP	150198	8
e7e2039a58	/IG10.MAP	150238	8
e7f5760ce8	/KR00.MAP	106355	69
e7f61bbdd4	/ZM01.MAP	146010	37
e801005ed4	/AT00.MAP	185824	75
e80d5517ec	/ES00.MAP	76638	20
e80d5517ec	/ES10.MAP	77979	20
e80e097dd0	/MP00.MAP	175162	41
e815c4f1fe	/NJ10.MAP	130617	69
e81c4ebb4a	/SK10.MAP	93012	28
e81ee34f61	/KM00.MAP	149028	34
e822034dc4	/OT00.MAP	167747	31
e82630f126	/NT20.MAP	144394	43
e83a3d7d28	/KD00.MAP	168005	38
e83a3f6a31	/CK00.MAP	161000	32
e83a3f6a31	/MH00.MAP	163781	32
e83c55c698	/JG00.MAP	133929	37
e83e73aaa2	/CK00.MAP	166004	55
e841d055f7	/IS10.MAP	58534	12
e849d06fde	/NT20.MAP	150171	92
e84a4824f8	/IG00.MAP	178861	67
e862724fb8	/GM00.MAP	191418	57
e86c3ea347	/CT20.MAP	171529	38
e86ec66f21	/OB00.MAP	157593	34
e86f5c9384	/CT10.MAP	197254	22
e875e2d391	/OT00.MAP	171799	100
e87a5047d6	/GM00.MAP	187652	57
e8876f02bb	/GM00.MAP	188136	55
e88a213d0d	/GB00.MAP	172884	104
e88aa8d8b0	/WR00.MAP	235938	26
e88aa8d8b0	/WR00.MAP	235975	26
e890c658df	/WR00.MAP	241467	71
e891f4cf90	/GM00.MAP	183569	57
e898393bee	/KD00.MAP	166103	36
e8a16b9ac3	/AT00.MAP	177964	42
e8a182c627	/WY00.MAP	217914	38
e8a19a56c6	/IP00.MAP	164317	38
e8a19a56c6	/IP00.MAP	164545	38
e8a3192045	/HY00.MAP	132777	72
e8a56652c0	/KB10.MAP	55426	41
e8aa51b251	/IG00.MAP	162434	90
e8b939e858	/AT00.MAP	182387	18
e8c2bbabfa	/CK00.MAP	173920	65
e8e6d28464	/CK00.MAP	167856	65
e90250cadb	/MH00.MAP	163169	70
e90e1924cd	/BL00.MAP	125449	79
e9113c74c6	/WY02.MAP	211091	55
e91691995c	/KK00.MAP	131339	26
e91691995c	/KK01.MAP	129934	26
e92106caf5	/WC00.MAP	216244	28
e923ec97f8	/AT00.MAP	175042	67
e924928a94	/NT00.MAP	60953	20
e924928a94	/NT00.MAP	61551	20
e9271dc61b	/ZM00.MAP	146763	63
e9293c2876	/NT30.MAP	103012	53
e92a68e6f8	/CK00.MAP	172758	31
e93095b308	/IG00.MAP	166248	69
e93a526a88	/WK00.MAP	108318	63
e93b4a0c74	/IG00.MAP	161950	94
e93e757081	/QH00.MAP	152307	30
e94a012b65	/RT20.MAP	114918	20
e94dc02256	/GM00.MAP	181669	51
e9507d6e3b	/WK00.MAP	109659	88
e954489d4c	/IG10.MAP	157713	40
e958ee1669	/WS00.MAP	81305	43
e95cca4a72	/IG00.MAP	170258	80
e96050377e	/AT00.MAP	186701	71
e96f914a92	/MP00.MAP	191243	20
e975fe1f48	/NZ10.MAP	111987	47
e97ea71d6b	/AT20.MAP	86787	69
e98fbfebbb	/MP00.MAP	191449	67
e9900f6759	/QH00.MAP	151783	47
e99b6acb63	/AT20.MAP	84204	42
e9a15eb77c	/GM00.MAP	180776	73
e9b38a8a56	/IG00.MAP	165326	47
e9b9840599	/WR02.MAP	213557	20
e9cc95a944	/SS00.MAP	69736	20
e9cc95a944	/SS10.MAP	69783	20
e9d8885a13	/WR00.MAP	229796	51
e9dd3fd28b	/KB00.MAP	56406	38
e9dd3fd28b	/KB20.MAP	64462	38
e9dfe11393	/JG00.MAP	130195	51
e9e23ae5c8	/OB00.MAP	152550	45
e9e4d53322	/ITEMHELP.MSG	7120	54
e9e76e75bf	/KS00.MAP	65050	12
e9e81a5391	/AT00.MAP	190359	49
e9e8b291f0	/QH00.MAP	149162	33
e9e962af0c	/HL10.MAP	100192	40
e9ed79f506	/WR10.MAP	211774	67
e9f1b3d46f	/HL10.MAP	95353	57
e9f37d79cc	/KM00.MAP	152586	46
e9fd682eb3	/OT00.MAP	178203	32
e9fd682eb3	/OT00.MAP	179018	32
ea04b2d2fa	/OT01.MAP	165426	79
ea106d4b7e	/GB00.MAP	185548	38
ea164f8280	/JG00.MAP	133303	34
ea320a1b3c	/IG00.MAP	165846	75
ea3c3c34cf	/WR00.MAP	221695	53
ea3c3c34cf	/WR00.MAP	222140	53
ea4f6376b4	/KD00.MAP	167803	55
ea576a650e	/MP00.MAP	186818	92
ea58900c00	/RT20.MAP	108338	57
ea58900c00	/RT20.MAP	113890	57
ea609a6210	/GM00.MAP	198555	49
ea617c963f	/OT00.MAP	179451	39
ea6282a536	/TJ00.MAP	144720	40
ea6282a536	/TJ01.MAP	144720	40
ea62d98a77	/RT20.MAP	117400	51
ea68140ea4	/WAZAHELP.MSG	9048	40
ea73de08c7	/ST00.MAP	116192	18
ea7a2e9cda	/WAZAHELP.MSG	1136	54
ea7a82b728	/AT00.MAP	190444	63
ea7b098627	/KR00.MAP	96974	221
ea83d484ab	/NT30.MAP	106373	78
ea89183e40	/NZ10.MAP	114292	59
ea8c2bcedc	/WR10.MAP	211228	61
ea9f523858	/GT20.MAP	142192	49
eaa64ed5c7	/ITEMHELP.MSG	5032	50
eaa6ea47b4	/GB00.MAP	182433	51
eab1ebd338	/TM00.MAP	130780	37
eab47ca3a1	/KM10.MAP	51038	20
eabc8b1f94	/KM00.MAP	163162	32
eabc8b1f94	/KM00.MAP	163417	32
eabc8b1f94	/KM00.MAP	165160	32
eabf2e5839	/KR00.MAP	109612	65
eacc3d5310	/WAZAHELP.MSG	3088	84
ead84c9d30	/IG00.MAP	172146	25
ead84c9d30	/MH00.MAP	164821	25
eadb129c4f	/IP10.MAP	137465	43
eadee7fc4e	/JG00.MAP	132362	36
eae2d86a9e	/HL10.MAP	99283	36
eae6bf8611	/KR00.MAP	106737	92
eaf8cf419c	/AT20.MAP	88465	28
eaf8cf419c	/AT20.MAP	88744	28
eafd0c07cd	/DL00.MAP	122175	39
eafd842a72	/OT00.MAP	178048	45
eafd842a72	/OT00.MAP	178863	45
eb063f3ec6	/GB00.MAP	188492	63
eb063f3ec6	/GB00.MAP	191046	63
eb0e892b96	/CT20.MAP	171764	79
eb13a393ad	/HL10.MAP	99540	37
eb30b78efc	/WC00.MAP	222857	59
eb32e37123	/OB00.MAP	158272	51
eb3592e587	/NT21.MAP	131559	45
eb4488f24d	/KM10.MAP	49155	20
eb472b21f0	/KS00.MAP	173098	73
eb570f43f2	/QH00.MAP	156295	40
eb67a00072	/NZ10.MAP	112840	40
eb75616d7e	/SK00.MAP	120064	64
eb7992af4b	/IG00.MAP	157709	76
eb8c062492	/IG00.MAP	180109	32
eb95d58f58	/KR00.MAP	107383	36
eb95d58f58	/KR00.MAP	107673	36
eb994d849a	/ZM00.MAP	153196	36
eba7001ed0	/IG00.MAP	161273	59
ebaaf6b58c	/NT30.MAP	103295	51
ebabab9b02	/KR00.MAP	99687	38
ebaf7300f3	/JG00.MAP	133090	55
ebb3f67a74	/HS00.MAP	74480	24
ebbcb0cbaf	/DS10.MAP	78924	49
ebd0c7d8d2	/IP00.MAP	162955	77
ebd8830030	/MH00.MAP	174707	51
ebdb671280	/HL10.MAP	100543	14
ebdb671280	/MP00.MAP	174567	14
ebdb671280	/QH00.MAP	148592	14
ebdb671280	/QH00.MAP	148629	14
ebdb671280	/ZM00.MAP	158445	14
ebe10617da	/GT20.MAP	139055	57
ebed689c51	/JG00.MAP	131111	65
ebf039a79f	/CK00.MAP	162850	73
ec049a6786	/DL00.MAP	121178	10
ec049a6786	/WR02.MAP	213331	10
ec072bb103	/WY00.MAP	225200	45
ec13492b1f	/NZ10.MAP	114383	22
ec1803bb89	/WC00.MAP	216529	43
ec188e4978	/DL00.MAP	121746	31
ec1f4bbfcb	/IG00.MAP	170106	23
ec2ecd91ed	/WR00.MAP	236109	65
ec39d54d80	/WC00.MAP	226978	38
ec3d188871	/NJ00.MAP	157731	26
ec3d188871	/NZ00.MAP	118583	26
ec3d188871	/NZ00.MAP	119431	26
ec43b1708a	/ZM00.MAP	149403	59
ec458a59e4	/WAZAHELP.MSG	10756	52
ec45a5056e	/WY00.MAP	217217	39
ec4771e1b2	/JG00.MAP	136706	28
ec4b0e65b7	/GB00.MAP	175755	92
ec4c1b8efb	/ZM01.MAP	146049	42
ec544f3c8c	/GB00.MAP	172599	49
ec5d5f2bad	/KM00.MAP	150621	72
ec5e23f3cd	/DIARY.MSG	9184	149
ec6cf36adb	/GM00.MAP	201776	34
ec6d13f55a	/CT10.MAP	190643	26
ec83960817	/GM00.MAP	190416	56
eca3d5b626	/AT00.MAP	175520	76
eca923c1cc	/TJ40.MAP	144903	35
eca923c1cc	/TJ41.MAP	144910	35
eca923c1cc	/TJ50.MAP	30485	35
eca923c1cc	/TJ60.MAP	30563	35
eca923c1cc	/TJ61.MAP	45747	35
eca923c1cc	/TJ62.MAP	49608	35
eca923c1cc	/TJ70.MAP	53184	35
eca923c1cc	/TJ71.MAP	55144	35
eca923c1cc	/TJ72.MAP	49600	35
ecac25d06d	/GM00.MAP	203161	51
ecacdf3552	/WY02.MAP	214849	45
ecbde40cee	/HY00.MAP	132413	36
ecbf998c63	/KS00.MAP	174724	40
ecc64d6452	/ZM00.MAP	155006	27
ecc868ab1e	/OB00.MAP	157543	18
eccc2b8b3c	/CK00.MAP	163133	141
eccfed94a8	/HY00.MAP	131498	59
ecd180dfd1	/HL00.MAP	130328	39
ecd5a7726a	/KM00.MAP	149606	47
ecdd7efc14	/DS10.MAP	78795	18
ece54c5885	/AT20.MAP	83057	43
ece788a070	/NJ10.MAP	132708	34
ece84243ec	/NZ00.MAP	118655	40
ece84243ec	/NZ00.MAP	119503	40
ececefa9b5	/NT20.MAP	150447	59
ecf68290ea	/WC00.MAP	219236	47
ecf892a62c	/IP00.MAP	158996	29
ecfe8cd333	/GB00.MAP	175270	55
ed076cc2e3	/WAZAHELP.MSG	4184	83
ed0acca85c	/WY00.MAP	226487	34
ed0ae35259	/WR00.MAP	226426	16
ed0c1946e5	/KM10.MAP	55518	37
ed11789f6b	/WY02.MAP	216677	37
ed14b12f7e	/HS10.MAP	185331	57
ed16576825	/KM00.MAP	145649	51
ed19ad33ac	/SK10.MAP	94057	57
ed22daf494	/OB00.MAP	153203	37
ed22daf494	/OB00.MAP	153282	37
ed22daf494	/OB00.MAP	153383	37
ed22daf494	/OB00.MAP	153496	37
ed22daf494	/OB00.MAP	153586	37
ed22daf494	/OB00.MAP	153647	37
ed22daf494	/OB00.MAP	153747	37
ed22daf494	/OB00.MAP	153837	37
ed22daf494	/OB00.MAP	153898	37
ed22daf494	/OB00.MAP	153959	37
ed22daf494	/OB00.MAP	154201	37
ed22daf494	/OB00.MAP	154272	37
ed22daf494	/OB00.MAP	154323	37
ed22daf494	/OB00.MAP	154423	37
ed22daf494	/OB00.MAP	155344	37
ed22daf494	/OB00.MAP	155500	37
ed22daf494	/OB00.MAP	155602	37
ed22daf494	/OB00.MAP	155688	37
ed22daf494	/OB00.MAP	155818	37
ed22daf494	/OB00.MAP	155920	37
ed22daf494	/OB00.MAP	156355	37
ed22daf494	/OB00.MAP	156457	37
ed22daf494	/OB00.MAP	156559	37
ed22daf494	/OB00.MAP	156909	37
ed22daf494	/OB00.MAP	156958	37
ed22daf494	/OB00.MAP	157122	37
ed22daf494	/OB00.MAP	157177	37
ed23787db8	/NT21.MAP	130477	16
ed24bafa92	/WAZAHELP.MSG	2020	26
ed2bdc45d3	/ITEMHELP.MSG	9808	62
ed2f3d95dc	/OT00.MAP	170757	80
ed32a31538	/GB00.MAP	192333	24
ed38075267	/KR00.MAP	98558	73
ed3d0c8936	/WAZAHELP.MSG	7772	48
ed40f2fce5	/KD00.MAP	162731	39
ed44184307	/IZ00.MAP	51020	63
ed46d186c1	/OT00.MAP	179529	51
ed474bdedd	/HL00.MAP	130399	32
ed48276027	/AT20.MAP	84803	41
ed490926ba	/IG00.MAP	170543	24
ed50914458	/WC00.MAP	214604	51
ed5114784f	/IP00.MAP	159138	32
ed52c94a30	/RT20.MAP	121653	45
ed52c94a30	/RT20.MAP	124042	45
ed62b8cc11	/NT30.MAP	105698	53
ed68a63f1a	/CK00.MAP	177317	33
ed6cd57b00	/KM00.MAP	154639	49
ed7a8cc2a5	/NZ10.MAP	110499	74
ed8287c925	/NT20.MAP	151830	8
ed8287c925	/OT00.MAP	176404	8
ed8287c925	/ZM01.MAP	138473	8
ed8a5bf493	/IZ00.MAP	49586	33
ed8c0d2437	/DG21.MAP	98136	94
ed93e0dc26	/NZ00.MAP	121393	51
ed95d28a58	/GB00.MAP	172157	35
eda2336c21	/GB00.MAP	193780	43
edaf40b80d	/AT00.MAP	184818	34
edb170e45a	/WK00.MAP	59075	13
edb429024e	/BOT4.MAP	27636	26
edb429024e	/BOT4.MAP	27895	26
edba17fa66	/RS01.MAP	51806	24
edbbba577b	/KD00.MAP	161371	55
edc19ffd86	/JG00.MAP	130533	8
edc19ffd86	/KM10.MAP	48354	8
edc2420311	/WC00.MAP	209840	94
edd6a3abc3	/AT00.MAP	194116	26
ede43aa83f	/WC00.MAP	223652	55
ede8c0f6d6	/BOT5.MAP	27827	24
edf769f25e	/IS00.MAP	162502	55
edf8774800	/AT00.MAP	186827	40
edfdf409b0	/WR00.MAP	227445	8
edff5c7011	/MP00.MAP	177403	25
ee01e505dd	/HY00.MAP	134230	74
ee05a1bdd8	/MH00.MAP	184652	28
ee0c7bbcb9	/WC00.MAP	212765	55
ee178a7be8	/CT10.MAP	196301	55
ee1877d9e6	/DIARY.MSG	5292	153
ee1a15471c	/OT02.MAP	163980	64
ee27739d88	/KR00.MAP	97934	63
ee2c31f4d2	/GM00.MAP	202797	82
ee319f5f71	/GB00.MAP	177693	43
ee35a012d0	/IZ00.MAP	54518	27
ee37bb70a5	/CK00.MAP	161215	33
ee37bb70a5	/MH00.MAP	163996	33
ee37bb70a5	/MP00.MAP	180787	33
ee3d994d75	/IZ00.MAP	56980	49
ee42b8d1f2	/NJ10.MAP	136856	28
ee48ac7ede	/KM00.MAP	151978	67
ee539eaa06	/AT00.MAP	187914	73
ee55d14d95	/KR00.MAP	106181	45
ee5f5c24a6	/MP00.MAP	196246	32
ee60867712	/MP00.MAP	177731	94
ee67c3eb6c	/GB00.MAP	181306	57
ee6ce973b0	/JG00.MAP	141383	34
ee6d9b88db	/ZM00.MAP	157258	38
ee72d862a7	/WAZAHELP.MSG	9568	34
ee74c85974	/AT00.MAP	195088	83
ee8082f770	/WR00.MAP	236206	47
ee95be50bd	/NT20.MAP	152207	20
ee9bf099a2	/JG00.MAP	136769	69
ee9c374678	/MP00.MAP	191382	34
eea4076d65	/IP10.MAP	135854	49
eea4af03bd	/QH00.MAP	159955	55
eea52e7c32	/CT20.MAP	170305	53
eeba38c7da	/MP00.MAP	196311	22
eebe0443d6	/KM00.MAP	145790	64
eebe7edf8c	/RT20.MAP	105151	22
eec09957ab	/WY02.MAP	214399	57
eec6431ded	/OT00.MAP	174583	40
eec6431ded	/OT00.MAP	176714	40
eec8a41462	/WY00.MAP	233259	63
eecc5e7f80	/ZM01.MAP	146219	53
eecf159097	/ZM01.MAP	144654	53
eed24c01db	/OB00.MAP	150668	61
eed5a2d029	/IZ00.MAP	53157	34
eee34e010e	/FIR3.MAP	107890	14
eee9f7288b	/JG00.MAP	139281	40
eef1c727b9	/RS01.MAP	50441	47
eef4c43707	/RT20.MAP	118042	24
eef9692a7d	/ZM00.MAP	144874	63
ef04379d88	/KM00.MAP	148026	47
ef062eeefc	/MP00.MAP	190419	80
ef127c545c	/AT00.MAP	173264	28
ef12e47dc0	/AT00.MAP	189072	42
ef1ea2978e	/GM00.MAP	197521	23
ef26a4ba5f	/MP00.MAP	189107	69
ef2a46d1a0	/HY00.MAP	134068	47
ef2f1d13f0	/IZ00.MAP	55212	77
ef45da9395	/IZ00.MAP	63756	37
ef4a8459cf	/CT10.MAP	195599	94
ef4aa1e9ea	/CK00.MAP	176782	45
ef4abf09b0	/MP00.MAP	186911	12
ef61618491	/DG10.MAP	93163	55
ef631acfb0	/AT00.MAP	185402	34
ef737588c1	/AT10.MAP	169366	28
ef828b33d4	/ITEMHELP.MSG	3188	60
ef8d6c2111	/WR00.MAP	231166	98
ef8e0d958f	/WC00.MAP	220068	57
ef8e29a860	/WS01.MAP	80637	43
ef96ec1147	/AT20.MAP	86218	57
efa4845ca0	/AT10.MAP	166630	8
efa4845ca0	/IG10.MAP	156339	8
efb22adc20	/FIR2.MAP	114369	60
efc91669a8	/IZ00.MAP	63965	22
efc91669a8	/WR02.MAP	214932	22
efd159c481	/CT10.MAP	192700	51
efd4710786	/WC00.MAP	230489	28
efdcdab778	/KS00.MAP	167581	47
efe0e631ee	/AT00.MAP	193666	45
efe30d9116	/ZM00.MAP	143829	79
f003bed7ad	/WK00.MAP	109411	43
f00412f0be	/IG00.MAP	170044	18
f00cc6702c	/MP00.MAP	180965	31
f018f10be6	/ITEMHELP.MSG	8404	78
f01cd9f1ff	/KM10.MAP	54226	34
f02d87d267	/NZ10.MAP	110347	47
f03cb78ab4	/ZM00.MAP	151673	42
f040384b19	/QH00.MAP	151047	18
f04aa27cbc	/CT10.MAP	186801	14
f04f2d0255	/WY00.MAP	220834	30
f055ed2631	/MP00.MAP	179114	45
f05ed83a44	/HY00.MAP	134571	38
f06693064f	/DG10.MAP	91265	59
f06711cb22	/NZ00.MAP	118053	51
f06a763911	/IG00.MAP	167189	51
f06e26a307	/MP00.MAP	185667	16
f07c9022e8	/GB00.MAP	62050	8
f07c9022e8	/GB00.MAP	69110	8
f07c9022e8	/GB00.MAP	94958	8
f07c9022e8	/GB00.MAP	106402	8
f07c9022e8	/GB00.MAP	159334	8
f07c9022e8	/MP00.MAP	66238	8
f07c9022e8	/MP00.MAP	73298	8
f07c9022e8	/MP00.MAP	85550	8
f07c9022e8	/MP00.MAP	96994	8
f08310f26c	/WK00.MAP	106133	43
f085cdc731	/GM01.MAP	164799	47
f086be008a	/HY00.MAP	133896	57
f0a9c3fc1f	/GM00.MAP	190831	62
f0aa9f6785	/KM00.MAP	155960	88
f0ac8906b8	/JG00.MAP	135039	71
f0ba3929ab	/MP00.MAP	183204	53
f0d7d587a5	/QH00.MAP	149422	28
f0d8285340	/MH00.MAP	179659	26
f0d937fa51	/AT00.MAP	184690	16
f0d937fa51	/AT00.MAP	184853	16
f0d937fa51	/AT00.MAP	185029	16
f0d937fa51	/AT00.MAP	185213	16
f0d937fa51	/AT00.MAP	185437	16
f0d937fa51	/AT00.MAP	185759	16
f0d937fa51	/AT00.MAP	186073	16
f0d937fa51	/AT00.MAP	186427	16
f0d937fa51	/AT00.MAP	186684	16
f0d937fa51	/AT00.MAP	186908	16
f0d937fa51	/AT00.MAP	187120	16
f0d937fa51	/AT00.MAP	187304	16
f0d937fa51	/AT00.MAP	187453	16
f0d937fa51	/AT00.MAP	187646	16
f0d937fa51	/AT00.MAP	187897	16
f0d937fa51	/AT00.MAP	188168	16
f0d937fa51	/AT00.MAP	188366	16
f0d937fa51	/AT00.MAP	188886	16
f0d937fa51	/AT00.MAP	189405	16
f0d937fa51	/AT00.MAP	189707	16
f0d937fa51	/AT00.MAP	190050	16
f0d937fa51	/AT00.MAP	190508	16
f0d937fa51	/AT00.MAP	191059	16
f0d937fa51	/AT00.MAP	191625	16
f0d937fa51	/AT10.MAP	161557	16
f0d937fa51	/AT10.MAP	161796	16
f0d937fa51	/AT10.MAP	162067	16
f0d937fa51	/AT10.MAP	162475	16
f0d937fa51	/AT10.MAP	162685	16
f0d937fa51	/AT10.MAP	163066	16
f0d937fa51	/AT10.MAP	163689	16
f0d937fa51	/AT10.MAP	164299	16
f0d937fa51	/AT10.MAP	165894	16
f0d937fa51	/AT10.MAP	166710	16
f0d937fa51	/AT10.MAP	167353	16
f0d937fa51	/AT10.MAP	167370	16
f0d937fa51	/AT10.MAP	168826	16
f0d937fa51	/AT10.MAP	168935	16
f0db9cce76	/ES01.MAP	74517	61
f0db9cce76	/ES01.MAP	78154	61
f0db9cce76	/WS01.MAP	79562	61
f0db9cce76	/WS01.MAP	83362	61
f0dc749083	/DL00.MAP	122418	20
f0e2995542	/IG00.MAP	159815	20
f0f3cdcffb	/OT02.MAP	165790	73
f0f3d0d065	/WAZAHELP.MSG	7512	38
f0f54b8fd0	/MP00.MAP	188253	80
f0fb007837	/HS00.MAP	69410	20
f1028f244b	/WY00.MAP	224437	98
f106d37bdf	/QH00.MAP	149579	36
f10773be1d	/NJ10.MAP	130813	61
f11171bac1	/ZM01.MAP	143572	80
f12bacf7dd	/GB00.MAP	186809	66
f12bd92524	/AT10.MAP	163020	45
f13664eed6	/CT10.MAP	194492	37
f1395f7a6e	/IG00.MAP	161645	94
f14292aceb	/ZM01.MAP	145368	65
f14ea7c200	/IZ00.MAP	56180	36
f152f0802d	/ITEMHELP.MSG	8072	22
f152fd0db6	/CK00.MAP	168340	34
f168ab5699	/WK00.MAP	103683	28
f1795e1fe4	/CK00.MAP	174808	14
f17e11a6d0	/GM00.MAP	194641	32
f1845c8d3c	/WY02.MAP	213337	14
f19fe67141	/ES10.MAP	75156	26
f19fe67141	/WS10.MAP	80119	26
f1a2535c27	/QH00.MAP	159094	47
f1a3702a65	/GM00.MAP	178862	22
f1bc3dec94	/RT20.MAP	108644	59
f1bc3dec94	/RT20.MAP	114196	59
f1bdda2758	/CT10.MAP	189470	67
f1bdda2758	/CT10.MAP	193426	67
f1c02d87c6	/NZ10.MAP	109949	24
f1c0427350	/MP00.MAP	177959	32
f1ca032fad	/WC00.MAP	216304	17
f1ca59f1a2	/WR00.MAP	238941	22
f1ca59f1a2	/WR00.MAP	238974	22
f1ccc5e5e8	/KM10.MAP	56565	14
f1e408d4b2	/KD00.MAP	170597	34
f1ed7602ac	/MH00.MAP	177279	84
f1f24cc940	/WR00.MAP	226526	43
f1fa97aeaa	/JG01.MAP	125347	45
f20ba603e3	/CK00.MAP	167366	47
f216599ae1	/CT20.MAP	173012	45
f22808e65d	/CT10.MAP	40148	16
f23b236a1f	/KR00.MAP	94277	28
f248a3a319	/ZM00.MAP	157697	51
f24d0ba70b	/GM00.MAP	193200	90
f25862967b	/GT10.MAP	46562	31
f26060f337	/WAZAHELP.MSG	2952	82
f261c25bf5	/KM10.MAP	50915	28
f266bdb301	/OT02.MAP	163374	28
f2750a30d0	/CT10.MAP	194561	43
f27cd9b84a	/KS00.MAP	172842	82
f281a5e050	/KD00.MAP	170344	26
f288f6db0d	/JG00.MAP	132531	28
f28c948a5a	/IP00.MAP	162135	28
f2915adbb8	/CK00.MAP	176445	47
f295ae73ad	/WR00.MAP	228642	47
f297eb9587	/GM00.MAP	205094	47
f29dd99bc4	/GM00.MAP	196999	21
f29efb9247	/ZM00.MAP	154974	31
f2a31e84cf	/CK00.MAP	163512	143
f2a4a485af	/WAZAHELP.MSG	6056	48
f2a80cfb43	/AT20.MAP	87131	61
f2abc8c55a	/CK00.MAP	160795	33
f2abc8c55a	/MH00.MAP	163576	33
f2b1a86850	/MP00.MAP	195576	67
f2b8c10c9a	/ES01.MAP	76937	28
f2b8c10c9a	/WS01.MAP	82111	28
f2ba5b9278	/QH01.MAP	145121	18
f2bc489e8e	/MP00.MAP	180256	28
f2bc489e8e	/TJ10.MAP	30214	28
f2bc489e8e	/TJ11.MAP	45342	28
f2ca1ccf9e	/IG01.MAP	153457	37
f2ca1ccf9e	/IG01.MAP	155477	37
f2ca6cc376	/CK00.MAP	180378	28
f2d0cb00a6	/DG00.MAP	135633	53
f2e546aa19	/WC00.MAP	209966	47
f2ea0307c4	/NJ10.MAP	136714	20
f2f2ae5278	/IG00.MAP	171301	57
f2f2ae5278	/KR00.MAP	95103	57
f2f2ae5278	/MH00.MAP	164409	57
f2f34d0dc8	/KR00.MAP	93718	41
f2f34d0dc8	/ZM00.MAP	155111	41
f2f4539797	/MH00.MAP	180854	63
f2f4b5eaf1	/KM00.MAP	154351	51
f30bad5b8a	/WR00.MAP	239161	24
f30c18a617	/SK00.MAP	117484	71
f319410100	/KS00.MAP	167263	61
f3231d8783	/WAZAHELP.MSG	2104	32
f3252d586a	/HL00.MAP	130943	40
f329e1f978	/KR00.MAP	109762	33
f329e1f978	/KR00.MAP	109891	33
f329e1f978	/KR00.MAP	110038	33
f329e1f978	/KR00.MAP	110105	33
f329e1f978	/KR00.MAP	110735	33
f329e1f978	/KR00.MAP	110861	33
f329e1f978	/KR00.MAP	110910	33
f329e1f978	/KR00.MAP	111008	33
f329e1f978	/KR00.MAP	111092	33
f329e1f978	/KR00.MAP	111145	33
f329e1f978	/KR00.MAP	111287	33
f329e1f978	/KR00.MAP	111338	33
f3370548f4	/MP00.MAP	180997	48
f33c0a11ac	/WR10.MAP	212670	18
f33c0a11ac	/WY00.MAP	230858	18
f33c74a5bd	/IG00.MAP	171831	38
f35154dd41	/WR00.MAP	237582	20
f35154dd41	/WR02.MAP	216684	20
f35b9aa013	/WR00.MAP	223780	47
f36728dd7c	/NJ10.MAP	128458	59
f3780796b5	/GT10.MAP	50410	18
f38105b0bb	/WY02.MAP	216814	43
f3867740ce	/AT00.MAP	195204	43
f3872c5ba4	/MP00.MAP	176027	59
f38b6c14df	/GB00.MAP	181657	30
f38e327945	/CK00.MAP	170132	28
f390523093	/IZ00.MAP	53605	42
f3a448ec3e	/GB00.MAP	187708	83
f3a58ccefe	/OT02.MAP	164194	64
f3bcb7c7cd	/ST00.MAP	115816	32
f3d00a288d	/GM00.MAP	178242	59
f3d3e002a6	/MP00.MAP	180703	24
f3e1551d27	/SK10.MAP	92571	55
f3e29d8bae	/IG00.MAP	177531	47
f3eadc121e	/OT00.MAP	179225	49
f3edecbe7b	/ITEMHELP.MSG	1632	50
f3eebc904d	/KS00.MAP	18580	16
f4024a644b	/GM00.MAP	197326	43
f4026c7359	/HS10.MAP	186637	33
f40985cbac	/KB10.MAP	56169	35
f411fabe32	/DS10.MAP	78733	30
f420717383	/ES00.MAP	74982	51
f420bda9f3	/GB00.MAP	179906	102
f4417c3a4d	/WAZAHELP.MSG	6620	54
f4421d57a3	/WC00.MAP	218270	20
f44aa841cf	/KM10.MAP	47755	24
f44feb674a	/MP00.MAP	187163	59
f450890f00	/WAZAHELP.MSG	1240	54
f468be7a3e	/DG21.MAP	96747	26
f46c8f2afb	/RT20.MAP	122582	40
f47006c7d3	/GM00.MAP	198674	19
f4720b69e5	/GM00.MAP	172293	329
f47e2b924b	/WAZAHELP.MSG	11708	62
f47e3050e1	/MH00.MAP	166015	57
f499a85c47	/MP00.MAP	181738	26
f49a557ef2	/WS00.MAP	83075	73
f49a557ef2	/WS10.MAP	83805	73
f49c32e0d9	/GT20.MAP	139440	42
f49c32e0d9	/NT21.MAP	131972	42
f4a08f0c39	/AT10.MAP	169426	43
f4a3978586	/NJ10.MAP	134292	22
f4a64483f8	/WY02.MAP	214619	69
f4b23ff1d7	/QH00.MAP	162100	86
f4c5e57e95	/NZ00.MAP	120155	22
f4c5e57e95	/WY00.MAP	217288	22
f4e01ae809	/MP00.MAP	194075	26
f4e27131b9	/NZ10.MAP	109688	53
f4e87c570d	/KR00.MAP	96620	30
f4eba7d9e9	/GB00.MAP	194266	44
f4eba7d9e9	/GB00.MAP	195280	44
f4ebe11907	/WY02.MAP	213383	98
f4f887dedf	/HL00.MAP	132848	26
f509dfa9e1	/OT00.MAP	171517	26
f50cf2f274	/CK00.MAP	178278	65
f529cc1713	/ITEMHELP.MSG	5600	64
f52e33ebc4	/GT00.MAP	146907	82
f547af4624	/ZM01.MAP	142951	57
f552e7af60	/WS00.MAP	81473	45
f55d7b916c	/AT00.MAP	196173	59
f563f6df27	/GT20.MAP	139724	72
f56b8aa610	/ITEMHELP.MSG	7300	54
f5734c5f1a	/ES00.MAP	74762	51
f5752e2452	/RT20.MAP	106689	36
f5778adf51	/OT00.MAP	172101	43
f5919f4ca8	/BL00.MAP	127574	45
f59e0bd66a	/WY02.MAP	216085	53
f5a04b0e8d	/CT10.MAP	40116	16
f5abfb5009	/CT00.MAP	165843	30
f5c1b05912	/GB00.MAP	186296	53
f5c3391945	/ST10.MAP	82449	34
f5c3a8e929	/RT20.MAP	102034	49
f5c3a8e929	/RT20.MAP	104037	49
f5c898b8a3	/OB00.MAP	157719	47
f5c9e41489	/DG21.MAP	95543	103
f5d54ff74e	/WR10.MAP	213326	38
f5d597de06	/AT00.MAP	176383	59
f5e13a3172	/ES10.MAP	75563	80
f5e13a3172	/WS10.MAP	80526	80
f5e58bd457	/AT10.MAP	18274	15
f5e70b58cb	/BOT5.MAP	28104	14
f5ec99ff9a	/WR02.MAP	217989	24
f5f92b25e6	/GM00.MAP	200973	61
f5fb080241	/ZM01.MAP	143441	98
f5ffdb7f44	/QH00.MAP	150438	39
f6011e0013	/KS00.MAP	172058	47
f605cee2c5	/BOT4.MAP	27965	14
f61981ad21	/ES01.MAP	73906	26
f61981ad21	/WS01.MAP	78908	26
f61bfb3a01	/HS10.MAP	28992	8
f62b12005e	/KD00.MAP	168220	59
f6331d8583	/HY00.MAP	132181	47
f6382f9231	/CT20.MAP	173324	59
f6383fb9ef	/BOT3.MAP	27629	12
f6430d523d	/GB00.MAP	176979	59
f653d32d9d	/WAZAHELP.MSG	11100	8
f65666210c	/MP00.MAP	178314	26
f6650d5727	/NJ00.MAP	156037	12
f6650d5727	/NJ10.MAP	135355	12
f6650d5727	/WY00.MAP	220088	12
f66cb21762	/WC00.MAP	224263	75
f67bd2bbb3	/SS00.MAP	68981	45
f67bd2bbb3	/SS10.MAP	69028	45
f690bd0255	/OT01.MAP	166936	65
f692e585ad	/WAZAHELP.MSG	7616	28
f69f41d10d	/MK00.MAP	148128	59
f6a6151492	/KR00.MAP	100692	16
f6aa7b5ed9	/ZM00.MAP	157396	38
f6bd9038b3	/IG00.MAP	171972	47
f6bd9038b3	/MH00.MAP	164647	47
f6c9ed807f	/MH00.MAP	175326	53
f6cffa1df0	/WS00.MAP	79455	22
f6cffa1df0	/WS00.MAP	80096	22
f6cffa1df0	/WS10.MAP	79884	22
f6d7ab97bc	/JG00.MAP	138832	18
f6dce0e09d	/OT00.MAP	172622	75
f6de5cfa0d	/HL00.MAP	129823	51
f6e3eb6f3a	/IG10.MAP	158079	63
f6eef89866	/GM00.MAP	186927	55
f6f2fd61f8	/KR00.MAP	95739	63
f7015fb00d	/AT20.MAP	83211	16
f7051d3dd7	/IZ00.MAP	57117	47
f7084ef94e	/WY00.MAP	229700	59
f7089b7aa8	/IG01.MAP	153698	76
f70a3b8982	/AT00.MAP	176710	22
f70ae9aade	/IP10.MAP	136794	31
f70ae9aade	/IP10.MAP	136919	31
f70ae9aade	/IP10.MAP	137065	31
f70ae9aade	/IP10.MAP	137221	31
f70ae9aade	/IP10.MAP	137264	31
f70ae9aade	/IP10.MAP	137433	31
f71781c3cd	/WY00.MAP	219063	73
f718a878c8	/HL00.MAP	131259	12
f718a878c8	/WR02.MAP	217244	12
f720df70aa	/HS10.MAP	182086	57
f722e9f48a	/WR00.MAP	240774	26
f7298bd556	/ST00.MAP	115880	16
f72b64e930	/KD00.MAP	165055	30
f734648b2b	/OT00.MAP	168065	57
f73935ceb2	/RS01.MAP	51657	55
f73bf347cf	/ITEMHELP.MSG	2464	42
f73f0ca6e8	/NT20.MAP	145330	14
f747dade5a	/KK00.MAP	134053	53
f74f6bb5d1	/KM00.MAP	157686	75
f7516c4db0	/CT20.MAP	166610	55
f75175f43d	/WY02.MAP	212708	55
f756f7f817	/CK00.MAP	175740	57
f75722cc6d	/WY00.MAP	229791	18
f75a81fab1	/ZM00.MAP	151748	78
f76a20b8f1	/JG00.MAP	132258	69
f77ded8cc6	/IZ00.MAP	65184	32
f784c29cd9	/IZ00.MAP	49969	20
f7868f1c8c	/GB00.MAP	178749	67
f788135808	/OT02.MAP	163626	57
f78f4ddb53	/HL00.MAP	132782	34
f792463336	/KD00.MAP	165301	77
f79b0b4637	/AT20.MAP	84279	61
f79d0fbe9b	/GT20.MAP	142595	33
f7b3e7b576	/GM00.MAP	179150	51
f7b546497b	/ITEMHELP.MSG	9060	54
f7ba827f47	/GB00.MAP	187673	34
f7be98abe2	/RT20.MAP	108913	53
f7be98abe2	/RT20.MAP	114465	53
f7c9e1421b	/WR00.MAP	227760	68
f7cc938126	/HS00.MAP	69529	31
f7d6385117	/WR00.MAP	226210	90
f7e73eb5e2	/MH00.MAP	163018	22
f7ef223185	/OT10.MAP	163267	43
f7f767703d	/IG10.MAP	156030	47
f7fae6012b	/GM00.MAP	193873	22
f800269608	/DG21.MAP	97369	87
f803212bf8	/CT10.MAP	187718	59
f804584495	/IG00.MAP	179653	67
f8101f8b9f	/SK00.MAP	117659	53
f8104146a0	/RT00.MAP	159608	38
f8104d2755	/RT20.MAP	116258	16
f8124aa4b8	/AT00.MAP	176804	65
f81dc1c3a2	/WAZAHELP.MSG	12800	52
f82a96a0bb	/GB00.MAP	180041	75
f82f390337	/ZM00.MAP	153469	134
f83008ee8e	/ES01.MAP	75560	41
f8459b8746	/WY02.MAP	211741	12
f84cdc23f2	/OT01.MAP	169372	49
f850d7b4bb	/WR00.MAP	223859	47
f854e54c66	/WY00.MAP	219734	20
f85c671d41	/MP00.MAP	188974	18
f85c671d41	/MP00.MAP	189307	18
f86eeaed51	/MH00.MAP	168272	59
f87e147803	/IG00.MAP	176293	67
f87fcd30ef	/MH00.MAP	177000	36
f882a0dab0	/MH00.MAP	167544	33
f882a0dab0	/MH00.MAP	167660	33
f882a0dab0	/MH00.MAP	167781	33
f882a0dab0	/MH00.MAP	167900	33
f882a0dab0	/MH00.MAP	167967	33
f882a0dab0	/WY00.MAP	235143	33
f882a0dab0	/WY00.MAP	235200	33
f882a0dab0	/WY00.MAP	235308	33
f882a0dab0	/WY00.MAP	235394	33
f88cc66c0c	/NT31.MAP	137497	27
f895b6e4d3	/GM00.MAP	172955	270
f89933b17e	/AT20.MAP	83352	24
f8a3d7855b	/GM00.MAP	128414	12
f8a3d7855b	/GM01.MAP	128414	12
f8a3d7855b	/TM00.MAP	64394	12
f8a9237502	/GB00.MAP	191713	66
f8c7ac0a09	/WS00.MAP	79760	51
f8dd089ddf	/WR00.MAP	241423	12
f8de170fea	/GM00.MAP	186568	22
f8e544e243	/RT20.MAP	125585	76
f8ebae4ccb	/SK00.MAP	120976	36
f8f6e14be3	/KB10.MAP	55499	41
f8f9998d1f	/OT00.MAP	175427	53
f8f9998d1f	/OT00.MAP	177558	53
f904461620	/KS00.MAP	169116	82
f90f6b2334	/ZM00.MAP	143990	67
f90ffd55ed	/AT00.MAP	184556	59
f915e4e6d4	/OT02.MAP	165295	45
f916c2cdbd	/QH00.MAP	155867	16
f918522a79	/AT00.MAP	186281	120
f921cfb008	/CK00.MAP	172610	33
f92ce1ca43	/JG10.MAP	149833	51
f935df0cdd	/ITEMHELP.MSG	3548	50
f948a0b767	/QH00.MAP	149343	25
f94da24ba4	/SK00.MAP	116448	20
f964aab23f	/GM01.MAP	164886	24
f96847eb6f	/HS00.MAP	74852	73
f981e1d9d0	/MH00.MAP	165251	41
f98ebca2f1	/MK00.MAP	150527	67
f99891a9c0	/IG00.MAP	171582	23
f9a25ac46f	/MP00.MAP	194871	14
f9a50c5e81	/IG00.MAP	172824	21
f9ad7230da	/KR00.MAP	107135	55
f9bc13c497	/IG00.MAP	167506	77
f9c46a2924	/RT20.MAP	121091	59
f9c50080a0	/WR00.MAP	237023	31
f9c50080a0	/WR02.MAP	216125	31
f9d5e1b065	/KS00.MAP	174961	63
f9d7490ba1	/NT30.MAP	104821	57
f9e88c9dee	/ZM00.MAP	157650	46
f9e89a6f25	/ZM00.MAP	142238	8
f9f17b132e	/WAZAHELP.MSG	3348	70
f9f3c3b3d0	/KM00.MAP	149238	30
f9f7de4110	/NZ00.MAP	120373	42
f9fa637641	/ZM00.MAP	142365	59
f9fe22fb9d	/TM00.MAP	131926	53
fa0bd291f8	/WY00.MAP	217641	64
fa0dbdec21	/WAZAHELP.MSG	8348	55
fa12b65b40	/WC00.MAP	222513	59
fa1df80437	/GH00.MAP	151156	14
fa2011417f	/IY00.MAP	122332	18
fa35080b58	/RT20.MAP	110968	88
fa35080b58	/RT20.MAP	119037	88
fa36cdc57e	/RT20.MAP	103691	61
fa36cdc57e	/RT20.MAP	105560	61
fa37e77e70	/NT20.MAP	145649	36
fa4b744e59	/WC00.MAP	210397	20
fa4fa0613f	/DL00.MAP	120337	55
fa69711ad3	/NJ00.MAP	156366	38
fa69711ad3	/NJ00.MAP	156436	38
fa771780eb	/JG02.MAP	126056	18
fa7831824f	/KR00.MAP	111321	16
fa7d7ce63d	/GM00.MAP	198715	34
fa7d86a09c	/QH00.MAP	159026	35
faad2081c4	/ES00.MAP	77089	84
faad2081c4	/ES10.MAP	78430	84
fab31565e3	/WR00.MAP	234549	49
fab31565e3	/WR00.MAP	235243	49
fab58615f0	/KD00.MAP	168280	36
fabb4c8717	/WC00.MAP	219623	61
fabbbf2800	/OT01.MAP	168025	81
fabca5dab0	/KB00.MAP	55924	51
fabca5dab0	/KB10.MAP	56449	51
fabca5dab0	/KB20.MAP	63337	51
fac121275c	/ES01.MAP	75993	24
fac121275c	/WS01.MAP	81161	24
fac7c802be	/HY00.MAP	131891	69
face21086f	/IS10.MAP	59704	63
fae22d63fb	/ES01.MAP	76997	18
fae22d63fb	/WS01.MAP	82171	18
fae6d70971	/IG00.MAP	166048	59
faea8b9d49	/QH00.MAP	149738	34
faedf8322b	/CT20.MAP	166959	57
faf26b1dee	/BOT5.MAP	27751	24
fafe72a9a0	/IG00.MAP	158407	34
fb05890f82	/SK00.MAP	120245	32
fb0936a55a	/KM00.MAP	154720	49
fb0c938dcc	/MP00.MAP	175235	14
fb0d9fdc12	/CK00.MAP	164540	32
fb0dacd2d8	/WC00.MAP	210045	69
fb106d2efa	/KR00.MAP	98277	84
fb1908f474	/GM00.MAP	177919	98
fb1f9a82b8	/AT00.MAP	171713	26
fb2bc9ddb5	/SK00.MAP	117334	57
fb2c46a0bc	/MK00.MAP	147537	39
fb2c46a0bc	/MK00.MAP	148188	39
fb2c46a0bc	/MK00.MAP	148264	39
fb2c46a0bc	/MK00.MAP	148508	39
fb2c46a0bc	/MK00.MAP	148590	39
fb36a749bc	/GT20.MAP	141353	32
fb39636db2	/DS00.MAP	84685	59
fb39aa095a	/CK00.MAP	175202	16
fb3a369ed3	/IZ00.MAP	56457	55
fb47462df6	/IS10.MAP	60230	40
fb4c5291cc	/ES01.MAP	75891	70
fb5d9a5d8b	/ITEMHELP.MSG	3656	50
fb6a900321	/TM00.MAP	130302	29
fb7861a91c	/OB00.MAP	157659	28
fb86219208	/KM10.MAP	55646	28
fb8980ea71	/WC00.MAP	225431	59
fb9744a676	/NT20.MAP	147267	53
fba7fd274c	/IP00.MAP	158844	47
fbaad99067	/WAZAHELP.MSG	1888	36
fbb1d55671	/KM10.MAP	49105	18
fbb1d55671	/KM10.MAP	49389	18
fbb1f147e2	/HL10.MAP	95137	70
fbb28c95ce	/WAZAHELP.MSG	7012	56
fbb8c6769d	/AT00.MAP	176328	22
fbbee86164	/KD00.MAP	170215	49
fbc21f99b0	/AT20.MAP	85848	51
fbcd5915eb	/GM00.MAP	199677	6
fbcd8de53e	/WR02.MAP	213609	38
fbd3613b3a	/NT30.MAP	105952	63
fbd92eb9cf	/CK00.MAP	162340	45
fbd92eb9cf	/GB00.MAP	197209	45
fbdb7c80b9	/RT20.MAP	119621	55
fbdb7c80b9	/RT20.MAP	123511	55
fbdea6905e	/JG00.MAP	139602	14
fbe4c46aef	/IZ00.MAP	65783	20
fbec3b8bf1	/GB00.MAP	175446	57
fbeeededd5	/NT20.MAP	151557	90
fbef9b8d3c	/ITEMHELP.MSG	8096	64
fbf5e55986	/DG10.MAP	90148	53
fbf7b651c3	/WAZAHELP.MSG	9144	26
fc06c6fa6b	/MH00.MAP	175724	70
fc0cfc7add	/GH00.MAP	151379	61
fc16dda026	/HL10.MAP	94620	59
fc1d5f4050	/OT01.MAP	167357	36
fc21832673	/GM00.MAP	195579	35
fc2571d199	/WS00.MAP	80026	38
fc25ead027	/IG00.MAP	178961	102
fc263263ac	/ZM00.MAP	157362	32
fc2aa980c2	/IP00.MAP	164458	55
fc2f6a6620	/KR00.MAP	93889	31
fc2f6a6620	/ZM00.MAP	155284	31
fc30172ee8	/MP00.MAP	182798	76
fc3494df56	/CT10.MAP	191316	32
fc3eee39a7	/JG00.MAP	130770	100
fc47e44888	/NT21.MAP	130916	63
fc4f78ad25	/GT20.MAP	65250	9
fc4f78ad25	/RT30.MAP	65218	9
fc4fe2fe22	/WAZAHELP.MSG	1192	44
fc585bd375	/MP00.MAP	196525	71
fc5b56ae1e	/IZ00.MAP	61311	55
fc5b56ae1e	/IZ00.MAP	62086	55
fc6208593c	/ZM00.MAP	153751	97
fc6662e985	/WY00.MAP	219307	49
fc6893f5a6	/IG10.MAP	158986	55
fc69e0bfb4	/GT20.MAP	142339	55
fc7ccdc02f	/ITEMHELP.MSG	9656	90
fc822fc58a	/IG00.MAP	170590	21
fc87a00ac4	/WY00.MAP	227269	43
fc978a5f43	/KM00.MAP	147963	26
fc9bde22e1	/WR10.MAP	211693	49
fca21910a8	/NJ10.MAP	133629	35
fca8b608c9	/CK00.MAP	168261	47
fcaad05cb5	/GM00.MAP	196771	37
fcae816867	/JG00.MAP	131853	45
fcb9ccfdd4	/OB00.MAP	156751	82
fcbe7922fd	/DS10.MAP	79005	22
fcc49cb06f	/IS10.MAP	61845	55
fcc49cb06f	/IS10.MAP	62031	55
fcc5c99589	/OT00.MAP	173213	83
fccd42732f	/IG00.MAP	181480	53
fce1fee1f8	/WY00.MAP	221533	36
fce76a8d52	/IG00.MAP	171631	44
fcf23a076b	/WC00.MAP	218787	63
fd086e9e85	/NJ10.MAP	130343	10
fd08a9c6b9	/ZM00.MAP	146431	82
fd08b7bf5c	/ITEMHELP.MSG	4600	34
fd11659e92	/HL00.MAP	135204	45
fd15ab19ab	/QH00.MAP	149236	58
fd19181e60	/QH00.MAP	158918	75
fd1bf9da89	/WY00.MAP	225646	16
fd1d4db64e	/HL10.MAP	95896	59
fd24aaac0c	/WR02.MAP	217765	28
fd2500e43e	/NT20.MAP	147359	63
fd2657862d	/RT20.MAP	126659	61
fd27c53dd2	/IG10.MAP	154937	16
fd34201cd5	/IP00.MAP	160942	68
fd5ea8744a	/CT20.MAP	167776	30
fd66e998f0	/KR00.MAP	98476	49
fd74e5e706	/CT10.MAP	189270	73
fd74e5e706	/CT10.MAP	193226	73
fd75c8d023	/ITEMHELP.MSG	3288	48
fd7e6e8b09	/QH00.MAP	162286	39
fd931c5267	/CT00.MAP	166345	54
fda892c275	/HY00.MAP	132535	47
fda8b23c10	/NT20.MAP	150376	38
fdbc6cb437	/IG00.MAP	163645	57
fdc51fbdea	/JG00.MAP	141604	68
fddbe015e2	/KR00.MAP	110824	36
fde2e17975	/MP00.MAP	185358	63
fde4e5f7d9	/OT10.MAP	163189	45
fde8e885bf	/RS01.MAP	51295	43
fdfe332794	/MK00.MAP	148481	26
fe03d17bfc	/ZM01.MAP	143041	47
fe09890d75	/GT20.MAP	141206	32
fe0d4c1a40	/NJ00.MAP	159742	16
fe272e19f2	/WR00.MAP	223938	14
fe2c786f04	/KM00.MAP	160548	51
fe2c786f04	/KM00.MAP	161882	51
fe2c786f04	/KM00.MAP	163880	51
fe30eab9d7	/HL00.MAP	132103	71
fe3138c8ca	/QH00.MAP	161044	51
fe37204dea	/CK00.MAP	169278	69
fe3a86fd50	/MK00.MAP	149628	55
fe45e4a051	/OB00.MAP	152403	30
fe50937d6b	/HL10.MAP	98809	35
fe54d47984	/JG01.MAP	125624	45
fe565e432f	/NJ10.MAP	127543	20
fe565e432f	/NJ10.MAP	136331	20
fe61b4d968	/RT20.MAP	105102	16
fe6c11bb47	/ZM00.MAP	150339	40
fe7080a9e8	/OT10.MAP	163401	51
fe7f22c602	/KR00.MAP	108919	67
fe7f22c602	/KR00.MAP	109403	67
fe82817dd9	/MH00.MAP	169319	24
fe82817dd9	/MH00.MAP	171958	24
fe84f56513	/WC00.MAP	225110	57
fe8622fa61	/DG21.MAP	95869	27
fe8b4fea02	/KM10.MAP	27502	8
fe8b4fea02	/SS00.MAP	32474	8
fe8b4fea02	/SS10.MAP	32474	8
fe92bd5eb0	/SK00.MAP	115973	47
fe92bd5eb0	/SK00.MAP	116369	47
fea2af016d	/NZ00.MAP	117378	65
fea2af016d	/NZ00.MAP	120447	65
feb05969d4	/MH00.MAP	170322	41
feb05969d4	/MH00.MAP	172961	41
fecb0d0fde	/WR00.MAP	236664	73
fecb0d0fde	/WR02.MAP	215766	73
fed854fb23	/NJ10.MAP	127015	34
fed854fb23	/NJ10.MAP	135452	34
fee140a3ab	/OB00.MAP	156245	28
fee66082ba	/IG10.MAP	154437	35
feec0c501b	/GB00.MAP	174657	106
fef725bb54	/WY02.MAP	217199	33
fefd4370be	/WY02.MAP	214760	57
ff0f6c5d87	/SK10.MAP	94146	49
ff137f2a24	/ZM00.MAP	153849	86
ff170a3fcb	/NT00.MAP	62281	32
ff17168a00	/WR00.MAP	221343	43
ff183f16eb	/WR10.MAP	211379	65
ff1ca44210	/HS00.MAP	71464	35
ff29cc923c	/MH00.MAP	177590	75
ff2b538a82	/HL00.MAP	128937	6
ff2b538a82	/HL00.MAP	134903	6
ff2bab6a7e	/CK00.MAP	165072	94
ff32622513	/GM00.MAP	201842	8
ff40c9416b	/GB00.MAP	196438	106
ff42d129c1	/WR00.MAP	220645	65
ff44ebc103	/RT20.MAP	122052	65
ff4cf84d8d	/WC00.MAP	214518	53
ff55c66425	/HL00.MAP	134069	71
ff64b7ab66	/ZM00.MAP	157333	28
ff6585e49b	/CK01.MAP	156793	36
ff67e06154	/KEYHELP.MAT	464	145
ff78634073	/BOT5.MAP	28020	22
ff7b5117f6	/GB00.MAP	196855	33
ff7cecfc3d	/KB01.MAP	54717	65
ff7e776d74	/KM10.MAP	51095	73
ff82e54b08	/ITEMHELP.MSG	2860	74
ff84b3e9d0	/GM00.MAP	175843	73
ff84b3e9d0	/GM00.MAP	176266	73
ff86662bac	/IG00.MAP	173825	94
ff86662bac	/IG10.MAP	159496	94
ff8dd38973	/CK00.MAP	173826	14
ff9c6b135d	/CK00.MAP	170724	42
ff9e4559f5	/KM00.MAP	150725	51
ffa5e956f9	/NT30.MAP	106288	53
ffaecac979	/IG00.MAP	172418	31
ffaecac979	/MH00.MAP	165092	31
ffb98d4e10	/KZ00.MAP	172544	28
ffc5e02330	/IG00.MAP	179822	22
ffcdaee18c	/KM10.MAP	54656	53
ffceb14e40	/WAZAHELP.MSG	6328	22
ffd47fa1d1	/AT20.MAP	87052	47
ffd70130aa	/IG10.MAP	155889	55
ffd96562c7	/MK00.MAP	148047	40
ffe8a6966f	/IG00.MAP	166139	12
ffed1f307d	/AT00.MAP	182097	37
fff6b0f0a1	/CT10.MAP	195025	84
fffd196e49	/MH00.MAP	175048	45
dc97935421	/FIR3.MAP	107802	29
dc97935421	/FIR3.MAP	107938	29
dc97935421	/FIR3.MAP	107983	29
dc97935421	/FIR3.MAP	108098	29
dc97935421	/FIR3.MAP	108217	29
dc97935421	/FIR3.MAP	108305	29
dc97935421	/FIR3.MAP	108386	29
dc97935421	/KM10.MAP	48261	29
dc97935421	/KM10.MAP	48363	29
dc97935421	/KM10.MAP	48418	29
dc97935421	/KR00.MAP	109582	29
dc97935421	/KR00.MAP	109678	29
dc97935421	/KR00.MAP	109973	29
dc97935421	/KR00.MAP	110205	29
dc97935421	/KR00.MAP	110301	29
dc97935421	/KR00.MAP	110389	29
dc97935421	/KR00.MAP	110483	29
73885e524a	/JG01.MAP	125831	8
b2d79e9ef5	/NT31.MAP	138176	8
1bb13a3ed2	/IZ00.MAP	55392	8
1bb13a3ed2	/IZ00.MAP	55982	8
1bb13a3ed2	/RT20.MAP	102380	8
1bb13a3ed2	/RT20.MAP	104383	8
1bb13a3ed2	/WR00.MAP	233657	8
57ac65eca9	/DG10.MAP	90487	8
50d538068e	/IS10.MAP	58583	8
88e8767a6a	/JG02.MAP	126444	8
1b32a6c3d5	/AT20.MAP	89759	29
1b32a6c3d5	/AT20.MAP	89860	29
1b32a6c3d5	/AT20.MAP	90158	29
1b32a6c3d5	/AT20.MAP	90199	29
1b32a6c3d5	/AT20.MAP	91176	29
1b32a6c3d5	/DL00.MAP	122581	29
1b32a6c3d5	/DL00.MAP	122675	29
1b32a6c3d5	/GT10.MAP	50933	29
1b32a6c3d5	/GT10.MAP	51095	29
1b32a6c3d5	/GT10.MAP	51295	29
1b32a6c3d5	/NT20.MAP	144364	29
1b32a6c3d5	/WK00.MAP	107740	29
991c5f365b	/SB00.MAP	72998	8
c36f92fc76	/NT21.MAP	130642	6
fe1febf1ab	/KM10.MAP	48324	29
fe1febf1ab	/NT20.MAP	144495	29
fe1febf1ab	/NT20.MAP	144620	29
fe1febf1ab	/NT20.MAP	144753	29
fe1febf1ab	/NT20.MAP	144843	29
fe1febf1ab	/NT20.MAP	145000	29
fe1febf1ab	/NT20.MAP	145082	29
fe1febf1ab	/NT20.MAP	147174	29
fe1febf1ab	/OB00.MAP	156068	29
fe1febf1ab	/OB00.MAP	156123	29
fe1febf1ab	/OB00.MAP	156215	29
fe1febf1ab	/SK00.MAP	117029	29
fe1febf1ab	/SK00.MAP	117080	29
fe1febf1ab	/SK00.MAP	117141	29
fe1febf1ab	/SK00.MAP	117196	29
fe1febf1ab	/SK00.MAP	117304	29
fe1febf1ab	/SK00.MAP	117392	29
fe1febf1ab	/SK00.MAP	119387	29
fe1febf1ab	/SK00.MAP	119469	29
972d006a1d	/GH00.MAP	151955	8
d6fee8329a	/IG00.MAP	159511	8
d6fee8329a	/WC00.MAP	208290	8
48451e2479	/WY02.MAP	214720	8
d629a1f858	/WK00.MAP	107818	8
e51056be48	/WR00.MAP	233267	8
f8ad871216	/WAZAHELP.MSG	1024	24
2506d251c0	/ZM00.MAP	154671	6
52722cd06c	/IG00.MAP	170447	6
5bddb5a4e8	/IG00.MAP	171464	6
6004587f70	/BL00.MAP	126424	6
6004587f70	/GM00.MAP	199009	6
6004587f70	/MP00.MAP	179869	6
6004587f70	/QH00.MAP	162596	6
6004587f70	/ZM00.MAP	157818	6
7cac69c56c	/BL00.MAP	126893	4
7cac69c56c	/GB00.MAP	197520	4
7cac69c56c	/HL10.MAP	100504	4
7cac69c56c	/KR00.MAP	95271	4
7cac69c56c	/MP00.MAP	182283	4
7cac69c56c	/MP00.MAP	182729	4
7cac69c56c	/MP00.MAP	182947	4
7cac69c56c	/MP00.MAP	183070	4
7cac69c56c	/OT00.MAP	169336	4
7cac69c56c	/OT01.MAP	167744	4
7cac69c56c	/QH00.MAP	150489	4
7cac69c56c	/TM00.MAP	131311	4
7cac69c56c	/ZM00.MAP	158406	4
7cac69c56c	/ZM01.MAP	142331	4
e1217978b6	/CK00.MAP	164193	4
e1217978b6	/CK00.MAP	169998	4
e1217978b6	/GB00.MAP	197425	4
e1217978b6	/GB00.MAP	197472	4
e1217978b6	/GM00.MAP	173507	4
e1217978b6	/GM00.MAP	175069	4
e1217978b6	/HL10.MAP	100362	4
e1217978b6	/HL10.MAP	100409	4
e1217978b6	/HL10.MAP	100456	4
e1217978b6	/IG00.MAP	157640	4
e1217978b6	/IG00.MAP	159957	4
e1217978b6	/IG00.MAP	162904	4
e1217978b6	/IG00.MAP	164916	4
e1217978b6	/IG00.MAP	167595	4
e1217978b6	/KM00.MAP	145006	4
e1217978b6	/KR00.MAP	102272	4
e1217978b6	/MH00.MAP	160577	4
e1217978b6	/MH00.MAP	161474	4
e1217978b6	/MH00.MAP	162717	4
e1217978b6	/MH00.MAP	165182	4
e1217978b6	/MH00.MAP	165946	4
e1217978b6	/MH00.MAP	166811	4
e1217978b6	/MP00.MAP	183432	4
e1217978b6	/MP00.MAP	184171	4
e1217978b6	/MP00.MAP	184564	4
e1217978b6	/MP00.MAP	184682	4
e1217978b6	/MP00.MAP	184901	4
e1217978b6	/MP00.MAP	185694	4
e1217978b6	/MP00.MAP	185839	4
e1217978b6	/MP00.MAP	185957	4
e1217978b6	/MP00.MAP	186179	4
e1217978b6	/MP00.MAP	186408	4
e1217978b6	/MP00.MAP	186639	4
e1217978b6	/MP00.MAP	186749	4
e1217978b6	/OT00.MAP	170586	4
e1217978b6	/OT00.MAP	171632	4
e1217978b6	/OT00.MAP	172498	4
e1217978b6	/OT01.MAP	166638	4
e1217978b6	/OT01.MAP	167182	4
e1217978b6	/OT01.MAP	167510	4
e1217978b6	/QH00.MAP	151980	4
e1217978b6	/QH00.MAP	152695	4
e1217978b6	/QH00.MAP	153901	4
e1217978b6	/ZM00.MAP	158311	4
e1217978b6	/ZM00.MAP	158358	4
e1217978b6	/ZM01.MAP	143299	4
e1217978b6	/ZM01.MAP	143734	4
bdfa457b34	/PRF_0/PF_000.PRF	40964	210
100cbcd54a	/PRF_0/PF_001.PRF	40964	234
0d3b05a36c	/PRF_0/PF_002.PRF	40964	226
168cef6e0c	/PRF_0/PF_003.PRF	40964	204
7e13a6e0ab	/PRF_0/PF_004.PRF	40964	214
a1f87fd8f1	/PRF_0/PF_005.PRF	40964	208
17952e4200	/PRF_0/PF_006.PRF	40964	194
6c76d4a04e	/PRF_0/PF_007.PRF	40964	206
b235c83b8c	/PRF_0/PF_008.PRF	40964	196
1f92e22be3	/PRF_0/PF_009.PRF	40964	70
04e0b07c1a	/PRF_0/PF_010.PRF	40964	214
c7101b013d	/PRF_0/PF_011.PRF	40964	210
d838860b61	/PRF_0/PF_012.PRF	40964	240
5b9e2c3510	/PRF_0/PF_013.PRF	40964	226
6a76a14255	/PRF_0/PF_020.PRF	40964	240
1294ff414e	/PRF_0/PF_021.PRF	40964	244
e2aadbf616	/PRF_0/PF_022.PRF	40964	218
dcd9ce027e	/PRF_0/PF_023.PRF	40964	250
bd91bae637	/PRF_0/PF_024.PRF	40964	206
64239c60ed	/PRF_0/PF_025.PRF	40964	248
f7715a0bd3	/PRF_0/PF_026.PRF	40964	208
54d244483a	/PRF_0/PF_027.PRF	40964	204
c347ef3b11	/PRF_0/PF_028.PRF	40964	192
504794f0cd	/PRF_0/PF_029.PRF	40964	218
758da1938d	/PRF_0/PF_030.PRF	40964	202
5693ddec5d	/PRF_0/PF_031.PRF	40964	220
3910385d98	/PRF_0/PF_032.PRF	40964	228
c5027c02b7	/PRF_0/PF_033.PRF	40964	208
ce645aab5c	/PRF_0/PF_034.PRF	40964	222
e6bdbf600a	/PRF_0/PF_035.PRF	40964	218
fe2ec61cb7	/PRF_0/PF_036.PRF	40964	216
112f8b1052	/PRF_0/PF_037.PRF	40964	240
6bb9680a30	/PRF_0/PF_040.PRF	40964	218
00fa799ce7	/PRF_0/PF_041.PRF	40964	242
ca24cb37e7	/PRF_0/PF_042.PRF	40964	224
09f4759725	/PRF_0/PF_043.PRF	40964	220
1df8c85ac1	/PRF_0/PF_044.PRF	40964	240
df82df38de	/PRF_0/PF_045.PRF	40964	246
2e35df081d	/PRF_0/PF_046.PRF	40964	238
d42b4f71eb	/PRF_0/PF_047.PRF	40964	244
8301aa7195	/PRF_0/PF_048.PRF	40964	196
6a77d725a2	/PRF_0/PF_049.PRF	40964	216
d9ad31358f	/PRF_1/PF_050.PRF	40964	226
6da8aa8f29	/PRF_1/PF_051.PRF	40964	220
499313ed41	/PRF_1/PF_052.PRF	40964	22
6aecd850d8	/PRF_1/PF_053.PRF	40964	236
b9c9776779	/PRF_1/PF_054.PRF	40964	236
bf73c27e0d	/PRF_1/PF_055.PRF	40964	182
3be21f3db2	/PRF_1/PF_060.PRF	40964	242
a5cd83f515	/PRF_1/PF_061.PRF	40964	236
2f0cc203c6	/PRF_1/PF_062.PRF	40964	234
22f15c711b	/PRF_1/PF_063.PRF	40964	222
e84506aec0	/PRF_1/PF_064.PRF	40964	248
92b9572fbe	/PRF_1/PF_065.PRF	40964	232
e79b494d20	/PRF_1/PF_066.PRF	40964	200
64b7262a16	/PRF_1/PF_067.PRF	40964	232
b4252ef75f	/PRF_1/PF_068.PRF	40964	234
d248e12d7b	/PRF_1/PF_069.PRF	40964	222
4890a8b754	/PRF_1/PF_070.PRF	40964	224
b96683ef3b	/PRF_1/PF_071.PRF	40964	204
cb82ec00c5	/PRF_1/PF_075.PRF	40964	248
7f04fb949e	/PRF_1/PF_076.PRF	40964	208
f0d8d4d62c	/PRF_1/PF_077.PRF	40964	190
37fea03a7a	/PRF_1/PF_078.PRF	40964	230
7b740ecb0e	/PRF_1/PF_079.PRF	40964	196
572ab0b9a0	/PRF_1/PF_080.PRF	40964	222
e80b861b2f	/PRF_1/PF_081.PRF	40964	188
3fb48696c4	/PRF_1/PF_082.PRF	40964	226
650d90512b	/PRF_1/PF_083.PRF	40963	23
3875ad50a2	/PRF_1/PF_084.PRF	40964	230
b1e4acaba9	/PRF_1/PF_085.PRF	40964	226
a2a289e083	/PRF_1/PF_086.PRF	40964	220
a69e52850e	/PRF_1/PF_087.PRF	40964	224
99d32b51b5	/PRF_1/PF_088.PRF	40964	212
2b6778fbf2	/PRF_1/PF_089.PRF	40964	232
3c747ef4df	/PRF_1/PF_090.PRF	40964	236
efeb6062b5	/PRF_1/PF_091.PRF	40964	244
06a727b9f5	/PRF_1/PF_092.PRF	40964	232
bea876a3ba	/PRF_1/PF_093.PRF	40964	244
98c355966b	/PRF_1/PF_095.PRF	40964	62
ad72823f9c	/PRF_1/PF_096.PRF	40964	64
8e1b66c31d	/PRF_1/PF_097.PRF	40964	62
aea40e5f7d	/PRF_1/PF_098.PRF	40964	38
499313ed41	/PRF_1/PF_099.PRF	40964	22
499313ed41	/PRF_1/PF_100.PRF	40964	22
499313ed41	/PRF_1/PF_101.PRF	40964	22
499313ed41	/PRF_1/PF_102.PRF	40964	22
499313ed41	/PRF_1/PF_103.PRF	40964	22
499313ed41	/PRF_1/PF_104.PRF	40964	22
8f03c4de72	/PRF_1/PF_105.PRF	40964	22
499313ed41	/PRF_1/PF_106.PRF	40964	22
c003011c6a	/PRF_1/PF_107.PRF	40964	140
499313ed41	/PRF_1/PF_108.PRF	40964	22
499313ed41	/PRF_1/PF_109.PRF	40964	22
499313ed41	/PRF_1/PF_110.PRF	40964	22
499313ed41	/PRF_1/PF_111.PRF	40964	22
499313ed41	/PRF_1/PF_112.PRF	40964	22
499313ed41	/PRF_1/PF_113.PRF	40964	22
499313ed41	/PRF_1/PF_114.PRF	40964	22
499313ed41	/PRF_1/PF_115.PRF	40964	22
499313ed41	/PRF_1/PF_116.PRF	40964	22
499313ed41	/PRF_1/PF_117.PRF	40964	22
499313ed41	/PRF_1/PF_118.PRF	40964	22
52722cd06c	/BL00.MAP	124800	6
5bddb5a4e8	/BL00.MAP	125254	6
2506d251c0	/BL00.MAP	125764	6
52722cd06c	/CK00.MAP	160788	6
5bddb5a4e8	/CK00.MAP	161281	6
2506d251c0	/CK00.MAP	161869	6
2506d251c0	/GB00.MAP	196738	6
52722cd06c	/GM00.MAP	195355	6
5bddb5a4e8	/GM00.MAP	195996	6
2506d251c0	/GM00.MAP	196716	6
5bddb5a4e8	/GM00.MAP	197285	6
2506d251c0	/GM00.MAP	197860	6
52722cd06c	/GM00.MAP	198520	6
52722cd06c	/HL10.MAP	98546	6
5bddb5a4e8	/HL10.MAP	99045	6
2506d251c0	/HL10.MAP	99610	6
52722cd06c	/IG00.MAP	169944	6
5bddb5a4e8	/IG00.MAP	170952	6
2506d251c0	/IG00.MAP	171925	6
2506d251c0	/IG00.MAP	172508	6
52722cd06c	/KM00.MAP	148532	6
2506d251c0	/KM00.MAP	149137	6
2506d251c0	/KR00.MAP	93673	6
52722cd06c	/KR00.MAP	94194	6
5bddb5a4e8	/KR00.MAP	94758	6
52722cd06c	/MH00.MAP	163569	6
5bddb5a4e8	/MH00.MAP	164062	6
52722cd06c	/MP00.MAP	180435	6
5bddb5a4e8	/MP00.MAP	180926	6
2506d251c0	/MP00.MAP	181492	6
2506d251c0	/OT00.MAP	167467	6
52722cd06c	/OT00.MAP	168156	6
5bddb5a4e8	/OT00.MAP	168716	6
2506d251c0	/OT01.MAP	168233	6
52722cd06c	/OT01.MAP	168876	6
5bddb5a4e8	/OT01.MAP	169454	6
2506d251c0	/QH00.MAP	148696	6
52722cd06c	/QH00.MAP	149229	6
5bddb5a4e8	/QH00.MAP	149853	6
6004587f70	/TJ00.MAP	144596	6
6004587f70	/TJ00.MAP	144681	6
6004587f70	/TJ00.MAP	144771	6
6004587f70	/TJ01.MAP	144596	6
6004587f70	/TJ01.MAP	144681	6
6004587f70	/TJ01.MAP	144771	6
6004587f70	/TJ10.MAP	30283	6
6004587f70	/TJ10.MAP	30366	6
6004587f70	/TJ10.MAP	30454	6
6004587f70	/TJ11.MAP	45411	6
6004587f70	/TJ11.MAP	45494	6
6004587f70	/TJ11.MAP	45582	6
6004587f70	/TJ20.MAP	30372	6
6004587f70	/TJ20.MAP	30455	6
6004587f70	/TJ20.MAP	30543	6
6004587f70	/TJ21.MAP	45508	6
6004587f70	/TJ21.MAP	45591	6
6004587f70	/TJ21.MAP	45679	6
6004587f70	/TJ22.MAP	49416	6
6004587f70	/TJ22.MAP	49499	6
6004587f70	/TJ22.MAP	49587	6
6004587f70	/TJ30.MAP	52957	6
6004587f70	/TJ30.MAP	53040	6
6004587f70	/TJ30.MAP	53128	6
6004587f70	/TJ31.MAP	55013	6
6004587f70	/TJ31.MAP	55096	6
6004587f70	/TJ31.MAP	55184	6
6004587f70	/TJ32.MAP	49373	6
6004587f70	/TJ32.MAP	49456	6
6004587f70	/TJ32.MAP	49544	6
6004587f70	/TJ40.MAP	144762	6
6004587f70	/TJ40.MAP	144949	6
6004587f70	/TJ41.MAP	144769	6
6004587f70	/TJ41.MAP	144956	6
6004587f70	/TJ50.MAP	30344	6
6004587f70	/TJ50.MAP	30531	6
6004587f70	/TJ51.MAP	45520	6
6004587f70	/TJ51.MAP	45727	6
6004587f70	/TJ60.MAP	30422	6
6004587f70	/TJ60.MAP	30609	6
6004587f70	/TJ61.MAP	45606	6
6004587f70	/TJ61.MAP	45793	6
6004587f70	/TJ62.MAP	49467	6
6004587f70	/TJ62.MAP	49655	6
6004587f70	/TJ70.MAP	53043	6
6004587f70	/TJ70.MAP	53230	6
6004587f70	/TJ71.MAP	55003	6
6004587f70	/TJ71.MAP	55190	6
6004587f70	/TJ72.MAP	49459	6
6004587f70	/TJ72.MAP	49646	6
52722cd06c	/TM00.MAP	130295	6
5bddb5a4e8	/TM00.MAP	130773	6
2506d251c0	/ZM00.MAP	155066	6
52722cd06c	/ZM00.MAP	155589	6
52722cd06c	/ZM00.MAP	156047	6
5bddb5a4e8	/ZM00.MAP	156616	6
5bddb5a4e8	/ZM00.MAP	157115	6
52722cd06c	/ZM01.MAP	144290	6
5bddb5a4e8	/ZM01.MAP	144946	6
2506d251c0	/ZM01.MAP	145680	6
1ef11ef9ef	/MH00.MAP	164600	6
