key	files	bytes	chars	tokens	jp	ko
27e6ed3f83	1	507	233	%b %h	場の位相を引き起こす揺らぎは、\n異分子の介入によって\nたやすく引き起こすことが出来る。%b%h世界はその異分子介入の均衡を取るため\n一方に力を吐き出す。%b%hそこから波のように、\n揺らぎは大きくなっていく。%b%hそしてその揺らぎ、\nすなわちカオスが続けば、%b%h２つの世界の境界はなくなり、\n全てが虚無に包まれる。%b%h虚無と実存が対消滅を起こす時、\n境界を接して存在する２つの世界も\n消滅すると考えられる。%b%h我々が住む世界は、\n常に微妙なバランスの上で\n存在しているのである。%b%hウィスコ著、\n「虚無と実存～カオスの揺らぎ」%b	
ab8a4b8152	1	485	225	%b %h	果たしてこの世にある魔法力は\n一体どこより来ているのか？%b%hかっての戦役にて、異世界の扉が開いた際、\n私は、はっきりと感じとった。%b%h異世界こそが、\n我らの世界でいう「魔法力」の根源、\nすなわち負の力場である。%b%h両者は各地に点在する水晶を通じて\n波の満ち引きのような力の揺らぎにより\nお互いにその均衡を保っている。%b%h力の揺らぎが大きくなった時\n両者の均衡は崩れ、巨大な魔法力が生じ\n両者の世界に混沌をまきちらす。%b%hそれがカオスの力と呼ばれる物である。%b%hウィスコ著、\n「魔法世界の真実」%b	
2ff7929880	1	441	218	%b	「郷土の英雄、女海賊ディアナ」\n今を去る事一世紀ほど昔、ヤマタイより侵攻してきたゲンユウサイとリグロードの英雄達の戦い、すなわちリグロード戦役において、クィーンズランドのアーサー王子らと共に戦ったのが、女海賊ディアナである。\nオルトマを中心に、リグロード沿海を荒し回り人々から恐れられていたディアナが、アーサー王との出会いによって改心したエピソードは、アーサー王のじゃじゃ馬ならしとして知られている。\n　　　　（オルトマ自治会歴史保存委員会）%b	
398895e646	1	468	213	%b %h	これが、古来より禁書の中に隠された\n異世界の真実である。%b%h最後になるが、私は私自身を、\n異世界と現世をつなぐ「次元の扉」の%b%h強力な封印へと、自身の魔法力を使い、\n変身する決意を記す。%b%h良き友人の母への、\nせめてもの償いになればと思う。%b%hしかし、強力な封印も、\nいつかは破られる時がくるであろう。%b%hあるいは、時の流れの中で\n自然に弱まるかもしれぬ。%b%hここに記した知識が、\n悪用されることのないように、%b%h今はただ祈るのみである。%b%hウィスコ著、\n「魔法世界の真実」%b	
755db16846	1	390	179	%b %h	以下、賢者ウィスコの考察より引用する。%b%hおよそ魔法に従事する者で、\nガルマンオーブに秘められた力の可能性に\n魅せられない者などいないであろう。%b%hしかしそこに秘められた\nカオスの力は怪物である。%b%hそれは絶対的な虚無のゆらぎである！%b%h全てが虚数次元の彼方に\n滅亡してからでは遅いのだ。%b%hそれゆえに、魔法球の研究を禁じよ！\n必要とあらば、弾圧せよ！%b%hファルコ著、\n「ガルマンオーブの研究」%b	
ca0e8d68a6	1	353	173		　　　　　　　　　　　　　　　　　　　［２／５］\n各技の技Ｌｖ－技を使うために必要となる技レベル\n　　　　　　　です。もう１つの値は使うごとに加\n　　　　　　　算される経験値です。\n必要行動力　－技を使うために必要な行動力です。\n　　　　　　　移動したときに、この必要行動力だ\n　　　　　　　けの行動力が残っていないと技を使\n　　　　　　　うことはできません。	
44148705ca	1	350	171		パラメータ種類（２）　　　　　　　　　［７／７］\n幸運　　－運は回避率をアップします。\n賢さ　　－魔法攻撃力に影響を与えます。\n抗魔力　－魔法技を受けた時のダメージを小さくす\n　　　　　る力です。\n回避率　－自分と同程度の速さの\n　　　　　モンスターに対する回避率です。\n必殺率　－自分と同程度の能力を持つ、\n　　　　　モンスターに対するクリティカル率です。	
3d1421847a	1	340	166		パラメータ種類（１）　　　　　　　　　［６／７］\n行動力　－移動と攻撃技で使用する値。ターン毎に\n　　　　　回復します。\n登坂　　－坂を登る能力や水の上などを飛行できる\n　／水上　能力を示します。\n速さ　　－回避率と必殺率に影響を与えます。\n攻撃力　－攻撃技でのダメージ力です。\n防御力　－攻撃技を受けた時のダメージを小さくす\n　　　　　る力です。	
2bb7f847b9	1	338	165		ステータス種類（１）　　　　　　　　　［３／７］\n飛－空中に浮いていて、いづな落としや投げで攻撃\n　　されません。また、地系の攻撃技でダメージを\n　　受けません。\n透－透明化しています。打撃系の攻撃を受けません。\n眠－眠らされています。寝ている間は何もできませ\n　　ん。\n恐－恐怖に理性を失っています。相手から逃げまわ\n　　ることしかできません。	
190bbb569f	1	334	162	%b	リグロードから竜騎士が来てるらしいで。\nなんでもヤマタイの苦境を救うためとか。\n　　　　　　　　　　　　　　　（クシロ）\n↑それやったらオレも聞いたことがあるわ。\n身の丈１００寸の大男って話や。\n　　　　　　　　　　　　　　　（イクリ）\n↑イガのアスカと義賊シラナミが、\nその竜騎士と一緒やねんて！\n　　　　　　　　　　　　　　（サキクサ）%b	
bf2f8117e1	1	335	162	%b	７人委員会のやりかたは間違ってる。\n我々は断固として抗議活動を続けていく。\n　　　　　　　　　　　　　（ヘネスィー）\n↑一点突破、全面展開！\n権力による横暴を許すな！\n　　　　　　　　　　　　（フォアローズ）\n出頭命令。\nヘネスィー、および、フォアローズは、\n指定日時に７人委員会の塔に出頭すること。\n　　　　　　　　　　　　　（７人委員会）%b	
d2d98ed3b4	1	334	162	%b	ヤーツ・テ・ターセ作の\n美少女魔法戦士プリンセスドラグーンって\n物語があるんだけど、けっこう面白いゼ。\n　　　　　　　　　　　　　（クラリース）\n↑主役のアーヤがいいんだよナ！！\n　　　　　　　　　　　　　　　（アドベ）\n↑分かってねェな、お前ら。なんたって、\n「美少女剣士、黒の雷光」が一番だぜ！\n　　　　　　　　　　　　　（エクセーヌ）%b	
e6d4b69651	1	274	160	%b	ゴジョウ大橋が何者かにこわされたヨ！\n無茶するやつが多いよネ！\n                            （花組イセ）\n↑それをやったのは、\nきっと、ウチのお頭だろうぜ！\n                            （月組一同）\n↑お兄ぃちゃん。\n無事に帰ってきてね！\n　　　　　　　　　　　　　　　（ヨモギ）%b	
f4720b69e5	1	329	159	%b	ここから南に向かったおぼろ谷に、\nクリカラっちゅう隠れ里があるらしいで。\n　　　　　　　　　　　　　　　（クシロ）\n↑嘘言うなや。\nおぼろ谷は通れへんって聞いたで。\n　　　　　　　　　　　　　　　（イクリ）\n↑おぼろ谷にはミズタマって名の、\n賊が出るって話や。\nおぼろ谷を抜ける前にやられるわ。\n　　　　　　　　　　　　　　（サキクサ）%b	
01a104acfb	1	327	158	%b	お城周辺の草むしりの奉仕作業に\n従事してくれる人を募集します。\n　　　　　　　　　　（ザルマ町内会会長）\n↑ミュウ姫様に感謝してもらえるんなら\n参加してもいいな・・・。\n　　　　　　　　　　　　　　　（シュウ）\n↑お前、目的が不純だぞ！\nその点、俺なんか、\n最初っからミュウ様目当てだもんネ。\n　　　　　　　　　　　　　　　　（ヒロ）%b	
7f06aa8434	1	327	158	%b	忍者屋敷にとらえられていた月組が、\nアスカとリグロードからやって来た連中に\n助け出されたらしい。\n　　　　　　　　　　　　（夜叉組ヤカツ）\n↑イガ最強のシノビ、アスカとその仲間達が\nやってくれたぜ！\n　　　　　　　　　　　　（雷音組ヒデジ）\n↑さすがは親分！\nはやめのおかえり、待ってますぜ！\n　　　　　　　　　　　　　　（月組一同）%b	
c4540c4df0	1	336	156	%b %h	イクシーズの部品は\nどれも特別な鉱石からできている。%b%h中でもとりわけ重要な鉱石が２種類あって、\nマラカイトとアローストーンと呼ばれる。%b%hマラカイトとアローストーンは、\nイクシーズの構造上欠かせない鉱石である。%b%hこの二つの鉱石無くしては、\nイクシーズが空を飛ぶことは\nきわめて難しいであろう。%b%hグラビティ長老著\n「イクシーズ構造論１」%b	
70087ffee5	1	319	154	%b	ヤマタイのどっかには、\n隠し金山があるらしいで。\n　　　　　　　　　　　　　　　（クシロ）\n↑またこんなデタラメ書いてからに。\nそんなんウソに決まってるがな。\n　　　　　　　　　　　　　　　（イクリ）\n↑ほんとかどうかは知らんが、\n場所が分からへんのじゃ、\n何もないのんと同じやんか。\n　　　　　　　　　　　　　　（サキクサ）%b	
92826d9609	1	314	153		　　　　　　　　　　　　　　　　　　　［２／７］\nＨｐ（ヒットポイント）\n　体力値を表わします。\n　０になると、行動不能になり画面から消えますが、\n　ワールドマップにもどると復活します。\nＭｐ（マジックポイント）\n　魔法力を表わします。\n　魔法を使うごとに消費し、魔法の必要Ｍｐに\n　足らなくなると魔法が使えなくなります。	
33ca2c71d7	1	299	146		（決定）　　　　　　　　　　　　　　　［２／７］\n　移動キャラクタの決定、行動の決定に使用します。\n　カーソルが次のポイントにあるときは、\n　特殊な動作をします。\n　　１）プレイヤーキャラクター上\n　　　　　－－－プレイヤーの行動指示\n　　２）モンスターキャラクター上\n　　　　　－－－モンスターの情報表示	
0082ea09df	1	294	143	%b	飛ぶ鳥のアスカの奴、\nリグロードから来た\n美女と一緒だっていうじゃねぇか！\n神様の意地悪ぅぅぅっ！\n　　　　　　　　　　　　　（雪組カトヲ）\n\n↑ひがんでんじゃねぇよっ！\n　　　　　　　　　　　　    （月組一同）\n↑お兄ぃちゃんのばかっ！\nふけつよ。きらいっ！\n　　　　　　　　　　　　　　　（ヨモギ）%b	
3f05a4b1a4	1	293	143		　　　　　　　　　　　　　　　　　　　［４／５］\n射程　　　　－技や魔法が届く範囲です。\n　　（単）一体だけを攻撃します。\n　　（術）一体だけを攻撃します。\n　　　　　障害物の影響を受けません。\n　　（弧）扇の範囲に攻撃します。\n　　（扇）扇の範囲に攻撃します。\n　　　　　障害物の影響を受けません。	
e72d88b684	1	288	140		ステータス種類（３）　　　　　　　　　［５／７］\n大－自分が大きくなっていて、\n　　攻撃力も高くなっています。\n小－自分が小さくなっていて、\n　　攻撃力も低下しています。\n昇－行動力が上昇していて、移動の範囲が広くなっ\n　　ています。\n低－行動力が低下していて、移動の範囲もせまく\n　　なります。	
2270e7de9a	1	278	136		ステータス種類（２）　　　　　　　　　［４／７］\n凍－凍らされています。溶けるまでは動くこともで\n　　きません。\n痺－マヒさせられています。動くことができません。\n乱－混乱させられています。敵、味方の区別なく攻\n　　撃してくるでしょう。\n操－敵に操られています。味方を攻撃してきます。	
5660f5e1fa	1	286	131	%b %h	イクシーズと同型の空中船は\n多数建造されたと推測される。%b%hだが、そのほとんどは、\n古代魔法王国を滅ぼした%b%h謎の大異変によって、\nその民族と共に失われたと考えられる。%b%h現在、確認されている空中船は\nグラビティ沖の海底に沈んでいるもの、\nただ１機のみである。%b%hファルコ著、\n「光翼伝承」%b	
f895b6e4d3	1	270	130	%b	山を登ってったら、\n鳥の化け物に、つかまえられてん。\nほんま、生きた心地がせんかったわ。\nしばらくしたら、放されてんけどな。\n　　　　　　　　　　　　　　　（クシロ）\n↑そら、あぶないわ。\nガケから落とされたら、\n一発であの世行きや。\n　　　　　　　　　　　　　　　（イクリ）%b	
020e85a4db	1	260	129		　クリカラ村では、砲術という、火薬を扱う技術がある。その第一人者がタタラという大男だ。\n　カダール軍は砲術に戦略的価値を見いだし、タタラ達に協力を命じた。\n　しかし、自分達の技術が無益な大量殺人に使われることを嫌ったタタラ達は、カダールの要求に反対し続けていた。	
bd1f9080cd	1	259	129		そこへ突然攻撃をしかけてきたのはカダールっていう聞いたことのない国の軍隊と、それを率いるガルザードという男だった。突然の攻撃にドラグーン王は、ミュウにヤマタイのイガへ行けと命じて、城を脱出させたんだ。\n　こうして、僕とミュウとの旅は戦いともに幕を開けた・・・。	
bd50c2ef13	1	267	129	%b	村一番のイニシエ、タタラが\nカダール討伐のために、リグロードから来た\n竜騎士の娘の仲間になったんだって。\n　　　　　　　　　　　　　　　（アヅサ）\n↑大丈夫かなぁ。\nあいつ、砲術の腕は確かだけど、\n・・・いろいろ苦労すると思うぜ。\n　　　　　　　　　　　　　　　（ツルギ）%b	
6f5f2bb386	1	257	128		　驚いたのは、アレクトリア大図書館の地下閲覧室で見たいくつもの古代魔法文明に関する文献の著者、ファルコの実兄だということだった。\n　僕達は、イクシーズ号の修復に協力を仰ぐためホークアイとともに、カダールに捕らわれているというファルコを助けに行くことになった。	
0ad0b1a9bc	1	259	127		\rh　　　　　　　　　　　　　　　　　　　［１／５］\n技Ｌｖ　　　－現在の技のレベルです。\n技Ｅｘｐ　　－技を使うごとに経験値が加算されて\n　　　　　　　いきます。一定値になると技レベル\n　　　　　　　がＵＰして、技を覚えたり、使える\n　　　　　　　ようになります。	
52e2376789	1	257	127		　そして、僕達がクリカラ村を訪れたその日、カダールの連中によって、村に火が放たれた。\n　僕達は決死の覚悟で火薬倉庫に向ったが、爆発を止められなかった。\n　クリカラ村は爆発とともに吹き飛び、僕達は、力不足を後悔した。\n　あの優しい人達の笑顔が戻ることはもうない。	
d2d09c0855	1	260	126	%b	われらがミュウ姫様が、カダール軍とカダールの指導者を、\nうちやぶったぞ！\n　　　　　　　　　　　　　　（リューシャ）\n↑ミュウ王女様、万歳！\n　　　　　　　　　　　　　　　　（ナナイ）\n↑おまえ、それしか言えないのか！？\n　　　　　　　　　　　　　　（リューシャ）%b	
37bc9adca9	1	254	124		　　　　　　　　　　　　　　　　　　　［５／５］\n　　（円）円の範囲に攻撃します。\n　　（全）円の範囲に攻撃します。\n　　　　　障害物の影響を受けません。\n　　（直）直線上に攻撃します。\n　　　　　障害物の影響を受けません。\n　　（自）自分自身に技をかけます。	
b739aa1baf	1	250	124		　オボロ谷のアヤ姫といえば、リグロードの英雄達が戦ったあの戦いで、ミュウや僕の先祖達を苦しめた相手だ。\n　ここには、そのアヤ姫の血をつぐミズタマという女盗賊がいた。\n　負けず嫌いな性格らしくて今後も僕達に挑んでくるのかもしれないと思うと、うんざりする。	
a16fa4af4e	1	248	123		　僕は、このゲテンという城で起こったことを一生忘れることはできないだろう・・・。\n　僕達はカダールの将軍ガルザードをゲテン城の最奥部に見つけ出した。そこまで追い詰めたと思ったのは、僕達の大きな誤算だった。\n　ガルザードは自分の必要性のために、その場所	
de9b860247	1	240	123	%b %h	警告だっせ！\nここから先、試練の迷宮ですたい。%b%h腕に自信のにゃー方は入るべからずなんだな。\n帰ぇって来れなくにゃってもしらにゃーよ。\n　　　                    　　闘乱自警団%b%h黙って入ったら・・・おしおきだべ～～～。\n・・・ナンチャッテ！%b	
3302262620	1	243	121		　新しい仲間が増えた。彼の名前はアスカ。イガ最強のシノビ集団月組の頭領で忍術の使い手だ。\n　アスカは、その戦闘能力の高さをカダールに見込まれ、協力するよう命令された。しかし、彼は従わなかったため、カダールは、アスカの部下を捕らえて忍者屋敷に閉じ	
81c6530637	1	243	121		　今度こそ、死力を尽くした戦いになるだろう。けれど、それでも、僕達が勝つのだと信じたい。うちひしがれ、恐怖に泣き叫ぶ人の心に、美しいただ一つの真実を、吹き込むために、僕達は戦おう。\n　誇りを奪うことは誰にもできないと、その一言を証明するために。	
5a694b5414	1	240	120		　長老の話によれば、グラビティの近くにある海底神殿にイクシーズが眠るらしいことと、イクシーズの原動力であるガルマンオーブが７人委員会によって盗まれたため、イクシーズを動かすためには、どこかでガルマンオーブを見つけてくるしかないということだ。	
86f4774543	1	242	120		　ラグロスはまぎれもなく悪党だったと思う。けれど、彼にもまた、深い心の傷があったように思えてならない。\n　ラグロスを倒したことで、彼によって失われた僕の家族のふくしゅうをすることはできた。\n　だからといって、失われた命が戻ってくるわけではない。	
b2f305857f	1	242	120		　僕の名前はラスティ。　クィーンズランドの王子で、ドラグーン王国の王女ミュウとはおさななじみ。\n　ドラグーン王家は、竜騎士の長でもあり、僕らリグロード大陸の住民には頼もしい存在だ。\n　僕は戦闘訓練を受けるため、ドラグーンを訪問中だったんだけど、	
20c212c4db	1	240	119		　７人委員会の塔に乗り込んだ僕達は、ガルザードと戦い、彼を打ち破った。\n　だが、７人委員会は、すでに彼らの野望を果たすために旅だっていた。\n　彼らは、世界の粛正と支配を望んでいた。そのために、カカルクランに行き、カオスの力を利用するのだ、と。	
4273a42998	1	248	119		　この国の王女ミュウと\nは、小さいころからの知\n合いなんだけど、彼女は\n会うたびにきれいになっ\nていくように思える。\n　でも性格は相変わらず\n意地悪だ。他の人には、\nそれなりに応じるのに、\nどうして僕にだけ彼女は\n意地悪するんだろう。女\n心はわからないなぁ。	
4c0a88bf1d	1	262	119	%b %h	マラカイトは、\nアレクトリア大図書館の\n地下通路に隠されている。%b%hアローストーンについては、\nここには書かずにおく。%b%hもし、アローストーンについて\n知りたければ、%b%h忘れられた村グラビティに、\nこの長老を訪ねるがよい。%b%hグラビティ長老著\n「イクシーズ構造論２」%b	
8e48881d98	1	246	119	%b	リグロードって大陸からやってきた、\n竜騎士の娘が、この村を訪れているよ。\n　　　　　　　　　　　　　　　（アヅサ）\n↑俺、その娘を見たぜ。\nちょっと気が強そうだったけど、\nアヅサよりも可愛いんじゃないかなァ？\n　　　　　　　　　　　　　　　（ツルギ）%b	
e45e5cb192	1	239	119		　最初のうちは、僕達を裏切り者と呼んでいたザルマの人々は、ドラグーン城を取り返すと、手のひらを返したように親切になった。\n　彼らを責めることは僕にはできない。崩れ落ちたドラグーン城のように、ザルマの人々の心もまた、深く傷ついていたのだから。	
3466e8ba8d	1	239	118		　新しくナズナが仲間になった。\n　ナズナは、式神といって、精霊界とかいうところからやってくる一種の妖精らしい。\n　ナズナは、根無しと言って、儀式もなしにこちら側に来た式神だ。\n　本人がこっそり教えてくれたところでは、精霊界に飽きたのでこちらの	
1d82fd04b1	1	235	117		　結界洞は、ヤマタイ中央に位置する霊峰フジを縦断する地下洞窟だ。\n　ここは昔から裏ヤマタイ地方と表ヤマタイ地方とを分断する要害で、ゲテン城の主を守るために一度封印されてしまうと特別なアイテムを３つ揃えなければ、封印を解くことはできない。	
39005becb2	1	235	117		　僕達はまずザルマへ向った。ザルマの人々は、\nドラグーンに起こったことを知らない様子だ。僕達は、人々に真実を知らせてパニックが起きるのを恐れて、ドラグーンがカダールを名乗る軍隊とガルザードによって制圧されたことを話すことができなかった。	
5b12f70a02	1	253	117	%b %h	魔法球の正体は、\n魔法力の純結晶体であると言われている。%b%h現在の魔法科学では、\n魔法力を異世界よりもれた虚無の異物、\nすなわちカオスの力であると定義している。%b%h魔法球とは、\nカオスの力を結晶化した物と推測される。%b%hファルコ著\n「ガルマンオーブの研究」%b	
d0196a0b61	1	235	117		　彼の村人がカダールによって人質にとられていたのを、協力して助け出したのが、カムイが僕達の仲間になるきっかけだった。\n　仲間の中では一番常識的で、僕達にとっては、年上の兄のような感じられる。時々、彼の話が、お説教っぽく聞こえたとしても。	
17dc4b8f48	1	234	116		　アレクトリア大図書館の館長室に、秘密の入口があった。\n　中に入ってみると、貴重な文献が収納されていて、僕達は色々なことを知ることができた。\n　アンジュによれば、そこに隠された文献は、どれも、許可無く見ることのできない重要書類だそうだ。	
1b5de4d2ee	1	233	116		　ヤマタイ最大の都市、ゴジョウ。そこで僕達はワナにはめられ、ホウショウ院という場所に閉じ込められた。\n　僕達を助けてくれたのは、女盗賊のシラナミ。彼女は、どうやらアスカのおさななじみだったらしい。シラナミは今やゴジョウを騒がす大盗賊に	
8a4013bd15	1	232	115		に移動しただけのことであって、僕達のことを脅威と見なしていなかったのだ。\n　ガルザードは突然消え去り、それを妨害しようとしたミュウもまた、ガルザードとともに消え去ってしまった。\n　いったい、ミュウはどこに行ってしまったのだろう・・・。	
8231c4e4b5	1	230	114		　僕達は死の砂漠と呼ばれる砂漠を通り抜けた。そこは、じっとしているだけで体力を失うような暑い砂漠だった。\n　死の砂漠を通り抜け、古代の遺跡と思われる、巨大な石で作られた四角い建物を見つけた。\n　ここには、何かがありそうな予感がする。	
6768c2b2dd	1	228	113		　新しい仲間がまた増えた。\n　彼の名前は、カムイ。カムイコタンという小さな山あいの村の族長で、精霊の力によって熊や鷹といった獣に変化する力を持っている。\n　ユーカリさんという恋人がいて、カムイは彼女のことをとても大切に思っている。	
6def16f743	1	228	113		　しかし、だからといって、二人が再会できたことに何の感動もないと思い込むのは間違っているんだろう。\n　僕には、兄弟も姉妹もないから分からないけれど。\n　ファルコが僕達の手助けをしてくれることで、イクシーズ号の修復に望みがでてきた。	
407f0b8efb	1	229	111	%b	タタラがついにカダールを倒したんだって！\n　　　　　　　　　　　　　　　（アヅサ）\n↑俺はこういう日が来ると信じてたぜ！\n　　　　　　　　　　　　　　　（ツルギ）\n↑お兄ちゃん、おめでとう！\n　　　　　　　　　　　　　　　（ヒバリ）%b	
d73de6c2ba	1	224	111		　そして、僕達がクリカラ村を訪れたその日、カダールの連中によって、村に火が放たれた。\n　僕達は決死の覚悟で火薬倉庫に向い、大爆発を起こすまえに火を消すことができた。\n　こうして、クリカラでも一番の腕を持つタタラが仲間になった。	
120e8812fb	1	227	110	%b	アスカがカダール軍をやっつけたらしいぜ！\n　　　　　　　　　　　　（夜叉組ヤカツ）\n↑きゃー、アスカ様、すてきっ！\n　　　　　　　　　　（花組クノイチ一同）\n↑うおー、アスカ様、最高っス！\n　　　　　　　　　　　　　　（月組一同）%b	
7a13c92928	1	222	110		　ミュウは、ウソをつくのがつらいらしくて、人々の信頼しきった笑顔や温かい言葉から、顔をそむけていた。\n僕も町の人達を裏切るようでとてもつらかった。\n　またこの町に戻ってきた時、町の人々に、どんな顔をすればいいんだろう・・・。	
ddc4fa2e7b	1	224	110		（水平視点切替）　　　　　　　　　　　［６／７］\n　水平方向からの視点に切替わります。\n　この視点では、バトルに関する操作は出来ません。\n　方向キー（左右）　－－　左右に回転します。\n　方向キー（上下）　－－　上下に移動します。	
4d308a5031	1	227	109	%b	爆弾てのは、離れたところで\n爆発するから便利だよな。\n　　　　　　　　　　　　（夜叉組ヤカツ）\n↑まあな。思ったより\n遠くを攻撃できるだろ。\n同じ射程でも倍ぐらいの\n距離は届くんじゃないか？\n　　　　　　　　　　　　（雷音組ヒデジ）%b	
c64d490935	1	222	109		（特殊機能）　　　　　　　　　　　　　［７／７］\n　他のキャラクタを追いかけたい場合に使用します。\n　未行動キャラクタにカーソルを合わせ、\n　特殊機能ボタンを押すと直前に移動した\n　キャラクタに最も近づくポイントへ移動します。	
1064b01f4a	1	224	108	%b	火薬庫の火事は、\nカダール軍がやったものらしい。\nあやしい人影を見たって人がいるよ。\n　　　　　　　　　　　　　　　（アヅサ）\n↑あ、それって俺も見たぜ。\n許せねぇよな、カダールの奴ら。\n　　　　　　　　　　　　　　　（ツルギ）%b	
62aa28a29f	1	217	108		　古代魔法文明、とりわけイクシーズ号に関して学術的興味を持っているファルコを、彼が閉じ込められてたいた場所から助け出した。\n　さぞや涙涙の感動の再会が待っているかと思いきや、そっけないとさえ感じられるほどの再会だった。	
67d8c17bd7	1	218	108		　港町ヒガタで途方にくれていると懐かしい顔に出会った。\n　リグロードからヤマタイまで僕とミュウを船で運んでくれたディアーネさんだ。\n　ディアーネさんは、ミュウのことを聞くと、カダールまで船で連れていくとを申し出てくれた。	
7800bb733c	1	221	108		　　　　　　　　　　　　　　　　　　　［３／５］\n必要Ｍｐ　　－魔法を使うために必要なＭｐです。\n　　　　　　　残りのＭｐがこれより少ないと魔法\n　　　　　　　を使うことはできません。\nパワー　　　－攻撃力や回復力の値です。\n	
7b5147db87	1	225	108	%b	月組頭領、飛ぶ鳥のアスカが、\nリグロードからやって来た連中と、\nつるんでるらしいぜ。\n　　　　　　　　　　　　　（雪組カトヲ）\n\n↑あたしも、それらしい連中と、\n一緒にいるアスカを見たよ。\n　　　　　　　　　　　　　（花組アオイ）%b	
a74af59f5e	1	218	108		　ドリームラビリンスに閉じ込められていたのは自称天才魔導士キングだった。\n　キングは半人半馬のセントールという種族で、自分でいうだけあって、魔法の腕は立つらしい。\n　でも、性格には、色々と問題がありそうなのだぜ～・・・。	
c0a6632879	1	215	107		世界に来たものの、こちらも大して面白くなかったので、洞窟の中で自分自身を封印して眠っていたのだとか・・・。\n　ともかく、アスカにベッタリで、見ていてとても面白い。でも、それを言うとアスカがとても怒るので内緒にしよう。	
d16f7e2d21	1	216	107		　アレクトリア図書館長の遺書を発見。そこには驚くべき事実がかかれていた。\n　だが、何よりも、魔法球の出現と天変地異に驚かされた。\n　戦いはまだ終っていない。本当の平和を勝ち取るために、もう一度、カカルクランへと旅立つ。	
7a61289853	1	215	105		（上視点切替）　　　　　　　　　　　　［４／７］\n　真上からの視点に切替えます。\n　画面内のキャラクターのＨＰ／ＭＰを表示します。\n（横視点切替）\n　横からの視点に切替えます。\n　グリットが表示され、地形が確認出来ます。	
af061086bd	1	211	105		　真に優秀な人間による新しい理想世界、と彼らは表現したらしいが、何もかもが滅び去り、誰もいない王国を支配して、いったいどんな意味があるというのだろう。\n　彼ら７人委員会の行動は、何がなんでも止めなければならない。	
ea7b098627	1	221	104	%b %h	新しい英雄と新しい伝説が生まれた！%b%hドラグーンのミュウ王女一行が\nたどった足跡をあなたも歩いてみませんか？%b%h信頼と実績で１００年の伝統を誇る\nコルベツアー社を是非ご利用下さい。\n　　　　　　　　　　　（コルベツアー社）%b	
081a097217	1	208	103		　新しい仲間が増えるというのは、頼もしいものだと、僕は思う。\n　オルトマで商売を営む鷹人間のホークアイは、我流で剣の修行を積んだ風変りな男だった。\n　ホークアイの助力によって、大地の叫びを突破することができた。	
856b55e220	1	207	103		　ミュウと再会！　これほど嬉しいことはなかった。会えなくて不安で、つきまとう不吉な考えを何度押し殺しただろう。\n　港町ポポロンはカダールの海の玄関口。ここは常に他の大陸から新しく珍しい文化が押し寄せる場所だ。	
c92c6fa7aa	1	221	103	%b %h	魔法球とは、古代魔法文明の遺産であり、\n現在では別名「ガルマンオーブ」\nと、呼ばれている物である。%b%h古代魔法王国時代の繁栄は、\nこの魔法球の開発および\n利用によるものと言われている。%b%hファルコ著\n「ガルマンオーブの研究」%b	
4c944a3189	1	211	102	%b	イガのシノビとリグロードの竜騎士が、\nカダールをやっつけたんやて！\n　　　　　　　　　　　　　　　（クシロ）\n↑オレらの待ち望んだ平和が、\nついに手に入ったっちゅうワケか！\n　　　　　　　　　　　　　　　（イクリ）%b	
2362cc213b	1	203	101		　ファルコ、ディアーネの助力により、イクシーズ号の修復が終った。\n　前回の過ちを繰り返さないため、今度は素人ではなく、ディアーネという操船の専門家とファルコという古代魔法文明の専門家に任せることになった。	
2cb1aff125	1	204	101		込めた。\n　その一方で、イガの人々にアスカが裏切り者であるかのように誤解させ、アスカを孤立させた。\n　けれど、僕達の協力で忍者屋敷を攻略し、アスカの部下を取り戻したことでイガの人々の誤解をとくことができた。	
0a8e5509de	1	208	100	%b	なんやしらんけどエライことになってるわ。\n俺は逃げるで、トンズラや！\nみんな元気でな！\n　　　　　　　　　　　　　　　（クシロ）\n↑どこに行ったかて同じやで。\nアホやな。\n　　　　　　　　　　　　　　　（イクリ）%b	
19e4a8d06e	1	198	98		　７人委員会を倒した！・・・はずなのに、何かがおかしいと、僕の頭の片隅にひっかかる。\n　ミュウとともに世界をイクシーズで回ってみることにする。\n　本当に世界に平和が訪れたのか、この目で確かめてみよう。	
917e94746a	1	197	98		　だから、人々も、一つの考え方に偏ってしまうことがないようでカダールのやり方に反対する動きもあるようだ。\n　ミュウは、ガルザードによって捕らわれていた牢の中でアンジュという新しい仲間を見つけていた。	
be0cc754b2	1	193	96		　ファルコが言うには、イクシーズをもう一度、空に浮かべるために、特別なアイテムが２つ必要だということだった。\n　ひとつはアローストーンと呼ばれるもの、もう一つはマラカイトと呼ばれるものだそうだ。	
64350e2def	1	191	95		なっている。しかも、盗む相手は悪人で、盗んだ金品を貧しい人に分け与えているので、ゴジョウの住民には大人気だ。\n　シラナミは、僕達の仲間になったんだけど、どうも、動機はあまり純粋ではないようだ。	
b6381db94e	1	190	94		　オボロ谷というのは、不気味なところだ。\n絶えず霧ともモヤとも知れない奇妙な煙が漂い、僕達の侵入を拒むような面がある。\n　オボロ谷には、その変った風景以外にも、もう一つ、楽しくない名物がある。	
b6cbf4256f	1	192	87	%b %h	はるかグラビティの沖合いに\nイクシーズは眠っていると言われている。%b%hイクシーズは、\n「光なす翼」を表す古代の言葉である。%b%hその実態は、\n空中を飛行する船である。%b%hファルコ著、\n「光翼伝承」%b	
04f97f9460	1	174	86		　もう、こんな思いをする人々が増えるのはごめんだ。\n　幽玄の森を封印するルゥナからの情報で、７人委員会はすでに次元の扉にたどり着きつつあるようだ。\n　彼らの愚行を止めなければ。	
9c1ed41b7c	1	176	85	%b	ホークアイがカダールをやっつけたそうよ！\n地元の英雄万歳！\n　　　　　　　　　　　　　　　（ユカナ）\n↑ホークアイまんじゅうでも作るか？\n　　　　　　　　　　　　　　　（ショウ）%b	
3a0de9f8e5	1	170	84		　ドラグーン上空にさしかかったイクシーズ号に突然変化がおきた。\n　僕達を乗せたイクシーズ号は墜落し、修理のめどはたっていない。\n　一体、イクシーズ号に何が起こったんだろう。	
e2dd4f8796	1	168	83		　ついに僕達は、イクシーズ号を手に入れた！\n７人委員会が次元の扉の封印を破ってカカルクランに行くことだけはなんとしても止めなければ。\n　なつかしい故郷リグロードへ急ごう！	
ce3886c8a1	1	163	81		　グラビティは、空飛ぶ船イクシーズに関する秘密を守るために、世界の片隅で忘れ去られていた村だった。\n　ここには、アレクトリア図書館ですら忘れられた知識が生きていた。	
8cfe23ae0b	1	159	79		　それがどういう原理で効力を失ったガルマンオーブに作用するのかは、説明はしてもらったものの、結局のところ、分からない。\n　とにかく、この二つを捜しださなければ。	
1ca75e6098	1	162	78	%b	ゴジョウ大橋再建の人手が不足しています。\nあなたの労働力で歴史的建造物を元の姿に\nしてみませんか？\n詳しくは推進会まで。\n　　　　　　　　　　（ゴジョウ文化推進会）%b	
4d31cbda32	1	153	76		　次元の道を突破した。カカルクランは目の前。緊張のため、これ以上書くべきことを思い付かない。\n　全員、生きて帰る。それだけを胸に、７人委員会に戦いを挑む。	
978bc7189a	1	153	76		　アレクトリア大図書館地下通路でイクシーズ号修復に必要な２つのアイテムのうちの１つ、マラカイトを入手。\n　これで一歩、イクシーズ号の修復に近付いたわけだ。	
ee1877d9e6	1	153	76		　僕達は苦労の末、３つのアイテムを集め、ゲテン城へ向うべく、結界洞の封印を解いた。\n　ガルザードとカダール軍が拠点にしているゲテン城は、もう目と鼻の先だ。	
12a15b9a18	1	153	75		（順送り選択）　　　　　　　　　　　　［５／７］\n（逆送り選択）\n　未行動キャラクタにカーソルを自動で合せます。\n　押す度に次のキャラクタに切り替わります。	
65547fed56	1	155	75	%b	今回の戦乱で特にひどく破壊された\nクィーンズハートやドラグーンの復興のため\nみな様からの募金をお待ちしております。\n　　　　　　　　　　　　　　　（ユカナ）%b	
3e4d9012aa	1	149	74		　僕達は、ディアーネさんの好意に甘え、一路、カダールを目指すことになった。\n　ミュウ・・・どうか僕達がカダールにたどりつくまで、無事でいてくれ・・・。	
ec5e23f3cd	1	149	74		　トラグーン城はカダールによって破壊されていた。\n　沢山のドラグーン騎士が帰らぬ人となり、武勇をもって知られるドラグーン王も、また、不帰の人となった。	
2cc30655e2	1	150	72	%b	告\nカダール軍より、リグロードの民へ。\nリグロード大陸全土にわたり、\n偉大なる魔導王国カダールのものとなった。\n　　　　　　　　　　　　　（カダール軍）%b	
53b0113788	1	144	71		　ポポロンは、その日、現実的にも、表現的にも死の町となった。\n　７人委員会は、ポポロンに住む人々を血によって粛正した。\n　僕達は何もできなかった。	
d0a4a922d2	2	147	71		イガ最強のシノビと言えば月組だが、\nどうやら、月組の一党らしいシノビが、\n忍者屋敷に捕まっているらしいぜ。\n　　　　　　　　　　　　（夜叉組ヤカツ）\n\n	
ff67e06154	1	145	71		（キャンセル）　　　　　　　　　　　　［３／７］\n　行動指示、情報表示のキャンセルをします。\n　何もしていなければ、システムメニューに\n　入ります。	
68efde626d	1	140	70		　イシスのピラミッドと呼ばれるその古代遺跡は、ガルマンオーブを保管する、ただそれだけの目的のために作られたと言っても過言ではないようだった。	
f2a31e84cf	1	143	69	%b	村全体の技術向上に役立ったイニシエに\n与えられるマンボウ記念賞は、\nタタラに贈られることになりました。\n　　　　　　　　　　　　　　　（アヅサ）%b	
4f7f5034f1	1	107	68		　以上で日記はおしまいです。\n\ncreate: 1 Aug.96\nupdate:20 Aug.96\n\n　マスターアップしたら黒ビールに花火だ(笑)	
d38c160a24	1	137	68		　サモサ島でイクシーズ号修復に必要な２つのアイテムのうちの１つ、アローストーンを入手。\n　これで一歩、イクシーズ号の修復に近付いたわけだ。	
eccc2b8b3c	1	141	68	%b	カダール軍の奴らが、\nあたし達の村の技術に目をつけてるらしい。\nみんなで協力して、奴らに抵抗しよう！\n　　　　　　　　　　　　　　　（アヅサ）%b	
d2d356f13f	1	135	66		（特殊機能）　　　　　　　　　　　　　［７／７］\n　飛行モードに移ります。\n　シナリオで、アイテムを手に入れていないと\n　使用できません。	
7d543696b0	1	131	65		　僕達は、そこで、ガルマンオーブを見つけることができた。\n　これで、グラビティの近くにある海底神殿に行けば、念願のイクシーズ復活だ！	
bb8d851b92	1	136	65	%b	大地の叫びは、現在、\n謎の霧とモンスターが発生し、\n通行が不可能になっています。\nご注意下さい。\n　　　　　　　　　　　（オルトマ自治会）%b	
f82f390337	1	134	65		ミュウ王女、ドラグーン城を奪回！\nリグロードからカダールの影が無くなるのは\nもはや時間の問題！\n　　　　　　　　　　　　　（リューシャ）\n	
011aa8391e	1	128	62	%b	クィーンズランドの王と王妃を、\n反逆罪で処刑した。カダールに服従しない者の末路を見よ。\n　　　　　　　　（カダール軍、ラグロス）%b	
230dd9d65e	1	122	59	%z	%zきぃぃぃぃぃっ、悔しい、悔しすぎるっ！\nこうなったら、女盗賊シラナミの名にかけて\nアスカをあたしのものにしてやるんだから！	
46693590f1	1	122	59	%b	今じゃそれほど価値の高いものじゃないが、\nこの国に鉄がはじめて伝わってきたころは、\n鉄と金は同じ価値で交換されてたそうだ。%b	
a378b688af	1	123	59	%b	ファルコ氏多いに語る。\nサモサ島の鉱石があれば、\nイクシーズ号再生も可能・・・か？\n　　　　　　　　　　　　　　　（ユカナ）%b	
a710d69223	1	123	59	%z	%zうーむ・・・それほど言うなら、\n自分の未熟さを体で思いしるがいい。\nまったく、むこうみずなところは、\n誰に似たのやら・・・。	
6906937903	1	116	58		　地下閲覧室で見つけた情報をもとに、僕達は、グラビティという町を訪れるべく、アレクトリア大図書館の地下通路を進んだ。	
7215f35221	1	119	58		ミュウ様がカダールをやっつけたそうだ！\nとの話がクイーンズランドより届いたぞ！\n　　　　　　　　　　　　　（リューシャ）\n	
8e14f13c1a	1	121	58	%z	%z・・・シラナミなら、\nヤマタイで２番目の美女だから、\nがんばれば、ヤマタイで２番目ぐらいの\n男を見つけられるかも、なのね！	
96685f9ecf	1	120	58	%b	俺様が飛べればつかんでいってやるのだ～ガー。\nできないものはしょうがないのだ～ゼー。\n俺様は地形を変えていくのだ～ゼー！%b	
7fc1039453	1	118	57	%b	この遺跡、リグロード・サーガの戦いの折、\nすでに、英雄達により探索されてござれば\nそのようなものは見つかりませなんだ。%b	
8df4e838ae	1	119	57	%z	%z竜に変化した直後は、攻撃ができん。\n次の攻撃まで耐えるのだ。\n竜の状態で損害を受け続けると\nやがて元の姿に戻ってしまう。	
af4fccd2a1	1	123	57	%b %h	試練の迷宮に挑むんなら、\nまんず、はァ、迷宮協会で\n受付するぞなもし。%b%h試練の迷宮に入れるようになるのは\nその後だっちゃ。%b	
c3de05c1f1	1	118	57	%b	それは大変なことになっちまったね、\nリグロード大陸中がカダールって国の軍隊に\n制圧されかかってるっていうワケなんだね？%b	
f918522a79	1	120	57	%b %h	両者は、「知識が有能な結果を作る」、\n「有能な結果から知識が生じる」として、\nお互いの監査役として機能しているのです。%b%h	
27c5a3e0ba	1	117	56	%b	自宅から出ないようにして、\nデマに耳を貸さないで\n落ちついて行動して下さい。\n　　　　　　　　　　　（ポポロン自治会）%b	
345a421aee	1	117	56	%b	またもや新事実！\nサモサ島には特別な鉱石があるらしい。\nしかし、効用は不明。\n　　　　　　　　　　　　　　　（ユカナ）%b	
39b67c8fce	1	114	55	%b	なんでも、この町の北東にある古代遺跡に、\nカダールの連中が集めた魔導士や学者達を\n閉じ込めて、何かやってるらしい。%b	
7434d7d208	1	114	55	%b	姫様があたしら町人に親しく話しかけて\n下さるからって、調子にのって失礼にも\nせんさくするようなことを言っちまって。%b	
8c8d86e89a	1	115	55	%z	%zかの者の名は飛ぶ鳥のアスカ！\nドラグーンの南、港町オルトマより\nヤマタイ行きの船に乗るのだ！\nそして、援軍を求めよ！	
9dcf55717d	1	112	55		（順送り選択）　　　　　　　　　　　　［５／７］\n（逆送り選択）\n　仲間になっている他のメンバーとチェンジします。	
036c6cdb90	1	116	54	%b %h	ゲテン城でガルザードとともに\nカダールに飛ばされたミュウは、%b%h７人委員会の塔の監禁室に\nとらわれの身となっていた。%b	
146c596495	2	112	54	%b	これが使われれば、ミュウ姫様のもとへ、\n拙者とディアーネ殿とでイクシーズを操って\n必ずやお迎えにあがるでござる。%b	
2cf511a6df	1	112	54	%b	７人委員会のやり方に反感を抱き、\nわたくし達の活動を支援してくださる方達が\nポポロンには大勢いらっしゃるのです。%b	
63575f5ec5	1	113	54	%z	%zお待ちを！\nリグロード大陸に住む猿を制圧するなど、\n赤児の手をひねるよりもたやすいこと。\n私一人におまかせを・・・	
8fa0a3363a	1	108	54	%b	地震が多発しています！\n寝る前に火の元と\nたんすの上に置いた物の確認を！\n　　　     　　　（イガの里自治会）%b	
94e3959c3c	1	113	54	%z	%zうむ、良い判断だ。\nじゃが、もう少し、粘ってみたら、\n流れは変ったかもしれんな。\nよし、この調子でもう一度挑戦だ！	
be34d92da5	1	110	54		（決定）　　　　　　　　　　　　　　　［２／７］\n　メッセージ送りに使用します。\n　歩いている間は機能しません。	
db8ebd0eda	1	110	54		（特殊機能）　　　　　　　　　　　　　［４／５］\n　アイテムメニュー中で、アイテムを\n　整理することができます。	
022659bb58	1	110	53	%b	信頼と実績で１００年の伝統を誇る\nコルベツアー社を是非ご利用下さい。\n　　　　　　　　　　　（コルベツアー社）%b	
3745a0c51a	1	110	53	%b	ドラグーンがカダール軍の襲撃を受けた時、\n僕とミュウは、君に助けを求めるために\nドラグーン城を抜け出したんだ。%b	
4117cabfd5	1	110	53	%b	と言いたいところだが、７人委員会によって\n我々の聖なる神殿が暴かれ、今や光なす翼は\n空を飛ぶこと叶わず・・・。%b	
afb7ae5dfb	1	110	53	%z	%z竜の姿になれば、空を飛ぶことができる。\nそして、竜の持つ強大な攻撃力をも、\n使いこなすことができるようになる。	
b47a74499b	1	110	53	%b	古代の遺跡には、死者の眠りを守るため\nそうしたゴースト系のモンスターが\n配置されていてもおかしくないだろうな。%b	
c516f5fe00	1	112	53	%b %h	これは、古代魔法文明時代にまで、\nその源をさかのぼることができるほど、\n古くから続く政治形態と言われています。%b%h	
c96b67f291	1	112	53	%b %h	しかし、７人委員会をはじめとする、\nあらゆる政治的機関から独立した存在として\nアレクトリア大図書館があります。%b%h	
e559352b1f	1	110	53	%b	一緒に７人委員会の塔に捕まってた\nアレクトリア大図書館の武闘司書官で、\n司書武闘法って武術を使う女の子なんだ。%b	
097ae4691a	1	110	52	%b %h	男の骨ばった手が、アーヤののどにくいこみ、\n人影とてない深夜の街頭に、\nアーヤの首の骨がきしむ音がひびいた。%b%h	
0bbd7aa6a2	1	108	52	%b	他の女に対抗意識を持つな、ということは、\nオレが好きなのはナズナだけだよ、\nってことのう・ら・が・え・し・☆%b	
17c5f4513a	1	108	52	%b	７人委員会に対する反逆罪で、\n町の住人は、収容所送りとなりました。\n　　　　　　　　　　　　　（７人委員会）%b	
1ff1700294	1	108	52	%b	シラナミがかえってきてくれたら、\n毎日の生活にめりはりがつきますんやけど、\nいったい、どこで何してはるやら。%b	
3770eb5f87	1	106	52		（上視点切替）　　　　　　　　　　　　［４／５］\n（横視点切替）\n　バーチャル視点を３種類の中から選べます。	
38099b536c	1	108	52	%b	最近の若者は思いやりがないと言うが、\nなかなかどうして、お前さん達のような\n気持ちのいい若者もいるのじゃな。%b	
3c96ccccab	1	109	52	%z	%zまぁ、俺様にかかれば、\n７人委員会だろうがなんだろうが\nギャフンと言わせるのは\nなんでもないことなのだ～ゼー！	
7ccc157109	1	108	52	%z	%zええ、未知の砲の技術もありますしね。\nそれを調べて、一冊の本にまとめるのは\n司書官として当然のつとめですわ！	
801936ddeb	1	109	52	%z	%zミュウ、ヤマタイに行け！\nリグロード戦役にて、\n我らが父祖と共に戦いしシノビの子孫を\nヤマタイのイガに訪ねよ！	
871eab1f58	1	109	52	%b	霊峰フジを貫くのが、\n結界洞って名前の洞窟さ。\nカダールの奴等が洞窟に結界を\n作ったからこの名前が付いたんだ。%b	
8907f7890d	1	108	52	%b	俺様は腕試しにそいつを倒そうとしたんだが、\n逆にヤツの能力によって\n夢の世界に閉じこめられていたのだ～ゼー！%b	
8fcb9aa815	1	108	52	%b	我が主、ガルザード様のお力により、\n全リグロード大陸と全ヤマタイは、\n我らカダールの支配下にあるというのに。%b	
b3ad6f0d02	1	108	52	%b	もう一つは、アローストーンと言って、\nこれはリグロードの東北に浮かぶ小さな島\nサモサ島に隠されておると聞く。%b	
be26c01988	1	108	52	%b	↑証拠はないが、きっとそうだ！\n悪いことは、全部カダールのせいだ！\n　　　　　　　　　　　　　　　（ショウ）%b	
c8f4762e35	1	110	52	%b %h	かのリグロード戦役の英雄にして、\n我らの国王でもあらせられたアーサー王と、\n後に王妃になられたエリーゼ様が、%b%h	
ca12f9ea5b	1	106	52		（キャンセル）　　　　　　　　　　　　［３／５］\n　メニューをぬけたり、キャンセルするために\n　使用します。	
cbaf046ea3	1	108	52	%b	アレクトリア大図書館がカダールで唯一\n自治独立を認められているのは、\n不穏分子を育てるためではありませぬぞ。%b	
03c18d47b1	1	107	51	%z	%zガルザード、\n我々は意見を聞いているのではない。\n命令しているのだ。\nラグロスを従えリグロードをおとせ、と。	
0ce250d74b	1	106	51	%b	しかし、人質を連行するために\n派遣した兵が帰ってこないとなりゃ、\nすぐにでも軍隊がやってくるんじゃないか？%b	
157defa02e	1	105	51	%b	・・・いや、世界が完全に平和を取り戻せたのか、確かめるための旅を\nもうしばらく続けたいと思っているのだ。%b	
355a51cf38	1	106	51	%b	なるほど、我らがイクシーズ再生に\n必要なものを集めおる間に、その方は、\nそれ以外の部分を補修いたす次第か。%b	
428247bb41	1	106	51	%b	ついさっき、ドラグーンの方から来た客が\n言ってたんだが、ドラグーン城が\n炎に包まれてるっていうじゃないか。%b	
55ac948371	1	106	51	%b	町にはにぎわいが戻りはじめてるけど、\nよく観察すれば、人々の心の傷は、\nまだ消えてないってことが分かるよ。%b	
5b50696b51	1	106	51	%b	アレクトリア大図書館に・・・\n・・・自治独立が認められていたのは、\nそういった裏の事情があればこそ・・・。%b	
7f2b875b61	1	106	51	%b	もしアレクトリア大図書館の武闘司書が\n連中の仲間に加わっていたとしたら、\nできれば、生け捕りにするように。%b	
88a35d7e3b	1	106	51	%b	ガルマンオーブ、すなわち魔法球は、\n古代魔法文明時代に、いくつも作られた\n魔法力の結晶であったと言われる。%b	
c2b096f5e3	1	107	51	%z	%zディアーネさんなら、\nこの船を安心して任せておけるし、\nだいいち、これからの復興に、\n船はかかせないからね。	
c745bb01b6	1	108	51	%b %h	風を斬り、白い残像と共に襲いかかる\n剣の動きを、わずかな動作でかわすと、\nなめらかな動作で体をいれかえる。%b%h	
cda4c25cf5	1	106	51	%b	どんな理由があるのか知らないけど、\nドラグーンの竜騎士の誇りにかけて\n見過ごしにするわけにはいかないよッ！%b	
d22cce6ae5	1	106	51	%b	↑ミュウ様と竜騎士ばんざい！\nおはやいお帰りをお待ちしています。\n　　　　　　　　　　　（ザルマ住人一同）%b	
feec0c501b	1	106	51	%b	なんでも、キングってのはセントール族、\nつまり、馬の足に人間の上半身を持つ\n半人半獣の種族だったらしいよ。%b	
ff40c9416b	1	106	51	%b	しかし・・・７人委員会亡き今、\n一体何者が、この災害を引き起こすほどの\n力を持っているというのじゃ・・・。%b	
043e557967	1	104	50	%b	裏ヤマタイへ抜けることができれば、\nカダール軍が居城にしている\nゲテン城へ行くこともできるんだが・・・。%b	
0a9c8198b9	1	102	50		所持金が不足しているようです。\n必要な金額をご用意してからお越し下さい。\n手前共も商売でございますので。	
15bdd064b8	1	100	50		　グラビティの長老に、マラカイトに関しての情報がアレクトリア図書館にあるのではないかと、教えられた。	
185553eaaf	1	106	50	%b %h	アレクトリア大図書館の武闘司書は、\nその知識と魔法力を融合させ\n司書武闘法なる独自の技を編み出している。%b%h	
22183e4fa5	1	104	50	%b	カダールの７人委員会と申す連中、\n何やら古代文明についての伝説や知識を\nちまなこになって捜しておる様子。%b	
24f4685a89	1	104	50	%b	こたびのイクシーズ墜落は、\nガルマンオーブの力が何らかの原因によって\n無効化されたことによるのでござる。%b	
4897f66c33	1	104	50	%b	忍者屋敷という名前から分かると思うが、\nここには、敵の襲撃を想定して、\nいくつもの罠がしかけられている。%b	
5be55b0c63	1	104	50	%b	それに、先のことを考えるなら、\n情報を集めるとか、装備を整えるとか、\nここで準備をしておかなきゃ・・・。%b	
9fb251f5c0	1	105	50	%z	%zうむ、良い判断だ。\nが、もう少し、粘ってみたら、\n流れは変ったかもしれんな。\nよし、今日の訓練はここまで。	
afb635235b	1	104	50	%b	なるべく家から出ないように、\nそして落ちついて行動して下さい！\n　　　　　　　（クィーンズランド自治会）%b	
b73d75115c	1	104	50	%b	けど、カダールがいてへんようになったら、\n今まで話できしませんかった分、\n武道の話をしよと思てますのん。%b	
b8d009cbab	1	104	50	%b	海を挟んでこの里の東にある洞窟なんだけど、\nそこには、式神のナズナが眠っているって\n言い伝えがあるのよ。%b	
d0b2340896	1	102	50		（決定）（Ａ）（Ｂ）（Ｃ）　　　　　　［２／５］\n　着地します。ただし、着地できない\n　場所があります。	
e88a213d0d	1	104	50	%b	たしか、イシスのピラミッドには、\nなんとかオーブがあるって言い伝えが\nあったようななかったような・・・。%b	
1c9f9470ac	1	102	49	%b	不穏当な発言をした罪で、\nショウの首に賞金がかけられました。\n　　　　　　　　　　　　　（カダール軍）%b	
2aa494d812	1	102	49	%b	ドラグーンのミュウ姫様もご愛用の\nコルベツアー社をよろしく。\n　　　　　　　　　　　（コルベツアー社）%b	
42dbcf0073	1	102	49	%b	なんでも、いっときは、カダールの連中に\nぬれぎぬ着せられて、\n村中からつまはじきにされたらしいですわ。%b	
466be9feef	1	103	49	%z	%zうむ。\n移動の次は攻撃だ。\n我らドラグーン竜騎士は、奥義「竜の技」の\n「竜変化」で竜になることができる。	
504c7b01e7	1	102	49	%b	我が主、ガルザード様のお力により、\n全リグロード大陸と全ヤマタイは、\n我らカダールの支配下にあります。%b	
557e44b930	1	102	49	%b	カダール軍をやっつけたからには、\nそろそろ、ドラグーン城に落ちついて\nあっし達の国を治めてくださいな！%b	
7755585551	1	102	49	%b	だからこそ、我ら魔導王国カダールは、\n他のどの国よりも優れた魔導文化を\n築きあげることができたのだぞ！%b	
8990853121	1	102	49	%b	ハイランドに行く前に、わたくし\nアレクトリア大図書館に寄って、\n父上のご機嫌を伺わなければなりません。%b	
8d46119145	1	102	49	%b	ということは、アレクトリア図書館に、\nカオスの力やカカルクランに関する情報が\n残されているはずですわ！%b	
9f6269e647	1	102	49	%b	ミュウ王女の母国どころか、\n全リグロード大陸と全ヤマタイは、\n今や我らカダールの支配下にあるのですぞ。%b	
c878827114	1	102	49	%b	ということは、アレクトリア大図書館の\n「古代魔法文明」に関する文献を狙ったと\n考えるのが妥当ですわね。%b	
f420bda9f3	1	102	49	%b	「伝説の魔導士」という呼びかたは、\nその時代において、最も力のある\n魔法の使い手に贈られる名誉なんだ。%b	
f5c9e41489	1	103	49	%z	%zよいか、ミュウよ。\n最初に敵との間合いを考えて移動する。\nこの時、自分の攻撃の間合いを\n忘れてはならん。	
fc25ead027	1	102	49	%b	なんでも本当の勇気と実力を持った人を\n選ぶために、怪物がうろつく洞窟に、\n自分自身を封印したんだって。%b	
15563b8e49	1	100	48	%b	きっと、あれだね、断るに断れなくて、\nドラグーンのおてんば姫あたりに、\nひっぱりまわされてるんだよ。%b	
2a4c46b354	1	100	48	%b	グラビティが、長い間人々の記憶から\n忘れられ隠されてきたのは、\nまさにこの日のためにあったのだろう。%b	
2b003c46a5	1	93	48		3/4の確率で自分の受けているダメージを完全に補う分のＨＰを相手から奪い、吸収してしまう術です。	
556b67d463	1	100	48	%b	俺っチ達、クリカラのイニシエが、\n砲を作る技術を持っているのは、\nその炉を発明したおかげなんでしよ。%b	
6940399dde	1	123	48	%H %m1 %V100 %m0 %V0 %b	%H%m1%V100［%m0ファルコ%m1］%V0%m0\nたとえその場にはおりませずとも、\n我らも共に戦っておりますること、\nお忘れ下さいますな。%b	
701864018f	1	100	48	%b	ここにガルマンオーブを持ってくれば、\nイクシーズを復活させることができる、\nという話だったが・・・。%b	
78f581bae8	1	100	48	%b	本当は、呪禁道師が何日もかかって\n異界から精霊を呼び出し、\n自分の従僕となるよう契約を結ぶんだがな。%b	
7f5851a3a2	1	100	48	%b	ホークアイの弟ファルコを捜し出せば、\nイクシーズを再建することも、\n夢じゃないってことなのだ～ゼー！%b	
88742d30bf	1	96	48		装備している方が命を落しそうになった場合、一度だけその身代わりとなってくれる貴重なアイテムです。	
90f1066e3a	1	93	48		3/4の確率で、受けたダメージ分のＨＰを回復することができます。一度目の攻撃のみ効果があります。	
9b07104b84	1	100	48	%b	ところで、ウチのバカ亭主が言うには、\nオルトマから向こうに行くことができない、\nってハナシですわよ。%b	
a7e4841f9f	1	100	48	%b	７人委員会が最期に言った、\n魂になっても自分達は目的を果たす、\nっていうような意味の発言もあるしね。%b	
aae6cc688e	1	100	48	%b	おぼろ谷のさらに奥には、\n砲術に優れたイニシエという技術者達の村、\nクリカラがあるという話ですじゃ。%b	
b30a67253f	1	100	48	%z	%zなるほど、では、拙者も、ともに同乗して、\n３人で異国との貿易をする事業を\nはじめてはどうであろうか？	
bdbc030e49	1	100	48	%b	でも、ヤマタイが制圧されたって言っても、\n何から何までカダール軍のものに\nなったってわけじゃねぇゼ。%b	
c339e3ac0b	1	97	48		（水平視点切替）　　　　　　　　　　　［３／５］\n　画面左下の全体マップをオープンクローズします。	
d68d6db4cb	1	100	48	%b	でも、ねぇ、そろそろ世界を\n旅してまわるようなことは卒業して、\nイガに帰ってきたらどうかしら・・・。%b	
e875e2d391	1	100	48	%b	村の人は、コルベツアー社って旅行会社を\n自慢にしてるようだが、\n俺に言わせれば、大したことはないな。%b	
fc3eee39a7	1	100	48	%b	７人委員会がカカルクランに行くために、\nこの次元の扉にかけられた封印を\n力ずくで破ったためなのです。%b	
024f3e0b83	1	94	47		かつて天よりの使いが人間の乙女に授けたとされる知性のリングです。女性の方のみご使用になれます。	
0a907f5c77	1	98	47	%b	グラビティへ行くためには、\nどっちみち地下通路を通るんだから、\n途中でマラカイトを捜していけるね。%b	
136aa35342	1	98	47	%b	いやぁ、あんたら、ホウショウ院から\nあのにくたらしいカダールの連中を\n追い出してくれはったんやて？%b	
2b1bddda9a	1	98	47	%b	リグロードもカダールの連中に\n制圧されてるっていうから、\nもしかすると、そこで何かあったのかしら。%b	
2cb5619e04	1	98	47	%b	でも、どんなに心が強くても、\nどんなに剣の腕がすごくても、\nミュウは、ただの女の子にすぎないんだ。%b	
2ff88ce7df	1	98	47	%b	拙者が長年かかって追い求めてきた、\n古代魔法技術の粋を集めた\n空飛ぶ船を復活されたのでござるか！？%b	
31a7ccfe02	1	98	47	%b	そうか・・・きっとこの水晶は、\nリグロード大陸、いや、この世界と、\nカカルクランを結んでいるんだ！%b	
381b549f4d	1	98	47	%b	そして、知性と肉体の調和の元、\n７人委員会が統治する完全なる世界を、\n地上に実現せんがため・・・。%b	
3bb83b5c31	1	83	47	%b	もしこのメッセージが出れば、それはバグ。\nメッセージブロックはCHOUROU_MES_32なり。%b	
451a302e70	1	98	47	%b	自分にできる方法で\n悪いヤツをこらしめただけなんだけど、\nこんな風に言われると、なんだか照れるな。%b	
4961cd818c	1	98	47	%b	技の中には、敵を貫通して\nさらに後ろの敵にも攻撃できたり、\n壁まで貫通するものがありますのんどす。%b	
49fcaccfb2	1	98	47	%b	ホークアイの弟ファルコを捜し出せば、\nイクシーズを再建することも、\n夢じゃないってことなの、なの！%b	
58bdf4e542	1	98	47	%b	かつてのリグロード戦役以後、\nここオルトマは、主にヤマタイとの\n取り引きで栄えるようになったんだ。%b	
629c3a52a7	1	98	47	%b	ここから国境を越えてさらに南、\n港町オルトマには、ディアーネって\n腕のいい女船長がいるって話です。%b	
6d5e4987c5	1	97	47		度重なる天変地異は、\nカダールの７人委員会の仕業と判明。\n　　　　　　　　　　　　　　　（ユカナ）\n	
74736682c7	1	98	47	%b	火薬工場の奥に大水桶っていう、\n水をためておく大きな桶がありますから、\nそこまで水を運んで下さい。%b	
74903185a0	1	98	47	%b	うるさいほど響いていた観客たちの歓声や\n選手たちの掛け声はなく、\n広い闘技場を静寂が支配していた。%b	
af2317bdf3	1	98	47	%z	%zそしたら、ラスティが\n魔法をかけてくれればいいじゃない。\n傷を治す神聖魔法は教わっているんでしょ？	
bafe3d56a3	1	98	47	%b	聞いた話じゃ、どこかの村では、\n人質に女子供を差し出させて、\n反抗心を起こさないようにしてるって。%b	
ce38bdd989	1	100	47	%b %h	現在、カダールに存在する太古の遺跡は、\nかつて、高度な魔法科学が\n存在したことの実証に他ならない。%b%h	
d3dff13e85	1	98	47	%b	そうだ、イシスのピラミッドってのに、\nなんだかスゴイ宝物が眠ってるって、\n話を聞いたことがあるよ。%b	
d4204b08a8	1	98	47	%b	これ以上、カオスの力が\nこちらの世界に流れこまないように\n次元の扉と水晶柱の能力を一度封印します。%b	
d507b297b4	1	98	47	%b	こっちの【ゲートキー】は、\nガルザードとやらが持っていたものと\nどうやら同じものらしゅうござるな。%b	
d82f0729ca	1	98	47	%z	%zかつてのリグロード戦役以上の危機が、\n今また、リグロードを・・・\nいや、全世界を襲おうとしていた。	
de92be8f34	1	98	47	%b	このヒガタを経由する以外、\n他の国から人や物をはこぶ方法はない\nってのに、一体どうなってるんだろ。%b	
dfdf8b85a1	1	100	47	%b %h	白っぽい姿を浮かびあがらせた剣士は、\n砂時計のように弧をえがく体の曲線と\n豊かな黒髪を持っていた。%b%h	
e47ae3b7e7	1	98	47	%b	うらぎり者に任せるくらいなら、\nこのままカダールに国をくれてやった方が、\n１０倍マシってもんだね。%b	
e6390cc39b	1	98	47	%b	まぁ、ある種の迷信なんだが、\n眠っている式神が出す精神的な波、\nこれが怪物達には快適なものらしい。%b	
ef8d6c2111	1	98	47	%b	されど、オルトマの我が店に秘蔵せし\n【真実の指輪】を使えば、\nあの攻撃を無効にすることができ申す。%b	
f1028f244b	1	98	47	%b	もしまかり間違って、オレ達「月組」が\nカダール軍に加われば、\n大幅な戦力アップになっただろうしな。%b	
f3a448ec3e	1	83	47	%b	もしこのメッセージが出れば、それはバグ。\nメッセージブロックはCHOUROU_MES_31なり。%b	
f4ebe11907	1	98	47	%b	リグロード大陸に援軍を送るにしても、\nヤマタイはすでにカダールによって\n制圧されちまってるし、な。%b	
f5fb080241	1	98	47	%b	このところ、戦争があるワケでもなし、\nまことにもって天下太平、\n世は事も無しで結構でこざいますな。%b	
fb1908f474	1	98	47	%b	忍者屋敷たら言うところのカダール軍を\n追い払ったおかげで、\nイガの里にも平和が戻ったらしいですわ。%b	
fc6208593c	1	97	47		カダール軍は、\n古代の遺跡をほじくりかえしているらしい。\n　　　　　　　　　　　　　　　（ナナイ）\n	
041ccd6c41	1	96	46	%b	あの街はわたくし達に協力したため\n災難にあっていますのに、\nそれを無視するとおっしゃいますの！？%b	
0ce405055e	1	96	46	%b	イヤーンと西に向えばリグロードに、\nウウーンと東にむかえばヤマタイに\nイ・っ・ち・ゃ・う・の・☆%b	
1f6d8a244d	1	96	46	%b	でしたら、わたくし、\nカダールのアレクトリア大図書館へ\n寄っていただけますよう提案いたしますわ！%b	
2c50070a25	1	96	46	%z	%zあれほど危なくなったら退却せよ、\nと、申したではないか！\n訓練だからよかったようなものの・・・。	
2e20677f64	1	96	46	%b	・・・まぁ、何だか分からんが、\n敵の大将が大切に持ってたものだ、\nどこかで役にたつかもしれねぇ。%b	
3cb7a5a78b	1	96	46	%z	%z王女様の心のこもったキスがあれば、\nかわいそうな男の子は、\n心の傷を埋めることができると思うな。	
596b8e2759	1	96	46	%b	なんだか、カダールの魔法使いが\nえらく興味を持っちまってさ、\n船をばらばらにされるとこだったよ。%b	
5a0bec2d3a	1	98	46	%b %h	司書武闘法は、精霊の力を借りて\nおのが姿を変化させる精霊呪法と\n通じる部分があると言われている。%b%h	
5c4151a3cf	1	96	46	%b	話はかわりますけど、\nオルトマで武器屋と防具屋を営む鷹人間は\n相当な剣のつかい手らしいですわよ。%b	
5cca4accd4	1	96	46	%b	リグロードもカダールの連中に\n制圧されてるっていうから、\nもしかすると、そこで何かあったのかも。%b	
78f077614a	1	92	46		激しく彩る炎をデザインしたドレス。いかなる吹雪にも負けません。女性の方のみご使用になれます。	
80cf76680b	1	96	46	%b	けど、カダールがいてへんようになったら、\n今まで話できへんかった分、\n武道の話をし倒したんねん。%b	
8123ea0436	1	96	46	%b	海賊ったって、彼女の何代か前の先祖が、\nそうだったってことで、\n今じゃまっとうな船乗りの家系さ。%b	
86ef0c2849	1	98	46	%b %h	そのため、ここクィーンズハートでは、\n結婚を約束した男女が、\nその証として、また、幸せを願って、%b%h	
982091702b	1	96	46	%b	ミュウ、カオスの力の影響を、\nこれ以上こちらの世界に広めないため、\n人手を必要としているのです。%b	
985e546f81	1	96	46	%b	ゲテン城にいたカダールの連中、\nリグロードから来た竜騎士の率いる一行に\nたたき出されたらしいよ。%b	
a3322ed146	1	96	46	%b	ここクイーンズランドに伝わる\n伝説の神殺しの剣、ディバンドソードは、\n果たして何処に消えたのか？%b	
a74e7b905f	1	96	46	%b	このアーサーってのが、また、\n女ばかりの宮殿で育ったせいか、\nハッキリしない性格だったらしいよ。%b	
d4d9402424	1	96	46	%b	己の利益と欲望のため、\nこの美しい世界を浸食していく者達を\n委員会は許しておけなかったのですよ。%b	
d60a8af0a6	1	96	46	%b	連中は知らないだろうけど、\nゲテン城ってのは、そこを居城にする連中に\n長生きさせない城なんだよ。%b	
de30479ea3	1	96	46	%b	でも、グラビティの長老も\nガルマン・オーブのありかを、\n詳しくは知らないみたいだったけど・・・。%b	
0c4c5e82c1	1	94	45	%b	なんでも、カダールの連中が、\nほうぼうの大陸から学者を集め\n何かの研究をさせているらしいです。%b	
0ca3471f14	1	96	45	%b %h	魔法を行使するということは、\nすなわち、その者の精神力を触媒に、\n異界の力に働きかけることで、%b%h	
0d63e3c20c	1	94	45	%b	あ、このハレハレガッコンっての、\n嫌なことや怖いことや腹の立つことを\nあらわす流行語なんだよ。%b	
0def2181b3	1	94	45	%b	試作品ったって、\n船の速度を何十倍にもしてくれて、\nここぞという時には必要な速度が出せるんだ。%b	
1929417445	1	86	45		暗黒の剣が舞い踊り、敵を死へと誘います。1/16の確率で死亡させます。対空攻撃が可能です。	
1a31451a5f	1	94	45	%b	今は、どうやらカダールに\n占拠されてしまっているらしいけど、\nあんなところで何をしてるのかね？%b	
1b3dac6cf3	1	94	45	%b	アレクトリア大図書館の蔵書で調べた、\nイクシーズ号に関連する書籍の\n著者の名前を覚えてらして？%b	
1ed83b4347	1	94	45	%b	兄さんに・・・少し・・・でも\n・・・追い付き・・・たかった\nだけ・・・だったの・・・に・・・。%b	
2a092e7ba9	1	94	45	%b	時々、自分の意志で、\nこの世界にやってくるのがいて、\nそういうのをはぐれとか根無しと言うんだ。%b	
2bec4ac462	1	94	45	%b	オルトマの我が店に秘蔵せし\n【真実の指輪】を使わねば、\nあの幻を無効にすることはできますまい。%b	
2c947c67a4	1	94	45	%b	拙者、ファルコと申し、\n古代魔法文明の遺産について、\nいささか、知識を得ようと勉めております。%b	
34f5c78c82	1	94	45	%b	ガルザードを倒せばヤマタイや\nリグロード大陸にいるカダール軍を\n追い出すことができるんだよね？%b	
407a030e51	1	94	45	%b	カダールにおるとするならば、\n西に向えばリグロードに、\n東にむかえばヤマタイにいたるであろう。%b	
47f794906e	1	94	45	%b	ラスティ王子の血筋を何代かさかのぼると、\nリグロード戦役の英雄アーサー様に\nたどりつくんだよ。%b	
4a23a79109	1	94	45	%b	クィーンズランドや、ドラグーンも\nかなり大きいと思ってたけど、\n他にも大きな町ってあるんだね。%b	
50bf3169ca	1	96	45	%b %h	カダールにおるとするならば、\n西に向えばリグロードに、\n東にむかえばヤマタイにいたるであろう。%b%h	
5588e59273	1	94	45	%b	７人委員会は、絶対不可侵の禁を侵して、\nアレクトリア大図書館の\n自治独立を脅かしてきた・・・。%b	
6aa5d7c27f	1	94	45	%b	じゃあ、あたしは一足先に行って\n船の準備をしとくからね。\n用意ができたら、さんばしに来とくれ。%b	
6adb692b38	1	94	45	%b	いずれ死する身なれば、\n少々、その好奇心をみたしてあげても\n７人委員会はお許し下さいましょう。%b	
6b283d1393	1	94	45	%b	ＭＰに余裕があるようなら、\nわざと神聖魔法を使って新しい技の習得に\nつとめるのがよろしかろう。%b	
77d179a4d1	1	94	45	%b	時に行き詰まり、\n営々と築きあげたものをすべて壊して、\n初めからやり直すことも少なくなかった。%b	
81d52e4eee	1	94	45	%b	で、その仕掛けを作った学者は\n頭の良さが災いして、カダールの奴らに\n捕まっちまってるって話さ。%b	
828cde03f2	1	94	45	%b	７人委員会は、幽玄の森にある\n次元の扉の封印をとき・・・、\n異世界カカルクランへと向かわれる。%b	
8647f3fbb3	1	94	45	%b	ゴジョウ大橋建設人員募集。\nカダールによって破壊されたゴジョウ大橋を\nあなたの力で元に戻そう！%b	
903367427c	1	94	45	%b	なんたって、先祖代々、\n海に関わって暮らしてきたってんだ、\nそこいらの船乗りとは歴史が違わぁ。%b	
90acde1079	1	94	45	%b	ボクたちをだましたとはいえ、\nこうして無事だったんだし、\nシラナミちゃんとも出会えたじゃない。%b	
92c95b07eb	1	94	45	%b	カダールの奴らが\nヤマタイを占領する前のホウショウ院は、\n国の宝とまで言われた寺院やってんよ。%b	
9e692795c6	1	94	45	%b	アーサー王、エリーゼ王妃を先祖に持つ\nクィーンズランド王室は\n相当厳しい処分を受けたようです。%b	
a0e001d2d1	1	94	45	%b	思えば、弟の古代魔法文明への興味は\nこの水晶柱の存在を調べたことが\nきっかけでござった・・・。%b	
a93865d19a	1	94	45	%b	そして、その知識と引き替えに、\n・・・アレクトリア大図書館の\n安全を得ていたのだからな・・・。%b	
b157289643	1	94	45	%b	そういうたら、カダールの奴ら、\n表ヤマタイと裏ヤマタイを結ぶ洞窟を\n封印したって言うやないの。%b	
b75063f529	1	94	45	%b	なるほどな、だからミュウが消えた後、\nあの妙な仕掛けの上に乗っても、\n何もおこらなかったのか。%b	
dfca11df72	1	94	45	%b	イガのシノビには、その忍術の系譜や、\n集まった人々の相違によって、\nいくつかの集団があるのよ。%b	
e05d088512	1	94	45	%b	世の中は平和になったことだし、\nこの様子なら、ヤマタイへ向かう船が\n出る日も遠くはないだろう。%b	
e93b4a0c74	1	94	45	%b	もし、お前さん達が、\n奴らに戦いを挑もうと思っておるなら、\n十分に力をつけてからにするのじゃ。%b	
ed8c0d2437	1	94	45	%z	%zふ、ドラグーンだけではない。\n今や、全リグロード大陸に\n我らカダールの兵を送りつつあるのだよ。	
edc2420311	1	94	45	%b	竜騎士の力がボクに与えられたのは、\n７人委員会やガルザードのような\n敵を倒すためだと思うんだ。%b	
ee60867712	1	94	45	%b	それ、リグロード大陸に残ってる、\n水晶柱とかを作った人達の築いた\n先進的な魔法文明じゃないの？%b	
ef4a8459cf	1	94	45	%b	拙者のように飛べる者がつかんで下りるか\n地形を変えていただき\n下りていくしかないでござろうな。%b	
f1395f7a6e	1	94	45	%b	伝説のシノビ、ムサシ様なら、\nあやつらをやっつけるなぞ\n赤子の手をひねるも同然なのじゃがのう。%b	
fc7ccdc02f	1	90	45		身につけることで宙に浮くことができる素晴らしいアイテムです。女性の方のみご使用になれます。	
ff2bab6a7e	1	94	45	%b	俺達にとっては、いい隠れミノだし、\n奴らは、俺達に火薬の原料を売って\n暮らしを立てているのさ。%b	
ff86662bac	2	94	45	%b	↑お兄ぃちゃんが\n仲間を見捨てたりするわけないもん！\n　　　　　　　　　　　　　　　（ヨモギ）%b	
0aa3d1366b	1	92	44	%b	もぅ、誰もラスティ様のことを\n臆病だの、でべそだの、足がくさいだの、\n言いませんとも、ええ。%b	
137d0e15f6	1	92	44	%b	カムイコタンには、独特の宗教があって、\n大自然の全てのものに神が宿ると、\n考えてるんだって。%b	
1f796b0e76	1	93	44	%z	%zそのたぐいまれなる魔法力で\nガルザードを補佐し、\nリグロードでの勝利を\n確実なものとするのだ。	
1f93c41d0e	1	92	44	%b	何やってんだい、じれったいね！\nちゃっちゃと片付けておくれよ！\nリグロードが大変なんだろ？！%b	
287dd4a205	1	92	44	%b	もし古代魔法文明の文献があるとすれば、\nそれはアレクトリア大図書館以外に\n考えられませんわ。%b	
3f844aa6ef	1	92	44	%b	オレは魔法にゃあんまり詳しくないんだが、\nあんなに連発してちゃ、\n体が持たないんじゃないか？%b	
48b41fe04b	1	92	44	%b	熱を加えてやる必要があるんだが、\nウチの炉じゃ、こいつを扱えるほど\n温度を高くできないんだ。%b	
4c95838e3c	1	94	44	%b %h	そして、目にも止まらぬ早さで\n腰の剣を抜いたと同時にツバが鳴り、\n剣はサヤにおさまっていた。%b%h	
4ed944fa4d	1	92	44	%z	%zまったく、たいした姫様だよ、あんたは！\nじゃあ、遠慮なく、\nイクシーズ号はいただいておくよ！	
71c4ac1450	1	92	44	%b	結界洞を越えて、\n裏ヤマタイ側に行くことができたら、\n港町ヒガタに行ってみるがよろしかろう。%b	
731ea71cbc	1	92	44	%z	%z・・・そんなことはないよ。\nラスティがいてくれたおかげで\nボクはどれだけ心強かったか・・・。	
7640c09c08	1	88	44		　ディアーネもファルコも、このイクシーズ号に乗っていられるだけで幸せという顔をしていた。	
776c6505e0	1	92	44	%b	この俺様という天才がいれば、\nカダールのヘナチョコどもなんぞ\nケチョンケチョンなのだ～ゼー！%b	
79c80216ea	1	94	44	%b %h	アーヤは震える手で男の額をつかみ、\nチャクラで増幅した光のプラナーを\nてのひらから放出した。%b%h	
8acf902ef5	1	92	44	%b	ここ闘乱は、リグロード大陸の\n隠れ里バトラムから流れてきた移民が\n作りやがった街な～のさァ。%b	
a3a0ca8d8c	1	92	44	%b	それに、鷹人がこのような言葉を使えば、\n会うた人には忘れえぬ衝撃を与え、\n商売繁盛でござる。%b	
a6937948ed	1	92	44	%b	どんなに小っぽけな人間でも、\n他人の犠牲になって当り前\nなんてことは、絶対にないんだからね！%b	
ab50048b02	1	92	44	%b	まず、ならず者どもからオルトマを救い、\n【真実の指輪】を\n手に入れることこそ先決でござろう。%b	
b1effa5714	2	92	44	%b	ここのモンスター達が凶暴化したのは、\n７人委員会が次元の扉を\n開こうとしているためですのね！%b	
b7c500a4b5	1	85	44		円形に凍てつく衝撃波を振るい攻撃します。1/4の確率で凍結させます。対空攻撃が可能です。	
c099384afa	1	92	44	%b	けれど、活動仲間を説得するためには、\n７人委員会様の目的を\n詳しく知らなければなりませんわ。%b	
c496d1169e	1	92	44	%b	ホークアイの弟ファルコを捜し出せば、\nイクシーズを再建することも、\n夢じゃないということだ！%b	
cd1c3c8f51	1	92	44	%b	なんでも、ガルザードって司令官が\n力ずくでイニシエの砲術を\n手に入れようとしてるらしいんだ。%b	
d32024f91e	1	92	44	%b	皆で力をあわせて、\nクィーンズハートを復興しよう！\n　　　　　　　（クィーンズランド自治会）%b	
da7e392470	1	92	44	%b	ドラグーンのじゃじゃ馬と結婚したら\nラスティ様もアーサー王みたいに\nなってしまうんですかね。%b	
de1d73e5b9	1	92	44	%b	ラスティ王子にも\nずいぶんとアドバイスしたものですが、\nあの方にはアドバイスはムダでしたな。%b	
e02eb85283	1	92	44	%b	もう国民に優柔不断だの、アホだの、\nバカだの、何も考えてないだの、\n言われなくてすみますね！%b	
e6d9772ca8	1	92	44	%z	%zドラグーン王よ、降伏せよ。\n我らカダール人は先進的文明人。\n無駄な流血は好むところではない。	
e849d06fde	1	92	44	%b	アレクトリア大図書館は、\nカダール建国当初より自治独立を\n認められている唯一の場所ですのよ。%b	
ea576a650e	1	92	44	%b	７人委員会が実権を握ってから\n味わうことのできなかった、\n平和というものをかみしめています。%b	
eae6bf8611	1	92	44	%b	先のリグロード戦役のおりには、\n幽玄の森に隠されていた\n次元の扉が姿をあらわしたそうですよ。%b	
ec4b0e65b7	1	92	44	%b	防御の【魔法障壁】は、\nＭＰを消費するのとひきかえに、\n全ての魔法攻撃を無効にする力がある。%b	
0b2285d829	1	90	43	%b	部下を助けることで、\nキミのぬれぎぬは晴れたんだから、\n胸を張ってイガに帰ればいいんだよ！%b	
13700ea0e7	1	90	43	%b	幽玄の森ってのは、\n湖をはさんでクィーンズハートの南に\n位置する広大な森のことなんだって。%b	
17a21d4579	1	90	43	%b	そんなわけで、\n昔から、根無し式神が眠る場所ってのは、\n怪物達の大量発生場所でもあるのさ。%b	
1808bca70a	1	92	43	%b %h	カダールには、\n国中で最も優秀な魔導士からなる、\n７人委員会と呼ばれる政治機関があります。%b%h	
19e3c04b14	1	90	43	%b	アスカの父親は戦死したとかで、\nあの若さでイガ最強のシノビ集団、\n月組の頭領になったのよ。%b	
22982ea094	1	90	43	%z	%zこの荒れ果てた土地と、\n破壊され尽くした国々をもとに戻すには、\nオレ達の力は役に立たない。	
22aa7113db	1	90	43	%b	しっかし、ひんぱんに起こるこの地震は\n何か良くないことの前触れじゃなきゃ\nいいんですがね。%b	
2a64f77642	1	90	43	%b	館長が行方不明の今、\nあなた様までいなくなったかと思い、\n図書館の今後を考えておりました。%b	
35d4f6ca54	1	90	43	%b	伝説の魔導士と呼ばれた人々の中でも\n最もウデが立つと言われるのが、\n天才大魔導士キングさ。%b	
38bea7831c	1	90	43	%b	そしたら、カダールの奴らに\n船を接収されちまって、\nその上、町から追い出されちまったのさ。%b	
40743c2933	1	90	43	%b	アローストーンは、\nどうやらサモサにあるようなんだけど、\nどうすればサモサに行けるのかな？%b	
513daafc95	1	91	43	%z	%z言ったな！\n・・・でも、そうだね。\n子供のころから、キミには、\n本当に意地悪ばっかりしたね。	
5769d4dac9	1	90	43	%b	関所にカダールの奴等が詰めてるぜ！\n気をつけな！\n　　　　　　　　　　　　（星組オウヤチ）%b	
57bc57089e	1	90	43	%b	まぁ、ミュウは、【竜変化】で\n竜になって飛んでいれば、\n投げ技をくらうこともないだろうが、%b	
5a2fe2bae8	1	90	43	%b	カダールの奴らの目的は知らねぇが、\nクィーンズランドの国境のあたりを\n吹き飛ばしやがった。%b	
67aee66b23	1	90	43	%b	たしかに、美しくはありますけれど、\n古代の人々は何のためにこんなものを\n作ったのでしょう？%b	
74adb0d590	1	92	43	%b %h	魔法という力を持つ者の一人として、\nその力の根源たる部分を\n私なりに解き明かさんと考える。%b%h	
793332499e	1	88	43		金が足りないようだな。\nいくら姫様でも、こちとら生活かかってんだ。\n悪く思わないでくれよ。	
7c8a928b9e	1	86	43		頭にかぶることで暗黒の力から身を守るはたらきを強めます。女性の方のみご使用になれます。	
7c9750dc5e	1	90	43	%b	だったら教えてくれよ、\n突然、リグロード大陸を分断した、\nにじ色をした光の壁は何なんだい？%b	
7e5b064228	1	90	43	%z	%zミュウ、ありがたく言葉を受けようよ。\n僕達は、それにふさわしいことを\nなしとげたんだから。	
8b20e17582	1	90	43	%b	もともと祭壇に捧げられていた\nガルマンオーブは、７人委員会によって\n持ち去られてしまった。%b	
8fb9fb37d4	1	90	43	%b	なんとか、カダールの連中の隙をついて\n船を取り戻そうとしてるんだけど、\n見張りが多くてね。%b	
96a2cf193e	1	90	43	%b	そんでもって、これがまた、\n船長なんかにしとくのは\nもったいないくらい、いい女なんだとよ。%b	
99d6679820	1	90	43	%b	わたしってば不幸だわ。\nこのまま恋もしらずに死ぬのよ。\n美人は先が短いって本当だったのね。%b	
a3e4521f9b	1	97	43		順風満帆、\n\n　すべてこの世は\n\n　　バグもなし。\n\n\n\n\n\n　　・・・と日記には\n　　　　　書いておこう。	
a5c5130d8b	1	92	43	%b %h	経験の少ない方、怪我をしている方など、\n少しでも不安な要素がある方は\n入らないでください。%b%h	
aeeb54743b	1	90	43	%b	だけど、ヤマタイへ向かう理由を\nザルマの町民達に説明しては、\n恐慌状態になると思ったんだ。%b	
b076502e2a	1	90	43	%z	%zこうして、リグロードサーガの名で\n伝えられる英雄達の物語が、\n今、再び、幕を上げる・・・。	
b3a5faad77	1	86	43		味方キャラクターのステータス異常を回復させると共に、ＨＰを３００ポイント回復させます。	
b51234cef7	1	90	43	%b	リグロードからやってきた竜騎士が、\nカダールの連中をやっつけたって\nウワサは本当なのかね。%b	
b998ff7476	1	90	43	%b	ミュウ様がリグロードを後にしてから、\nカダールのヤツらによって、\n占領されちまったんです。%b	
c7a89c78fb	1	90	43	%b	ボクはまだ子供やから、\n闘技場には出られへんねんけど、\n大きなったら、絶対に出場すんねん。%b	
d3c8af316c	1	90	43	%b	イニシエの技術を提供するよう\n命令されていたのでしが、\n俺っチが拒否してやりましたからね。%b	
d6a03527ba	1	92	43	%b %h	魔法力の根源は、\nこの世界を構成する属性と異なる資質を\n持ち合わせているように感じられる。%b%h	
d8fc33b636	1	90	43	%b	えらそうにしてたくせに、\nリグロードから来た竜騎士の一行にやられて\n逃げ帰ったちゅう話や。%b	
dceac08d29	1	90	43	%b	賢者ウィスコをはじめとする、\n強力な魔法の使い手は、\n「伝説の魔導士」と呼ばれているのさ。%b	
e1237ef457	1	90	43	%b	カダールって国のガルザードってぇ奴が、\nヤマタイばかりでなく\nリグロードも占領しやがった。%b	
e4f6a510c0	1	86	43		その圧倒的なまでの聖なるエネルギーの前に、聖なる力に弱い者達は滅び去ることになります。	
e8aa51b251	1	90	43	%b	港町ヒガタは、\nヤマタイの海の玄関口とも呼ばれるように、\n海運が盛んな町じゃったが・・・。%b	
ed076cc2e3	1	83	43		敵の集団にスモールの魔法効果をもつ鳴き声を浴びせます。1/8の確率で敵を縮小させます。	
f24d0ba70b	1	90	43	%b	まず、お金をカジノ専用コインに\n両替しておくのよ。\nじゃないと、ゲームには参加できないわ。%b	
f7d6385117	1	90	43	%b	カダール軍によってリグロードが\nほぼ制圧されたということを\n表しているのではないだろうか？%b	
fbeeededd5	1	90	43	%b	・・・と言いたいところですけれど、\nドラグーン竜騎士の力が\n借りられるとなれば別ですわね。%b	
081dd1afd6	1	88	42	%b	もっとも、ヤマタイとリグロードには、\n生き残るに値する優れた人々は\nいませんでしたがね。%b	
0cc6e40504	1	88	42	%b	他の人はどうか知らないけど、\nあたしは、あの王子にゃ見所があると\nずっと思ってたんだよ。%b	
1a613124dd	1	88	42	%b	神聖魔法の【ホーリーキュア】か、\nアイテムの【アムリタ】を使って\n元にもどすしかねぇゼ！%b	
20e9556ca6	1	88	42	%z	%zう、うわぁ・・・強そう・・・。\nね、ミュウ、やっぱ、やめとこうよ！\nケガしたら大変だよ！	
2af26e1b92	1	88	42	%b	ボクもいつか立派なシノビになって、\nムサシ様やアスカ兄ちゃんみたいに、\n大活躍するのさ！%b	
31d96df2db	1	88	42	%b	ふらふら出歩いておられずに、\nお城にお戻りになって、\nゆっくりと休まれてはいかがですか？%b	
3475bf4766	1	88	42	%b	霊峰フジを貫く洞窟を越えて\n先に進むと、ヤマタイの海の玄関、\n港町ヒガタに行けますねん。%b	
381ac87c39	1	88	42	%b	ホークアイの弟ファルコを捜し出せば、\nイクシーズを再建することも、\n夢じゃありませんわ！%b	
3d60d2a4b4	1	88	42	%b	【保護シールド】があれば、\n敵の攻撃から受けるダメージを\nかなり減らすことができるから。%b	
47e03d869e	1	88	42	%b	このふたつがあれば、必ずや、今一度、\nイクシーズを空に浮かべて\nごらんにいれましょうぞ。%b	
4b797ee281	1	114	42	%H %m1 %V100 %m0 %s11 %V0 %b	%H%m1%V100［%m0%s11%m1］%V0%m0\nあんがい、人々の知っていることの中に、\nちょっとしたヒントがあるかも知れませんわ。%b	
4e4419cbe9	1	88	42	%b	俺達、風がそれぞれ違う方向に\n吹いてちゃ、鳥としても\n飛ぶのに苦労すると思うが、どうだ？%b	
4e8702d7ac	1	81	42		重力を操って敵を押し潰し、1/4の確率で「重い」状態にして上空飛行ができなくします。	
5886213cfb	1	88	42	%b	あれこそがカオスの力を制御するための\n魔法装置であり、\nカオスの力の純粋結晶なのですわ！%b	
5e1662ff94	1	88	42	%b	しかし、ですね、\nみなさんが救国の英雄であると知った今、\n前言は撤回させていただきます。%b	
5ec9795c9f	1	88	42	%b	なんでもウワサじゃ、\n星陵郭にいたカダールのヤツラを\nおっぱらった者がいてるとか・・・。%b	
5fdf991d5f	1	84	42		敵集団内の飛行キャラを飛べなくしたり、仲間を飛ばされないように重くしてしまう術です。	
64c04bf5cb	1	88	42	%b	ミュウは、７人委員会との戦いの直前に\n影のようなものが離れていったことを\n全員に話した。%b	
67df7728f3	1	88	42	%b	必要な物をお持ちいただいたあかつきには、\n必ずやイクシーズを\n復活させてみせましょうぞ。%b	
6ca8c20656	1	88	42	%z	%zうん。そうだね。\n結局、ボク達の持っている特別な力は、\n敵を倒すための力でしかないんだ。	
6dbb5db15f	1	88	42	%b	わたくしがこのような\n汚らしい場所に入り込んだのも、\n全ては７人委員会の行動を探るため。%b	
707995698d	1	88	42	%b	７人委員会への反対運動を行う\nレジスタンスに荷担するとは、\n軽率なことをしたものですな。%b	
75a085ea31	1	88	42	%b	この続きは、世界が平和になったら、\nまた引っ張り出して、\n笑い話のネタにいたしましょう。%b	
7acd217ec3	1	88	42	%b	む、誰だか知らないが、\n俺様をさしおいて、石像になるとは、\nちょっと生意気なのだ～ゼ～！%b	
8ce31346fd	1	88	42	%b	だけど、ボク達が調べたところでは、\nこの他にアローストーンっていう鉱石が\n必要らしいの。%b	
97ae1ef279	1	88	42	%b	ゲテン城にある、\n大陸を一瞬のうちに移動する装置は、\nカオスゲートって呼ばれてたらしい。%b	
9ca246231f	1	88	42	%b	知り合いの学者が、\nその空飛ぶ船に関する研究をしていて、\nその途中で試作したものなんだ。%b	
9d442b3ad3	1	91	42	%b %h	禁断の書と呼ばれる本は、\n人が手をだしてはならない。%b%h死と隣り合わせの危険な賭けになる。%b	
a81a1df3c1	1	88	42	%b	大地の叫びを占拠しておる敵の大将は、\nあの通り、幻で我らの攻撃を\n封じてしまうでござる。%b	
aa86a96e32	1	88	42	%b	相手に操られたり、弱くなったりする\nステータスの異常を\n回復してくれる【アムリタ】まで！%b	
aeb0516469	1	88	42	%b	でも、その前に、グラビティの人達の話を\n詳しく聞いてみれば、\n何かわかるかもしれないね。%b	
af6d7e2291	1	87	42	%b	必要な物をお持ちいただいたあかつきには、必ずやイクシーズを\n復活させてみせましょうぞ。%b	
b0570892c6	1	88	42	%b	悪者をやっつけて、ヒマになったら、\nおいらにニンジュツを\n教えてくれるって約束覚えてる？%b	
b0fe945dbb	1	88	42	%b	なんでも、その町には\n試練の迷宮とかいうものがあって、\n挑戦者を待ち受けているそうじゃ。%b	
b252e7eeea	1	88	42	%b	道具は使い方次第、\n包丁かて人殺しの道具にもなれば、\nおいしい料理をつくることもできる。%b	
be75b73ac8	1	88	42	%b	ホークアイの弟ファルコを捜し出せば、\nイクシーズを再建することも、\n夢じゃないんでしね！%b	
c1ee788031	1	88	42	%b	ただ、伝承によれば、\n熱き死の砂をふみしめて行くべし、\n大いなる宝が眠りたる城に向けて。%b	
cc66343cb5	1	88	42	%b	さすれば、イクシーズの修理に\n必要な品について、\nはっきりとしたことが分かりましょうぞ。%b	
cff9b55f96	1	81	42		弾き飛ばす性質の攻撃を受けても、通常の1/2のダメージで踏みとどまることができます。	
ddc3921d7b	1	88	42	%b	あとひとつで\n結界洞の封印解除に必要な物がそろって、\nゲテン城に乗り込むことができるぜ。%b	
df283298a3	1	88	42	%b	でも、その前に、グラビティの人達の話を\n詳しく聞いてみれば、\n何かわかるかもしれないな。%b	
e3504856a3	1	81	42		アダルトタッチで周囲の味方全員に大ダメージをあたえます。まず再起不能でしょう:-)。	
e9507d6e3b	1	88	42	%b	ミュウ、カオスの力の影響を、\nこれ以上こちらの世界に広めないよう、\n私達でやってみます。%b	
eacc3d5310	1	84	42		地面をへこませてダメージを与える攻撃です。ルースモーアの魔法と同様の効果があります。	
f0aa9f6785	1	88	42	%b	本当かどうか知らないが、\nホウショウ院とゴジョウ大橋が\n何者かによって破壊されたらしい。%b	
fa35080b58	1	88	42	%b	カオスゲートを使えば、リグロード、\nヤマタイ、カダールの間を、\n一瞬で行き来でき・・・。%b	
00f951bda9	1	86	41	%b	ここでは、【保護シールド】の魔法で、\n敵から受ける損害を\nできるだけ少なくしていこう！%b	
02a4d99ed1	1	86	41	%b	我が主、ガルザード様は、\nこのヤマタイのゲテン城を\n活動の拠点としておいでなのですよ。%b	
06e76e7c08	1	86	41	%b	アレクトリア図書館の自治独立権も\n結局は７人委員会を御することが\nできませんでしたわ。%b	
0775dadbdc	1	86	41	%b	ここは、忘れられた町、グラビティ。\n他の場所では失われた言い伝えを\n今に残しています。%b	
0efeb4e7f8	1	86	41	%b	真に優秀な・・・選ばれし者のみが、\n・・・構築し・・・支配する\n世界を・・・作るのだ！%b	
0ff1a4fb71	1	86	41	%b	爺ちゃんに昔話で、\n根無し式神がイガの東にある洞窟に\n眠ってるって聞いたことがあるよ。%b	
1a4874d46e	1	86	41	%b	ほいでも、シラナミが狙うのんは、\n悪どいことやって\n私腹を肥している商人達なんですわ。%b	
1af1931b2a	1	86	41	%b	正確な場所は分からないが、\nここじゃないかってうわさのある島へ\n運んでやるが、どうだ？%b	
1c0b7283d4	1	86	41	%b	ではさっそく賭けをはじめるの？\nそれとも、説明を聞くの？\nねぇ、どっちにするのかしら？%b	
1ff263e52a	1	86	41	%b	みんな、７人委員会の野望をつぶすため、\n世界に平和を取り戻すため、\nボクに力を貸して！%b	
21476f5ebc	1	86	41	%z	%zそう簡単にいくかな？\nドラグーン王国の竜騎士は無敗！\n我らの王国を汚すことなどできぬ！	
29da737fc8	1	86	41	%b	だが、一人で支えられないことでも、\n誰かと一緒になら、\n支えられるんじゃないだろうか？%b	
2cee66d5c1	1	86	41	%b	あんた達に、もし、ちょっとでも\n親切心があるなら、\nアケミの話を聞いてやっておくれよ。%b	
2e1642e72a	1	86	41	%b	世界は滅びてしまうのでしょうか、\nまだクィーンズランドの復活を\n見ていないというのに！%b	
2eeff13f68	1	86	41	%b	そこにある柱の穴に\nなにか特別な道具をはめ込めば\nこの結界が消えると思うんだが・・・。%b	
2f38109e3e	1	79	41		３射程内の敵の攻撃に対して反撃を行います。受けるダメージは通常の1/2となります。	
321829c92e	1	88	41	%b %h	ご成婚にさいして\nこの泉の前でくちづけを交わしたことが\nその名前の由来となっています。%b%h	
324b26dc79	1	86	41	%b	その上、アローストーンの場所を\nグラビティの長老が知ってるってんなら、\n都合がいいぜ。%b	
385a35eedd	1	88	41	%b %h	７人委員会とは別に\n「アレクトリア大図書館」という\n独立した文化行政的機関があります。%b%h	
3c686de0c8	1	86	41	%b	この上は必ず帰っていただいて、\nわたくしのお説教を\nぜがひでも聞いていただきますわよ！%b	
472007f730	1	86	41	%z	%zアスカが最初から強かったかどうかは\nともかくとして、\nみんな、無事で、良かった・・・。	
4a2034ed44	1	85	41	%b	この扉にはなにか仕掛けがしてあるみたいね。\nどれどれ、お姉さんに見せてごらん・・・。%b	
4ad24c8842	1	82	41		宙に浮いた状態となり、移動能力が上がります。さらに、地系の攻撃を受けなくなります。	
4d39aad5e7	1	86	41	%b	７人委員会ごときヘボまった連中は、\nこの俺様が\nケチョンケチョンにしてやるのだ～ゼー！%b	
545cf24c4c	1	86	41	%b	ああ、せめてラスティ王子が、\n王座を継いでいてくれれば、\n我々も心強いのですが・・・。%b	
5c30430f19	1	86	41	%b	「イクシーズ構造論」にも書いたが、\nイクシーズには２つの鉱石が\n重要な働きをしておる。%b	
5e8df8b76b	1	86	41	%b	アンジュ様も、\nそろそろ図書館の仕事に本腰を入れて、\nお父様を安心させてはどうですか？%b	
5fd2db5d1b	1	83	41		あの、お荷物がいっぱいのようですよ。\nまた今度になさってはいかがでしょう、ミュウ様？	
63bcda81ff	1	86	41	%b	弟ファルコを捜し出し、\n空飛ぶ船を再建することこそ、\nもっとも近道になると存じまする。%b	
680acb55bd	2	86	41	%b	７人委員会は倒したハズですのに、\nモンスター達の凶暴化は\nおさまる気配がありませんわ！%b	
6981290cdc	1	86	41	%b	あなた達が今みたいに\nリグロードにいるときは、\nにゃはーんと東か西に向えばヤマタイに、%b	
6a1a8ef985	1	86	41	%b	たしか、このカダールには、\n空飛ぶ船、イクシーズが眠っている\nと聞いたことがあります！%b	
75c965dae4	1	86	41	%b	けど、俺は友達をかくまっただけで、\n７人委員会に反対する運動なんか\nしちゃいないんだ。%b	
7b354ec225	1	86	41	%b	きっと、カダールとかいう連中が、\nリグロード大陸東西の\n通行を絶つために作ったんだよ！%b	
7dbb89952f	1	83	41		ってゆーか、いらっしゃいませぇ、みたいな。\nどういったご要件でしょうか、みたいなぁ？	
937bd20b1d	1	86	41	%b	へ、へへ、へへへ。\nカ、カダールのヤツらなんかに、\nこのヤマタイでデカい顔はさせねェ。%b	
96fb1c6327	1	86	41	%b	クイーンズランドパレスは取り壊されて\nカダール軍によって塔が\nたてられているらしいよ。%b	
9f2ec587db	1	86	41	%b	ガルザードも、７人委員会の野望も、\n誰かが打ち砕かなければいけない\n危険なものなんだ。%b	
b7f233d7d4	1	86	41	%b	いやぁ、世界も平和になったことやし、\nシラナミも故郷に\n帰ってきたらよろしいのになぁ。%b	
bbe7d2695a	1	86	41	%b	何だか分からんが、\n敵の大将が大切に持ってたものだ、\nどこかで役にたつかもしれねぇぜ。%b	
c3970e18c9	1	86	41	%b	ミュウが世界を支えるならば、\n君がミュウを支えてやれば\nいいんじゃないかね、ラスティ？%b	
c5f6ba4b6b	1	86	41	%b	なんだかんだ言っても、\n私達はラスティ王子を愛していますし、\n期待してもいるんですよ。%b	
cc1b01b8f0	1	86	41	%b	カダールによって傷つけられた人達は\nリグロードにも、ヤマタイにも、\nカダールにもいる。%b	
cd76e71199	1	86	41	%b	古代魔法文明の魔導技術の粋を集めた\nイクシーズがこんなところに\n打ち捨てられて・・・。%b	
dae8bb155f	1	82	41		伝説的な金属です。鉄よりもずっと固いにもかかわらず、鉄よりずっと軽いのが特徴です。	
e46811a262	1	86	41	%b	あんたらの冒険の成功を祈ってる人間が、\n世界の片隅にいるってことを、\n忘れないでくれ。%b	
e5caf096e7	1	86	41	%b	あんたが本当の王女なら、\n裏切り者でもなんでもいいから、\nこの国を救ってほしいものだ。%b	
e6d4f1e163	1	86	41	%b	弟ファルコを捜し出し、\n空飛ぶ船を再建することこそ、\nもっとも近道になるでござろうな。%b	
f26060f337	1	82	41		上空時のみ使う事が出来ます。敵や味方を捕まえられます。３ターンで自動的に放します。	
f800269608	1	87	41	%z	%zよろしい。\nでは、実戦形式での試合を行う。\n危なくなったら、\nすぐに「退却」するのだぞ。	
ff137f2a24	1	86	41	%b	↑俺達の文化を踏みにじる行為だ！\n許せん！！\n　　　　　　　　　　　　　（リューシャ）%b	
0499361f4a	1	83	40	%b	我らは、カオスの作り出した無の世界より\n新たなる秩序を作り出そうとしているのだよ。%b	
07944e63d4	1	84	40	%b	アレクトリア大図書館館長の娘である\nこのわたくしにも、\n明かしてはいただけませんの？%b	
0a786a6b7e	1	84	40	%b	これだけ大きな町だから、\nきっと、ボク達の仲間になってくれる人が\nいるに違いないね！%b	
0d3e2ec4ac	1	83	40	%b	沢山の敵を一度に相手にするのは危険だ。\nできるだけ固まって１体づつ撃破していこう！%b	
1226173fd4	1	84	40	%b	真に優秀な・・・選ばれし者のみが、\n世界を・・・支配し、\n・・・構築・・・するのだ！%b	
1256564aa4	1	84	40	%b	相手を弾き飛ばす技を、\n使ってくる敵がいるところでは\nガケに近寄らない方がいいわよ。%b	
1c04b0dd47	1	84	40	%b	どうやら、運命の神様とやらは、\nあたしにあんた達の運搬役を\nさせようって腹らしいね。%b	
1e206df6dd	1	80	40		女性のみりょくを強調した女性専用のドレス。敵でさえも攻撃の手をゆるめるでしょう。	
1e304f9c3a	1	84	40	%b	いつまでもフラフラしておらずに\nいいかげん身を固めて\nお母上を安心させてあげなされ。%b	
263e93132a	1	84	40	%b	なぁに、もうすぐ、\nドラグーンのミュウ王女が、\nカダールの奴らを倒してくれますって。%b	
293c5ba051	1	84	40	%b	だが、陽動にしろ救出にしろ、\n戦力を分断するんだ、\n人選を間違うと全滅しかねないぜ。%b	
2bddfa0144	1	80	40		霊的な力で身を守り知性を高めるはたらきをもちます。女性の方のみご使用になれます。	
2f7a67c395	1	84	40	%b	ということは、\nこの【ゲートキー】を使えば、\nカオスゲートを利用できるということか。%b	
30a1243567	1	84	40	%b	この天変地異の原因が、\n７人委員会のカカルクラン行きと\n関係しているとすると・・・。%b	
30cdec87d7	1	83	40	%b	まったく、カダールの奴らには腹が立つわ。\n誰か、アイツらをやっつけてくれへんかね。%b	
31e2cd9540	1	84	40	%b	思うに、館長はポポロンの粛正の話を\n知っていて、気に病んでいたのでは\nないだろうか？%b	
385d957d2c	1	84	40	%b	きっと、カダールとかいう連中が、\nリグロード大陸東西の\n通行を絶つために作ったんだ！%b	
3b16ea5696	1	86	40	%b %h	我々の属するこの世界において、\n物理的な影響力を行使する、\nということに他ならない。%b%h	
3eeac19e08	1	84	40	%b	なんでも、カダールに対して\n反抗してる連中が力をつけるのは、\n気に入らんのですって。%b	
41457b9765	1	84	40	%b	長老の持つカギは、\nこのカダールのどこかにある、\n建て物の扉を開くためのカギだとか。%b	
4ad182d350	1	84	40	%b	カダール軍の侵攻で、\nドラグーンとクィーンズランドは\nまっさきに攻撃されたんだって。%b	
58fc481ce0	1	84	40	%b	カムイコタンの族長は、\nそういう大自然の神々の力で、\n熊と鷹に変身できるんですって！%b	
6056365cd2	1	84	40	%b	ヤツらがやってくる前は、\n霊峰フジの結界洞を\n自由に通り抜けることができたのじゃが。%b	
630a2288e2	1	83	40	%b	毒の霧が発生するような場所でしかとれない\n貴重な原料をとってきてくれて大助かりさ。%b	
639242b091	1	82	40		おおっと。\nお荷物がいっぱいのようでやんす。\n荷物の整理をなさってからおいで下せぇ。	
6430b33f76	1	83	40	%b	そやから、道具を使う時は注意せなあかん。\n人を幸せにするために道具は使わなあかん。%b	
65b6073c02	1	84	40	%b	シラナミは、悪いことやって\n金もうけしてるヤツから盗んで\n貧しい人達にあげてるんや！%b	
667db53fb9	1	83	40	%b	やっぱり英雄は英雄のことを知るねんなァ。\nリグロードの竜騎士もええとこあるやんか。%b	
697bbc73b1	1	84	40	%b	７人委員会は、あたし達の聖なる場所、\n海底神殿から\n神宝ガルマンオーブを盗んだのよ！%b	
7b9d8255d4	1	81	40		\nпi方向）　　　　　　　　　　　　　　　［１／５］\n　コマンドの選択を行ないます。	
7cb9367415	1	84	40	%b	最近、地震が多いよって\nこんなんやったら、ゴジョウ大橋も、\n再建どころと違いますわ。%b	
807da18d1b	1	84	40	%b	カギがかかってるってことは、\nどこかにそのカギを\n持ってるヤツがいるってことだろう？%b	
80e5fc67f4	1	84	40	%b	へぇ、この村一番の腕か・・・。\nもし仲間になってくれたら、\n頼もしいんだがな・・・。%b	
8aff271618	1	84	40	%b	そういえば、弟も、\nいつかこの水晶柱の謎を解き明かしたいと\n申しておったでござるな。%b	
8e7c977ba9	1	84	40	%b	姫様におかれましては、\nこの「イクシーズ構造論」を、\nご一読いただきたいのでござる。%b	
8eb76aaf3b	1	84	40	%b	アレクトリア大図書館武闘司書として、\n７人委員会の暴走を\n許すわけにはいきませんわ！%b	
8ff57432d7	1	84	40	%b	まだ、何か、暗い気持ちが\n胸に残っていますが・・・\nたぶん、私の思いすごしでしょう。%b	
90a33a296c	1	84	40	%b	ホークアイの弟ファルコを捜し出せば、\nイクシーズを再建することも、\n夢じゃないんだ！%b	
90e403c600	1	83	40	%b	落っこちそうなときの足場に使えるでしょ。\nあと、敵を足止めするのにもつかえるわね。%b	
922b67086f	1	84	40	%b	今回みたいなことがまたあれば、\nあっし達がお頭の\n足手まといになるってことでやすね？%b	
93b9baf0f8	1	84	40	%b	カダールのヤツらをリグロードから\n追い払えるのは、\nミュウ様をおいて他にいませんや。%b	
988cb7f1b6	1	84	40	%b	人間でも、式神でも、\n生きているものはみんな、\n大切な何かを持っているもの、なのね。%b	
99ab123ca4	1	84	40	%b	急な逃亡にも、\nコルベツアー社をよろしく。\n　　　　　　　　　　　（コルベツアー社）%b	
9ab909532f	1	80	40		身につけると、戦闘中に眠らされる、敵に操られる、混乱状態になることがありません。	
9b4e49b94f	2	84	40	%b	そうか、ここのモンスター達は、\n７人委員会の仕業の影響を受けて\n凶暴化しているんだ！%b	
a115d52068	1	84	40	%b	アレクトリア大図書館の地下通路には、\nマラカイトが隠されていると\n聞いたことがある。%b	
a118a35d43	1	83	40	%b	大地の叫びの霧は、怪しい力を持つようだぜ。\nどうやっても出口が見つからないからな。%b	
a430ad51a0	1	84	40	%b	この水色のシノビ服を着た敵は\n【くぐつ】という技で、\nステータス異常をひきおこすゼ！%b	
a965ee52e0	1	84	40	%b	ホークアイの弟ファルコを捜し出せば、\nイクシーズを再建することも、\n夢じゃないのね！%b	
b6c56854c2	1	84	40	%b	イガの東にある関所を通れば、\nカムイコタンやホウライ山へ\n行くことができますねんで。%b	
bae86536e4	1	83	40	%b	御心配に及びませんわ。ポポロンのそばまで\nわたくしもご一緒させていただきますもの。%b	
c666d87e0b	1	84	40	%b	このいまいましい結界のおかげで\n裏ヤマタイにあるカダールの本拠地に\n近づけないんだ。%b	
c8031b64df	1	83	40	%b	だが、魔法球は壊さないほうがいいだろう。\n万が一にもカオスの力が解放されたら困る。%b	
cbdfa45e7b	1	83	40	%b	やだねぇ、そんなにしゃちほこばらなくても\nいいじゃないか、別にとって食やしないよ。%b	
e2b5523167	1	84	40	%z	%z我が名はガルザード。\n魔導王国カダールより、\n世界を我らの前に屈伏させるために来た。	
e77bc7e143	1	84	40	%z	%zうるさいわね！\nとっとと、ナズナ洞に帰りなさいよ！\n時々は、遊びに行ってあげるわよ！	
ee74c85974	1	83	40	%b	自ら扱えないほどの力を求めるべきでない。\nカオスの力は、それ自体、強い魔力を持つ。%b	
f1ed7602ac	1	84	40	%b	てことは、アレだな、\n変身するたんびにスッポンポンって\nワケか・・・いひひひひひひ。%b	
f4b23ff1d7	1	86	40	%b %h	以来、この泉の前で\nくちづけを交わした恋人達は、\n永遠に結ばれると信じられています。%b%h	
faad2081c4	2	84	40	%b	ヒバリが幸せに暮らせるような世界を\n取り戻すためにも、\n倒さなければならないでしね。%b	
fb106d2efa	1	84	40	%b	ああ、こうして目をとじるだけで、\nミュウ王女の美しいお姿が\nまぶたに浮かびますとも。%b	
fcc5c99589	1	83	40	%b	災害で大切なことは、あわてないことです。\n　　　　　　　　　　　（オルトマ自治会）%b	
fff6b0f0a1	1	84	40	%b	飛んでるやつにつかんでもらって、\n滑っていくか、地形を変えて\n下りていくしかないかな%b	
004728e985	1	82	39	%b	その前に、グラビティの人達の話を\n詳しく聞いてみれば、\n何かわかるかもしれねぇな。%b	
0100893f27	1	78	39		月光のごとく澄んだ色をした刃を持った刀で、身につけると命中率が少し上昇します。	
062c6b6ed8	1	82	39	%b	して、姫におかれましては、\n何ゆえ、そのような名前を\n御存知なのでござりまするか？%b	
07cf7100d3	1	82	39	%b	このぬれぎぬを晴らすには、\n忍者屋敷を直接叩き、\n部下を助けだすしかないですじゃ。%b	
08dc207352	1	82	39	%b	ヤマタイのゲテン城で、\nガルザードが動作させた\n不思議な仕掛けに巻き込まれました。%b	
0b9235d8fe	1	82	39	%b	しかし、７人委員会と\n名乗る連中によって、\n幽玄の森の結界は解かれてしまいました。%b	
0bfc69f156	1	82	39	%z	%zナズナは人形じゃないの、なの！\nアスカが望むなら、\n人間にだってなっちゃうのなの！	
0c6c803dea	1	81	39	%b	しかも、長い間訪れる者とてなかですけん、\nちょっち、口調が変でっしゃろぞなもし。%b	
12633500da	1	78	39		魔法使いのための帽子です。魔法に対する術者の集中力を高めるはたらきがあります。	
1492e95bca	1	82	39	%b	コルベツアー社では、\nさっそく、英雄達の足跡を訪ねるツアーを\n計画中らしいですよ。%b	
181a1a5495	1	82	39	%b	お礼といってはなんだけど、\n代々我が村に伝わる\n技の奥義書をもらってくれるかしら？%b	
1afdc8f016	1	82	39	%b	坂道があるのだ～ゼー！\n俺様は心配ないがみんなは\n各個撃破に気をつけるのだ～ゼー！%b	
24cb1a1b69	1	81	39	%b	私によって流された血はあまりにも多く、\nこの世界に生きていることなど許されない。%b	
2662836eac	1	83	39	%z	%zいいよ。\nあたし達の間に、決着がつくまで、\nアスカを追いかけ回すから。\nね、ナズナ。	
26685b5467	1	81	39	%b	つまり、これがあれば結界洞の結界を破って\nゲテン城へ行くことができるんじゃない！%b	
26c208d871	1	81	39	%b	この色、この反射、この質量と感触！！\nまったくイクシーズで見たのと同じでしてよ！%b	
296ebfdad2	1	81	39	%b	なんか、ザコがチョロチョロしてんなぁ。\nこんなの相手じゃ、準備にもなりゃしねぇ。%b	
29a4bc1dd1	1	82	39	%z	%zなんだい、なんだい、\nケガをしても、助けてあげないからね！\nミュウの、怒りんぼ～！	
2dfb5fa84f	1	82	39	%z	%z僕の心は深く傷ついちゃってるから\nいくら謝ってもらったってダメだよ。\nでも・・・。	
2e5bbb2cf1	1	78	39		地面を掘り下げて、地形を変化させます。変化した地形は４ターンでもとに戻ります。	
2f00114fcf	1	82	39	%b	しかし、７人委員会によって\n聖なる神殿は暴かれ、\n元々の魔法球は奪われてしまった。%b	
3215d01328	1	81	39	%b	ここでこうしていてもはじまらねぇゼ。\nましてや死んだ人間が生き返るわけでもねぇ。%b	
3400ed711a	1	82	39	%b	こっちの【ゲートキー】は、\nガルザードが持っていたものと\n同じもののようだ～ゼー！%b	
361874caec	1	82	39	%b	女義賊シラナミの名にかけて\nあたし達がうけた借りを\n何倍にもして返してあげるわよ。%b	
38ce17efbf	1	81	39	%b	ゲームそのものは、トランプのポーカーよ。\n高い手であがるほど、配当は高くなるわ。%b	
3d877760c6	1	82	39	%b	幽玄の森に封じられていた\n次元の扉をとおって、\nカカルクランに向ったと聞いてるよ。%b	
3d9a8bddab	1	82	39	%b	港の船頭の中に、\n金山があるって言われてる場所まで\n運んでくれるのがいるハズだよ。%b	
41d7ebbb96	1	78	39		タオの導師が集中力を高めるために使ったものです。女性の方のみご使用になれます。	
4476af8aa8	1	82	39	%b	なお、この迷宮内でのできごとに\n当方は一切の責任を\nもちませんのでご注意ください。%b	
44b263d8e2	1	82	39	%b	ゴジョウの南におぼろ谷があり、\nおぼろ谷を越えれば\nクリカラという村があるらしい。%b	
498d11c29a	1	78	39		数本の矢をばらばらに撃ちます。このため攻撃力はありますが、命中率の低い技です。	
49be0f9284	1	82	39	%b	ホークアイの弟ファルコを捜し出せば、\nイクシーズを再建することも、\n夢じゃねえゼ！%b	
4caedcb290	1	81	39	%b	敵の中には、とんでもない防御力を誇るが、\n魔法にはてんで弱いのもいるって話だよ。%b	
4e267ce68c	1	81	39	%b	昔の盗賊だかなんだかが隠したって財宝が\n眠ってるって伝説のある場所を知ってるか？%b	
50b307752e	1	82	39	%b	こっちの【ゲートキー】は、\nガルザードが持っていたものと\n同じものみたい、なのね。%b	
5361dca850	1	81	39	%b	ボヨヨンのババンバーンって感じらしいゼ。\nくぅ～、いっぺん会ってみたいもんだね。%b	
5b715c6e4e	1	82	39	%z	%zでも、そういう弱さを\n安心してさらけ出すことができるのは、\nキミが相手だからだよ。	
6995421fd3	1	82	39	%b	火薬をつかって鉄の弾をうちだす\n砲という武器の\n製造と操作の技術を持っているんだ。%b	
69a6e9b3fc	1	82	39	%b	おお、皆さん！\n我らの至宝、光なす翼、イクシーズ号は、\nその後どうなりましたかな？%b	
69f6067510	1	78	39		高級なシルクを使用した手袋は、知性の力を使用者に与えてくれます。女性専用です。	
6acaf1443b	1	82	39	%b	かくなる上は、昔のことじゃ、\n水に流してやるによって、\nわらわのことも許すのじゃ。%b	
6ad997048a	1	82	39	%b	死の砂漠の先にある\nイシスのピラミッドには、\nものすごい宝が眠ってるってハナシだ。%b	
6e3c43f47e	1	78	39		足につけるアイテムです。動きづらくなりますが、素早さを成長させる事ができます。	
7395f42555	1	81	39	%b	一人一人の兵士はそれほど強くなくても、\n強い将がいれば軍団として強さを発揮する。%b	
7403aa2499	1	81	39	%b	これからは、平和な国を作っていかなきゃ、\nぎせいになった人達に申し訳ないわよね。%b	
7727b712e7	1	78	39		高貴な上品さと知性を感じさせる女性専用の手袋。知性と霊的な力を与えてくれます。	
8482ec2b31	1	81	39	%b	彼は、宝の番人としての役割のためだけに\n長い年月をここで暮らしたのでござったな。%b	
84b970e63d	1	81	39	%b	イガ最強のシノビ集団として知られる月組が\nカダールの奴らに捕まったらしいですわ。%b	
871aa99979	1	78	39		地面をもり上げて、地形を変化させます。変化した地形は４ターンでもとに戻ります。	
87954f06db	1	81	39	%b	こんな場所じゃ、旅人もめったに来ないから、\n盗賊の稼ぎじゃ、生活できねぇもんな。%b	
8ab7d817ce	1	82	39	%b	ホークアイの弟ファルコを捜し出せば、\nイクシーズを再建することも、\n夢じゃないね！%b	
8c1375469c	1	82	39	%b	戦闘に関していえば心強い味方だが、\n式神ってのは、\n一筋縄でいかない性格らしいぜ。%b	
923a1d2f19	1	84	39	%b %h	だが、アーヤの言葉の後半は、\nゴボゴボという音になって、\nのどの奥にひっかかった。%b%h	
939223496b	1	81	39	%b	ぬわんとっ、俺様をメンバーから外すとは、\n分かってないにもほどがあるのだ～ゼー！%b	
99581eb56b	1	82	39	%b	西の関所を越えると、\nゴジョウの町、ホウショウ院方面へ、\n行くことができますじゃ。%b	
9f4cfa8e3c	1	82	39	%b	あっしは、ディアーネ船長から\nミュウ王女様達の世話を\nよろしくって言われてるんで。%b	
a410889996	1	79	39		（決定）　　　　　　　　　　　　　　　［２／５］\n　コマンドの決定を行ないます。	
ac98d0bde9	1	80	39		ワレ、ゼニが足らんやんけ。\nこっちも商売や。\nゼニ持ってないんやったら帰ってんか。	
af127ef560	1	82	39	%b	ということは、\nこの【ゲートキー】を使えば、\nカオスゲートを利用できるのだ～ゼー！%b	
b2d5fc120c	1	82	39	%z	%zガルマンオーブを取ってしまえば、\nイクシーズは、もう動かないんだよね、\nファルコ？	
c0ae371c65	1	82	39	%b	えらいこちゃ、えらいこっちゃって、\nみんな言うてるけど、\n何がえらいことなんやろ？%b	
d07bd2e9ff	1	82	39	%b	伝承によれば、\n熱き死の砂をふみしめて行くべし、\n大いなる宝が眠りたる城に向けて。%b	
d52894ef8c	1	82	39	%b	時間を無駄にできないが、\nみんなを確実に助けだすためにも\n装備を固めに村へ戻ろう。%b	
d5f7371a29	1	78	39		知性を高めるはたらきをもつ帽子ですが、魔法使いの方以外にはお使いになれません。	
dfeb486bb5	1	78	39		ルーンと呼ばれる特殊な言語がきざまれた矢を用いる弓です。霊的な効果を発します。	
e3e7aa2479	1	79	39		（キャンセル）　　　　　　　　　　　　［３／７］\n　システムメニューに入ります。	
e4432f7ff9	1	82	39	%b	万が一にも、\n魔法球の秘めたるカオスの力が\n解放されるようなことがあってはならぬ。%b	
e636a3017a	1	81	39	%b	７人委員会が、次元の扉を開いたために、\nカオスの力が、カカルクランから流れ込み、%b	
e90e1924cd	1	79	39		売れるものなんか持ってないじゃないか。\n年寄りじゃと思って馬鹿にしおって・・・。	
e95cca4a72	1	80	39		おや、お金が足りないようだねぇ。\nこっちも商売だからね。\n悪く思わないでおくれよ。	
ee2c31f4d2	1	82	39	%b	あんた方に怨みはあらしませんけど、\nカダール軍から手配書が\n回ってきてますのんや。%b	
f018f10be6	1	78	39		魔法使いの方のみがご使用になれる帽子ですが、格段に知性を高める効果があります。	
f27cd9b84a	1	82	39	%b	もう一度、グラビティの人達の話を\n詳しく聞いてみれば、\n何かわかるかもしれねぇな。%b	
f52e33ebc4	1	82	39	%b	ナズナとアスカが力を合わせれば、\nガルザードなんか\n簡単にやっつけちゃうの、なの！%b	
f904461620	1	82	39	%b	こういう時は、近くの村か町で、\n昔話に詳しい老人から\n話を聞けばよろしいのですわ。%b	
fabbbf2800	1	81	39	%b	まさか、また、ヤマタイからゲンユウサイが\n攻めてきたとかいうんじゃないだろうな。%b	
fcb9ccfdd4	1	82	39	%b	確か、第１次リグロード戦役で、\nゲンユウサイの配下にいた\n女魔将じゃなかったかな？%b	
fd08a9c6b9	1	82	39	%b	ぐっとあおるだけで、\n後はなにも憶えちゃいないが、\nなぁに、気にするこたあないよ。%b	
037f063ae8	1	80	38	%b	ああ、私から悲しみが無くなり、\n心の底から笑える日がくるのは\nいつなのだろうか？%b	
04b0e0692e	1	79	38	%b	カオスの力によってわたくし達の世界にまで\n影響をおよぼしてきたのですわ・・・。%b	
0646dc533b	1	79	38	%b	私も、必死に抵抗を試みたのですが、\n力及ばず、彼らに扉を開かれてしまいました。%b	
085befaf81	1	80	38	%b	カムイコタンに派遣した兵士が\n帰ってこないっていうんで、\n相当カリカリしてたよ。%b	
0b50f2c89f	1	79	38	%b	技を融合する奥義について書かれた書物が、\nどこかの宝箱に眠っているらしいわよ。%b	
0fb33ffd25	1	79	38	%b	申し訳ござらんが、拙者に時間を下され。\n長くはかからぬよう全力を尽くしまする。%b	
170d30cb81	1	80	38	%b	我らの目的は、より良い時代の到来を\nより優秀な者の手で\nきずくことにあるのです。%b	
174555bf07	1	80	38	%b	なんでも、カダールに対して\n反抗してる連中が力をつけるのは、\n気に入らんねんて。%b	
17ffeacb95	1	80	38	%b	ということは、\nこの【ゲートキー】を使えば、\nカオスゲートを利用できるってこと？%b	
185e9f5f40	1	79	38	%b	こ、こ、これは一体どうしたことでしょう。\n世界は、へ、へ、平和になったんじゃ？%b	
220330fc33	1	80	38	%b	そのドラグーン城から東に行くと\nラスティ様の祖国、\nクイーンズランド国でしてよ。%b	
24175f96cd	1	80	38	%b	分かちがたい運命と友情によって\n結び付いた人々を統べるのは\n難しいことじゃない。%b	
26f28e0777	1	72	38		本から巨大な鎌が出現し、攻撃とともに呪いをかけ1/16の確率で死亡させます。	
2cf2e96cb4	1	79	38	%b	あ、もしかして、ここには【八坂の勾玉】が\nぴったりはまるようになってるんじゃ？%b	
2eb856844e	1	80	38	%b	イクシーズ号を使って、\n世界に平和をもたらした勇者達と、\n話ができるとは感激だ。%b	
400044dff4	1	79	38	%b	どこかにわたしをここから連れ出してくれる\n素敵な王子様はいないのかしら・・・。%b	
40c7c5c1c1	1	80	38	%b	ミュウ！キング！\n特殊魔法の「アースモール」で、\n敵の隣の地形を盛り上げるんだ！%b	
4283d912a3	1	80	38	%b	アレクトリア大図書館でなら、\nきっとイクシーズについて、\n何かわかるはずですわ！%b	
4c0fba6e25	1	80	38	%b	しかし、おぼろ谷では、\nおかしな女山賊が出て、\n旅人の行く手を阻むそうですじゃ。%b	
500c245996	1	80	38	%b	最初に話したことだが、\n忍者屋敷のカラクリについて、\nもう一度説明しておこうか？%b	
52479a5114	1	80	38	%b	今も、７人委員会が、\n次元の扉にかけられた封印を\n解こうとしているのを感じます。%b	
54e0c49a8a	1	81	38	%b %h	一般に古代魔法文明と呼ばれるこの文明は、\n現在我々が使うことのできる神秘の力、%b%h	
5522f61f43	1	80	38	%b	カムイコタンに派遣した兵士が\n帰ってこないっていうんで、\n相当カリカリ来てたぜ。%b	
6212e33d81	1	79	38	%b	今は、カダール軍による統制が厳しくて、\n自由にご旅行いただくことはできません。%b	
64a107179b	1	80	38	%z	%zごめんね。\nボクは、自分の不安やイライラを、\nラスティにぶつけてまぎらわしてた。	
697a6cc8f9	1	80	38	%b	レジスタンスに加わった\nアレクトリア大図書館の者は、\nすぐにでも処分するべきだ！%b	
69e0091f55	1	80	38	%b	なんでもシラナミは、\nリグロードからやってきた\n竜騎士の仲間になったらしいねん。%b	
6cae2810c0	1	80	38	%b	その前に、グラビティの人達の話を\n詳しく聞いてみれば、\n何かわかるかも、なのね！%b	
6d9fdf8c33	1	80	38	%b	じゃあ、この天変地異は、\n７人委員会達の魂が\nカオスの力で起こしたってことか？！%b	
706f684c07	1	80	38	%b	人が生きて行く上で\n大切にしなければならないことは、\n誇りを失わないことなんだ。%b	
730ebc9b45	1	82	38	%b %h	カダールでは、\nその独特の発展を見せた文化風土から、\n知識を何よりも重んじます。%b%h	
733b7e6933	1	80	38	%b	イニシエは、砲術という\n恐ろしく攻撃力の強い攻撃方法を\n操ることができるらしい。%b	
75edd8f77a	1	79	38	%b	ヤマタイにオレ達の先祖が移り住む前から\n存在する人々を原ヤマタイ人というのさ。%b	
7a58416979	1	79	38	%b	でも、今は、カダール軍に人質にされた\nカムイコタンの人々を助けるのが先決だよ。%b	
7db1394025	1	80	38	%b	・・・ヤマタイにいるってのに\nカダールに肩入れしたのは\nマズかったよなァ・・・。%b	
841d7792fb	1	80	38	%b	仰せのとおり、あっし達は闇に潜んで\nイガを守りながら\nお帰りをお待ちいたしやす。%b	
881fa1262d	1	80	38	%b	この俺様の天才的眼力が、\nイクシーズで見たのと同じものを\n感じとったのだ～ゼー。%b	
8bff588c68	1	80	38	%b	元々はシノビの砦だったんだが、\nカダールに奪われ、\n今は奴等の根城になっている。%b	
9283927112	1	77	38		（水平視点切替）　　　　　　　　　　　［６／７］\n　ワールドでは使用しません。	
98cfe5e94b	1	81	38	%b %h	忘れられた都グラビティの沖合い海底に\n古代魔法文明の遺物である船が沈んでいる。%b%h	
98dcc70450	1	79	38	%b	どれどれ、どういう仕組みになってんのか、\nちょっと、お姉さんに見せてごらん～。%b	
999a776db8	1	80	38	%z	%z仰せの通りでござる。\n海に浮かべて船にするぐらいしか、\n使い道はござらん・・・。	
9a8a91a1c0	1	79	38	%b	・・・でも、ガルマンオーブがなければ、\nイクシーズを復活させることはできない。%b	
9c096010e6	1	80	38	%b	たとえば、\nゴースト系のモンスターには、\n並みの武器や攻撃で倒すことは出来ない。%b	
9ce5d231f2	1	80	38	%b	誰か知らんけど、\nカダールの連中をやっつけてくれたおかげで、\n平和になったんや。%b	
9f0c0afcd2	1	80	38	%b	ということは、\nこの【ゲートキー】を使えば、\nカオスゲートを利用できるのでしね。%b	
9fb1f5a879	1	79	38	%b	私の中にかくれていたドス黒い欲望が、\nカオスの力の研究で表面化したにすぎない。%b	
a709432cdf	1	79	38	%b	まさか、カダールの連中にコビを売って、\n王位につこうってんじゃないでしょうね？%b	
abb9ba9297	1	81	38	%z	%z荒ぶる熊の神よ！\n猛る鷹の神よ！\n故郷ヤマタイの神々よ！\n我らが成果をご照覧あれ！	
ad02386636	1	80	38	%b	その前に、グラビティの人達の話を\n詳しく聞いてみれば、\n何かわかるかもしれんな。%b	
ad809f9e2f	1	80	38	%b	そんな時、リグロード戦役で\n悪者ゲンユウサイと戦った式神がいたって\n聞いたのね。%b	
adccc1810f	1	79	38	%b	防御技の［カウンター］は、その射程内から\n攻撃された時に反撃をする技やねんで。%b	
b39ac105fa	1	80	38	%b	このゲートキーは、\n魔法の転移装置カオスゲートを\n作動させるための道具なのです。%b	
b8855d697e	1	79	38	%b	リグロードやヤマタイより、カダールの方が\n文明的には進んでいるのではないかね？%b	
bbfca0ac2a	1	80	38	%b	ふらふら出歩いておらんで、\n大地に根をおろして、\n自分の人生を生きてはどうじゃ。%b	
c00d43d928	1	79	38	%b	このホウライ山は、滑落しやすい場所だから、\nもう一回、危険な場所を説明しよう。%b	
c284a0a131	1	80	38	%b	どのみち、こいつらを\n全部倒さないことには、\nゲテン城を取り戻すことはできねぇ。%b	
c305ca89a7	1	79	38	%b	この先にクリカラって村があるらしいが、\nみたところ橋もなにもないようだ・・・。%b	
c9321c91db	1	79	38	%b	では、わたくし、ここでいったん失礼して、\n仲間達に事の次第を報告して来ますわ。%b	
cd06119eb4	1	80	38	%b	いたずらするとよく母ちゃんに、\nゲンユウサイに連れてかれるよ、\nって言われるよ。%b	
cf28821110	1	79	38	%b	俺様の素晴らしくよく強まった感覚が\n隠されていたアイテムを発見したのだ～ゼー！%b	
d3949cc86c	1	79	38	%b	↑ミュウ王女のファンクラブを作ろう！\n　　　　　　　　　　　　　（リューシャ）%b	
d87c81ac71	1	80	38	%b	一刻も早く、あなたがたに\n７人委員会を止めてもらわないと\n大変なことになります。%b	
d9caf4ad49	1	79	38	%b	ちょっと待ってくれ、カダールってのは、\n船で何ケ月もかかるところにあるんだろ？%b	
da630997e2	2	80	38	%b	７人委員会は倒したのに、\nここにいる怪物達は\nカオスの力の影響を受けてるみたい。%b	
db99404241	1	79	38	%b	この扉には、何か仕掛けがありますぞ。\nどこかにこの扉を動かすしくみがござろう。%b	
e1be923e6b	1	80	38	%b	ドリームラビリンスの入口は\n一切の侵入者をこばむかのように\n固く閉ざされている。%b	
e2e5571012	1	76	38		魔法をお使いになる方の能力を引き出すために、ガーラン糸でおりこんだ帽子です。	
e6725b496d	1	80	38	%z	%z遠からん者は音に聞けい！\n近くに寄って目にも見よ！\n我ら、ついに巨悪を倒したり！	
ea04b2d2fa	1	79	38	%b	そういうことなら、あたいに任せときな！\nタダでヤマタイまでのせていってやるよ！%b	
eb0e892b96	1	79	38	%b	魔法球は壊さない方がよろしいでしょうね。\nカオスの力が解放されたら困りますわ。%b	
ed2f3d95dc	1	80	38	%b	平和になったことだし、\nまた帰ってきて、\n前みたいに店を開いてくれるんでしょう？%b	
ef062eeefc	1	80	38	%b	指導者に権力を与える時は、\nそれをコントロールする方法を、\n必ず用意するべきだ。%b	
efe30d9116	1	79	38	%b	いやぁ、私共も、そのような立派なお方に\n国をお任せでき、心から喜んでおります。%b	
f0f54b8fd0	1	80	38	%b	「明るく楽しいレジスタンス活動に\nあなたも参加してみませんか？」\n・・・だって。%b	
f11171bac1	1	80	38	%b	こうして姫様のお顔を\n拝見いたしておりますと、\nまた一段とお美しくなられた様子。%b	
f5e13a3172	2	80	38	%b	あいかわらずここのモンスター達は、\nカオスの力の影響を\n受けてるみたいだ・・・。%b	
041ae65122	1	77	37	%b	どうやら、古代魔法文明の秘密をさぐり、\nあわよくば、魔法球ガルマンオーブが、%b	
04ee25b130	1	77	37	%b	ばってん、この迷宮協会で登録ばせんと、\n試練の迷宮に入ることはできんとです。%b	
06ddcb4e25	1	77	37	%b	そうか、私は何を迷っていたのだろう！\n私の体の中に眠る獣の本能が叫んでいる！%b	
07308e8521	1	77	37	%b	しかし、こうして自由になった今、\n俺様はまさに世界最強の魔導士なのだ～ゼー！%b	
0a0204f425	1	77	37	%b	あ、もしかして、ここには【蓬莱の珠】が\nぴったりはまるようになってるんじゃ？%b	
0f276522e1	1	77	37	%b	この人数では動きそうにありませんわ。\nこれ以上やっても、時間の無駄でしてよ。%b	
10178247d2	1	78	37	%b	余計な疑問を・・・\n持ったりしなければ・・・、\n知らずに済んだだろうに・・・。%b	
11a959cd05	1	77	37	%b	オレを信じ、命を預けてくれた部下達が、\nここでカダールにとらわれているんだ。%b	
11bf96a008	1	78	37	%z	%zアンジュしゃん・・・、\nあの・・・、\n俺っチの村でしばらく休んだらどうでしか？	
166fba3294	1	77	37	%b	でも、今は、お父様とお城に仕える人達が\nカダールに監禁されているんだ・・・。%b	
187674f60f	2	76	37		金が足りないようだね。\nこっちも商売だからな。\nまた金がたまったら来ておくれ。	
1ea79f9868	1	78	37	%b	彼らはリグロードに赴き、\n古代魔法文明の力を使い\n大粛正を行おうとしています。%b	
27346e1361	1	78	37	%b	シノビってのは、もともと、\n鉄鉱石を精製して\n武器を製造する技術者だったんだ。%b	
2e979b67c8	1	77	37	%b	きっと、壊さないほうがいいでしね、\nカオスの力が解放されたら困るでしからね。%b	
336d54952f	1	77	37	%b	そんなハッキリ言わなくてもいいだろう？\nわざと、その単語を使わなかったんだ。%b	
3553d630ff	1	77	37	%b	肉体なき今、魂もまた滅ぶ必要がある。\nでなければ、世界は・・・救われんのだ！%b	
38ae5980f3	1	78	37	%b	こっちの【ゲートキー】は、\nガルザードが持っていたものと\n同じもののようでし。%b	
3bdaea3c21	1	77	37	%b	武力だけでこの地位についたと思うなよ！！\nホウショウ院に閉じ込めてくれるわ！%b	
3f7690cad2	1	77	37	%b	イガの里で、カダール軍に囲まれていた\nシノビの男の子のことが、気になるんだ。%b	
415a6e37b7	1	77	37	%b	もう一人の私は、悪という言葉のもつ意味を\nそのまま形にしたような人物だった。%b	
437b29f51d	1	78	37	%z	%z古代魔法文明の貴重な研究を\nもっと深めたいのでござる。\nどうか、どうか・・・。	
43c3aa305c	1	77	37	%b	無駄な戦いは、さけるつもりだったけど、\nそういうわけにはいかないみたいだね。%b	
45668d7e95	1	77	37	%b	ゴジョウで話題の女義賊シラナミは、\nカダールを相手に仕事をしてるらしいわよ。%b	
48dc1102ab	1	78	37	%b	東の関所を越えると、\nカムイコタン、ホウライ山方面へ\n行くことができますじゃ。%b	
4f39699e89	1	77	37	%b	だが、もう一度、こんなことをしてみろ、\nその時は、カンオケに叩きこんでやる！%b	
5079232288	1	78	37	%b	カムイコタンの人々は、\nその原ヤマタイ人の血を\n引いていると言われているんだ。%b	
536b4e91bd	1	78	37	%b	ここだけの話やで、\nうち、実は、アスカのお嫁さんを目指して\n花嫁修行中やねん。%b	
553bae98f4	1	77	37	%b	だが、ここにラグロスがいるってことに\n間違いはねぇ・・・どうする、ラスティ？%b	
597bde0df0	1	77	37	%b	アスカ達の言うことも、もっともだ。\nミュウ、仲間の命を危険にさらすつもりか？%b	
5c051fec72	1	77	37	%b	魔法球は壊さないほうがいいの、なの。\nカオスの力が解放されたら困るのなのね。%b	
62914f5f5a	1	77	37	%b	カオスの力の波動が強くなったせいか、\nモンスターも随分凶暴になってるみたい。%b	
654ac76327	1	104	37	%H %m1 %V100 %m0 %s5 %V0 %b	%H%m1%V100［%m0%s5%m1］%V0%m0\n近くに町があるっていうのに、\n何も調べないなんて、\nそんなの自殺行為だよ！%b	
65ce942572	1	77	37	%b	話からすると、村人の安全のために、\n女子供を差し出してるってことみたいだよ。%b	
69567a1bc9	1	78	37	%b	ということは、\nこの【ゲートキー】を使えば、\nカオスゲートを利用できるのかな？%b	
6b79bd7621	1	77	37	%b	７人委員会に反抗するレジスタンスや\nそれを支援する愚かな人々を粛正するのも、%b	
6ea4dfde18	1	77	37	%b	防御が完全になってこそ、迷いのない\n攻撃を繰り出せる、そない言う人もいてる。%b	
7077a26fec	1	78	37	%b	本当は、お兄ちゃんが、\nしばらく仕事場にこもっちゃうから\n一人でつまらないの。%b	
72f61bf4e8	1	77	37	%b	金てのは、ものすごく沢山の鉱石の中に、\nほんの少しだけ入ってるものなんだぜ。%b	
757b9692ad	1	78	37	%b	あのルゥナという妖精が、\nみんながここに戻ってくると、\n教えてくれたのですわ！%b	
775019b0fb	1	77	37	%b	リグロード大陸を北からまわる航海をした\nある船乗りが、航行中に煙を見たって。%b	
77794c691d	1	78	37	%b	世界の平和なんてそんな大層なモン、\n背おいたくて背おうバカが\nどこにいるのよ！%b	
77f40cdbe6	1	77	37	%b	この地に何が起こっても、竜騎士団は、\nわたくし達を守っていただけますわよね？%b	
794c885b3c	1	77	37	%b	それか、北か南に向かうんやったら、\nカダールへたどりつくっちゅうこっちゃな。%b	
7daaae76d4	1	77	37	%b	姫様がここにいらっしゃるってことは、\n大したことじゃないって決まってまさァ。%b	
7f33c96301	1	77	37	%b	７人委員会の皆様の統治には何の不満もないね。\nああ、これっぽっちもないとも。%b	
7f82e3b157	1	78	37	%b	７人委員会はリグロードで、\n全人類を大粛正する最終段階に\n入るでしょう・・・。%b	
7f98ea8581	1	78	37	%b	いつかは、シラナミみたいな、\n弱きを助け強きをくじく\n人間になりたいんですわ。%b	
8b2150d3ef	1	78	37	%b	申し上げにくいのでござるが、\nイクシーズ復活には、\nもう一品必要なのでござる。%b	
8fefbcbbec	1	78	37	%b	こっちの【ゲートキー】は、\nガルザードが持っていたものと\n同じもののようだな。%b	
911dda9c9c	1	77	37	%b	ケガをしている者がいなければ、\n神聖魔法を使えないと考え違いしておらんかな？%b	
925e31d21c	1	77	37	%b	ムサシ様といえば、イガの里の英雄さ！\nたしか、アスカ兄ちゃんのご先祖様だよ。%b	
93218ab51b	3	77	37	%b	ＡチームとＢチームに別れた奴等の闘いで、\nどちらのチームが勝つか賭けるのさ。%b	
9606427aec	1	78	37	%b	世界には平和が戻ったし、\n伝説の剣のことなんて\nどうでもよくなっちゃいました。%b	
9d5c7f6a70	1	77	37	%b	子供たちは、ここの首領にとらわれています。\n今は、無事なのかも分かりません。%b	
a24a775687	1	74	37		この弓から打ち出された矢は、ときとして相手に眠りをもたらすことがあります。	
a2a1491032	1	77	37	%b	だから、ゲンユウサイのような悪党でも、\n武力だけで統一することができるのさ。%b	
a457d20663	1	74	37		竜でさえ酩酊すると云われるほどの強力なお酒です。敵に投げつけてみましょう。	
a4abf3e246	1	78	37	%b	それを頭の中に入れておけば、\n遠距離からの弓攻撃も、\nそれほど怖くないだろう。%b	
a61d24f4d7	1	74	37		かつてこの地にて、旅なかばに命をおとした名もなき戦士のかぶとと思われます。	
a93cb52e31	1	78	37	%b	貴重な鉄や鉱脈、\nそして技術者達を守るために\nあみだされたのが忍術ってわけさ。%b	
abf144592e	2	77	37	%b	アレクトリア大図書館武闘司書の名にかけて\n彼らを許すわけにはまいりませんわ。%b	
ad5ccf9a66	1	77	37	%b	男の子達ったら、てんでだらしないのね。\nこれぐらいのことでおおさわぎしてさ。%b	
afded00475	1	78	37	%b	はなしは聞いたわよ、\nアスカならきっと、\n世界を救ってくれるって信じてたもの。%b	
b02d7e453b	1	78	37	%b	コルベツアー社は\n１００年の伝統と格式を誇る、\nリグロード随一の旅行社ですよ。%b	
b501eda151	1	77	37	%b	かのアレクトリア大図書館の地下通路には、\nマラカイトが隠されているとも聞く。%b	
b76a960e09	1	78	37	%b	お兄ぃちゃん。\n無事に帰ってきてね！\n　　　　　　　　　　　　　　　（ヨモギ）%b	
ba2f475eda	1	74	37		魔法に対する防御壁を作ります。魔法の命中率を下げ、魔法効果を減少させます。	
bb23c6d555	1	78	37	%b	今じゃ、そのゲテン城も、\nカダールの連中に乗っ取られちまったって、\n聞いてる。%b	
bda16dc0ba	1	77	37	%b	大自然には神々や精霊が満ちている、\nそんな当り前のことを知らないとは・・・。%b	
be3f5431ef	1	77	37	%b	我らの仲間になると一言いうだけで、\nお前の仲間達を助けることができるのだぞ！%b	
be4324a605	1	77	37	%b	一体どうしたってんだ、ミュウのやつ。\nとってつけたみたいに明るくふるまって。%b	
c190e18ea7	2	75	37		おやまぁ、そんなに持てないじゃろう？\n荷物が軽くなったら、またおいでなされ。	
c285473f25	1	78	37	%z	%zよい返事だ。ミュウ。\nクィーンズランドのラスティ王子も\nよく聞いておきなさい。	
c31bca3c86	1	77	37	%b	強力な軍隊を持っているクィーンズランドや\nドラグーンを最初に占領したんでさ。%b	
c59e66e7c6	1	78	37	%b	私達で、世界を回って、\n不安な材料がないかどうか、\n確かめてみてはどうだろう？%b	
c61067d586	1	78	37	%b	それより、もう少し時間を置いて、\nお互いの頭が冷えるまで\n待ったほうがいいね。%b	
c8c173f5dc	1	77	37	%b	それがあるおかげで、カダールの連中は、\n兵士を簡単に素早く補給できるんだと。%b	
cb7917bc4e	2	78	37	%b	すると、ここの怪物共が\n凶暴化している原因は、\nどうやら、奴らにありそうだな。%b	
cefe44bab0	1	77	37	%b	我流だけに、その太刀スジを見切ることは\n不可能、なんていわれてるらしいです。%b	
d1cf2c25a0	1	77	37	%b	なんでも、カダールの支配者７人委員会が\nこのリグロードに来てるらしいですぜ。%b	
d379054693	1	78	37	%b	私は、図書館の館長に就任し、\nカカルクランとカオスの力の\n謎の解明に没頭した。%b	
d55d2adb01	1	77	37	%b	いいかげんにするのはアスカの方よ！\n一体、あたしとナズナとどっちを選ぶわけ？%b	
db4c12900e	1	78	37	%b	こっちの【ゲートキー】は、\nガルザードが持っていたものと\n同じものみたいだね。%b	
dbdafdfebf	1	77	37	%b	いつのまにか大地の叫びの霧も晴れて、\n通ることができるようになったらしいな。%b	
dd449da780	1	78	37	%b	たしかに立派ではあるが、\nやはり自分が慣れ親しんだ場所が、\n一番落ちつけるな。%b	
de002fad64	1	76	37		金が足りないようだ。\nいくら王女が相手でも、\nこちとら商売なんでな、すまんね。	
e0cb23cbbb	1	77	37	%b	どこかに開けるための仕掛けがあるだ～ゼー！\nあたりを注意深く探すのだ～ゼー！%b	
e43fdf6a6c	1	77	37	%b	そうやって何回か、人質を要求されるうち、\n村から女子供がいなくなっていった。%b	
ea83d484ab	1	78	37	%b	許さないぞ、ガルザード！\nお前達は自分たちの力を使うことに\n酔っているだけだ！%b	
ebd0c7d8d2	1	77	37	%b	私には分からないが、シラナミなら、\nこの扉を開ける方法が分かるかもしれない。%b	
ef2f1d13f0	1	77	37	%b	されば、カダールのアレクトリア大図書館に\n行かれるようお願い申し上げまする。%b	
f75a81fab1	1	78	37	%b	ウチのバカ亭主が言うには、\nミュウ様がドラグーンに\n戻ってらっしゃらないのは、%b	
f792463336	1	77	37	%b	あ、もしかして、ここには【天邪の鏡】が\nぴったりはまるようになってるんじゃ？%b	
f9bc13c497	1	77	37	%b	ようやく平和になったと思ったのに、\nこれじゃあ、おちおち寝てもいられないよ。%b	
ff82e54b08	1	74	37		腕につけるアイテムです。動きづらくなりますが腕力を成長させる事ができます。	
03f2516742	1	76	36	%b	自分の手を汚さずに、\n敵対者を排除するために、\n幻を見せる霧を使うでござる。%b	
0b6a823126	1	76	36	%b	カダールの奴ら、\nクィーンズランドの伝統と歴史を\n踏みにじりやがって・・・。%b	
0e0efa06f0	1	75	36	%b	ドラグーン城以来ですな、ミュウ王女。\nわざわざおいで願えたことを感謝する。%b	
104fa6044e	1	75	36	%b	わたくし、アレクトリア大図書館で、\n武闘司書官を務めるアンジュと申します。%b	
10debb87e9	1	76	36	%b	あと、あんたらが\nリグロードにおるとして、\n海を東か西に向かえばヤマタイに、%b	
10fe7c8b2e	1	75	36	%b	なぜ俺がこんなに詳しいかというと、\n実は、友人に旅の商人がいるからなのだ。%b	
118499dc1a	1	75	36	%b	ちょっと、ちょっと、ちょっと！\nな～に、とっちらかったこと言ってるのヨっ！%b	
14ab0b4a55	1	74	36	%b	へへーんだ、お前の母ちゃん出ベソ～ぞよ！負けても悔しくなんかないぞよ～。%b	
1572a5a9fd	1	75	36	%b	・・・で、そのドラグーン王家の姫様と\nクィーンズランドの王子様が何の用だ？%b	
15aa412a9a	1	75	36	%b	そ、そんなことをしたら、この世界には、\n２度と戻ってこれないんじゃないの？%b	
15b4ab6a6a	1	76	36	%b	こうなったら、\n一刻も早くカダール軍を追い出して\nおムコ様を見つけなきゃね！%b	
171a7bb541	1	76	36	%b	うん、ガルザードが作動させた\n魔法の装置に踏み込んで、\n消えてしまったんだ。%b	
174cb4d175	1	75	36	%b	カダールにおいて７人委員会による支配\nを受けない唯一の独立した機関ですわ。%b	
182b92e4d4	1	76	36	%b	クィーンズハートは、\n今やカダールのラグロスによって、\n占領されているのよ。%b	
192f89ebf0	1	75	36	%b	皆さんもアスカ様とともに英雄として、\n末永く語り継がれていくことでしょう。%b	
1d0d22a492	1	75	36	%b	おっと、それ以上は言わなくてもわかるよ、\nミュウを助けに行こうってんだろ？%b	
21297c9c28	1	75	36	%b	ミュウは自分の気持ちを押し殺して、\n沢山の人達の平和のために戦うと思うよ。%b	
2325cb0ee2	1	76	36	%b	まったく、とんでもない相手に\nとんでもないこと\n言っちゃったみたいね・・・。%b	
26c1f5a83b	2	75	36	%b	７人委員会をおっかけてはきたものの、\n奴らがどこにいるかは分からねぇんだ。%b	
275011c316	1	76	36	%b	ってぇことは、\nこの【ゲートキー】を使えば、\nカオスゲートを利用できるのか。%b	
2b2580fbc6	1	76	36	%b	クィーンズランドと\nドラグーンを結ぶ街道が\n跡形もなく吹き飛ばされています！%b	
2b9f7d9777	1	75	36	%b	この村の南には、古代遺跡があって、\nアーサー王の戦ったリグロード戦役では、%b	
2dcba6cb37	1	75	36	%b	賢者の親類のとなりに住む人の息子と\n友人だったというのが自慢だったんですが%b	
2de0820a3f	1	75	36	%b	木でできた彫像には、何か書かれている。\n「砲術の里、クリカラへようこそ！」%b	
2ebca787c7	1	76	36	%b	先のリグロード戦役の後、\n雲海の賢者と呼ばれたウィスコ様が\n姿を消したのは、%b	
2eef03e657	1	76	36	%b	ミュウ、ガルザードが持っていた、\nゲートキーは、\n完全に破壊されてるんだぜ。%b	
32a3c76115	1	75	36	%b	うちは一家そろってミュウ様のことを\n応援してますから、がんばって下さいね。%b	
33a0be941d	1	75	36	%b	例の新婚旅行の件でございますが、\nまだ、その御予定はないのでございますか？%b	
385d557e3f	1	75	36	%b	お兄ちゃんに、もしものことがあったら、\nわたし、一人ぼっちになっちゃうよ！%b	
3896ee30d6	1	75	36	%b	拙者いろいろな国をまわったでござるが、\nこのような姿の敵は初めてでござる。%b	
3904ffc5b2	2	75	36	%b	この水晶は、カカルクランとこの世の\n力のバランスを取る役目を持っています。%b	
39984bb3d5	1	72	36		アイテムを投げつけて敵を攻撃します。ダメージ量は投げるもので決まります。	
418373cb22	1	76	36	%b	でしたら、それを破壊することは、\nカオスの力を\n解き放つことになりましてよ？%b	
4310d501f6	1	72	36		格闘技における奥義について書かれた本です。装備すると防御力が上がります。	
45e49ebd20	1	76	36	%b	一番奥の部屋に火薬が置いてあって、\nそれに引火すると\nドカンと爆発するでし。%b	
4a9d9aa046	1	72	36		死んでしまった仲間の魂を呼び戻して生き返らせられる、生き返りの魔法です。	
4afd99f64b	1	73	36		売れるものなんか持ってないじゃないか。\n年寄りじゃと思って馬鹿にしおって。	
4bab44359c	1	75	36	%b	あら、コインを持っていないようね。\n両替してちょうだい、お・ね・が・い・☆%b	
4c9eb4461a	1	75	36	%b	昔から、根無し式神が眠る場所ってのは、\n怪物達の大量発生場所でもあるのさ。%b	
4e43332d0f	1	75	36	%b	ふぅん、これが宝の番人ダイガンか。\nムサシ爺っちゃんの仲間だったんだよな。%b	
520563deeb	1	75	36	%b	長生きしたきゃ、狼と犬の違いぐらい、\n見分けられるようにしたほうがいいぜ！%b	
5343baa72f	1	75	36	%b	この扉には何か仕掛けがしてあるの、なの。\nでも、何かは分からないのなのね。%b	
5999a1b159	1	75	36	%b	もしかすると、複数の怪物でホウショウ院を\n仕切ってんのと違うやろか・・・。%b	
59d454fb21	1	78	36	%b %h	帰ってこれなくなっても\n当方では責任を持てません。\n　　　　　バトラム自警団%b%h	
5e3adafc9d	1	76	36	%b	館長の様子がおかしくなり、\n次にカダールの兵隊が現れ、\n館長がいなくなった。%b	
5ebc14d00b	1	75	36	%b	現在、この町はカダール軍の支配下にある。\n連絡あるまで、外出は慎むように！%b	
5f3d0498ed	1	75	36	%b	とりあえず、７人委員会の塔で得た情報を\nポポロンの同志に伝えて参りますわ。%b	
60d8f1c34d	1	75	36	%b	７人委員会が次元の扉破ったせいで、\n手強そうな怪物がうじゃうじゃいやがる。%b	
635e8d0694	1	75	36	%b	最近シラナミが仕事してはりませんの。\nどっか、ヨソに行ってしもたんやろか。%b	
64adcd4d0a	1	75	36	%b	こんなに美しい世界を滅ぼそうなどと\nどうして思う人がいるのでしょう・・・。%b	
65b607a14f	1	75	36	%b	ああ、ヨソの人っちゃわかるばってん、\nお客さんら言葉になまりがあるけんね。%b	
66db3319d6	1	76	36	%b	そのカムイコタンって村には\n人間から獣に変身する種族が\n住んでいるんだって。%b	
6860640e72	1	75	36	%b	天然の良港と具合のいい潮流のおかげで、\n様々な国からの船で賑わっているよ。%b	
6a8aef5567	2	75	36	%b	７人委員会は倒したの、なのに、\nどうして怪物達は大人しくならないの、なの？%b	
6b0c129740	1	77	36	%b %h	カダールにおける政治的な中心機関として、\n７人委員会は活動を行っています。%b%h	
6bc111e5c3	1	76	36	%b	みたいだな。\n堀り尽くしちまったのか、\nあるいは、別の理由があるのか・・・。%b	
6e37f59670	1	75	36	%b	危ないドレスって聞いたことある？\nこの広い世界の何処かにあるって聞いたわ。%b	
70a83c9704	1	76	36	%b	今までも、沢山の女や子供が、\n人質となって村を守るため、\n星陵郭に行ったわ。%b	
759bec841f	1	75	36	%b	ミュウ・・・、\nなんだか、どんどん人里から離れてる気がするんだけど・・・。%b	
7653e32989	1	75	36	%b	あの人は、リグロードにいるのよ。\nどこにいるのかは、分からないけど・・・。%b	
76f3ba87b7	1	75	36	%b	俺様の特殊魔法「アースモール」でも\n敵を下に落とすことができるのだ～ゼー！%b	
7a64631e91	1	75	36	%b	うわさじゃあ、雲つくほどの大男で、\n８本の腕と６つの牙を持ってるらしいぜ。%b	
7a85e1ba21	1	76	36	%b	結界洞さ。\nそう呼ばれるようになったのは\nカダールの奴等が来てからだけどな。%b	
7c3b75d349	1	75	36	%b	カオスの力を制御する方法がない以上\n世界が破滅するとでも言いたいのだろう？%b	
7df1f109d9	1	75	36	%b	ガルマンオーブが不安定になり、\n本来の威力を発揮できなくなったのでござる。%b	
801fe2f278	1	75	36	%b	だがこんな堅い金属を加工できるような\n施設があるかどうか、それが問題だな。%b	
846359880f	1	76	36	%b	ちょっと聞いたかい、\nカダールの連中を倒したのは、\nラスティ王子達らしいよ。%b	
8525ae03f8	1	75	36	%b	この村は本当に何もない村だけど、\nここの住民はみんな気のいい奴等ばかりさ。%b	
867ba23b66	1	76	36	%z	%z我が名はラグロス。\nカダールの崇高なる計画のため、\nこの地を、もらいうける。	
8680aee8eb	1	72	36		いくつもの分身とともに熊が跳ね回ります。あまり有効な攻撃ではありません。	
86b9c2cbfb	1	75	36	%b	村のために良かれと思って従ってきたが、\n俺達は本当に正しかったのだろうか？%b	
872845a7a8	1	75	36	%b	もしかすると、７人委員会が引き起こした\n天変地異のせいかもしれんが・・・。%b	
8750220eed	1	76	36	%b	こっちの【ゲートキー】は、\nガルザードが持っていたものと\n同じものみたいね。%b	
8810d4b08a	1	76	36	%b	技を融合する奥義について\n書かれた巻き物が、\nどこかの宝箱に眠ってんねんて。%b	
8a96a23595	1	75	36	%b	まさか、７人委員会が復活したとか・・・。\nそ、そんなことあるわけないよな。%b	
936ddbaf0e	1	75	36	%b	そやけど、イガ最強言うだけあって、\n自分の手でぬれぎぬ晴らしましてんやて！%b	
9381773891	1	75	36	%b	今、このヒガタにいるらしいんだけど、\n今度はどこに旅をするんだろう・・・。%b	
945bd335bc	1	76	36	%b	カダールの連中は\nリグロードの竜騎士に負けたっていうし、\n平和が何よりだぜ。%b	
97eecb7ca2	1	75	36	%b	今こそ市民の力で政治をきれいに！\n　　　　　　　　　　　（ポポロン自治会）%b	
9845be50e4	1	76	36	%b	そういえば、カダールによって\n古代遺跡に学者が集められていると\n聞き申した。%b	
9c92b0e59d	1	75	36	%b	よし、じゃあ、オルトマに行って、\nサモサまで乗せていってくれる人を捜そう。%b	
9e817c591d	2	75	36	%b	ディアーネさんが操縦してくれたら\n少なくともきちんと着陸出来そうだもんね。%b	
9ef60f7007	1	72	36		レバーを引いて矢を打ち出す変わった弓です。ふつうの弓より威力があります。	
a624aef030	1	72	36		暗黒の力がもつ者の行動力を下げますが、斬れ味のするどさは見すごせません。	
aa4c0bd79f	1	76	36	%b	明るく楽しいレジスタンス活動に\nあなたも参加してみませんか？\n・・・だとさ。%b	
afe49d71b4	1	75	36	%b	まぁ、出来の悪い子ほどかわいくて、\n国民はなんだかんだと王子に言いますが、%b	
b0ebaf034b	1	72	36		女性の方専用の毛糸を編み上げた手袋です。防具としては頼りなさを感じます。	
b5ff9418fb	1	75	36	%b	惚れた女が行方知れずだってのに、\nいつまでもそうやってウジウジしてんのさ！%b	
b717a7a68f	1	75	36	%b	足元が沈んで、こけそうになった、なの！\nなんで、こんなものがあるの、なの？%b	
b749ec8d42	1	75	36	%b	くそっ！　くそっ！！　くそっ！！！\nオレとしたことが、このザマぁなんだ！！%b	
b9d3f04843	1	76	36	%b	ところで、\n爺が若いころうわさで聞いた\n闘乱という隠された町を知っとるかね？%b	
bd7a4ca611	1	75	36	%b	古代魔法文明に関する知識を・・・\n我々はアレクトリア大図書館から得ていた。%b	
c20e3805ed	1	75	36	%b	でも、文献で伝えられているガルマンオーブ\nとあの物質の特徴は一致してます。%b	
c2aacd5064	1	76	36	%b	リグロードやヤマタイを\n侵略した口実としては、\nずいぶんお粗末じゃないか！？%b	
ca7d5b0d5e	1	75	36	%b	ミュウ、戦いを前に熱くなるのはいいが、\n少し冷静になって、戦場を見てみろ。%b	
cb79b7949a	1	75	36	%b	なんでも古代魔法文明なんかを研究してる\n魔導士や学者を集めてるって話だよ。%b	
cd6ba64b92	1	75	36	%z	%zでも、一段落ついたら、必ず迎えにいくよ。\nクィーンズランドの王妃としてね。	
cf0282400b	1	75	36	%b	あたし・・・もうだめみたい・・・。\nお願い、あたしのこと、抱きしめていて。%b	
d0023bc2d5	1	75	36	%b	この本は「イクシーズ構造論１」って\n書いてあるから、捜せば２が見つかるよ！%b	
d33c7718a6	1	76	36	%b	まず、オルトマへ行き、\n【真実の指輪】を\n手に入れることこそ先決でござろう。%b	
d6731802c8	1	72	36		この弓からはなたれた矢を受けた者は、射手にその心をうばわれてしまいます。	
d95d13f893	1	76	36	%b	こっちの【ゲートキー】は、\nガルザードが持っていたものと\n同じもののようだ。%b	
db86aae30c	1	75	36	%b	アスカの言うことも、もっともだ。\nミュウ、仲間の命を危険にさらすつもりか？%b	
dbbb5e6436	1	75	36	%b	子供は、むじゃきでいいわよねぇ、\nイニシエとか秘義とか言って喜んじゃって。%b	
dda84226cf	1	76	36	%b	こっちの【ゲートキー】は、\nガルザードが持っていたものと\n同じものみたいだ。%b	
ddc4297b58	1	75	36	%b	ある日、いつものように研究をしていて、\nふと、気付くと数時間が過ぎていた。%b	
de4d1ac53d	1	75	36	%b	あたしは、あんた達が必要な時に備えて、\n宿命って奴が用意した渡し船なのさ。%b	
e0742463df	2	76	36	%b	７人委員会は倒したというのに、\nここの怪物共の凶暴化は\nおさまる様子がない。%b	
e18ed490dc	1	76	36	%z	%zありがとう・・・。\nまずはオルトマに行って\nヤマタイ行きの船に乗らなくちゃ。	
e233fd25bb	1	76	36	%b	この水晶柱は、\nリグロード大陸の西の森と\n東の森にあったものに良く似ている。%b	
ea320a1b3c	1	75	36	%b	でも、修羅の激しさを持っているから、\nときどき、とんでもなく無茶をするの。%b	
eb7992af4b	1	76	36	%b	こうしていると、\nカダールの侵略があったなんて、\n夢だったみたいに思えるわ。%b	
eca3d5b626	1	76	36	%b	お前のような小娘には、\n何もできんということを、\n身を持って思い知るがいい。%b	
f66cb21762	1	75	36	%b	ここがアレクトリア大図書館ですわ。\nすでに脱獄の話は父上に届いているはず。%b	
f6dce0e09d	1	75	36	%b	ここからドラグーン城へ向かう途中に\nなんだか大きなものが落ちてるらしいぜ。%b	
f7089b7aa8	1	76	36	%z	%zその女が嫌いになったら、\nいつでも、ナズナのこと、\n迎えに来てね、なのなの！	
f74f6bb5d1	1	75	36	%b	カムイコタンの荒神の怒りを感じる。\n大いなる悪が世界をけがそうとしている！%b	
f82a96a0bb	1	75	36	%b	壁まで貫通する技は、ほとんど魔法の技だ。\n物理的な技では、不可能なんだよ。%b	
f8e544e243	1	76	36	%b	ということは、\nこの【ゲートキー】を使えば、\nカオスゲートを利用できるのね。%b	
fc30172ee8	1	76	36	%b	悲しい事件だったけど、\nいつまでも悲しんでいるだけじゃ、\n進歩がないからね。%b	
fd19181e60	1	75	36	%b	カダールをやっつけたなんていうから、\nどれだけ成長したのか見たいんですよ。%b	
ff29cc923c	1	75	36	%b	そんだけのウデの持主ってコトは、\nきっと、雲つくような大男達なんだろうな。%b	
0197c3f5f5	1	73	35	%b	大丈夫、超絶可愛いナズナがいるんだから、\n浮気なんてできませんの、なの。%b	
03abcc8f6f	2	73	35	%b	どうやら、この水晶がリグロードと\nカカルクランを結んでいるようでしてよ。%b	
05383b31fb	1	73	35	%b	やはり、思った通りでしたわ。\nついに、７人委員会の尻尾を掴みましたわよ！%b	
06a939ccf4	1	73	35	%b	だが、オレの記憶に間違いなければ、\n全部で３つの穴が開いていたはずだぜ？%b	
06b5041a76	1	74	35	%b	もったいつけてないで、\nさっさと帰ってきて、\n王位を継いでくれないかねぇ。%b	
085957741d	1	73	35	%b	形あるものはいつか壊れるもの・・・。\n壊れたものは修理すればよいのじゃ。%b	
0a69ceadab	1	73	35	%b	武器屋と防具屋を経営している鷹人は\nホークアイって名前の気のいい男だよ。%b	
0b5c358724	1	74	35	%b	どこかで、それらしい品物を\n手に入れてから、\nもう一度試してみるべきだな。%b	
0f0a41e6d8	1	73	35	%b	・・・お互い、不快な事態に至らぬよう、\n明日の朝までおとなしく願いたい。%b	
1039cf79b2	1	72	35	%b	ただ、この砂漠をこえることが困難なため、実際目にした者は少ないのです。%b	
16ff664910	1	73	35	%b	こいつのことを聞かせてやったら、\nきっと、妹が大喜びするだろうな・・・。%b	
18f152ea23	1	73	35	%b	イクシーズが発進した時の衝撃で\n海底神殿への入口はふさがってしまったね。%b	
1982b0f059	1	73	35	%b	ま、ここを通って、敵を一掃しないと、\n助けた村人達も安心できないからな。%b	
1d024f5a65	1	73	35	%b	港にいけば、隠し金山らしきところへ\n連れてってくれるって船頭がいるわよ。%b	
20bb76d6cf	1	73	35	%b	ルゥナに、カカルクランに行った皆が、\nここに戻ってくるって教わったんだ。%b	
235124a500	1	70	35		飢え苦しんだ人々の魂が形になった物。持っている人に不幸をもたらします。	
259d056871	1	73	35	%b	でも、今は、この仕掛けに関して、\n打つべき手があるわけじゃないし・・・。%b	
25bf4b0536	1	73	35	%b	それが、なんだか調子がおかしくなって、\nそのまま墜落しちゃたんだ・・・。%b	
264c2fdf66	1	74	35	%b	７人委員会こそ、\n古代魔法文明以上の知識と\n技術を持つにふさわしいのです。%b	
2855ff7023	1	74	35	%b	我らにはしかと分からねど、\n汝らならばきっとその場所を\n捜しだすであろう。%b	
29dae99b5b	1	73	35	%z	%zなにをすっとぼけたこと言ってんの！\nあたしの魅力は、年とともに増すのよ！	
30597c7b8c	1	73	35	%b	ミュウ王女は、血筋をさかのぼれば、\n救国の英雄エヴァン様に行きつくお方。%b	
314e84b589	1	74	35	%b	技は、修行を積むことで、\n技量が高うなって\n新しい技を身につけられるんえ。%b	
34f888578f	1	74	35	%b	グラビティ長老著\n「グラビティ長老語録、\nもしもイクシーズで空を飛べたら」%b	
3826127e91	1	73	35	%b	この世には、技と技を組み合わせて、\n新たな技を創り出す奥義があると聞く。%b	
391cf59dde	1	73	35	%b	妹のヒバリ、クリカラのイニシエ達、\n皆の平和を乱すものは、許さないでし！%b	
3df01aa9ce	1	73	35	%b	若いのに、しっかり者で、月組の結束は、\n他のどのシノビ達よりも固いのよ。%b	
442fecdf76	1	73	35	%b	アレクトリア大図書館の司書は、\n特殊な武闘法を身につけているんだってな。%b	
4452481165	1	74	35	%b	動かないってわけじゃ\nないんだろうけど・・・。\nこの人数じゃ無理みたいだ。%b	
4462b00a20	1	67	35		口から敵を死に至らしめるブレスをふきつけ、1/8の確率で死亡させます。	
448f22e97e	1	73	35	%b	カダールをやっつけてくれた連中には\n言葉じゃいえないくらい感謝してるよ。%b	
4505043c78	1	73	35	%b	前はときどき遊びにきてたみたいだが、\nそういえば、最近姿をみせないなァ。%b	
455048cf50	1	73	35	%b	でも、どうやって、カダールの\nアレクトリア大図書館に行けばいいんだろぅ。%b	
469a6a4db7	1	70	35		この弓から打ち出される矢は、時として敵を一撃でしとめる効果を発します。	
46f52e50c4	3	73	35	%b	そのかわり、言うたらナンですけど、\nへたしたら命を落とすかもしれまへん。%b	
4723ff152b	1	73	35	%z	%zミュウ・・・いい顔になったな。\n私と初めてあったころとは、別人のようだ。	
4a99956563	1	73	35	%b	金が足りないようですけどォ？\n値引こうったって、そうはいきませんからね！%b	
4aad328243	1	73	35	%b	全部揃ったら、結界洞の封印を解いて、\nゲテン城に乗り込むことができるぜ。%b	
4b7234af35	1	74	35	%z	%zあなたの村で、しばらくの間\n砲術の研究をさせていただいても、\nよろしくて？	
4ce4b2047b	1	73	35	%b	幽玄の森にかけられけたる封印をば\n開封せし時、その強大な魔法力によって、%b	
514d4ff914	1	73	35	%z	%z兄者・・・いえ、ガルザード様と違って、\n魔法力があり余っておりますれば。	
5234469590	1	74	35	%b	防御の［身構える］は、\n弾き飛ばされる技から\n身を守るのに使うとええねん。%b	
57ec2f61fb	1	72	35	%b	おかげで港から兵士がいなくなって、あたしは船を取り戻すことができたよ！%b	
5aac400b4f	1	73	35	%b	わたくし、この暗くて冷たい牢の中で\n自分のしたことを反省いたしましたわ。%b	
5c8162a00e	1	74	35	%b	それもこれも\nドラグーンの竜騎士のおかげとか、\nありがたいことじゃないか。%b	
5cb5ea23b8	1	73	35	%b	カムイコタンの住人だからって、\n誰にでもできるってワケじゃないんだがね。%b	
6039ea1491	1	73	35	%b	そこをくぐれば、カダールやヤマタイに\n瞬く間に飛び行くことができまする。%b	
61d12611f2	2	74	35	%b	この危急存亡の折も折、\n皆さんのお役に立てず、\n拙者、断腸の思いでござる。%b	
6267705219	1	73	35	%b	その利用にある、と知った以上、\nいつまでもこんな場所に用はありませんわ。%b	
64cecff426	1	76	35	%b %h	男の体に電流が走り、\n絶叫とともにまばゆい光に包まれ、\nそして、蒸発した。%b%h	
6608a91d04	1	73	35	%b	ところが、そこに、リグロードからきた\n竜騎士が助力に入ったらしいですわ。%b	
68ae873f7a	1	73	35	%b	敵が途中の岸にもいるということは、\n渡る手だてがないってわけじゃないな。%b	
694b3de6fb	1	70	35		防具としての効果は高い盾ですが、同時に邪悪な気もやどっているようです。	
6a944066e2	1	71	35		おっと、からかっちゃいけねぇぜ、姫様。\n売れるものを持ってねぇようだが。	
6bff953e13	1	73	35	%b	ルゥナに、カカルクランに行った皆が、\nここに戻ってくるって教わったのさ。%b	
6dc53f0630	1	73	35	%b	まてよ・・・オレが小さいころ、\nそういう呼び方をしてた奴が、確か・・・。%b	
73350ab689	1	75	35	%b %h	しかし、これはあくまで国民の皆様の\nより良い生活を守るためのものであり、%b%h	
73630d44ca	1	73	35	%b	それは、ミュウ様のことを好きだからこそ\nついかまってみたくなるんですよ。%b	
75bb179f55	1	74	35	%b	オルトマに戻るんだね。\nじゃあ、さっさと出発するよ！\nさぁ、乗った乗った！%b	
793848106e	1	74	35	%b	どこかで、それらしい品物を\n手に入れてから、\nもう一度試してみるか・・・。%b	
79858ef947	1	73	35	%b	７人委員会とかいうやつらとガルザードが\n何を企んでるのかも分からないし。%b	
7ab2aeec5d	1	73	35	%b	ボク達は、これからゲテン城に乗り込んで、\nガルザードと決着をつけるんだ。%b	
7afcdff454	2	74	35	%b	あいかわらずここの怪物共は、\nカオスの力の影響を\n受けてやがるみたいだゼ。%b	
7d796aa886	1	74	35	%b	しかし、ウワサでは、\nクィーンズハートは\nカダールの占領下にあるって話だ。%b	
7e519ee445	1	73	35	%b	もちろん抗戦を主張する者もいたが、\n私は村を守るために人質を差し出した。%b	
813d557ad4	1	73	35	%b	強力な技を使ってくる敵と戦う場合には、\nこれを利用した方がええんちゃう。%b	
81a1253c26	1	73	35	%b	こんなところにおしこめられてっ！\nこれじゃ、まるでカゴの鳥じゃねぇかっ！%b	
823a1d0283	1	73	35	%b	それを、まぁ、カダールの奴ら、\nよりにもよって軍の駐留所に使ってんねん。%b	
82509af762	1	74	35	%z	%zだから、ごめんって言ってるじゃない！\nもぅ！\nどう言えば、許してくれるの？	
837a2c6774	1	73	35	%b	いっぺん、竜騎士の訓練を見たいっスよ。\nかっこいいんでしょうねェ・・・。%b	
83c4790434	1	73	35	%b	あんたが勝ったら、カダール軍も、\nこんな港町の制圧どころじゃなくなるね。%b	
84957ceb73	1	73	35	%b	友達として出会った二人は、いつしか\nお互いに激しく惹かれあうようになる。%b	
85c305839c	1	73	35	%b	・・・アンジュ・・・止めてくれ！\nこの思念体は世界を滅ぼそうとしている！%b	
874d0a5d34	1	73	35	%b	あなたを助けるって、約束したはずです。\nボク、約束を破る人は、嫌いです。%b	
8a01b2f983	1	73	35	%b	ルゥナにカカルクランに行った皆が、\nここに戻ってくるって聞いたんだでな。%b	
8a0fd797d6	1	96	35	%H %m1 %V100 %m0 %V0 %b	%H%m1%V100［%m0ガルザード%m1］%V0%m0\n小娘２人が逃げ出したところで、\n計画全体に影響はあるまい。%b	
8a5b249dfe	1	70	35		風の精霊がやどる腕輪です。身につけると敵からのダメージをやわらげます。	
8d95a04b56	1	74	35	%b	オレとしちゃ、\nガルマンオーブの守護者との戦いの方が\n興味深かったけどな。%b	
8d96b060ce	1	74	35	%b	だが、カダール軍は、\n部下を人質にとったまま、\n頭領だけを無傷で解放した。%b	
8ebf7c7e38	1	73	35	%b	じゃあ、救出する隊は２人として、\n残りはおとりとして正面から乗り込もう。%b	
902b22d2c6	1	73	35	%b	生意気言うつもりじゃなかったんだけど、\nもしあなたに何かあったら・・・。%b	
9092ae8bf8	1	73	35	%b	うーん、壁をじっと見つめたりして、\n一体ボクは何をしようとしてたんだろ？%b	
9106158636	1	74	35	%b	カムイコタンっていう村が、\nこのイガから東の関所を越えた先に\nあるんだよ。%b	
92d6ef5597	1	73	35	%b	天災は忘れたころにやってくる。\n　　　　　　　　　　　　（星組オウヤチ）%b	
93f03920fe	1	73	35	%b	もっとも、父・・・いえ館長は、\n７人委員会に頭があがらないようですけど。%b	
95b2e66a04	1	74	35	%b	まさか命の恩人のわたくしを\nこんなところで\n放ったらかしにしませんわよね？%b	
97601ef8f4	1	73	35	%b	あんた達の持っている、そいつは・・・、\n【ヒヒイロカネ】じゃないのか！？%b	
9a1cfcc2aa	1	74	35	%b	どこかで、それらしい品物を\n手に入れてから、\nもう一度試してみるの、なの。%b	
a1e310c98f	1	73	35	%b	我らの作り出した新しき世界の住人達には\nそう、呼ばれるかもしれないがね。%b	
a2f0d59bab	1	73	35	%b	この際だから、言わせてもらうけど、\n不幸なのは君だけじゃないよ、ミュウ。%b	
a74867227c	1	74	35	%b	偉大なる計画のためには、\n多少のギセイはつきものだと、\n歴史にはあります。%b	
a867deb66a	1	73	35	%b	そんな・・・何か方法はないの！？\nアスカ、シノビの術でどうにかできない？%b	
ad8e05eab4	1	73	35	%b	おかげで港から兵士がいなくなって、\nあたしは船を取り戻すことができたよ！%b	
ae0d518c9e	1	74	35	%b	カダールの奴等がいなくなって\nようやくリグロードとの交易が\n再開したんだ。%b	
aea5452570	1	73	35	%b	本当なら、ヤマタイをぐるっと回って\nヒガタって港町に着けりゃいいんだが、%b	
b1eb2574ef	1	73	35	%b	ついに、私は、カオスの力を得るために、\nカダールの軍隊を各地に派遣した。%b	
b4282782f1	1	70	35		神聖な光を刀身からはなつ刀です。所有者に幸運をもたらすとも言われます。	
b51f03bc27	1	73	35	%b	さぁ、グズグズはしてられないわ。\nイガの里でアスカって人を捜さなくちゃ。%b	
b60ca474e2	1	73	35	%b	そのことなら、ドラグーンの竜騎士と\n飛ぶ鳥のアスカによって解決されたよ。%b	
b9fb8c06f7	1	73	35	%b	霊峰フジに張られた結界を破ったのは、\nゲテン城に殴り込んだ連中らしいゼ。%b	
b9fd5041b1	1	73	35	%b	忠告する前に入っていってしまわれたので、\nあわてて後を追ったでござるよ。%b	
bb657cc121	1	74	35	%b	商売としちゃ、\n何もない時の方がいいんだが\nそうも言ってられないか・・・。%b	
bcd4958a34	1	74	35	%z	%zそなたを我らの牙となす。\n兵馬を率いて\n我らカダールの名を世にしらしめよ！	
bd4d7a7107	1	74	35	%b	さて、問題は、\nどうやって、ここから逃げ出すかって\nことなんだけど・・・。%b	
bdf2002a03	1	73	35	%b	悪いことするのが生きがいってことかナ？\nそんなことして何が面白いんだろ？%b	
be2fed63c6	1	73	35	%b	どちらにしろ、ここで議論を続けている方が\nよっぽど、時間の無駄使いだよ！%b	
bfadb45bc9	1	74	35	%b	技の［休息］、［瞑想］で、\n体力や魔法力を回復させることが\nできるねんで。%b	
c0025ed248	1	73	35	%b	でなきゃ、オレ達のやってきたことは無駄\nってことになっちまうじゃねぇか！%b	
c1ea11dbd9	1	73	35	%b	やはり、【ヒヒイロカネ】でなければ、\nあの名刀を作り出すことはできない。%b	
c39ba81e52	1	73	35	%b	大きなタコに乗って空を飛べたらなぁって、\n考えてるんだけど、無理かなぁ？%b	
c444ce0a00	1	73	35	%b	だったら、カギをもってるヤツを見つけて\nそれからにすればいいじゃねぇか。%b	
c5b4c729b4	1	70	35		味方一人の行動力が上がり、これにより通常の１．５倍の行動力を持ちます。	
c8eefe8a6b	1	74	35	%b	ま、その誰かってのが、\nオレ達であったとしても、\n文句は出ねぇだろうしな。%b	
ce035f9e17	1	73	35	%b	最近の例ですと、雲海の賢者ウィスコが、\n伝説の魔導士と言われていました。%b	
cf0796bae5	1	73	35	%b	ふぅむ・・・祭壇のようにも見えるが、\nそうと限ったワケでもないか・・・。%b	
cf8991cd79	1	73	35	%b	それを正すのも、アレクトリア大図書館\n武闘司書のつとめというものですわ。%b	
d23c9ded2a	1	75	35	%b %h	アレクトリア大図書館を管理しているのが\n武闘司書と呼ばれる強者達である。%b%h	
d32d3cde75	1	73	35	%b	どこかに闘乱たら言う町があって、\nそこには試練の迷宮があるらしいおすえ。%b	
d473255b58	1	73	35	%b	ミュウ王女以外に考えられないって、\n町の者みんなで噂してたところでして。%b	
da474ab1da	1	73	35	%b	ここはアレクトリア大図書館である！\n関係者以外が立ち入ることはできない。%b	
dbec1527d8	1	74	35	%b	自らの命で次元の扉に\n封印をしたためではないか、\nってことだったが・・・。%b	
dcc4a38576	2	73	35	%b	俺様がギャフンと言わせてやるのだ～ゼー！\n天才は一人で十分なのだ～ゼー！%b	
dfe9716050	2	74	35	%b	７人委員会を倒したら、\nここの怪物達も大人しくなると\n思っていたのでしが。%b	
e5ef4960ad	1	74	35	%b	ラグロスの塔に行くためには、\n町はずれの橋を\n渡っていく以外に道はないよ。%b	
e65408fd00	1	74	35	%b	今はまだ何もできないけど\n７人委員会を倒して\nぜったい、元通りにするんだ。%b	
e721631740	1	73	35	%b	オレが裏切り者って呼ばれる話は、\nアンタが気に病むようなことじゃないぜ。%b	
e801005ed4	1	75	35	%b %h	軍事や司法などを取り計らう事ができ、\n国内に大きな影響力を持っています。%b%h	
e9a15eb77c	1	73	35	%b	ただ、奥義書いうもんがあれば、\nかなりの手間を省けるかも知れんまへんえ。%b	
eb472b21f0	1	73	35	%b	ここにガルマンオーブがあれば、\nイクシーズが復活すると分かるのだ～ゼー！%b	
ebf039a79f	1	73	35	%b	火薬の事故に、注意しましょう。\n　　　　　　　　　　　（クリカラ自治会）%b	
ed38075267	1	73	35	%b	おっと、その前に、まずは、お名前から\nうかがってよろしゅうございますか？%b	
ed7a8cc2a5	1	74	35	%b	それにしても、\n氷づけになってるみたいだけど、\nアスカ、何か方法はあるの？%b	
ee01e505dd	1	74	35	%b	ナズナは飛べるから平気だけど、\nここから足を滑らせたりしたら\n大変なのね！%b	
f0f3cdcffb	1	73	35	%z	%zそうと決まれば、これからの航海について、\nみんなで話しあおうじゃないか！	
f49a557ef2	2	73	35	%b	む、俺様のビューティホでワンダホーな\n肉体が美しく映る様の邪魔だ～ゼー！%b	
f71781c3cd	1	73	35	%b	悪いが、お金も物も私にはない。\nだから、君と共に戦うことで、礼としたい。%b	
f96847eb6f	1	73	35	%b	ちょっと、静かにしててくれる？\nカギ開けは、音と指先の感覚が重要なのよ。%b	
f9f17b132e	1	70	35		敵を飛び越えながら、下に爆発をおこし、その衝撃波で広範囲を攻撃します。	
fd74e5e706	1	73	35	%b	肉親同士憎しみあう、我らのような子供を\nこれ以上増やしてはならないのだ。%b	
fecb0d0fde	2	73	35	%b	これは【アローストーン】って言って、\nイクシーズの修理に必要な物なんだ。%b	
ff7e776d74	1	73	35	%b	こうして、あなたの腕に抱かれていると\n少しも痛みなんか感じないわ・・・。%b	
ff84b3e9d0	1	73	35	%b	あいつらの本拠地は結界洞の向こう、\n裏ヤマタイ側にあるゲテン城って話や。%b	
009952ea3f	1	71	34		身代わりの符は、\n死にそうになったら身代わりに\nなってくれるらしいです。\n	
010b9a217d	1	71	34	%b	くそっ、一体どうなってやがるんだ！\nミュウはどこに連れていかれたんだ？%b	
016823492e	1	71	34	%b	ゴジョウは、ヤマタイ最大の都市、\nいなかにはないような店もあるねんで！%b	
03192236c8	1	71	34	%b	しかし、耐性のある攻撃を加えても、\n大したダメージは与えられないのさ。%b	
03da770e39	1	71	34	%b	だから、魅了を掛けられそうになったら\n同性を前面に置いて戦うといいわ。%b	
03edec1aed	1	71	34	%b	ミュウ様のお言葉通り、誠心誠意、\n仕事を勤めさせていただいております。%b	
04cf6d050e	1	71	34	%b	７人委員会を止めるためには、\nどうしてもイクシーズの力が必要なんです。%b	
04d7b9d6a2	1	71	34	%b	噂じゃ、クィーンズランドも、\nここと同じくらいひどい状況らしいですぜ。%b	
055dba29b2	1	68	34		無我の境地に到達した高僧のみが着用できたと伝えられる特別な法衣です。	
076e8f9f09	1	64	34		ガスを周囲に漂わせ、巻き込まれたものを1/16の確率で死に誘います。	
07f5ccfd3a	1	71	34	%b	俺様ほどに素晴らしく強まった魔導士を、\nドリームラビリンスなんぞという%b	
0b7279ab2c	1	71	34	%z	%zアスカの子孫が、起こしにきたりしたら、\n運命を感じてしまうの、なのね！	
0d9c3dc630	1	71	34	%b	敵が使うロングショットは、\n木の陰にかくれてやりすごすことができるぜ。%b	
0ea8cfefc9	1	71	34	%b	カダールに住む者として、また、\nアレクトリア大図書館武闘司書官として、%b	
0efead51dd	1	72	34	%b	そいつを運んでおかないと\n万が一の時に、\n大変なことになるんじゃないか！%b	
0f266fbdb1	1	68	34		聖なる力の祝福を受けた奇跡の剣です。所有する方に幸福をもたらします。	
1005f85b4d	1	71	34	%b	７人委員会は明らかに暴走しているよ。\n誰か、奴等を止めてくれないかな。%b	
106403504d	1	71	34	%b	シノビはいつでも冷静やないとアカン。\nこれしきのこと、平常心、平常心。%b	
139ad1fc40	1	71	34	%b	それが、７人委員会の言いなりでは、\n先人に対して申し訳がたちませんわ！%b	
13d10919c8	1	71	34	%b	ラスティ王子、聞きましたよ！\nカダールの連中をギャフンと言わせたとか！%b	
19692e365c	1	71	34	%b	死してなお、残るものがあるとすれば、\nそれがもつ力に気をつけよ・・・。%b	
1adf826579	1	71	34	%b	祭壇か何かのように見えるが、\n何のための物なのか、さっぱり分からんな。%b	
1b0d26cd1b	1	71	34	%b	今じゃ、怪物たちが巣食っていて\nとてもじゃないが、奥まで入れないのだ。%b	
1e9dcf2897	1	72	34	%b	その前に、グラビティの人達の話を\n詳しく聞いてみれば、\n何かわかるかも！%b	
204b52f499	1	72	34	%b	どこかで、それらしい品物を\n手に入れてから、\nもう一度試してみるでしね。%b	
2160363a27	1	70	34		お金もないのに買物かい？\nこっちも商売だからね。\nとっとと帰ってくれる？	
21aa605c90	1	71	34	%b	しかし、古代魔法文明に関する知識は、\nほとんど失われているはずですわ。%b	
236fd23f75	1	71	34	%b	という気持ちで、目下のところ、\n鋭くしかし深く静かに探っているのです。%b	
23cdcb4983	1	71	34	%b	では、魔法球は、このままにして、\n元の世界に戻ることにいたしましょう！%b	
2510cfe465	1	71	34	%b	一緒に活躍した獣面戦士なんかが\n代表的な原ヤマタイ人だと言われている。%b	
257d658b70	1	71	34	%b	災害から自分達の村を守ろう！\n　　　　　　　　　　　（クリカラ自治会）%b	
257d8c94ba	1	72	34	%b	運命の糸はあたし達の間を\n切っても切れない深い絆で\n結び付けているのよ！%b	
25c3423182	1	71	34	%b	ならばどのみち、リグロードに行くには\n港町ポポロンを経由するしかない。%b	
2708cba450	1	71	34	%b	私としたことが不覚をとったものよ。\nだが、これで勝ったと思わぬことだ。%b	
2d750102c1	1	68	34		上級者向けの魔法の本です。装備すると魔法に対する防御力が上がります。	
2ee0cf2aa9	1	71	34	%b	これまでは、７人委員会のせいで\n言いたいことも言えない時代だったのよ。%b	
3019eda6aa	1	71	34	%b	カムイ、私のことは心配しないで。\n離れていても、気持ちは変らないから。%b	
343fedf3a3	1	71	34	%b	時代時代でその当時最強の魔導士に\n与えられる称号のようなものですのよ。%b	
39c6f2faf5	1	71	34	%b	スモールを有効に利用したければ、\n攻撃力の強い奴を目標にするといいよ。%b	
3a5f19e15d	1	71	34	%b	あんた達がラグロスを倒したんだって！？\nいやぁ、若いのに大したもんだ！%b	
3b19c0d16d	1	71	34	%b	じゃあ、せめて、この魔法球とかいうの\n壊していった方がいいんじゃない？%b	
40574ce6de	1	71	34	%b	あいつらを倒していくしかないのだ～ゼー。\nみんなついてくるのだ～ゼー。%b	
4118d81d95	1	71	34	%b	・・・そういった、余計な好奇心は、\nおのが身を滅ぼす原因となりますよ。%b	
434f14719e	1	72	34	%b	おいら、大きくなったら\nアスカ兄ちゃんみたいな\n立派なシノビになるんだ！%b	
46119f9d41	1	72	34	%b	カダールの連中が、\nこの洞窟に結界を張るため、\nわざわざ作ったものでな。%b	
47c8a024ea	1	71	34	%b	ディアーネって船長を知ってるかしら？\n女だてらに、腕ききの船長なのよ。%b	
492d64b910	1	71	34	%b	７人委員会は、カカルクランに眠る\nカオスの力を解放しようとしています。%b	
4a9e72cf57	1	71	34	%b	リグロードもカダールもヤマタイも\nぜんぶまとめて面倒見ちゃうのなのね。%b	
4b2eded933	1	94	34	%H %m1 %V100 %m0 %V0 %b	%H%m1%V100［%m0ガルザード%m1］%V0%m0\n７人委員会の意思と、\n魔法球の力は絶対なのだから・・・。%b	
4d0b68eb8a	1	72	34	%b	そのどちらが欠けても、\nイクシーズを正常に\n動かすことはできないんだよ。%b	
513fdd50cc	1	71	34	%b	ルゥナにカカルクランに行った皆が、\nここに戻ってくるって教わったんだ。%b	
52e27471a2	1	71	34	%z	%z・・・さて、またしばらく、封印の中で\n新しいご主人様を待つの、なのね！	
53143d1323	1	71	34	%b	自分で勝ちとったわけじゃないから、\nまだ平和の実感がわかないんだよね。%b	
532fd7b64e	1	71	34	%b	ドラグーン城以来ですな、ミュウ王女。\nおいで願えたことに感謝しますよ。%b	
5531622116	1	71	34	%b	ありがとうございました、ミュウ様。\nまたのご利用をお待ちしております。%b	
577591c681	1	72	34	%b	明らかに、\nこの天変地異は何者かによって\n引き起こされたもののようじゃ。%b	
5edbfd6744	1	71	34	%b	７人委員会は何を企んでるんだ！\n古代魔法文明で何をしようって言うんだ！%b	
607fc97f48	1	71	34	%b	クィーンズランドパレスが改造されて、\nラグロスの塔にされたって話だぜ。%b	
609b49d393	1	73	34	%b %h	アーヤはくちびるの端をわずかに持ち上げて、\n狼じみた犬歯をのぞかせた。%b%h	
637d8cc278	1	72	34	%b	そう遠くないところに、\nこの扉を開けるためのなにかが\nありそうですわね。%b	
63f9588583	1	71	34	%b	ふう、７人委員会の塔を抜け出しましたわ。\nさて、これからどうしますの？%b	
64ebb34629	1	71	34	%b	じゃあ、シラナミちゃん、お願いするね。\nでも、危ないことはしないでね？%b	
6635d16ab4	1	72	34	%b	闘技場での戦いに参加できるのは、\n２人までやけど、\n死ぬことはあらへん。%b	
6962c97c30	2	71	34	%b	ったく、７人委員会の奴らめ、\nどこまで人に迷惑かけりゃ、気が済むんだ。%b	
6a67e64515	1	72	34	%b	そうとなりゃ、さっそく、\n７人委員会の奴らを\nとっちめに行くとしようぜ！%b	
6a8e180db5	1	71	34	%b	隠し金山のウワサがひろがってるが、\n俺だったら、そんな話は信じないね。%b	
6b2958cb05	1	71	34	%b	館長室には大切な書類も沢山ありますのに\n鍵がかかってないなんて・・・。%b	
6bcdb45864	1	72	34	%b	じゃあ、カダールの\nアレクトリア大図書館を手始めに\n世界を回ってみよう！%b	
6d723aaf3c	1	71	34	%b	カダールもおらへんようになって、\n修行を再開できるようになりましてん。%b	
712308c053	1	71	34	%b	噂では、レジスタンスとその協力者の\n一斉摘発が行われるという話ですよ。%b	
737092225b	1	73	34	%b %h	この７人委員会の権限は絶大で、\n他国での元首に相当する権限を持ちます。%b%h	
7407f0c516	1	71	34	%b	その声は、ガルザードにラグロスなのね？！\nお前達、生きていたのなの？！%b	
772c61643a	1	71	34	%b	確かに、その顔で、その言葉使いじゃ\n忘れようったって、忘れられねぇよ。%b	
787a1a237d	1	71	34	%b	そりゃあ、大切な人達を守るためだ。\nそれとこれとどう関係があるんだよ。%b	
78bbb563f2	1	71	34	%b	アレクトリア大図書館に寄って、\n父上のご機嫌を伺わなければなりません。%b	
78dd89f8ac	1	71	34	%b	ガルマンオーブが眠る場所のカギ\nとして代々伝わる、このカギを与えよう。%b	
7accf97461	1	71	34	%b	でも、こちらの世界は平和になってて\nナズナは退屈しちゃったの、なのね。%b	
7bc628aa43	1	71	34	%b	どうか、２度と私のような過ちを\n犯すことがないように人々を導いてくれ。%b	
7d2b8af893	1	71	34	%z	%zさようなら、みなさんと旅をしたことは、\nわたくし、決して忘れませんわ！	
7f5b650a08	1	71	34	%b	じゃあ、この「ゲートキー」を使えば、\nカオスゲートを利用できるのかな？%b	
820d2d102f	1	72	34	%b	私を倒したところで、\n７人委員会様の計画には、\n何の支障もないのですよ。%b	
83c9258878	1	71	34	%b	この先は、目指す場所と違うようでしね。\nハイランドへの出口を探すでし。%b	
83d9327a92	1	71	34	%b	現に、カダールの港町ポポロンでは、\nレジスタンスが殺されたじゃないか！%b	
84b77611f0	2	71	34	%b	砲の手入れは終っているでし！。\n今度は俺っチも連れて行ってほしいでし。%b	
8697477b1d	1	71	34	%b	なんとっ、体が動くのだ～ゼー！\n誰だか知らないけど助かったのだ～ゼー！%b	
8791274a86	1	71	34	%b	おかしな仕掛けがたっぷりあると聞きます。\n気を付けた方がいいですじゃ。%b	
901f6606f0	1	72	34	%b	だが、次第に、\n自分の中にもう一人の自分の存在を\n発見することになった。%b	
928e7701ad	1	69	34		おやめになるのですね、ミュウ様。\nでは、ほかに何かご用はございますか？	
9290dd198a	1	71	34	%b	これはリグロードの東北に浮かぶ小さな島\nサモサ島に隠されておると聞く。%b	
93a40debad	1	71	34	%b	あら、あらあらあらあらあらあらあらあら、\nミュウ様じゃございませんか。%b	
94843d2fcb	1	71	34	%b	アレクトリア大図書館の館長のイスも、\nお前以外の誰かが座ることになる！%b	
96916a7061	1	71	34	%b	敵の幻を無効化できるとはいえ、\nあの数では、拙者一人ではかないませぬ。%b	
9695cc1d05	1	71	34	%b	あるいは、この村の人間以外の者が\n関与してる可能性もあるんじゃないか？%b	
9748c298d0	1	71	34	%b	アスカ兄ちゃん、僕、信じてたよ、\n絶対に僕達をうらぎったりしないって。%b	
984dbafcee	1	71	34	%b	やっぱりアシュカは仲間を裏切ゆような\n男じゃないって思ってたのよのさ。%b	
985df663bd	1	72	34	%b	なんでも、魔法力は、\n同じカダールの将軍ガルザードより\n強力なんだって。%b	
987bf4466a	1	72	34	%b	だが、悪天の最期は、\nヤツの悪業に怒った\n群衆による八裂きだったんだゼ。%b	
99e9e13c7e	1	71	34	%b	あれは・・・確か、シノビだよ！\nということは、囲まれているのがアスカ？%b	
9a9b2393ee	1	71	34	%b	何でもよく知っているからね。\n私もいろいろ相談に乗ってもらっているよ。%b	
9b2170bbc8	1	71	34	%b	カダールの奴らをぶちのめして、\nリグロード大陸に平和を復活させるのは、%b	
9b8e9c91d2	1	71	34	%b	カダールとかなんとかいう軍団が、\n俺達の技術を提供しろと言ってきてる。%b	
9b95d36eda	1	71	34	%b	だから、自分で自分に封印をかけて、\nいつか、ナズナを必要としてくれる、%b	
9bad2f8d96	1	72	34	%b	ここを渡るには、\n私が獣変化で鷹に変身して\n皆を運んだほうがいいようだ。%b	
9d2f8d9c23	1	71	34	%b	なんといっても、ドラグーンは、\nミュウ様の生まれたところなんですから。%b	
a2e51e8a11	1	71	34	%b	奴等が作った結界を破るには、\nその柱にある穴こそがカギと思うのじゃが。%b	
a45a24dc7d	1	71	34	%b	おっと、そんなこわい顔なさらないで。\nちょっとからかってみただけです。%b	
a5d7aec95b	1	72	34	%b	そのクリカラの村には、\nイニシエと呼ばれる技術者達が\n住んでいると聞く。%b	
a6c3644255	1	71	34	%b	あなたには、偉大なる先達の苦労に\n敬意と驚愕を持つことがないのですか！%b	
a72d4a2da4	1	72	34	%b	そこでガルマンオーブって\n魔法のアイテムを手に入れたと\n伝えられてるよ。%b	
a810f921af	1	71	34	%b	ど、どうして、アスカは怒られないのに、\n僕ばっかりこんな目に会うのさ？%b	
a937e2845f	1	71	34	%b	その声は・・・忘れもしない・・・、\nガルザードにラグロスなのだ～ゼー！%b	
a9fae723e2	1	71	34	%b	君だって、そう遠くない将来に、\nアスカと同じ状況になるんじゃないかね？%b	
b110f4871e	1	71	34	%b	拙者、兄上が剣を振り回しておる間、\n学術にはげんでおったのでござるぞ！%b	
b2250236a8	1	73	34	%b %h	男が耳障りな笑い声をたててのけぞると、\n暗黒のローブのフードがはだけ、%b%h	
b37d8d3a6c	1	71	34	%b	賭けるコインの枚数を決めて下さる？\nもちろん、勝負を降りてもいいのよ。%b	
b44e6fb2c7	1	72	34	%b	こういう時は\n個別に集中攻撃されないようにしないと\n被害がでかくなるぜ。%b	
b45ac755fb	1	68	34		古い遺跡から発掘された本です。ずっしりとした時の重みが感じられます。	
b58aadb481	1	72	34	%b	こいつは珍しい！\nセントールじゃないか！\nもう絶滅したのかと思ってたよ。%b	
b648025bd4	1	72	34	%b	ラスティ王子も\nカダールの連中を倒したんだから、\nもったいつけてないで、%b	
b704759b73	1	70	34	%b	おいおい、ここまで来てそれはないだろ？ \nオレ達の苦労は何だったんだ？%b	
bafff1ab3d	1	72	34	%b	東の関所を越えた先には、\nカムイコタンいう獣人の村が\nあるらしいですわ。%b	
bb20bbd658	1	71	34	%b	カダール軍はどうやら負けたらしいぜ。\n悪者の天下は長く続かねぇっての。%b	
bbed50f490	1	72	34	%b	ミュウ、国境を越える前に、\nザルマの町に寄って\nこの先の様子を探ったら？%b	
bbf17ec743	1	71	34	%b	奴らは、この村の北、ホウライ山の\n頂上にある星陵郭を占領しているんだ。%b	
bc563b7182	1	71	34	%b	ノスフェラトゥスの予言にあるように、\n大魔王が天から降りてきたのか！？%b	
bd33201978	1	71	34	%b	きゃい～ん、かっこいいの、なの。\nさすが、ナズナの未来の旦那様なのね！%b	
bf9ab9e726	1	71	34	%b	まんだなら、ちょう、やってみんしゃい。\n青春のメモリーってヤツっしょ。%b	
c23abcc7c5	1	71	34	%b	いいかげんに冒険の旅なんかやめて、\nこの国にかえってきちゃどうですか。%b	
c255894a57	1	71	34	%b	簡単に説明したけど、分かったかしら？\nなんなら、もう一度説明するわよ？%b	
c3c7280c1e	1	72	34	%b	と、言っても、これもすでに\nヤマタイを救った連中が\n解決したって話だよ。%b	
c727f986d7	1	73	34	%b %h	だが、アーヤは、くちびるの端を少し押し上げ、\n声もなくニヤリと笑った。%b%h	
c951f89488	1	71	34	%b	こんなところで、ボクは負けない！\nたくさんの人達に笑顔を取り戻すんだ！%b	
c98e5c362c	1	71	34	%b	あんまり真にせまっておりましたので、\n今でも胸がドキドキいたしますわ。%b	
cc01cea251	1	71	34	%b	それで、さっきから話に出ている\nアレクトリア大図書館って、一体何なの？%b	
ccd2a849bc	1	73	34	%b %h	なぜなら古代魔法文明の遺産である\n魔法球が必要だと思われるからである。%b%h	
d0c4417f0b	1	71	34	%b	もうさっきみたいな失敗はしない．．．\nみんな、気を引き締めていこう！！%b	
d4795218a2	1	71	34	%b	ただし、必要でない物には、できるだけ\n触らないようにして下さいませね？%b	
d63c3e277f	1	71	34	%b	こりゃ、何かとてつもねぇ厄介事の\n前触れのような気がしてならないんだ。%b	
d977b66266	1	71	34	%b	拙者も、ディアーネ殿も、姫様の戦いには\nお供つかまつることは叶わぬ身。%b	
dbcd2da30d	1	70	34	%b	それとも、人間でない者には、心がないとの中傷は本当なのでござろうか。%b	
dda15183d0	1	71	34	%b	アレクトリア大図書館の館長の娘が、\n７人委員会に盾突いているらしいな。%b	
df22934a70	1	71	34	%b	この場ではっきりさせるワケにも\nいかないだろうが・・・辛いな、アスカ。%b	
e009e616b4	1	71	34	%b	最近の地震で、大ケガをし、それがもとで\n死んでしまった友人がいるんだ。%b	
e0874cad4b	1	71	34	%b	なに、ドラグーン兵士たるもの、\nこれしきのことでは、へこたれませんぞ。%b	
e4b3aa5420	1	71	34	%b	古代魔法文明に関する文献の中に、\n何か得たい情報があるのですわ・・・。%b	
e70bdcc6a6	1	71	34	%b	二人が出会ってからの時間は短くても、\n愛の深さでは負けませんの、なの！%b	
e890c658df	1	71	34	%b	ボクも、世界が本当に平和になったのか、\n自分の目で確かめておきたいし。%b	
e8a3192045	1	72	34	%b	いったん村に戻って、\n装備を整えたほうが、\n生き残る可能性も増えるよね。%b	
ec5d5f2bad	1	72	34	%b	だが、そのかわり、\n星陵郭に女や子供を\n人質として差し出せと言ってきた。%b	
ee539eaa06	1	73	34	%b %h	海底神殿に安置されている聖なる台座は、\n沈んでいる船の起動装置である。%b%h	
f0ac8906b8	1	71	34	%b	わたくしが居残らなければならないなんて、\nまったくもって不本意ですわ。%b	
f30c18a617	1	71	34	%b	よぉし、それじゃあ始めようか。\n皆、陽動が目的だってこと忘れないでよ！%b	
f563f6df27	1	72	34	%b	その時までには、\nもう少し手ごわくなっていていただけると\n嬉しいですな。%b	
fc585bd375	1	71	34	%b	アレクトリア大図書館には\n古代魔法文明に関する文献が多数ありましてよ！%b	
fe30eab9d7	1	71	34	%b	おお、枯木が倒れて橋になった。\nこれで、むこうにわたることができるぞ。%b	
ff55c66425	1	71	34	%b	こっちは７人委員会の塔の裏口だ。\nボク達が目指すのは、ハイランドだよ。%b	
01ed7b2cb0	1	69	33	%b	最近、ゴジョウの町を騒がしているのは\n女義賊のシラナミなんだってね。%b	
02fe33b3a3	1	71	33	%b %h	けして、７人委員会メンバー達の\n私利私欲を満たすためではありません。%b%h	
04165a2b8b	1	69	33	%b	見てよ、この崖、底が見えないよ。\nここから落ちたら、一巻の終りだよ！%b	
04f538dfae	1	66	33		忍者が日常的に使用する武器です。手軽ですが、威力は期待できません。	
08962cb338	1	70	33	%b	おぼろ谷には、昔から、\n女が党首をしている盗賊の一派が\n住み着いてる。%b	
09652c664e	1	69	33	%b	天才の俺様にはこれが魔法球だという事が\nズギャッとわかるのだ～ゼー！%b	
0a575ea8b1	1	71	33	%b %h	「私が、なぜ雷光と呼ばれているか、\nその理由を教えてあげるわ・・・」%b%h	
0ad352eba9	1	69	33	%b	その顔は、どうやら、７人委員会様が\nこの場にいらっしゃらないことへの%b	
0bdac4adf8	1	69	33	%b	サモサ島にナニかがある！？\n　　　　　　　　　　　　　　　（ユカナ）%b	
0e68ca64dd	1	70	33	%b	今、ゴジョウの町では、\nシラナミの人気が、\nまさに、ウナギ昇りでっせ。%b	
0f36b5674d	1	69	33	%b	そういえば、たしか、ここのカギは\n父上がつけたって聞いたことがある。%b	
110750caad	1	69	33	%b	カダール軍がやってきた時、\nこの地方はあっという間に占領されたんだ。%b	
12fbd851fd	1	69	33	%b	そして、いうまでもなく、この私も、\n皆と同じ気持ちでいるよ、ミュウ。%b	
132eaa3106	1	69	33	%b	人質と村と私自身を救うため、\n今は君達の好意に素直に甘えるとしよう。%b	
13abd89284	1	69	33	%b	そんなことをわたくしに教えて\nいったい何をしろとおっしゃるのです？！%b	
1488cfdb07	1	70	33	%b	当図書館の誇る、\n豊富な書籍の数々を、\nぜひともご覧になってください。%b	
153796656c	1	70	33	%b	どこかで、それらしい品物を\n手に入れてから、\nもう一度試してみようよ。%b	
161a168fe7	1	69	33	%b	ふぅ、どうにかヤツらを倒したゼ。\nこれで世界も、もと通りってわけか。%b	
16cac89c6e	1	69	33	%b	一方的に、彼らを憎んだところで、\n過ちを取り返すことはできませんよ。%b	
18b2404078	1	69	33	%b	カカルクランで７人委員会を倒した時、\n確か、魂は不滅だって言ってた！%b	
1bc2dbd796	1	69	33	%b	誰か、あの人へのあたしの手紙を\n届けてくれる人はいないかしら・・・。%b	
1d6e98174c	1	70	33	%b	これこそが、イクシーズの\n船体を成している\n鉱石であると伝わっておる。%b	
1eaccfa004	1	69	33	%b	とりあえず、あなた達でも相手にして\nウォーミングアップといきますか。%b	
1efa2e91e5	1	66	33		ここの防具なら、何をお買い求めでも決して後悔はさせませんですじゃ。	
1fc134e3a6	1	69	33	%b	火薬工場の出火場所の近くに、\nカダール兵の武器が落ちていたらしいわ。%b	
2183b93a7f	1	69	33	%b	なんと申しましても、わたくし達は、\n「運命」で結ばれた仲間ですもの。%b	
23864ec267	1	69	33	%b	後で町の者達にも、お声をかけてください。\nきっと、みんな喜びますよ。%b	
26a41352ee	1	66	33		お守りの一種です。身につけると会心の一撃が少しだけ出易くなります。	
294c74f9da	1	69	33	%b	わたくしとしては、この先にある山道を抜け\nポポロンにたどりつくまで、%b	
2a1548f04f	1	69	33	%b	元々はゲテン城に通じる道でもあり、\nゲテン城を守る砦でもあったんだ。%b	
2ae25fe4e3	1	69	33	%b	よーし、どうにかヤツらを倒したね。\nこれで世界も平和になるハズよね。%b	
2c06a791f0	1	69	33	%b	この超天才的な俺様にかかれば、\nなんてことはない探し物なのだ～ゼー。%b	
2db9b9be3e	1	69	33	%b	今、せっかくア～ちゃんと、\nいちゃこいてたんだから、邪魔しないでよ！%b	
2ec6136e52	1	69	33	%b	そないな性質を活用してこそ、\nいっぱしの戦士といえるんでっしゃろな。%b	
31d6781083	1	69	33	%b	カダールの奴らのやったこと、見た？\nほんま、あいつらには腹が立つわ。%b	
3231915f46	1	96	33	%H %m1 %V100 %m0 %s10 %V0 %b	%H%m1%V100［%m0%s10%m1］%V0%m0\nでも、ガルマンオーブが\nどこにあるかってことは、分からないでし。%b	
34c40c285c	1	69	33	%z	%zよしとくれよ、お礼なんて！\n恥ずかしくって、体中がかゆくなっちまう。	
352fc9fdce	1	69	33	%b	優秀なカタナ職人がいればいいんだが。\n・・・俺には心当たりがねえな。%b	
362b08e621	1	70	33	%b	ガルザードを倒せば、\nそれで今回の戦はおわると\n思ってたんだが・・・。%b	
37ea3b4709	1	69	33	%b	姫様、もうそろそろ冒険の旅なんかやめて、\nお城におちついて下さいな。%b	
37f54b6a9c	1	70	33	%b	だけど、そのリグロードも\nカダールに押さえられてたって\n話じゃないか。%b	
3c55836fcd	1	69	33	%b	ホウショウ院言うたら、ウチらにとっては\nゴジョウの顔みたいなもんや。%b	
3d7165e6fd	1	69	33	%b	隠れ蓑の灰を使って姿を消せば、\n敵の攻撃なんてかすりもしなくなるわ。%b	
3e0625fa74	1	69	33	%b	姫様がここにいらっしゃるってことは、\n大したことじゃないんですよね？%b	
3f4db314e8	1	69	33	%z	%zねぇ、ア～ちゃん、それはそうと、\nそろそろ、はっきりさせてくれない？	
40cbdc6d0a	1	69	33	%b	カムイ様、僕、泣かなかったよ。\n男の子が泣くわけにはいかないからね。%b	
428c5f5eac	1	70	33	%b	これがあれば古代遺跡で\nホークアイの弟ファルコの所在も\n確認できるよ！%b	
43027bf781	1	69	33	%b	どうしてこんなところに・・・？\n確か、以前はこんなものなかったよね？%b	
43a81f4cc8	1	69	33	%b	俺様ほどの天才の頭脳を持ってしても、\n何なのか分からないのだ～ゼー！%b	
46b2eea1f6	1	70	33	%b	私を倒したところで、\n７人委員会様の計画には\n何の支障もありませんよ。%b	
47a45c0e9e	1	69	33	%b	我らカダール７人委員会の魔導の力、\n妖精ごときに劣るものではないわ！%b	
4935b9b600	1	69	33	%b	だが、逆に言えば、将がいなくなれば、\nたちまち兵士達は意気地を失う。%b	
4ae72d3e77	1	69	33	%b	７人委員会ってのは、その名前の通り、\n７人の魔導士による政府なんだ。%b	
4b6c167708	1	69	33	%b	弱きが強きに流れるのはしかたない。\n私にも身に覚えのある話だ・・・。%b	
4bf2876d30	1	70	33	%b	そういうわけだから、皆、\nルゥナを手伝うために、\nリグロードへ戻って！%b	
4f6920eba5	1	66	33		霊的な力を持った光の衝撃波による直線攻撃です。対空攻撃が可能です。	
52bfc424ad	1	69	33	%b	以前は、半人半馬の獣人種、\nセントール種族にすごい天才がいたんです。%b	
52c1fe2bc3	1	69	33	%b	霊峰フジを結界で汚したガルザードの奴を\n許すわけにはいかないからな。%b	
5356b82c8c	1	92	33	%H %m1 %V100 %m0 %V0 %b	%H%m1%V100［%m0ラグロス%m1］%V0%m0\n・・・ここは・・・暗くて・・・\nとても・・・寒い・・・。%b	
56ca2e4347	1	68	33		荷物がいっぱいじゃん！\n持物へらしてから来なさいよ！\n信じられなーい。	
59ecd6a671	1	67	33		ほっほっほっ、そんなには持てませんぞ。\nムリはせぬ方がよろしかろゥ。	
5c20a4ec64	1	69	33	%b	姫様！わたくし、先ほどうたた寝をしていて、\n嫌な夢を見たんですのよ。%b	
5e54559b13	1	69	33	%b	我々の地を訪れる者は絶えて無く、\nその存在すら人々に忘れられておる。%b	
5ec1866aa0	1	69	33	%b	しょせん、魔力等級２等の落ちこぼれ、\nやつには、荷が重すぎたようで。%b	
609ab92c67	2	69	33	%b	この決着は、わたくしの手でつけるべきだと\nお思いになりませんこと！？%b	
6362fdbf6d	1	68	33		ほっほっほっ、\nそれ以上は持てんじゃろうて。\n若さゆえの過ちですかの。	
647aa0040b	1	69	33	%z	%z悲しみを乗り越えて、なお立ち上がることが\n真の強さでござるな・・・。	
67e0c31004	1	70	33	%b	・・・だってぇ、\nア～ちゃんが優しくしてくれて\nうれしかったんだもん。%b	
68adf4d278	1	69	33	%b	泣いてても強うはなられへんもんな\nイガのシノビみたいに強くなるんや！%b	
6bef62879a	1	69	33	%b	そ、その声は・・・ガルザード！\nそれにラグロスじゃありませんこと？！%b	
6c0ceb2788	1	69	33	%b	泣きながら哀願するではないか、\n関係ない者達を助けてやってくれ、と。%b	
6dc2417e10	1	69	33	%b	ふぅむ、こんなところに石像が。\nこれも、古代の遺跡の一部なのだろか？%b	
6fd22685cb	1	69	33	%b	ミュウ・・・すごく疲れた・・・よ。\nいまだけ・・・側に・・・いてよ。%b	
751091acc9	1	69	33	%b	どうして開かないんだろう？\nどこかに扉を開けるスイッチがあるのかな？%b	
7537574156	1	69	33	%b	・・・この状況を説明するには、\nハレハレガッコンがいいような・・・。%b	
770e3ba04f	1	70	33	%b	こっちの世界は、\nあたしとファルコとイクシーズで\nなんとかしてみるよ。%b	
77d4623642	1	70	33	%b	私を倒したところで、\n７人委員会様の計画には\n何の支障も生じませんよ。%b	
790e9393f8	1	63	33		敵に向かって冷気の攻撃を繰り出します。1/2の確率で凍結させます。	
7b31ce28c2	1	69	33	%b	自らの欲望のために使おうとすることを、\n阻止することは難しいだろう。%b	
7e412e017c	1	69	33	%b	カダール軍がクィーンズランドの首都\nクィーンズハートの町を占拠して、%b	
7ee537fd9d	1	69	33	%b	ホークアイさんじゃないですか！\nカダールの件を解決したんですってね！%b	
80602c39a1	1	69	33	%b	知っているも・・・何も・・・、\nその知識を発掘したのは君の父上だよ。%b	
80c25199c8	1	69	33	%b	んー、特に仕掛けはないみたいだけど、\nあからさまに怪しいカンジよね。%b	
8367b4cb29	1	69	33	%b	やぁ、あんた達のおかけで、\nこうして、今でも酒場を開いていられるよ。%b	
84d9574215	1	70	33	%b	ユーカリさんを、\nいつまでも一人にしておいちゃ\nかわいそうってもんさ。%b	
85e2dff499	1	66	33		神をたたえる聖なる書物です。魔法に対する防御力がかなり上がります。	
86aab9b3b3	1	70	33	%b	ウィスコ様は、\nリグロードでは雲海の賢者と\n呼ばれるほどの方ですもの。%b	
88717445ef	1	70	33	%b	７人委員会・・・\nどこまでも我らの平和を\nかき乱す気でござるな・・・。%b	
8970143370	1	69	33	%b	色々言うたけど、結局、力は力やわ。\nそれ自体は良くも悪くもないねん。%b	
8c8d9eb6b7	1	69	33	%b	それでこそイガ最強のシノビだ。\nところで、起きないのがいるようだが。%b	
8ca0f89a15	1	69	33	%b	どうやら、あのトロッコに乗れば\nどこかに運んでくれる仕掛けのようだ。%b	
8e8ab32386	1	70	33	%b	ゲテン城に行く前に、\nここで敵を足止めさせるための\n仕掛けってわけさ。%b	
8f5916a198	1	69	33	%b	そんなはずはないと思うがなぁ。\nどれ、ちょっと、けとばしてみようぜ。%b	
901c88e44e	1	69	33	%b	あなたこそ、なかなかの腕ですわ。\nま、わたくしほどではないにしても。%b	
93d23d1f49	1	69	33	%b	これこそが、まさにイクシーズ復活の\nカギを握る重要な品なのでござる。%b	
962268c610	1	69	33	%b	ごめん、気がつかなくって・・・。\n今日は珍しく男友達が一緒なんだね。%b	
96b3e0e7f8	1	69	33	%b	ミュウ、焦る気持ちは分かるけど、\nこういう時ほど冷静にならなくちゃ。%b	
973688baed	1	69	33	%b	リグロードやヤマタイへの侵攻を決めたのも\nその７人委員会らしいんだ。%b	
992aabfc44	1	69	33	%b	ホウショウ院を仕切ってたんは、\nどうやら２ひきの怪物やったみたいや。%b	
9934419682	1	69	33	%b	この町を出て海岸沿いに南へ行くと、\n海底神殿と呼ばれる遺跡があるよ。%b	
9aceed319f	1	69	33	%b	王子様がきっとカダールの連中を\n追い払って下さると信じておりました。%b	
9b18162d05	1	68	33	%b	ここでイクシーズの動力源、\nガルマンオーブを手に入れたんだったね。 %b	
9b4766f99b	1	70	33	%b	くすっ☆\n運命のヒトと出会うための\n独りぼっちだったのかもしれないよ？%b	
9c0f4920c6	1	66	33		敵の直接攻撃に対する防御壁を作ります。敵からの打撃を減少させます。	
9c81bbafce	1	70	33	%b	その思いやりに感謝して、\n今日という一日を\n精いっぱい生きるとしよう。%b	
9fd260d4f3	1	66	33		敵一体の行動力を下げ、これを受けた敵の行動力を通常の半分にします。	
9ffa2e8a1b	1	69	33	%b	それを土足で踏みにじられるようなこと、\nいつまでも許しておけへんわ。%b	
a11a739321	1	66	33		光の衝撃波を発生させ敵に向かって攻撃をします。対空攻撃が可能です。	
a12107e9ff	1	69	33	%b	確かに、ミュウが一人で支えるには、\nリグロードやヤマタイや、あるいは%b	
a1c0d29fe6	1	67	33		おやおや。\nお金が足りんようじゃ、残念じゃが売るわけにはいかんのぅ。	
a2d348aadc	1	69	33	%b	ムサシ爺っちゃんみたいに、\n世界を救うことができるんだろうか・・・。%b	
a4b5bbf82b	1	69	33	%b	最近、このゴジョウの町には、\nシラナミっちゅう女義賊がでるんですわ。%b	
a5d3fc6bd2	1	66	33		剣と共に鳳凰が舞い、敵に大ダメージを与えます。対空攻撃が可能です。	
a7db469ed5	1	69	33	%b	奴等を倒していくしか無いようでござるな。\n皆の衆、まいりましょうぞ。%b	
a81074fd39	1	69	33	%b	ああ、ミュウのいうとおりだ。\nこの手でやつらの息の根をとめてやるぜ！%b	
a9a44cb2e1	1	67	33		売れるものなんか持ってないクセに。\nウラギリ者の上にウソつきとはね！	
aa07dffa76	1	69	33	%b	仲間達が、ボクを追いかけて、\nきっと、ここまで来てくれると思うんだ。%b	
ac3c942ca3	1	69	33	%b	殴られたときに弾き飛ばされるのんが\n嫌なんでしたら、なにか重いもの、%b	
ac5ea79a20	1	69	33	%b	どうして、そんなことをボクに教えるの！\nボクにどうしろっていうの？！%b	
acfd9221c4	1	69	33	%b	敵が途中の岸にもいるということは、\n渡る方法が無いわけじゃないよね。%b	
ae7bb80ad5	1	69	33	%b	おまえたち、どこへ行くつもりだ！\n許可なく国境を越えることは許さん！%b	
aecf828d8a	1	66	33		お金を投げつけて敵を攻撃する技です。ダメージ量は金額で決まります。	
b03557db17	1	69	33	%b	この崖を渡るには、飛べる人が運ぶか、\n魔法を使って浮くしかないのね。%b	
b03c3974d8	1	69	33	%b	我々の想像もつかないほど高度な魔法が\n使われていたと伝えられている。%b	
b551acbd37	1	69	33	%b	リグロードがカダールに占領されてからは、\nそれができなくなったのよ。%b	
b587497bdc	1	69	33	%b	一握りの米を買うにも争いが起こる・・・。\nこの状況を考えてあげてよ！%b	
b78a8debf5	1	69	33	%b	力を持った者が、全てを定める事でのみ\n正義や、歴史が生まれるのです。%b	
bb75f691c5	1	69	33	%b	７人委員会の狙う古代魔法文明について、\n何か、分かるかもしれないね！%b	
bc64c5093b	1	66	33		強力な聖なるエネルギーが、３本のビーム状となって敵を撃ち抜きます。	
bd7a89b1e4	1	70	33	%b	あれ？\nおかしな入り口だね？\nどこにカギがかかってるのかわかんないや。%b	
c15675cc76	1	69	33	%b	ミュウ、アンジュ、皆・・・\nあたしの分までやつらをやっつけてきてよ！%b	
c217d1f516	1	69	33	%b	この塔を脱出するまで、お互いに助け合う、\nということで参りましょう。%b	
c41a141b13	1	69	33	%b	もう片方はイシスのピラミッドに\n続いてるって言い伝えを思い出したよ。%b	
c46d9df119	1	69	33	%b	ところで、ドラグーン城の方じゃ、\n何か騒ぎが起こってるみたいですが。%b	
c4f8966e3e	1	66	33		初歩の魔法の本です。装備すると魔法に対する防御力が少し上がります。	
c83284373a	1	69	33	%b	やはり、ヒヒイロカネでなければ、\nあの名刀を作り出すことはできない。%b	
c8bef4b65b	1	69	33	%b	この平和も、ドラグーンの王女たち\n救国の英雄のおかげなんだそうです。%b	
cad41745dd	1	66	33		上空時のみ、敵や味方を捕まえられます。３ターンで自動的に放します。	
cbc821ab9f	1	69	33	%b	なんとかして、空飛ぶ船を直すのです。\n私は、もう戻らねばなりません。%b	
ce6fe32908	1	69	33	%b	毅然と部下の死に立ち向かってこそ\n支配者の威厳が保てるというものだ。%b	
d032bcf79a	1	69	33	%b	あんた達こそ、この世界の救世主だ！\nリグロード戦役の英雄達の再来だ！%b	
d23ea817a4	1	69	33	%b	あら、この枯木は今にも倒れそうですわ。\nちょっと押してみようかしら？%b	
d2aa55c2de	1	69	33	%b	ああ、世界がこんなにも美しいなんて、\n今まで思ったこともなかったわ！%b	
d5d36d4486	1	70	33	%b	そのうちの一つが、\nボク達が持っている\nコレかもしれないってわけだね。%b	
d7c87be6b5	1	92	33	%H %m1 %V100 %m0 %V0 %b	%H%m1%V100［%m0門番%m1］%V0%m0\n今のはほんの当て推量です。\n館長はきっと元気でおられますよ。%b	
d7d9aff025	1	69	33	%b	カダール軍の、最初の隊が来てから\nその後、補給を受けた様子はないよ。%b	
d9d414c0dc	1	69	33	%b	やっぱり動いているようには見えないな。\nここにいても無駄なだけだぜ。%b	
db4c6b0827	1	69	33	%b	どこかでそれらしいカギを見つけたら、\nもう一度、ここに来てみようぜ。%b	
db58122408	1	69	33	%b	ここを抜ければいよいよ星陵郭だ。\n村人達はそこにとらわれているはず。%b	
dc1a5375fa	1	69	33	%b	あの奥は、まだ誰も入ったことがない。\n何かあるとすれば、あの奥だな。%b	
de043b903c	1	70	33	%b	平和はいいものだ。\n皮肉なことにも、\nすぐそのことを忘れちまうけどね。%b	
de8c50fe83	1	69	33	%b	イクシーズを修理するには、\nホークアイの弟、ファルコを捜さなくちゃ。%b	
df5bec7173	1	69	33	%b	それがあれば、裏ヤマタイ方面へ\n抜けることができるってわけか・・・。%b	
e0de0a53e5	1	70	33	%b	この奥にクリカラって村が\nあるという話もあるが\n村を見たやつはいない。%b	
e120c50b94	1	69	33	%b	ハイランドに行く前に、わたくし\nなさねばならないことがありましてよ。%b	
e1dc23b408	1	69	33	%b	自分達を守ってくれると思っていた王族が\n裏切ったのですからな・・・。%b	
e33fe91251	1	69	33	%b	いい機会だから、二度とこんなことが\nおきないようにしてやるのなのね。%b	
e429718765	1	69	33	%b	じゃが、まだまだ、アスカ殿の実力は\nムサシ様にはおよばんじゃろうな。%b	
e5c59ab716	1	69	33	%b	７人委員会は、今よりはるかにすばらしく、\n豊かな世界を築くでしょう。%b	
e6235f4de3	1	69	33	%b	・・・ま、まぁ、リグロードの方が、\nご存知ないのも無理はないですわ。%b	
e6e903ded9	1	69	33	%b	あそこが、砂漠の出口ですわ。\nその先には遺跡があると聞いていますわ。%b	
e751002a25	1	69	33	%b	この異変をおさめられるのは、\nアスカ様のほかにはおりませんですじゃ。%b	
e7f5760ce8	1	69	33	%b	いや実のところを言いますと、\nこう見えてもわたしのひいおじいさんは、%b	
e815c4f1fe	1	69	33	%b	どこかの洞窟に祭壇みたいなものが\nあったような気がするんだが・・・。%b	
e90250cadb	1	70	33	%b	魔法に関しては、\nリグロードやヤマタイよりも\n進歩しているんですって。%b	
e93095b308	1	69	33	%b	アスカには、母親と妹がいて、\nアスカは妹をとても可愛がっているのよ。%b	
e96050377e	1	71	33	%b %h	古代魔法文明滅亡の原因は不明だが、\n何らかの巨大な超自然的力によって%b%h	
e97ea71d6b	1	69	33	%b	お、光を出してやがるな・・・。\nこれはイクシーズで見たのと同じだぜ。%b	
ee9bf099a2	1	69	33	%b	帰って来るときに使った水晶柱を\n使えばカカルクランに行けるはずです。%b	
ef26a4ba5f	1	69	33	%b	しかし、７人委員会がいない今、\n自由な港町として復興しつつあります。%b	
f4a64483f8	1	69	33	%b	それに、忍者屋敷をツブした以上、\n関所の守りも手薄になってるはずだ。%b	
f76a20b8f1	1	69	33	%b	あやつらを生かしておいては、\n後々、世界の災いになるやもしれませぬ。%b	
fac7c802be	1	69	33	%b	星陵郭は、この先にあるの、なのね。\n早く村人達を助けるの、なのなの。%b	
fb0dacd2d8	1	69	33	%b	こうして一緒に旅をすることになったのは、\n何か不思議な導きを感じる。%b	
fb4c5291cc	1	70	33	%b	今、せっかくア～ちゃんと、\nいちゃこいてたんだから、\n邪魔しないでよ！%b	
fbb1f147e2	1	70	33	%b	レジスタンスの中には、\nアレクトリア大図書館の関係者が\nいるって話だ。%b	
fc06c6fa6b	1	70	33	%b	前は、女船長のディアーネが\nこの町に来てたけど、\n最近は見かけないな。%b	
fe37204dea	1	69	33	%b	お兄ちゃんは、この村の中でも\n一番の腕をもっているイニシエなんです。%b	
003cf39cbb	1	67	32	%b	やっぱりかっこいいの、なの。\nさすが、ナズナの未来の旦那様なのね！%b	
010ffc4a45	1	67	32	%b	７人委員会に対する反対運動をしていたから\nっていうのが理由なんだ。%b	
013b8ae519	1	67	32	%b	カダール軍は、古代魔法文明に関しての\n研究家達をここに集めました。%b	
03506047ea	1	67	32	%b	まぁ、確かに、ある意味では、\n仲がいいと言え無くもないだろうがね。%b	
0824d8591b	1	67	32	%b	誰も、その正体は知らないが、何世紀、\nあるいは、もっと短い間隔で、%b	
0d6bb2ef23	1	67	32	%b	このあたりに眠ってるらしいって話が\n昔からイガには伝わってたんだ。%b	
0da573535d	1	67	32	%b	そうだよ、館長がどこにいるかなんて、\n分からないじゃないか・・・。%b	
0de3e0accd	1	67	32	%b	実は、西の森近くにさしかかったところで、\n墜落してしまって・・・。%b	
0e122f91cb	1	67	32	%b	ほんで、頭領の飛ぶ鳥のアスカは、\nカダールに手を貸そうとしたとか。%b	
103426ce9e	1	67	32	%b	この大陸で彼らに対抗できるのは、\nミュウ様をおいて他にありません。%b	
10a23d688f	1	67	32	%b	港町オルトマはこのザルマの町から\n南に下ったミディ国にありますわ。%b	
10d8dee3e6	1	67	32	%b	話はこちらにも伝わってるぜ。\nカダールの連中をやっつけたそうだな。%b	
1333f96a90	1	64	32		こぶしにつける防具ですが、同時に武器としての効果も期待できます。	
1669f7b942	1	68	32	%b	ボクはお前を倒して\n沢山の人々に平和な暮らしを\n取り戻すために来た！%b	
1988e800c6	1	66	32		おやおや\nお金が足りんようじゃ、\n残念じゃが売るわけにはいかんのぅ。	
1998d29182	1	67	32	%b	明朝、日の出とともに公開処刑する。\nこれは７人委員会の命令である。%b	
1a5e91c2a8	1	64	32		３本の衝撃波を使って斬りつける技です。敵を後方に吹き飛ばします。	
1d34058085	1	67	32	%b	それで、なんとかしてカダールへ\n行こうと思っているんだけど・・・。%b	
1deba33072	1	67	32	%b	そういえば、体当りして自爆する、\n自走式爆弾、爆弾君がいるのでし。%b	
1eb0899a9d	1	67	32	%b	そんなゲンユウサイの作ったゲテン城も\n今じゃ、カダール軍の居城さ。%b	
1ee2bc5d7d	1	67	32	%b	世界はほろびるのか！？\n　　　　　　　　　　　　　　（リューシャ）%b	
1f70ecd1ef	1	67	32	%b	ここにガルマンオーブがあれば、\nイクシーズを復活させられるでしね。%b	
226ff67bc5	1	67	32	%b	もっとも、これはただの木の彫像で、\n砲としては使えないでしけどね。%b	
229e491859	1	67	32	%b	だが、月組頭領の名にかけて、\n部下を助けださなけりゃならんのでな。%b	
22c591ff4e	1	66	32	%b	カダール国民全員が７人委員会の行動に賛成してるワケじゃないんだ。%b	
22cee4f19a	1	67	32	%b	ところで、俺様が眠ってる間に、\n一体世界はどうなっているの～カ～？%b	
23d700e204	1	67	32	%b	こんなこと今までなかったわ。\nいったい、何がおこってるのかしら！？%b	
242e6b253b	1	61	32		アダルトタッチで周囲のすべての敵に大ダメージをあたえます:-)。	
2523437938	1	67	32	%b	その上、ナズナのラブラブ大作戦を\n邪魔するなんて、ひどいの、なの！%b	
256f0dbbef	1	67	32	%b	ご挨拶ですね、カダールのために\n働く気になったのかと思えば・・・。%b	
25bba08861	1	67	32	%b	いい仕事でしね、職人仕事というのは、\nこうあってほしいものでしね。%b	
264879ae63	1	67	32	%b	するってぇと、さっきの仕掛けは、\nこの橋をかけるためだったんだな。%b	
2780db39e6	1	67	32	%b	なんで、ボクは小さい子供やねん。\n早ぅ、大きくなりたいのに・・・。%b	
27f75b8b13	1	67	32	%b	どうして、ヤマタイやリグロードを\n侵略するのか、理解できないけど。%b	
28d3d6678f	1	68	32	%b	カダールの残党共かっ！\nこんなところで\n負けるわけにゃいかねぇんだ。%b	
2ac573c76f	1	68	32	%b	火薬をつかう工場では、\n火事になった時のために\n沢山の水が必要なの。%b	
2c9f87b98d	1	67	32	%b	さっきの敵も、ガルザードがゲテン城に\nいるっていってたじゃない？！%b	
2d6a790602	1	67	32	%b	だが、この迷宮協会で登録をしなければ、\n迷宮に入ることはできない。%b	
2eb515ce00	1	65	32		お金が足りないようですじゃ。\nワシも食っていかねばなりませんでな。	
30f1e3045e	1	67	32	%b	少なくとも、この像を見るだびに、\nカダールへの反感は募るばかりだ。%b	
3216b98f40	1	67	32	%b	ここには【八坂の勾玉】が\nぴったりはまるようになってるようなのね。%b	
32e40d0bd7	1	67	32	%b	まぁ、それも、明日までのこと。\nせいぜい吠えておくがいいでしょう。%b	
3331ae7b1e	1	64	32		味方キャラクターの受けたダメージを１０００ポイント回復させます。	
342b09c10d	1	67	32	%b	忍者屋敷を叩けば、奴らも動揺して\n守りが手薄になるんだろうけどな。%b	
366d03ce64	1	67	32	%b	だかや、看板の裏にシノビ文字で\n注意を書いておいてあげたのよのさ。%b	
3685d01e4b	1	68	32	%b	ヤマタイで戦った時は\n手加減をしましたが、\n今回は全力で行きますよ！%b	
369c3feefb	1	67	32	%b	さて、今回の出し物ですが、\n私と私の分身が４体というのはどうです？%b	
3ad7bbf4e9	1	67	32	%b	年はとりたくないもんじゃ、\nこの程度のことで平常心を失うは・・・。%b	
3ebd2e1854	1	67	32	%b	今夜はもう遅い、明日早くに出発しよう。\n星陵郭までは私が案内する。%b	
3f7226d7ad	1	67	32	%b	アスカ、しっかりするの、なの。\nいつもみたいに冷静になるの、なの。%b	
3f878f5a94	1	67	32	%b	あいつらを倒していくしかないようでしね。\nみなしゃん、いくでしか。%b	
3fc27c4f09	1	67	32	%b	近くに村でもあれば、この場所の\n由来について知ることができるかも。%b	
41edf5a50c	1	67	32	%b	変にやさしいトコだけは、\n昔から、ちっとも変わってないのね・・・。%b	
422f5c92a7	1	67	32	%b	またもやられに来たのですか？\nそれともカダールに協力するのですか？%b	
4435b8f85e	1	67	32	%b	必ず、最後に正義は勝つ！\n　　　（クィーンズランド王子　ラスティ）%b	
46298aa3cf	1	67	32	%b	飛んでいる方におねがいして下りるか\n地形を変えるしかないですわね。%b	
47528d4611	2	67	32	%b	あいつらのせいで、ここの怪物共が\nこんなに凶暴化してるってワケか。%b	
4834f56ef4	1	67	32	%b	カオスゲートを利用するためには、\n特別な道具が必要だったらしいよ。%b	
48a2c558eb	1	69	32	%b %h	カダールは、かつてさかえた\n古代魔法文明の中心地と噂されています。%b%h	
49034d41d6	1	67	32	%b	ところで、仕事場に閉じこもってる\nキミのお兄さんってどんな人なの？%b	
4a01a33f73	1	67	32	%b	このところ地震が多いから、\n今まで以上に火薬庫に気をつけなきゃな。%b	
4a6854331c	1	67	32	%b	呪言は必ず自分達にハネ返ってくるって、\n知らないの、なのね・・・。%b	
4b91e855df	1	67	32	%b	イクシーズの修理に必要なもう一つの鉱石は\nアローストーンと言って、%b	
4c5129cb85	1	67	32	%b	みんな、彼女はアンジュ。\n７人委員会の塔から一緒に抜け出したんだ。%b	
4d36f7a34f	1	68	32	%z	%zあたしを誰だと思ってんだい！\n抜かりはないよ！\nさ、乗った、乗った！	
4d626a61db	1	67	32	%z	%zアンジュしゃんなら、きっと出来るでし。\n俺っチもお手伝いするでし！	
4d75a59e5e	1	67	32	%b	これは、ドラグーンの姫様じゃないか！？\nこのディアーネに何の用さ？%b	
50b2117161	1	68	32	%b	ドリームラビリンスは、\n俺様が閉じ込められていた\n場所なのだ～ゼー！%b	
538c4858f2	1	68	32	%b	気を付けて進もう。\nあいつらに一度に攻撃されたら\n大変な事になるよ。%b	
53e4b7a6dd	1	67	32	%b	そないな奴に炎や雷で攻撃したかて、\nたいした傷は与えられしまへん。%b	
552aa0982d	2	67	32	%b	またのご利用をお待ちしておりますわン☆\nありがとうございました～☆%b	
5560dfa43a	8	67	32	%b	へたすりゃあの世行き、でも、\n勝ち残れたら一躍英雄ってわけなのサ。%b	
598150204d	1	68	32	%b	リグロード戦役で、\nアーサー王をはじめとする\nリグロードの英雄達は、%b	
5a3726ec30	1	67	32	%b	世界の命運を分ける戦いになる。\n気を引き締めて、必ず勝利してくれ。%b	
5a435a3ad4	1	67	32	%b	ささ、海底神殿にお行きなされ。\nそして、光なす翼を空に帰すのじゃ！%b	
5a8bf2a996	1	67	32	%b	ただ、仕事に夢中になると、\n他のことは放ったらかしになっちゃうの。%b	
5d01c0b326	1	64	32		なめした皮を用い、ふつうのグローブより丈夫に作ったグローブです。	
5d4eb7eea4	1	67	32	%b	でも・・・今のラスティは\n自分の精神力以上に魔法を使おうとしてる。%b	
5def4a4feb	1	67	32	%b	やめておいたほうがよさそうね・・・、\nでも、何か気になるのよね～。%b	
5e8fb616f2	1	67	32	%b	誰か、城に乗り込んでいって、\nアイツらをやっつけてくれへんやろか。%b	
5ec002967f	1	68	32	%b	いいね、それ！\nあたし、いっぺんいろんな国を\n旅行してみたかったの！%b	
60ee4f9ff0	1	64	32		魔法をお使いになる方の知性をいっそう高めるはたらきをもつ服です。	
6311f270ab	1	67	32	%b	ちょっとしか動かないの、なの。\nでも何度か押せば、開きそうなのね。%b	
658eeab978	1	68	32	%b	この扉を開ければ、\nカムイコタンの人達を\n助け出すことができるのね！%b	
65eafb64c4	1	68	32	%b	さてと。\nそれじゃあ、イガの里に戻って、\n今後の準備をしておこうよ！%b	
6a3710e8f0	1	68	32	%z	%zどういたしまして。\nお礼を言われるほどのことは、\n何もしてないけど。	
6a8c0a5dbc	1	68	32	%b	いまね、このあたりじゃ、\nハレハレガッコンって言葉が\nはやってるの。%b	
6b97218918	1	67	32	%b	イクシーズが飛べるようになったら、\nこのことを思い出されるがよい。%b	
6c1e7ddcce	1	67	32	%b	ふぅん、これが水晶柱なの、なの。\nちょっとぐらい削れるかも、なの。%b	
6e0c6603b6	1	67	32	%b	イガの里で一番のスゴ腕のシノビ、\nいうたら、飛ぶ鳥のアスカですわ。%b	
6ebbf21a5d	1	67	32	%b	お前みたいな奴に捕まってると思うだけで、\nオレは体がかゆくなるぜ。%b	
6f2baa6d3c	1	67	32	%b	ちょっと、待て、タマモ。\nお前、自分のことをシラナミって言ったな？%b	
6faafa6104	1	67	32	%b	でも、鉄にしてはずいぶん軽いし、\n軽いわりにはとても堅いみたいだ。%b	
70b1a7335c	1	68	32	%b	ガルザードを倒せば、\nカダール軍は頭を落されたヘビ同然\nってわけね！%b	
7121ac8d9f	1	64	32		祝典などで着用する紫色の法衣です。僧侶の方のみお使いになれます。	
71dee879d0	1	67	32	%b	あちこちから学者やら賢者やら集めて、\n何か研究させてるって話です。%b	
740bfb523e	1	67	32	%b	もしかすると、７人委員会が引き起こした\n天変地異のせいかもしれん。%b	
753a232efe	1	67	32	%b	僕達も、ある意味、伝説に残るような\n戦乱の中にいるんじゃないかな？%b	
77808bab14	1	67	32	%b	おいおい、こんなところまで来たはいいが\n何かアテがあるんだろうな？%b	
7796e3a827	1	67	32	%b	ここには、ラスティの故郷、\nクィーンズランドへの街道があったんだ。%b	
77ce34c9f7	1	67	32	%b	途中にある扉なんかは熱による膨張で\n開きにくくなっているはずでし。%b	
78275c1eb7	1	67	32	%b	伝説の魔導士って知ってるかい？\n伝説に残るほどの魔導士ってコトさ。%b	
79b3d72739	1	67	32	%b	あなたがミュウ王女ですな。\nガルザード様からお話はかねがね・・・。%b	
7a598f72f9	1	67	32	%b	現在の７人委員会の独裁的政治では、\n７人委員会とその行動に反対する%b	
7a7ecba7cf	1	65	32		あはは、そんなに持てないだろう？\n荷物が軽くなったら、またおいで。	
7dc735f04f	1	67	32	%b	それと、怪物の中には、透明化して\n姿を隠す技を持ってるヤツもいる。%b	
7dedcf543c	1	67	32	%b	オレも良くは分からんのだが、\nその形はどこかで見たような気がする。%b	
7eae307618	1	68	32	%b	館長として必要なことがらを\n学びはじめる時期だと思うが、\nどうかね？%b	
80a61308cb	1	67	32	%b	いつだったかも話をしたが、\n君一人で何もかも背負いこむ必要はない。%b	
811c17c908	1	67	32	%b	ア～ちゃんだって、ときどきは、\n少しだけ考えることもあるんだから！%b	
81c4ba216e	1	64	32		味方キャラクターの受けたダメージを９９９９ポイント回復させます。	
81cc06c2c5	1	67	32	%b	まぁまぁ、騒がしい～と思ったら、\n子鼠ちゃん達が逃げたのですね～？%b	
837caf905c	1	67	32	%b	カタナはただの武器じゃないゼ。\nそれは、持ち手の魂を映す鏡なのさ。%b	
83b6cb0653	1	67	32	%b	ところで、お父上・・・いえ、\n館長様がお捜しでいらっしゃいました。%b	
85d80f6212	1	67	32	%b	反対はしねぇよ・・・しかし、\nそのしゃべり方どうにかならねぇのか？%b	
871af1a32d	1	68	32	%b	くくく・・・くく。\n大人になるというのは・・・\n辛いことだな・・・。%b	
8782db7504	1	65	32		ミュウ王女・・・、\nあんた、売れるものなんか持ってないじゃないか。	
89f87f7fe5	1	69	32	%b %h	月光に目を光らせた不気味な影が、\nアーヤに白刃をひらめかせたのだ。%b%h	
8a38b9642f	1	67	32	%b	邪道こそ我が道ってこと？\nそんなことしたって幸せにはなれないのに。%b	
8ba89d0444	1	67	32	%b	認めるのは悔しいけど、こういうのは、\nシラナミが詳しいの、なのね。%b	
8c6e7c8524	1	67	32	%z	%zいつの日か私の村に遊びに来てくれ。\nユーカリともども、歓迎するよ。	
8cf9f1c55f	1	67	32	%b	いったい何がおこっているのかな、\n世界は平和に戻ったんじゃないの？%b	
8f09386a3b	1	68	32	%z	%z・・・お父様、\n・・・すぐに援軍を率いて戻って参ります！\nラスティ！	
8f3a3592d5	1	67	32	%b	グラビティの人達にとっては、\n大切な場所だったみたいだけど・・・。%b	
9102909b03	1	67	32	%b	だから古代遺跡って言うらしいけど、\n今じゃ何もないはずなんだよね。%b	
9108c595bb	1	67	32	%z	%zええ・・・大丈夫ですわ。\nわたくし、こう見えても、強いんですのよ。	
9333575ff0	1	67	32	%z	%z２番目２番目って、おっしゃいますけどね、\nじゃあ、１番は誰なのよ！	
94dcb67763	1	67	32	%b	ルゥナにカカルクランに行った皆が、\nここに戻ってくるって聞いてな。%b	
96884c693d	1	67	32	%b	お仲間になるかもしれないキング君が\n死んでしまうことになるからね。%b	
96ade991d8	1	67	32	%b	・・・・大切な戦いの前だから、\nお父上にお会いしておきたいんだね？%b	
9721a04f32	1	68	32	%b	イクシーズ号を、\nこの世界のために役立ててくれて\nどうもありがとう。%b	
9792e6312a	1	67	32	%b	オレ達はそんな技を持ってねぇから、\nせいぜい気をつけるしかねぇな。%b	
97e85b366f	1	68	32	%b	おや？\nお荷物がいっぱいのようです。\n荷物を減らしておいでください。%b	
9ac83d1445	1	67	32	%b	もし、ボクが結婚したら、\nそのときは、新婚旅行を安くしてくれない？%b	
9c73591c8b	1	68	32	%b	７人委員会は倒したけど\n今はまだ、\n街道を元通りにする余裕はないね。%b	
9c97b01f1b	1	67	32	%b	結果、その馬鹿はドジって、\n配下もろともカダール軍にとらえられた。%b	
9cd5fa477a	1	67	32	%b	彼らを止めることができなければ、\nこの世界は滅んでしまうでしょう。%b	
9d39289245	1	68	32	%b	全ての生命を、\n森を、水を、空気を、\n意のままにしようとしています。%b	
a0d7bcf694	1	68	32	%b	どうやら、あの部屋は、\nもっと下の方へ\n移動してしまったみたいだね。%b	
a1ef8e0fd4	1	67	32	%b	各地に伝わる伝説伝承に秘められた、\n謎についての研究資料の数々は、%b	
a20bb5738d	1	67	32	%b	その度に立ち上がってみせる！\n体中の血の最後の一滴が無くなるまで！%b	
a26efd1704	1	67	32	%b	今度のリグロード・ヤマタイ制圧は\n明らかに７人委員会の暴走ですわ。%b	
a2a6bbe087	1	67	32	%b	そんで、ここにガルマンオーブってのを\n持ってくればいいワケでしょ。%b	
a3ce9dc833	1	64	32		射程範囲内にいる中でもっとも弱いキャラクターの命を奪い取ります。	
a4f828d9fe	1	68	32	%b	噂では、どこかの迷宮に\n伝説の魔導士が\n閉じ込められてるらしいのよ。%b	
a58fb9b15e	1	67	32	%b	さては、カカルクランに残してきた\n７人委員会のメンバーのしわざか！%b	
a5a20f3091	1	67	32	%b	ミュウ、あの草の生えているあたりに、\n【アースモール】をかければ、%b	
a6b8805245	1	64	32		使う者の行動力を下げますが、暗黒の力できたえられた強力な剣です。	
a7381cca85	1	67	32	%b	それにしても、なんだって、\nヤマタイの武家言葉なんか使ってるんだ？%b	
aa086b503d	1	67	32	%b	そんなことを僕に教えてどうするんだ？\n僕に何をしろっていうのさ？！%b	
aa46b0ab6c	1	67	32	%b	だって、僕たちが落っこちる様な場所でも\n自由に行き来できるんだよ。%b	
ab07ef64ab	1	66	32	%b	前に来たときは、とらわれの身だったけど、今度はこっちからいくぞ！%b	
ac19189b25	1	67	32	%b	つまり、この扉を開けるには、\n出直す必要があるということでござる。%b	
ad93581c66	1	67	32	%b	アスカ、寂しそうなの、なの。\nナズナがいるから大丈夫、なのなの～☆%b	
af367ac5d0	1	68	32	%b	７人委員会のやつら、\n世界をひっくりかえそうと\nしてやがるらしいな。%b	
af43d07e9e	1	67	32	%b	では、わたくしも皆さんの「運命」の輪に\n加えていただけませんこと？%b	
af6f5f5f22	1	67	32	%b	最近、西の森に出没する怪物共が\n前より凶暴になったきたって話だよ。%b	
b020ade663	1	64	32		砲筒から強力なロケット弾を発射します。敵を後方に吹き飛ばします。	
b21955e697	1	64	32		真っ黒な装丁の謎に包まれた書物です。非常に不吉なものを感じます。	
b33c66a81d	1	67	32	%b	あたし達は、星陵郭にいた大きな生き物を\nおじいちゃんと呼んでたの。%b	
b36d75f614	1	67	32	%b	ゴジョウといえば、最近、\n女義賊シラナミってのが出没するらしいゼ。%b	
b37fe48620	1	67	32	%b	こういうのは、シラナミさんに見せると\n何かわかるかもしれないでし。%b	
b6b2737d64	1	64	32		本から竜巻が吹き出し、敵を攻撃します。敵を後方に吹き飛ばします。	
b6f2899f62	1	67	32	%b	その声は、ガルザードにラグロスでしね！\nお前達、生きてたでしか！！%b	
b6f5f5fa5b	1	67	32	%b	大地が怒ってゆのよのね。\n誰かが世界をけがそうとしてゆのらからよ。%b	
b78238a028	1	68	32	%b	最近の地震続きで、\n図書館も蔵書が棚から落ちたりして\n大騒ぎですよ。%b	
b8995b8ac6	1	67	32	%b	アスカ殿、ちょっと、そこに座って\nこの年寄りの話を良く聞きなされ。%b	
ba5e359ece	1	67	32	%b	もしホウライ山を登るなら、\n崖から落ちないように気を付けることだ。%b	
ba737d3705	1	67	32	%b	何たって、このヤマタイ自体が\nカダールに制圧されちまってるからな。%b	
bc33606a95	1	67	32	%b	エヴァンおじいさまと一緒に\nリグロード戦役を戦った英雄の子孫だよ。%b	
bf2ad13a4c	1	68	32	%b	どこかで、それらしい品物を\n手に入れてから、\nもう一度試してみよう。%b	
c046eb449f	1	67	32	%b	大地の叫びを前に、方策に悩んでいるところ\n貴殿らが現れたでござる。%b	
c09237959a	1	67	32	%b	・・・いやいや、ラスティ王子が\nこんなとこにいるわけないですよね。%b	
c154cfc399	1	67	32	%b	敵の数や、この場所の構造、\nそのあたりのことを調べてからでないと。%b	
c230cdaad0	1	67	32	%b	あたしの船についてる仕掛けは、\nそれをうんと簡単にしたものらしい。%b	
c2bac3ff84	1	67	32	%b	時には、その技で崖から相手を落とす、\nいう選択も必要でっしゃろな。%b	
c401cf31e2	1	68	32	%b	この村の西には、\nクィーンズランドの首都\nクィーンズハートがあるよ。%b	
c7050bed74	1	67	32	%b	この砕かれた封印は、まさしく、\nナズナとアスカの愛の記念碑なのね！%b	
c9d44fd067	1	67	32	%b	ただし、体力に余裕がないと\nひどい目に合うねんで、注意せなアカン！%b	
cb8e7e1262	1	67	32	%b	論理的に考えて、さっきの仕掛けは、\nこの橋をかけるためでしたのね！%b	
cdd23c6cc8	1	67	32	%b	ま、おとぎ話の例にもれず、\nどうせそんなカタナは無いんだろうけど。%b	
ce3fd2fd7f	1	67	32	%b	知ってますか、カダールをやっつけたのは、\nラスティ王子なんですよ！%b	
d01e4d36da	1	69	32	%b %h	イクシーズが飛べるようになったら、\nこのことを思い出されるがよい。%b%h	
d464affb24	1	67	32	%b	なんでも７人委員会は、\nカオスの力を復活させようとしてるらしいよ。%b	
d557707651	1	67	32	%b	こうなったら、力のかぎり、命のかぎり、\n戦って、戦って、戦い抜く！%b	
d6eb00fa26	1	67	32	%b	ミュウ様、いつになったら、\nドラグーンに帰っていらっしゃるんです？%b	
d98307e590	1	67	32	%b	年老いた両親と犬と猫と鶏と牛が、\nあたしの帰りを待っていますので。%b	
d98e1cff15	1	67	32	%b	お前には、このアレクトリア大図書館を\n継いでもらわなければならん。%b	
d9f8e3add3	1	69	32	%b %h	男は得意げに話はじめた。\n「ワシは魔帝に不死術をかけていただいた。%b%h	
dab7f94d38	1	68	32	%b	何世紀もの間、\n我々は苦労して様々な文献を調べ、\n解読し、分類した。%b	
dad1164a93	1	67	32	%b	ううん、いいの、カムイ。\nあなたの気持ちは、分かってるから・・・。%b	
dbd2cf8f7c	1	70	32	%b	・・・助けられなかった・・・。%b\nタタラも・・・\n村のみんなも・・・。%b	
dc523bba4e	10	69	32	%S %b	ついてるじゃねぇか。\nほら、賞金の%SGだ。\nどうだい？もう一回なんて。%b	
dde397f2d4	1	67	32	%b	だけど、７人委員会がいない今、\nいったい、誰がこんなことを・・・？%b	
de5d06cd8b	2	67	32	%b	７人委員会の野望を止めて下さい！\n私は引き続き次元の扉を守ります。%b	
e18c70b014	1	64	32		分身とともに敵を弾き飛ばす猛烈なパンチを、広範囲に振り回します。	
e2468bcb38	1	67	32	%b	あなたも美しくていらっしゃるが、\nミュウ王女の前では並ですよ、並。%b	
e40d172a6f	1	68	32	%z	%z何言ってるの！\nラスティが、ドラグーン王家の\nムコ養子になるんだよ！	
e4fb062bae	1	67	32	%b	いうても、これは、お兄ちゃんからの\nウケウリやねんけどな、アハハ。%b	
e56f4993ab	2	67	32	%b	７人委員会は倒したはずなのに、\nあいかわらずここのモンスター達は、%b	
e5e8b1db12	1	67	32	%b	それがしの記憶が確かならば、\nアレクトリア大図書館の地下閲覧室に、%b	
e7290849d1	1	65	32		お気に召しませんかのゥ、残念ですじゃ。\nほかに何か用はありますか？	
e791ff9dc2	1	67	32	%b	アスカが大切に思っているものを\n踏みにじるやつは許さないの、なの！%b	
e84a4824f8	1	67	32	%b	わぁ、式神を連れてるなんて、すごいや！\nさすがはアスカ兄ちゃんだ！%b	
e923ec97f8	1	67	32	%b	そもそも、アレクトリア大図書館は、\n過去の知識を保存すると同時に、%b	
e98fbfebbb	1	67	32	%b	しかし最近は、国民の意思とは離れた、\n独断的な政治を行っています。%b	
e9ed79f506	1	67	32	%b	そういえば、ここにはディアーネって\n腕のいい船長がいるって話だよ。%b	
ee48ac7ede	1	67	32	%b	では、村人達にこのことを話して、\n今すぐに村から逃げるしか・・・。%b	
f14292aceb	1	65	32		そんなに持てるのか！？\nムリはしない方がいいと思うぜ、ミュウ王女。	
f1bdda2758	1	67	32	%b	調和を捨て、混乱を選びし者。\nそれゆえ、死してなお、思いを残す者。%b	
f2b1a86850	1	67	32	%b	こんなことなら、ディアーネさんに\n待っててもらうんだったね・・・。%b	
f529cc1713	1	64	32		その切れ味の鋭さゆえに、人の血を吸う妖刀とまで呼ばれた名刀です。	
f7868f1c8c	1	67	32	%b	イクシーズ号を復活させるためには、\nガルマンオーブが必要だそうよ。%b	
f7c9e1421b	1	68	32	%b	じゃあ、目の前にいた、\nあの敵を倒したのも、\n幻覚だったっていうの？%b	
f804584495	1	67	32	%b	一人で忍者屋敷に乗り込んで\n仲間を助け出したなんて、すっげぇや！！%b	
f87e147803	1	67	32	%b	そこには主人を持たない根無しの式神が\n眠ってるって伝説があるのよ。%b	
f90f6b2334	1	67	32	%b	ドラグーンを解放する前は、\nオレ達のことを厄介者扱いしてたクセに！%b	
f98ebca2f1	1	67	32	%b	天才的な俺様には何でもないが\n一般人の皆にはせまい所なのだ～ゼー！%b	
fbef9b8d3c	1	64	32		魔法をお使いになる方のための帽子です。風の精霊が守ってくれます。	
fd34201cd5	1	68	32	%b	こういうことは、やっぱり、\nシラナミさんが\n詳しいんじゃないでしか？%b	
fdc51fbdea	1	68	32	%z	%zいいの。\nでも、忘れないで。\nあたし達の友情は、いつまでも変らない。	
fe7f22c602	1	67	32	%b	ハレハレガッコンなんて言葉は、\n美しい我々の言葉を乱すことですよ。%b	
00db6e0cd0	1	65	31	%b	ガルマンオーブのありかが分からないなら、\nグラビティの人達の話を%b	
020f6ca4bd	1	65	31	%z	%zもしケガしたらどうするの？\n僕、ミュウがケガするの見たくないよ。	
03b130406b	1	65	31	%b	なんかあるかと思って来たが、\nこれじゃ、調べることはできねえな。%b	
03fc3ca798	1	65	31	%b	今では、その金属が存在したことさえ\n知られていないのです・・・。%b	
0417b7e2eb	1	65	31	%b	大丈夫、お兄ちゃんは強いでし。\nそう簡単にやられたりしないでし。%b	
044fea41e3	1	65	31	%b	でも、魔法球を破壊すると、\nカオスの力が解放されるかもしれない。%b	
0601488a94	1	65	31	%b	そうか・・・この水晶は、\nこの世界とカカルクランを結んでるんだ！%b	
07bff42731	1	65	31	%b	志なかばにこの世を去った友に、\n味あわせてやりたかったのですが。%b	
082303b7d3	1	65	31	%b	何よ、ホコリだらけじゃない！\n掃除くらいしといて欲しいもんだわ。%b	
08b1ace57d	1	65	31	%b	いつまでもフラフラしてないで、\nそろそろ落ち着いたらどうなのよ！%b	
08c6ba95c1	1	66	31	%b	最近、シラナミは\nお仕事してへんみたいやけど、\nどないしたんやろ？%b	
0c68563143	1	65	31	%b	しかる後、カカルクランへと参る。\nラグロス、後のこと、任せたぞ！%b	
0f360966b3	1	65	31	%b	ええっと、それってつまり・・・\nもうしばらく協力しようってコト？%b	
132026c9d1	1	65	31	%b	それはゴジョウの町を中心に、\n悪い商人や役人から金品を盗んでは、%b	
141e3e618f	1	67	31	%b %h	私は、魔法力の根源というものに関して、\n次のように推察してみた。%b%h	
14205d968d	1	65	31	%b	ゲンユウサイってのは、結局、\n暴力で世界支配を企む独裁者なのさ。%b	
149076872a	1	65	31	%b	ゴジョウの大橋は壊されたけど、\n久しぶりに胸がスッとしましたわ。%b	
175700e8c3	1	65	31	%b	オルトマ中さがしても、\nディアーネにかなう船乗りはいないんだぜ。%b	
17a21887e4	1	65	31	%b	だが、７人委員会は・・・\nカオスの力を制御する方法を知ったのだ。%b	
18b32fd3f0	1	65	31	%b	東の森にはあんまり来たことないけど、\n水晶の輝きはおんなじだね。%b	
1b0573f3a4	1	62	31		高い確率で射手みずからの命を奪い取ってしまうおそろしい弓です。	
1b3c64d14b	1	65	31	%b	この氷の封印は、人が侵入することで\n破れるようになっていたのか！%b	
1b6b306f40	1	65	31	%b	いずれは消えていくもの・・・\n遅いか早いか、それだけのことです。%b	
1c4b87e095	1	65	31	%b	それにオレは、今回の件で、\nミュウ達に借りができちまったんでな。%b	
1ee2df128d	1	62	31		味方キャラクターの受けたダメージを２００ポイント回復させます。	
1f7b747adf	1	65	31	%b	ゲテン城は、歴代のゲンユウサイが\n居城にしたことで知られる城さ。%b	
20283e78ea	1	65	31	%b	港町ポポロンか・・・。\nそれって、どの方向へ向かえばいいのカナ？%b	
25ef7f482f	1	65	31	%b	お前が安心して暮らせるように、\n悪い奴等をやっつけてくるのでし。%b	
26447853f7	1	63	31		見つからないようにすれば、\n町の中を見て回ることもできそうだよ。	
265b54eee4	1	65	31	%b	これはこれは、ミュウ王女・・・。\n竜騎士にして、ドラグーンの華。%b	
27510d86ad	1	65	31	%b	レジスタンス狩りのせいで、\nこの町の住民も随分入れ替わりました。%b	
28c45eec19	1	65	31	%b	約束では、お互い協力するのはここまで\nという取り決めでしたわね。%b	
2af35a973b	1	65	31	%b	わぁ、大きな石像だねぇ。\n一体、どういう材料でできてるんだろう？%b	
2b0ec62e7c	1	65	31	%b	自分は行ったことはないが、\nヤマタイにもヒガタって港町があって、%b	
2bf5cc5178	1	65	31	%b	ここには【天邪の鏡】が\nぴったりはまるようになってるようなのね。%b	
2cb4ac2155	1	65	31	%b	あの美しさに魅せられ、ひたすらに、\nカタナを作り続けたが・・・。%b	
2de9a02d63	1	65	31	%b	あれだけひどい仕打ちを受けたのに\nそんなすんなり許しちまうのか！%b	
2e738fc56b	1	65	31	%b	確か、リグロード戦役で\nエヴァン様と共に戦った古代遺跡の番人だ。%b	
2ee34a5dac	1	65	31	%b	他人から与えられた平和なんて、\n簡単に他人に奪われちまうからね。%b	
34a6963b95	1	66	31	%b	この天変地異が、\n自然の力によって\n引き起こされたとは思えないよ。%b	
34d4322ba9	1	65	31	%b	こういうのは、オレじゃなくて、\nシラナミが得意なんだがな・・・。%b	
34d91dff31	1	66	31	%b	その顔は、\n子供にそんなことが分かるのか、\nと疑っているでちゅね？%b	
353b441db7	1	62	31		聖なる力を宿した美しい兜です。もちろん防具としても一級品です。	
35ae205d1c	1	65	31	%b	そうしておいて襲って来るらしいから、\n気をつけたほうがいいわよ。%b	
35bfd67116	1	65	31	%b	あちこちで反抗してる奴らもいるが、\n何せカダール軍の方が大軍だ。%b	
35c3162544	1	65	31	%b	キサマらの目的は何だ！？\nどうしてボク達の国を襲ったりしたんだ！%b	
3768c72b51	1	65	31	%b	難しくはあったが、学者としての私は、\n何よりも研究を愛していた。%b	
37814199b4	1	65	31	%b	歴史ってのは不思議なもんだね。\n何もない数世紀が続くかと思えば、%b	
38c889e035	1	66	31	%b	あ、わかった、\nさてはユーカリさんに\n贈物でもしようって魂胆だな！%b	
3aa7bd0818	1	66	31	%b	そないなワケで、\nカダールの連中がいてる今は、\n何も言えへんねん。%b	
3cefdc8bd9	1	65	31	%z	%zガルザード様、こやつらに言葉は不要。\nただ、力でねじふせるのみ！	
3d3df1c69b	1	63	31		いらっしゃいませぇ。\nこれはミュウ様、どういったご用でしょうか？	
3e4db176e2	1	66	31	%b	カダール軍の奴ら、\nリグロードに伝わる伝説を\n研究してるらしいよ。%b	
3fb6b7ad28	1	65	31	%b	だが、それもこれも、私という人間の\nもう一つの素顔に他ならない。%b	
3fc0803e05	1	65	31	%b	せっかく訪ねてもらいましたが、\nすぐに旅だっていただきましょう。%b	
40df49c4a8	1	67	31	%b %h	大地のプラナーを吸収し、\n背骨にそってプラナーをチャクラに注ぐ。%b%h	
42ac196a47	1	65	31	%b	あそこまでたどりつけば\n外に出られるってこと、教えてあげないよ！%b	
45e912d8b1	1	65	31	%b	そんで、秘義っていうのは、\n砲術のことなんだって、すごいでしょ！%b	
47de47dffb	1	65	31	%b	その後、あなたの仲間捜しに\nつきあってさしあげてもよろしくてよ。%b	
492797b0b1	1	65	31	%b	何か仕掛けがあるみたいだけど、\n今は打つ手がないみたいね・・・。%b	
4aebfa04d8	1	65	31	%b	ドリームラビリンスに入ったものは、\n２度と出られなくなるそうよ。%b	
4d226bf6f8	1	65	31	%b	レジスタンス粛正で逃げ出した人達も、\nぼちぼちかえって来てるゼ。%b	
4d989c257c	1	66	31	%b	ガルザードを倒して、\nヤマタイとリグロードに\n平和を取り戻すんだ！%b	
4dc49e4dc5	1	66	31	%b	この扉を開ければ、\nカムイコタンの人達を\n助け出すことができるゼ！%b	
5029043c6d	1	65	31	%b	ラスティは大丈夫だよ。\n今は疲れてるだけで、ぐっすり眠ってるよ。%b	
5090a740cf	1	65	31	%b	つい、うっかり、クィーンズランド王夫妻を\n殺してしまうほどにね。%b	
52b87a43a8	1	65	31	%b	女だからとか、王女だからとか、\nそういうことは関係ございません。%b	
5360e2830b	1	65	31	%b	どこかで必要になるかもしれないよ。\nその時のために持っておこう。%b	
538cc00c11	1	66	31	%b	マラカイトは、\nアレクトリア大図書館の地下通路に\n隠されてたのか。%b	
546e62d6ee	2	65	31	%b	乗るだけなんて言わずに、\n出来れば操縦をお願いしたいぐらいだよ。%b	
5872b67bcd	1	65	31	%b	カムイコタンの神々も・・・\nきっとそれを望んでらっしゃる・・・。%b	
5a6d3d2a31	1	65	31	%b	カダール軍の居城を汚すドブネズミ共め！\nつまみ出してくれるわっ！%b	
5ab344b951	1	67	31	%b %h	我々の属するこの世界とは、\n属性の異なる世界に源を持つ力がある。%b%h	
5b92878adf	1	65	31	%b	確かに、戦って彼女を助けるしか\n方法はないのかもしれない・・・。%b	
5c83bd5dd9	1	65	31	%b	カオスゲートが使えないとなれば、\nあなた達の足もにぶるでしょう。%b	
5dedca7f3f	1	65	31	%b	ア～ちゃんが行くっていうんなら、\nもちろんあたしも一緒に行くよ！%b	
5e1718cd04	1	65	31	%b	なるほど、「イクシーズ構造論」を\n読んでいただいたとは話が早い。%b	
5e63511a63	1	66	31	%b	言い伝えによれば、\n熱き死の砂、ふみしめ行くべし、\nと、あります。%b	
5ea3020cae	1	66	31	%b	ヤマタイでの追加イベントを\n通ってきたように\nフラグ変更しました。%b	
63ae17b768	1	65	31	%b	結局のところ、強さ言うのんは、\n心のありようと違うやろか・・・。%b	
65e625ad2b	1	65	31	%b	あの泣き虫で有名だったラスティ王子が、\n今じゃ救国の英雄だとさ！%b	
66a5b86d88	1	65	31	%b	そちらの戦列に加わらない人を、\nこちらに帰していただけませんか。%b	
6862d236e4	1	65	31	%b	東方の不思議な力を持つ天女の羽衣とは、\nどんなものなのでちゅか？%b	
68aca43ee3	1	65	31	%b	おっと、答えを言わないでくださいっスよ。\nあててみせますからね。%b	
690d80c740	1	65	31	%b	その前にあなたは委員会への\n反対運動をしていたではありませんか。%b	
6ace1b60db	1	66	31	%b	伝説の剣といえば、\n【桜吹雪】っていう伝説の刀が\nあるそうですね。%b	
6b8a0595ea	1	65	31	%b	そんな言い方しないでよぉ。\nもう会えないみたいじゃないの・・・。%b	
6c580eb8e6	1	65	31	%b	船乗りとしてのあなたのウワサは、\nドラグーンでも耳にしています。%b	
702880a0a5	1	65	31	%b	しばらくのお別れだから、\n一番いい顔でいたかったんだけど・・・。%b	
703283f5d2	1	65	31	%b	うん、確かにカギがかかってる。\nこれはあたしには開けられないよ。%b	
705c70dfb8	1	65	31	%b	ここには【蓬莱の珠】が\nぴったりはまるようになってるようなのね。%b	
72be704c32	1	65	31	%b	本当、どうしようかと思ったけど、\n住めば都とは良く言ったものさ。%b	
73429737fa	1	37	31		視点４-------------街視点------------	
7519b2e3ec	1	65	31	%b	・・・用もないことだし、\nジャマしちゃ悪いから、このまま帰ろう。%b	
75ef4290d3	1	65	31	%b	お前と共に戦いたい、力になりたい、\n助けたいと思っているからさ。%b	
770e219cf6	1	65	31	%b	そうすれば、橋がなくても、\n向こう側に行って敵を倒せるってわけ。%b	
77c855817b	1	65	31	%b	なんでも聞いたところでは、\nクリカラがカダールに襲われたらしい。%b	
7853288bc6	1	65	31	%b	たとえ世の中が平和になっても、\nあの人の行方は分からない・・・。%b	
78fa13c5a1	1	65	31	%b	ここの本の中に、イクシーズの修理方法が\nきっと書いてあるはずだ！%b	
7a61f9960c	1	65	31	%b	ホークアイから聞いたところだと、\n弟のファルコは、古代魔法技術、%b	
7b79179ef2	1	65	31	%b	まさか本物がこんな田舎を訪れるとは\n露知らず、失礼いたしました。%b	
7be9ff01c4	1	65	31	%b	ああ、あの甘い記憶に、\n豊満な胸はドキドキしてしまうの、なのね！%b	
7ea8a5b7fb	1	65	31	%b	盗賊の金貨投撃の技は、\n金貨を投げつけて攻撃する技なんですって！%b	
827cb12f1c	1	65	31	%b	それとも、他の武闘司書官を呼んで、\n力ずくで排除されたいのか！？%b	
835b4d190a	1	65	31	%b	ま、何にしろ、今は海賊じゃなくて、\nまっとうな船乗りですけどね。%b	
835dfd5c42	1	66	31	%b	俺ッチの村を\n消滅させようとした借りを\n今こそ、かえしてやるでし！%b	
8602e4f5a5	1	65	31	%b	イクシーズって言う古代の船に乗って、\n空を飛んできたんだ・・・。%b	
875b010174	1	65	31	%b	なんでも本の持つ特殊なパワーを引き出して\n攻撃するんだそうだぜ。%b	
87946119dc	1	65	31	%b	・・・恐らく、７人委員会が残した恨み、\n悪意、そういった思念が、%b	
89982680b9	1	65	31	%b	いかんいかん、しっかりしなければ。\n美しい言葉が失われてしまう。%b	
8999c2fb3c	1	65	31	%b	いずれはリグロードやヤマタイとも\n交易を始めたいと考えています。%b	
8b1754485e	1	65	31	%b	キミにドラグーン救出のための\n援軍をお願いに来たんだけど・・・。%b	
8bd58de4b7	1	66	31	%b	この扉を開ければ、\nカムイコタンの人達を\n助け出すことができるよ！%b	
8d13e04cea	1	65	31	%b	大地の叫びが通れるようになったんで、\nコルベの村に行ってきたよ。%b	
8d16a65d52	1	65	31	%b	これは・・・一体、何ですの？\nわたくしにもまるで分かりませんわ。%b	
8efa51a6de	1	65	31	%b	それじゃまるで、ア～ちゃんが考えなしの\n戦闘好きみたいじゃない！%b	
8f002aa1a4	1	65	31	%b	ホウショウ院を仕切ってる怪物は、\nいっぴきだけじゃないみたいや。%b	
8f15b3462b	1	62	31		黒い鳥が舞い踊り、世界を覆い尽くした後に消え去る暗黒魔法です。	
8f4b305aca	1	63	31		お金が足りないようだね。\nお金の都合がついたら、また来ておくれ。	
90613b80bf	1	65	31	%b	せめて、あいつに、たった一言、\n愛してると伝えられたなら・・・。%b	
929043877a	1	65	31	%z	%z・・・あのなぁ・・・。\nおまえら、本当にオレについてくんのか！？	
9479040bcb	1	65	31	%b	おいおい、どうなってんだ、\n世界は平和になったんじゃないのかよ！%b	
950ba59420	1	67	31	%b %h	カダールを治める最高機関は、\n７人委員会と呼ばれる政府機関です。%b%h	
951ab4442f	1	62	31		味方キャラクターの受けたダメージを４００ポイント回復させます。	
9636f59e2e	1	67	31	%b %h	他の大陸より離れているためか、\nあまり交易が盛んではありません。%b%h	
9672efbc79	1	65	31	%b	な、なぁに、大したことじゃない、\nそのうちおさまるはずさ・・・。%b	
96c128a4bb	1	65	31	%b	一番に当店をお訪ねいただいたわけですか、\nありがとうございます。%b	
9889736efc	1	65	31	%b	ええか、まずあんたらが、今みたいに\nヤマタイにいてるんやったら、%b	
98c4210ad2	1	65	31	%b	これほどの異変がおきるとは\n一体どんなことが原因なのでしょうか。%b	
9c0b4b50a9	1	65	31	%b	そのようなことを拙者に教え、\n何をさせようというのでござるか？！%b	
9c968fe152	1	65	31	%b	どうやら、ケガをして動けないらしんいだ。\n手紙を預かってきたよ。%b	
9e671932be	1	65	31	%b	商売しようと思って、ヒガタから\nリグロードに渡ったはいいものの、%b	
9f3c47f780	1	65	31	%b	後から割り込んできたって、\nふたりの間に入りこむ隙間はないわよ！%b	
9fecb5e8a9	1	65	31	%b	この上は、いかなることがあろうとも、\nミュウ殿に協力いたす所存。%b	
a06a507437	1	64	31		金が足りなきゃ売れないぜ。\nこっちも商売だからな。\n悪く思うなよ。	
a077596192	1	66	31	%b	そないなワケで、\nカダールの連中がいてる今は、\n何も言えしまへん。%b	
a09ebe3484	1	65	31	%b	それよりも、ここから出よう。\nみんなの家族も心配しているだろう。%b	
a69d878104	1	65	31	%b	ははぁーん、さては、ドラグーンの竜騎士が\n訓練でもしてるんスね？%b	
a9dcdd7821	1	65	31	%b	まだ長老様に会ってないんだったら、\nぜひ、会ってやって下さいよ。%b	
aa463a37fe	1	66	31	%b	されば、長居は無用！\n残党をけちらして、\n出口へ進むのみでござる。%b	
aa7a5562e0	1	65	31	%b	今はまだその時ではないけれど、\n必ず、再建しますよ、ヘクター様。%b	
abb98ee414	1	65	31	%b	つつましく生きる人々の、\nささやかな平和を乱したのは、おまえか！%b	
ad65ddf0e1	1	65	31	%b	お礼は、リグロードを助けに\n来てくれることで帳消しにしてあげる！%b	
ad97495ea1	1	65	31	%b	そんなモンがあるんなら、\nオレ達の協力なんか必要ねぇじゃねぇか。%b	
adeef31004	1	65	31	%b	口はばったいようでござるが、\n拙者の弟ファルコは、古代魔法技術、%b	
afe34439c5	1	65	31	%b	明らかに何者かが放火したのでし。\nたぶん、カダールの奴らでしよ。%b	
b403e60360	1	65	31	%b	なんでも、悪い奴から盗んだ金を\n貧しい人達に与えているらしいよ。%b	
b6270c1bac	1	65	31	%b	おや、ホークアイじゃないか。\nその後、弟の行方はつかめたのかい？%b	
bada8a7abe	1	65	31	%b	古代の資料でもないかぎり、\n新たな技を生み出すのは至難の技だな。%b	
bb98b135e1	1	65	31	%b	カオスゲートの移動には、\nゲートキーと呼ばれるアイテムが必要だ。%b	
bc6246a2f0	1	65	31	%b	それには、時々気付いてたよ。\n特に、そんな風に胸を張った時とか。%b	
bd35da1f6c	1	65	31	%b	注意力を最大限に引き出せ！\nでなきゃ、生き残ることはできねぇぜ！%b	
bee214c3d3	1	65	31	%b	なんなら、私が適当に、活きのいいのを\n見繕って参りましょうか？！%b	
bf3efa45cd	1	66	31	%b	今は、古代遺跡にて\n弟ファルコの所在を\n確認するのが急務でござる！%b	
bfab599b8f	1	65	31	%b	あんた達をリグロードに送るため、\nこのヒガタで待とうとしたのさ。%b	
bff90909ce	1	66	31	%b	これ以外にも、\nわたくしの知らない出口が\nあるかもしれませんわね。%b	
c0659f4c2f	1	65	31	%b	ったく、ミュウ様がオレ達のことを\n見捨てるワケが無いじゃないか。%b	
c1fcbf9183	1	65	31	%b	とりわけ、空飛ぶ船については\n大陸屈指の学者だったってことだし。%b	
c467c19a16	1	63	31		おやめにならはるんですね。\nほな、ほかにご用はございますやろか？	
c493eec6e6	1	66	31	%b	この島のどこかに、\nアローストーンが\nあるっていうんだけど・・・。%b	
c5d5bf3e7d	1	65	31	%b	それを調べる手っとり早い方法は．．．\n実際に入ってみることだな。%b	
c5ef3f4b2f	1	64	31	%b	ああ、まさに古代魔法文明の粋が、\n今ここにあるのですわ・・・。 %b	
c8cfa90f22	1	65	31	%b	我ら、なんじに死を与えまじ。\n我らと共に永遠の責め苦を負うべし！%b	
cb049f4922	1	66	31	%b	・・・なるほど、\n積もり積もった恨みを\n晴らそうというワケですな。%b	
cf1bd2ada3	1	62	31		その名のとおり、かみかざりです。女性の方のみご使用になれます。	
cf2df99338	1	65	31	%b	今、ゴジョウの話題は何といっても、\n女義賊のシラナミのことやね。%b	
d0c8e31a10	1	64	31	%b	もう一度グラビティの町で人々の話に耳をかたむけてはどうかしら？%b	
d32ffc972b	1	65	31	%b	沢山の罪もない人々を傷つけた代償を、\n今ここで支払ってもらうッ！%b	
d340d96a69	1	65	31	%b	７人委員会様に盾突く奴らがいるらしい。\nなんてバカなんだろうね。%b	
d3a6d7fd38	1	62	31		聖なる光につつまれた矢で、闇を射ちくだく力があると言われます。	
d61f1b9bb5	1	62	31		この術を受けたものは攻撃力などが下がり、弱くなってしまいます。	
d705b61d24	1	65	31	%b	【ヒヒイロカネ】を扱える、\n優秀なカタナ職人がいればいいんだが。%b	
d7d700d41f	1	65	31	%b	魔法球は、もともとカオスの力を封じ込めて\nいたものなのでしょう？%b	
d98b69299d	1	66	31	%b	世界の平和なんて、\n普通の女の子が背おえるほど\n軽いものじゃない。%b	
db69daa130	1	65	31	%b	何かあるって言っても、\nこの谷を渡れなきゃ、確かめようがないね。%b	
dbe14882f2	1	65	31	%b	ようし、俺様が、７人委員会の野望阻止を\n手伝ってやるのだ～ゼー！%b	
dc24a90855	1	65	31	%b	光なす翼の力を悪用する者のないよう、\nそれを守るのが我らの使命。%b	
dc54d964b2	1	65	31	%b	・・・どうやら、このくぼみに\nガルマンオーブを置くようでしてよ。%b	
dddb37a2c2	1	65	31	%b	何をやってるかは知らないが、\nおおかたロクでもないことだろうよ。%b	
e04aebcdba	1	66	31	%b	次元の扉というのは、\nカカルクランとかいう\n異世界へと通じる扉で、%b	
e0c8ac1db1	1	65	31	%b	７人委員会の暴走を止める抑止力として\n組織された独立機関のはず！%b	
e301724276	2	65	31	%b	女性の行く手をふさぐとは、\n礼儀を知らないにも程がありますわね。%b	
e33362f4bc	1	62	31		大地の精霊の力を受け、魔法に対する力を高めた戦士用よろいです。	
e3d024e688	2	65	31	%b	もうしばらく待つけど、\nあたいもそんなに気が長い方じゃないんだ。%b	
e44fc6ea3e	1	65	31	%b	グラビティの長老が書いた\n「イクシーズ構造論」という本がござる。%b	
e513d09f7d	1	65	31	%b	確かに、【ヒヒイロカネ】なんだが、\nこのままじゃ使えない・・・。%b	
e8c2bbabfa	1	65	31	%b	奴らにはこの借りを必ずかえして、\nギャフンと言わせてやるでしよ。%b	
e8e6d28464	1	65	31	%b	でも、こんなところに置いておいたら\n他の人の迷惑になるでしょう？%b	
eabf2e5839	1	65	31	%b	世の中は平和になったようだが、\n俺の傷はちっとも直らない・・・。%b	
ebed689c51	1	65	31	%b	彼らは、制御できると思っているようですが\nカオスの力は強大です。%b	
ec2ecd91ed	1	65	31	%b	・・・カダール軍に占領されたと聞いて、\n覚悟はしてたけど・・・。%b	
ed2bdc45d3	1	62	31		ウロコの形をした金属片をつなぎ合わせた戦士のためのよろいです。	
f12bacf7dd	1	66	31	%b	汝らならば、\nきっとそのカギが必要となる場所を\n捜しだすであろう。%b	
f47e2b924b	1	62	31		味方キャラクターの受けたダメージを１００ポイント回復させます。	
f50cf2f274	1	65	31	%b	あんなのより、ままごとのほうが\nずっとずっと面白いのにィ・・・。%b	
f690bd0255	1	65	31	%b	ここオルトマと同じように、\n船を使った商売でにぎわってるらしい。%b	
f8124aa4b8	1	65	31	%b	まぁ、正直に言って、\nあんたの親父の言ってることは気に食わねぇ。%b	
f8a9237502	1	66	31	%b	おお、これこそが、\nイクシーズの船体を成している鉱石\nマラカイト！%b	
fea2af016d	1	65	31	%b	ちょいと説明しておくが、\nここは昔から怪物のたまり場になってる。%b	
ff183f16eb	1	65	31	%b	ミュウ、カダールが攻めてきたこと、\n町のみんなに知らせるのかい？%b	
ff42d129c1	1	65	31	%b	ここにくる途中で見えたあの町、\n確かザルマとか言う町だったよな？%b	
ff44ebc103	1	65	31	%b	ホークアイから聞いたところでは、\n弟のファルコは、古代魔法技術、%b	
ff7cecfc3d	1	65	31	%b	敵はまっさかさまに滑り落ちて\n大ダメージを受けるにちがいないよ！%b	
003501543f	1	63	30	%b	気を付けるのだ～ゼー！\nこのフロアには仕掛けがあるのだ～ゼー！%b	
00625bd117	1	63	30	%z	%zでは、さらばだ、我が友よ！\n再びあうことを楽しみにしているぞ！	
00a381b1be	1	63	30	%b	元気だった主人の姿はなく、\n整理されていた店内は見る影もない。%b	
02c94cdf76	1	64	30	%b	本当だったら、\n遊んで暮らせるだけの財産が\nできるんだけどねェ。%b	
03754de164	1	63	30	%b	戦争は何も生まないってこと、\nどうしてわかんないのかね・・・。%b	
03b607d062	1	63	30	%b	ベルセター著、冒険活劇剣豪伝\n「美少女剣士、黒の雷光」第１話。%b	
04be8f6fc9	1	63	30	%b	そして、リグロードにおるとすれば、\n東か西に向えばヤマタイに、%b	
04dee261e3	1	63	30	%b	この次元の扉を通ることで、\nカカルクランに行くことができます。%b	
05cd92842d	1	63	30	%b	わらわに無断でおぼろ谷に入り込むとは、\n一体どこの愚か者じゃ！%b	
070b4551e5	1	65	30	%b %h	そして、リグロードにおるとすれば、\n東か西に向えばヤマタイに、%b%h	
0717401bd0	1	63	30	%b	止められるものなら、止めてみろ！\n倒せるものなら、倒してみろ！%b	
093b2f4232	1	63	30	%b	ふーむ、この跡からすると、\n火事か何かがあったようだが・・・。%b	
0b557b3edb	1	63	30	%b	俺の師匠の師匠にあたる人が、\n作り上げた名刀【桜吹雪】・・・。%b	
0b7d3782ca	1	63	30	%b	ほんま、どっかの誰かが、\nアイツらをやっつけてくれへんやろか。%b	
0d95298aab	1	64	30	%b	少なくとも、\nワガママで気が強いこと以外は、\n良い王女様ですわ。%b	
0dd6eaeeb3	1	63	30	%b	でも、今は壊れていますわ、\nとても飛べそうにはありませんのよ。%b	
0e6be1c416	1	63	30	%b	自分でぬれぎぬを晴らすなんて、\nさすがはイガ最強のシノビよね！%b	
0f1f85897f	1	63	30	%b	おお、客人が尋ねてくるとは、\nなんともひさかたぶりの事じゃな。%b	
10084e7db0	1	63	30	%b	伝説のっていうぐらいだから、\n相当ウデのたつ魔導士なんでしょ。%b	
112014b148	1	63	30	%b	何もかも破壊してやる！\n私こそが永遠に世界の支配者になるのだ！%b	
13f711beba	1	63	30	%b	恋人をヒガタに残してきちまったが、\n無事でいるだろうか・・・。%b	
1404373d19	1	63	30	%b	建国以来、７人委員会という\n政治組織によって統治されています。%b	
1651c68939	1	63	30	%b	このアレクトリア大図書館の\n武闘司書官としての自覚はあるのか！%b	
17ad0f5ec3	1	63	30	%b	どうやら、あの子供達を\n自分の孫だと思い込まされてるみたいだ。%b	
17e2df3bfe	1	63	30	%b	死の砂漠を越えた先に、\nドリームラビリンスという迷宮があるの。%b	
17f38b6f38	1	63	30	%b	ルゥナ殿に、ミュウ姫がここに戻られると\nお聞きしたのでござる。%b	
182ae40ef2	1	63	30	%b	とりわけ、空飛ぶ船については\n大陸屈指の学者だったらしいでし。%b	
1888ee7519	1	63	30	%b	一時のいこいを楽しんでいた\n人々のざわめきは、もう聞こえない。%b	
19ae8e1e4b	1	65	30	%b %h	男は、レイスと化していた。\n死にながら生きるアンデッド・・・。%b%h	
19e0393e37	1	63	30	%b	ベルセター著、冒険活劇剣豪伝\n「美少女剣士、黒の雷光」第５話。%b	
1a02eaa4ca	1	63	30	%b	どうすれば人々の意思を政治に\n取り入れることができるのかしら。%b	
1aa4246e24	1	63	30	%b	あ～あ、なんだってオレのまわりには\nこういう女ばっかりなんだ。%b	
1b1995de03	1	63	30	%b	おまえ達が倒した怪物は、\n夢を操る能力を持っているのだ～ゼー。%b	
1b6188a116	1	63	30	%b	次元の扉を開けますが、その前に、\n同行する仲間を選んで下さい。%b	
1c0bd0d82b	1	64	30	%b	んふ☆\nアスカにお願いされるなんて、\n一生に何度もないことよね。%b	
1c577eddc3	1	63	30	%b	魔法球を壊せばカオスの力が\n解放されるかもとれないのだ～ゼー！%b	
1ced5d0969	1	63	30	%b	でも、それ以前に、\nボク達がいる間に姿を見せるかどうか・・・。%b	
1d8206aca7	1	63	30	%b	ルゥナが、みんながここに戻ってくると、\n教えてくれたのですわ！%b	
1ee2dffecb	1	65	30	%b %h	・・・と、言われているが、\n実際のところを確かめた者はいない。%b%h	
1fc8e2ebe1	1	63	30	%b	イガの西にある、忍者屋敷か・・・\nじゃあ、目指すのはそこだね。%b	
200ca6eedb	1	63	30	%b	どんな力を持っているのか\n天才の俺様でもわからないのだ～ゼー。%b	
2054462ca5	1	63	30	%b	古今、あそこを根城にするようなヤツに\nロクなのはいなかったね。%b	
2108d8e065	1	64	30	%b	この扉を開けば、\nカムイコタンの人達を\n助け出すことができるね！%b	
220a84055b	1	63	30	%b	その後、ディアーネの船で\nヤマタイまでたどりついたんだったな？%b	
26ccd1f39b	1	63	30	%z	%z大切なヒトを見つけたら、\n抱きしめて、絶対に離しちゃだめだよ！	
272ea3baeb	1	63	30	%b	足元にジャレつく目障りな子犬どもを、\nけちらしてくれましょう！%b	
2981ef9fc2	1	60	30		この声を聞いたものは、ささやかれるままに操られてしまいます。	
2aed75ee1c	1	60	30		守りの力を高めることに重点をおかれた戦士用のヘルメットです。	
2b7f496824	1	63	30	%b	世界も平和になったことだし、\nそろそろ落ちついたらどうなのさ。%b	
2c64b7afc2	1	63	30	%b	大丈夫、女義賊の名前はダテじゃないよ。\nドジは踏みませんって。%b	
2dd65a2faa	1	63	30	%b	いやぁ、世間のウワサというものは、\n信用できないもんですなァ。%b	
2e5e514879	1	63	30	%b	お、おい、そりゃあ、伝説の金属、\nヒヒイロカネじゃないのか！？%b	
2ed54ce893	1	63	30	%b	今こそ、我らの計画を実行に移すとき。\nもって世界に覇を為さん！%b	
303e89dde2	1	63	30	%b	誰に向かって刃を向けているのか、\n再教育の必要がありましてよ。%b	
32813e32b4	1	63	30	%b	名前なんてったっけな・・・、\nあの・・・ほれ・・・その・・・。%b	
337466ae17	1	63	30	%b	ほら、リグロード大陸を舞台にした\n戦争はいくつもあったでしょ。%b	
3379af6c79	1	63	30	%b	ユーカリが話すことといったら、\nカムイ様のことばかりで・・・。%b	
3430939a77	1	63	30	%b	わー、世界の終りだ！\nもう何もかもすごいことになっちゃうんだ！%b	
361f9f5b55	1	63	30	%b	そうですか、じゃあ、お二人のことを\n冷やかす者もいたでしょう？%b	
3742ffadfd	1	63	30	%b	私は次元の扉の守り人、ルゥナ。\nそして、ここが、次元の扉です。%b	
3916a29b1b	1	63	30	%b	はぁ、はぁ、はぁ、はぁ。\nまだ・・・まだ、足りないのか・・・。%b	
3bc7811ed4	1	63	30	%b	奴等の魔法にどのようにして\n耐えるかで勝負が決まりましょうぞ！%b	
3dced69f35	1	63	30	%b	ミュウから聞いた話の通りのヤツなら\n確かにやりそうなこったゼ。%b	
3e835fb4bc	1	63	30	%b	そうすれば、敵が滑り落ちて、\nダメージを与えられるのだ～ゼー！%b	
3e9687d67d	1	64	30	%b	関所を越えれば、\nヤマタイ最大の町ゴジョウに\n行くことができる。%b	
3f62644582	1	63	30	%b	今じゃ、ヤマタイで石を投げれば\nカダール軍に当るってな具合さ。%b	
4103ee17ff	1	64	30	%b	されば、姫、さっそく、\nイクシーズ号墜落現場に\n参りましょうぞ！%b	
41e1a0f9f4	1	63	30	%b	いいかげん、カタナ作りにも\n見切りをつけようかと思ってたんだ。%b	
43ac8eefc9	2	63	30	%b	あれが７人委員会の連中ね。\nまったく、ロクなもんじゃないわね。%b	
4467779f72	1	64	30	%b	魔法の攻撃力は、\n高さが違うとずいぶん変化するって\n本当かねぇ？%b	
4484c12b71	1	64	30	%b	アレですね、\nバカな子ほど可愛いっていうのは\n本当のことですね。%b	
44eba40e6a	1	63	30	%b	なるほど、さっきの仕掛けは、\nこの橋をかけるためだったのだな。%b	
46228f9d8e	1	63	30	%b	とりわけ、空飛ぶ船については\n大陸屈指の学者だったとか・・・。%b	
4666d7e9dc	1	63	30	%b	聞けばリグロードの竜騎士が\n世界を救ったってはなしじゃないか！%b	
4a7de7e66a	1	63	30	%b	おいおい、何なんだ、こりゃ？\nカダールに村人を差し出してるぜ？%b	
4b339d7dd7	1	63	30	%b	ベルセター著、冒険活劇剣豪伝\n「美少女剣士、黒の雷光」第２話。%b	
4c63cc9def	1	63	30	%b	どうじゃ、おぼろ谷のアヤヒメの名は、\n今も語り継がれておるか？%b	
4c7afd0e5f	1	63	30	%b	古代魔法時代に作られた\n【ヒヒイロカネ】という金属があります。%b	
4d06e403aa	1	63	30	%b	ドリームラビリンスには、\n伝説の魔導士が眠っているらしいわよ。%b	
4f2f20e222	1	63	30	%b	何やってんだい、じれったいね！\nちゃっちゃと片付けておくれよ！%b	
4f896050b9	1	63	30	%b	ここには【八坂の勾玉】が\nぴったりはまるようになってるのよね。%b	
5258207944	1	63	30	%b	砂漠に眠るピラミッドの中には、\n様々なトラップがあるって話だ。%b	
52ee672779	1	63	30	%b	平和やわぁ、あんまり平和やから、\n俳句でもひねってみましょか。%b	
53506f2588	2	63	30	%b	ボクはドラグーンに行って\nこの目で父上の安否を確かめたいんだ！%b	
551ae639e9	1	63	30	%b	この村で一番腕のたつイニシエは、\nなんといっても、タタラだな。%b	
5646621f73	1	63	30	%b	大変やわぁ、あんまり大変やから、\n俳句でもひねってみましょか。%b	
57bbae75f2	1	35	30		視点テスト                         	
57da1c8ab1	1	63	30	%b	これは、ボクがカダールに行った時の\nカオスゲートとは違うよね。%b	
58a1d628fe	1	63	30	%b	老いぼれじゃと馬鹿にしておると、\n痛い目を見ることになるぞえ！%b	
5a0798fd60	1	63	30	%b	これもこの戦乱の世が悪いのよ。\n義賊だった私には判る・・・・。%b	
5b66a51e37	1	62	30		あらン？\nお荷物がいっぱいのようですわ。\nまた今度になさっては？	
5cce6c86d5	1	63	30	%b	必要なことを・・・学んだ我々は・・・\nカオスの力を使い・・・、%b	
5d555daed3	1	63	30	%b	その子供達はカムイコタンの子供達だ！\nお前の子供であるものか！%b	
608293a009	1	63	30	%b	アスカとの初めての出会い・・・\n思い出すたびにうっとりなのね。%b	
60ec076f65	2	62	30	%b	けど、もしも、勝ち残れたら、そらもう、あんさん、英雄ですわ。%b	
632bceb6ce	1	63	30	%b	どうやら敵の幻術がとけて\n出口が見えるようになったみたいだね。%b	
63357896b7	1	63	30	%b	ナズナ洞にはなかったの、なの。\nでも、呪力を感じるの、なのね。%b	
64190107bd	1	63	30	%b	平和になったおかげで、\nコルベツアー社も活気が出てきましたよ。%b	
649c0236ed	1	63	30	%b	心配しなさんなって、\nオルトマから自由に船が出せるようになりゃ%b	
650186e2ac	1	63	30	%b	何をスカポンタンなこといってるの、なの！\nナズナのものなのね！%b	
68cd6b2966	1	63	30	%b	これは、ボクがヤマタイから来た時の\nカオスゲートとは違うよね。%b	
68d2b7197e	1	63	30	%b	その点においては、皆さんと\n利害が一致していると言えますわね。%b	
692ac14621	1	63	30	%b	ズギャっとたたきのめして、\nぎゃふんと言わせてやるのだ～ゼー！%b	
697835294d	1	62	30		あらン？\nお荷物がいっぱいのようですわ。\n次の機会になさっては？	
69c17a6dc1	1	63	30	%b	しかし、我らがこの覇を世に成さねば、\n人類の進歩はあり得ない！%b	
6a875b743c	1	63	30	%b	くそっ、俺もカカルクランに乗り込んで\n暴れまわってやりたいぜ！%b	
6b85f9cc3e	1	61	30		そんなに持てないだろ？\nまったく、欲の皮がつっぱってやがるぜ。	
6bba29aba5	1	63	30	%b	西に向かえばリグロードに、\n東に向かえばヤマタイに着くわけや。%b	
6be3068e5e	1	63	30	%z	%zそれで、残ったイクシーズの船体は、\nディアーネさん達にあげる。	
6c7efc1a4e	1	63	30	%b	さっきの話からすると、\n７人委員会に反対しているみたいだけど。%b	
6c8ae23e29	1	63	30	%b	あの方達を倒すしかないようですわね。\nでわ、まいりましょうか。%b	
6d12183421	1	63	30	%b	ディアーネの先祖は、リグロード戦役で\nアーサー様と一緒に戦った%b	
6ebcf31a9f	2	63	30	%b	敵を全部やっつけないと、\nこの先にはすすめそうにないね・・・。%b	
6ed0e87219	1	63	30	%b	古代魔法文明の技術によって\n作られたと言われる空飛ぶ船ですわ！%b	
6f794d2b49	1	60	30		重いよろいを身につけることができない魔法使いのための服です。	
6f8c685018	1	63	30	%b	いったいどうしたというのかしら、\n世界はどうなってしまうの！？%b	
70b13fec10	1	63	30	%b	ここにいるみんなを連れてちゃ、\nこれ以上、先にはすすめないな。%b	
71c57d43c6	2	63	30	%b	あれが７人委員会でござるか。\n奴らこそ、全ての元凶でござるな。%b	
71cd1b44f1	1	63	30	%b	船でいらっしゃるとすれば、\n港町ポポロンに到着するはずですわ。%b	
7207540f9d	1	60	30		使用した方の姿を隠してくれる、ヤマタイに伝わるアイテムです。	
725ba3b278	1	63	30	%b	魔導王国カダールの未来のために、\n消えてもらわねばなりません！%b	
73add29edd	1	63	30	%b	ふぅん、水晶柱ってのは、これか。\nなかなか、きれいなもんだな。%b	
73ca8264d2	1	64	30	%b	７人委員会に、\nついに次元の扉の封印を\n解かれてしまったのです。%b	
745b1ebf28	1	61	30		お金が足りんようじゃの。\nお金の都合をつけてから、来て下され。	
752d4cf497	1	63	30	%b	ミュウ！竜に変身して、\n「ウィンド」で敵を下に叩き落とすんだ！%b	
761650e222	1	60	30		古来より、こぞって人々がもとめたと言われる名刀中の名刀です。	
771c4204e5	1	63	30	%b	そいつがシノビを裏切り、\nカダールに寝返ったと思わせるために。%b	
7a858aef56	1	63	30	%b	ホークアイの弟ファルコの所在も\n確認できるってことなの、なの。%b	
7ac6051d8e	1	63	30	%b	しがない村人にすぎない私ですが、\n世界を成り立たせているのは、%b	
7b56f86189	1	63	30	%b	彼の心は、支配と征服と戦争と破壊とに\n無上の喜びを感じている。%b	
7d56c3d1ec	1	60	30		なめし皮の上に薄い鉄板をはりつけて守りを強化したよろいです。	
7d8d23a740	1	63	30	%b	こんな風に話題になっているとは、\nいやぁ、照れるでしね・・・。%b	
7d902f6c83	3	63	30	%b	ＡチームとＢチームに別れた闘いの、\n勝者を当てるゲームなのサ。%b	
7d9bebcf1f	1	63	30	%b	カダールっていうのは、\nここからはるか南にある島国だって話よ。%b	
7f2dca531c	1	63	30	%z	%zなぁに、とっちらかったこと言ってるのよ、\nこのネコミミ人形が！	
7fced1f782	1	63	30	%b	ウジ虫と腐肉を漁って\n地上を這いずり回るなど、オレにはできん！%b	
8004e6fadf	2	63	30	%b	こんなところでケガをしてちゃ、\n足でまといになっちゃうもんね。%b	
810b987c35	1	64	30	%b	やったァ！\nありがとうファルコ！！\nありがとうディアーネさん！！%b	
8257212f1f	1	63	30	%b	離れているのは私も辛いけど、\n体に気を付けて行ってらっしゃい。%b	
83b5260afd	1	63	30	%b	ベルセター著、冒険活劇剣豪伝\n「美少女剣士、黒の雷光」最終話。%b	
850215a1f1	1	63	30	%b	とりわけ、空飛ぶ船については\n大陸屈指の学者だったっていうし。%b	
85a5123124	1	63	30	%b	アンジュは、枯木を押してみようかと\n一瞬思ったが、思い直した。%b	
85ecbb80f5	1	63	30	%b	留守中、ヒバリちゃんったら、\nタタラのことしか話さないんだよ。%b	
89439bf505	1	64	30	%b	しかたない、\n魔法球はこのままにして、\n元の世界に戻ろう・・・。%b	
8ace3b3db9	1	63	30	%b	つまり、この扉を開けるには、\n出直してこないとだめってこった。%b	
8bc63330d6	1	63	30	%b	あいつたちの魔法にどうやって\nたえるかで勝負が決まるの、なの。%b	
8bcd8fca23	1	63	30	%b	きっと帰ってくるでし。\nそれまで、ちゃんと留守番してるでしよ。%b	
8c3438dc4e	1	60	30		知る人ぞしる「死者の書」です。恐ろしい暗黒の呪いを感じます。	
8cc0786e81	1	63	30	%b	クィーンズランドのお城は\nいつになったら建て直されるのかしら。%b	
8d42420932	1	63	30	%b	騎士の誇りにかけて、竜の血にかけて、\nもう、逃げたりはしない！%b	
8e465ea898	1	63	30	%b	一瞬のうちに、別の場所のカオスゲートに\n移動することができる。%b	
8f5e4a45fd	1	63	30	%b	どうやらヤツを倒す以外に、\nここを逃げ出す手段はないようだな。%b	
8fe324b627	1	63	30	%b	イシスのピラミッドってのは、\n確か砂漠を越えた先にあるはずだ。%b	
92c57ed5f8	1	63	30	%b	虫のいい話だとあきれるだろうが、\n俺からの手紙も頼まれてくれ！%b	
93ca1239e4	1	61	30		なんだ、やめちまうのか。\nほかに何か用はあるかい、ミュウ王女？	
970d9789a0	1	63	30	%b	ゲテン城にはカダール軍の司令官\nガルザードってのがいるんだろ？%b	
98c4d8606b	2	63	30	%b	俺様のビューティホでワンダホーな\n肉体が映っているのだ～ゼー！%b	
993f2b0a3a	1	63	30	%b	アスカかわいそぅ、なのね。\nナズナがなぐさめてあげるの、なの！%b	
9a7a79c06b	1	63	30	%b	それでも、空から入る以外に、\n幽玄の森に入る方法はないのです。%b	
9d612b295c	1	63	30	%b	ここでは敵の魔法にどうやって\n耐えるかで勝負が決まると思うよ。%b	
9ff85cf8f9	1	63	30	%b	いつか出会うはずの王子様が\nまだあらわれないんですもの・・・。%b	
a24233857c	1	64	30	%b	そして、全ての自然と、\nそこに生きる全ての命とを\n守って下さい。%b	
a4ab3cb9b5	1	64	30	%b	村のみんなは\nアスカ様がカダールに寝がえったと\nお考えですじゃ。%b	
a55cbec66a	1	62	30		いらなくなったもんある？\n買ってやってもいいかなァ、みたいな。\n	
a5a403f0c0	1	63	30	%b	この手紙を渡す相手の、\nタカオさんを捜しているんだけど・・・。%b	
a76c6023f2	1	63	30	%b	きっと、アンジュ様のことや\nご公務で疲れておいでなのでしょう。%b	
a8879ddf13	1	60	30		舞うような剣さばきで敵を攻撃する技です。対空攻撃が可能です。	
abeade2530	1	63	30	%b	ようこそ、隠れ里バトラムへ。\n試練の迷宮には挑戦してみたかい？%b	
ac9c090d89	1	63	30	%b	あの美しさに魅せられひたすらに、\nカタナを作り続けたが・・・。%b	
ad36f348c2	1	63	30	%b	このところ、不審な連中が\nあたりをうろついているようなのでな。%b	
aee3b5293a	1	63	30	%b	お願い、あの人にどうかこの手紙を渡して。\nそして伝えて・・・。%b	
b16d9d0fa0	1	62	30	%b	ちょっとは腕をあげたようじゃな！じゃが、まだまだじゃぞえ～。%b	
b1f2a909a9	1	63	30	%b	あの塔に潜入した者もありましたが、\nすべて帰ってこないのです。%b	
b32c6c6654	1	63	30	%b	今日かぎり、アレクトリア大図書館\n武闘司書官の地位を剥奪する。%b	
b4fa215cac	1	64	30	%z	%zそういうこと。\nま、オレが強いのは\n最初っから分かってたけどな。	
b5fdc84472	1	63	30	%b	ベルセター著、冒険活劇剣豪伝\n「美少女剣士、黒の雷光」第４話。%b	
b75f018259	1	63	30	%b	彼らは、ガルマンオーブを持って、\nカカルクランに向かいました！%b	
b930d259c3	1	63	30	%b	このアレクトリア図書館で\n情報入手を期待していたのだが・・・。%b	
b95158035d	1	63	30	%b	でも、わたくしにも、それがどんなものかは\n分かりかねましてよ。%b	
b988186125	1	63	30	%b	されど、餅は餅屋、カギのことは\nシラナミに聞くがよろしかろう。%b	
bac4c8b4cd	1	63	30	%b	お二人で甘い時間をお過ごしのために、\nいらっしゃったんですか？%b	
bc128c67ed	1	63	30	%b	早く帰ってきて王座を継いで、\n俺達を安心させてくれよ、頼むぜ。%b	
bd49a5b5fd	1	64	30	%z	%zでも大丈夫だよ！\n世界には沢山の善良で\nまじめな人達がいるから。	
be418c194a	1	65	30	%b %h	カダールにおいて、\n７人委員会と同じくらい重要な地位を占める、%b%h	
beb6ebbeab	1	64	30	%b	新しい伝説と\n若き英雄たちと、\nそしてこの店の将来にかんぱいだ！%b	
c05edfe80b	1	63	30	%b	で、人質のうち何人かを\nみせしめのために処刑するって言ってた。%b	
c09f6ecc98	1	63	30	%b	私は、炎とマグマによって、\n自分自身の罪をあらい流そう・・・。%b	
c26ec589da	1	63	30	%b	ア～ちゃんに可愛いって\n言ってもらわなくてもいいもんね～だっ！%b	
c28acbec3e	1	63	30	%b	マラカイトだけでは、\nイクシーズを修理することはかないませぬ。%b	
c3452d9571	1	63	30	%b	これしきのことで心が乱れるようでは、\nシノビとして失格ですぞ！%b	
c3adff9ac4	1	63	30	%b	じゃあ、そのガルマンオーブがあれば、\nイクシーズは復活する？！%b	
c5bf2321d3	1	63	30	%z	%zだから、疲れた心を休めるのには、\nとっても、いい場所なんでし。	
c5f3213e05	1	63	30	%b	とりあえず、ガルマン・オーブとやらを\n捜しに行くのが先決だな。%b	
c73acde8bf	1	64	30	%b	この扉を開ければ、\nカムイコタンの人達を\n助け出すことができる！%b	
c84cb93997	1	63	30	%b	イクシーズで西か東へ向えば\nやがてリグロードにいたるであろう。%b	
caf1fe7236	1	63	30	%b	何か仕掛けがあるみたいだけど、\n今は打つ手がないみたいなのね。%b	
cb531aff98	1	63	30	%b	例えば漬物石なんかを身に付けておくのんも\n一つの手でっしゃろ。%b	
cb638238d4	1	63	30	%b	カダールの奴ら、ついに力ずくで\n俺達の技術を奪いにきやがった。%b	
cb692783fe	1	63	30	%b	この硬い水晶を作って弾を作れば、\n威力の高い砲が作れるでしね。%b	
cc3431efc3	1	63	30	%b	目指すは、ホウライ山の頂上、星陵郭。\nこの村から北西の方角だ。%b	
d025fef494	1	65	30	%b %h	イクシーズで西か東へ向えば\nやがてリグロードにいたるであろう。%b%h	
d2d3b7ba18	1	63	30	%b	おお、ドラグーンとな！\nわらわの祖母が遠征した場所ではないか！%b	
d31f4ffc82	1	63	30	%b	わたくしたちの活動と関係のない\n人々まであやめるなんて・・・。%b	
d418e53aaa	1	63	30	%b	お前たちに何か出来ると思えないが、\n妙な考えをおこすでないぞ！%b	
d5789237ab	1	63	30	%b	じゃあ、イガの里でカダール軍の連中に\n誘われていたのは・・・？%b	
d902c26af9	1	63	30	%b	人間でも、道具を使えば、\n特定の攻撃に耐性を持つことは可能や。%b	
d9a0884a3d	1	60	30		指にはめると魔法を受けたときのダメージをやわらげてくれます。	
daa52dae14	1	63	30	%b	この国の未来も安泰だ。\nミュウ様、どうか、王位を継いで下さい。%b	
dcd22cf8af	1	63	30	%b	ここは街道があったはずなんだけど\nこんな大きな亀裂が出来てる。%b	
e005745137	1	63	30	%b	西に向かえばリグロードに、\n東に向かえばヤマタイに着きますの。%b	
e08f31df75	1	63	30	%b	以前はリグロードのオルトマまで\n交易路が結ばれていたのだけど、%b	
e0c6b52bb1	1	57	30		1/4の確率で眠りをもたらす呪文です。敵味方を区別しません。	
e22a4cda60	1	63	30	%b	されば、魔法球は、このままに、\n元の世界に戻るがよろしかろう。%b	
e370c2ced3	1	63	30	%b	よし、７人委員会を倒したぞ！\nこれで世界に平和が訪れるだろう。%b	
e5c02550fa	1	63	30	%b	今はミュウを助けるのが先決だろうが！\n戻ってるヒマはねェぜ！！%b	
e7dce2238a	1	63	30	%b	これは自然災害ではありません。\n何者かがつくりだした人災です。%b	
e9271dc61b	1	63	30	%b	ミュウ様ならきっとやって下さると、\nあっしは信じていましたぜ！%b	
e93a526a88	1	63	30	%b	でも、そっちでケリをつければ、\nこっちの世界も元に戻るんだろ？%b	
ea7a82b728	1	63	30	%b	ベルセター著、冒険活劇剣豪伝\n「美少女剣士、黒の雷光」第３話。%b	
eb063f3ec6	1	63	30	%b	「イクシーズ構造論」を読んで、\n長老を訪ねようと思ったのです。%b	
eb75616d7e	1	64	30	%b	この扉を開けば、\nカムイコタンの人達を\n助け出すことができるよ！%b	
ed44184307	1	63	30	%b	なぁにがラブラブ大作戦よ！\nあたしの真似してるだけじゃないの！%b	
ee1a15471c	1	64	30	%z	%zそうだ！\nじゃあ、ガルマンオーブは、\nドラグーン王家が預かるよ。	
ee27739d88	1	63	30	%b	私は、ミュウ王女の、お忍び旅行を\nご案内したことがあるんです。%b	
eebe0443d6	1	64	30	%b	神々よ、\nカムイコタンの荒神達よ、\nわれらをお救い下され・・・。%b	
eec8a41462	1	63	30	%b	土地の者の神聖な場所に、\n無断で入るのはマズイかもしれないぜ。%b	
eef9692a7d	1	63	30	%b	城に仕えていたヤツらも、\n今は地下に監禁されてるってはなしだ。%b	
ef828b33d4	1	60	30		本にも妖精が宿ることがあります。大切にしてあげてくださいね。	
f2f4539797	1	63	30	%b	ああ、翼があれば・・・、\n今すぐリグロードへ飛んでいけるのに。%b	
f3a58ccefe	1	64	30	%z	%zえええっ！\nこんなスゴイ船を\n本当にもらっちまっていいのかい！？	
f6e3eb6f3a	1	63	30	%b	親しくしてたそうだから、\n力になれないことを申し訳ないと思う。%b	
f6f2fd61f8	1	63	30	%b	でも、カダールの奴ら、\n遺跡に人を集めて何か捜してるらしいよ。%b	
f9d5e1b065	1	63	30	%b	どうやら、先に床の仕掛けをさぐった方が\nよろしいようですわね。%b	
fa0bd291f8	1	64	30	%b	ああ。\nこの程度でへばってちゃ、\n敵とまともにやり合えないしな。%b	
face21086f	1	63	30	%b	ここに埋もれておるのではないかと\n考えていたようなのでござる。%b	
fbd3613b3a	1	63	30	%b	きたるべき世界にふさわしくない\nゴミ溜めのような街でしたから、%b	
fc47e44888	1	63	30	%b	ふ、どうやら、客が到着したようだ。\nせいぜい遊んでやることだ。%b	
fcf23a076b	1	63	30	%b	もう１つ。この遺跡には、\n大切なものが保管されているってこと。%b	
fd2500e43e	1	63	30	%b	父上はアレクトリア大図書館館長の\n要職にあるというのに・・・。%b	
fde2e17975	1	63	30	%b	伝説の魔導士ってのが、\nどこかに閉じ込められてるらしいですよ。%b	
0118378401	1	61	29	%b	ある日、カダール軍に捕まって、\nここに連れてこられたのです。%b	
042a0e9e72	1	61	29	%b	なお、この迷宮内でのできごとに\n当方は一切の責任をもたない。%b	
052c0f25ee	1	61	29	%b	ここが、おぼろ谷だ。\nこの奥にクリカラって村があるらしいぜ。%b	
058c189ab3	1	61	29	%b	あたしの名前は、アケミ。\nあの人の名前は、タカオって言うの。%b	
0696b5162a	1	61	29	%b	誰に向って刃を向けているのか、\n再教育の必要がありましてよ。%b	
07255928a8	1	61	29	%b	リグロードからカダール軍が\nいなくなったわけではありません。%b	
075a3a4415	1	61	29	%b	クリカラ村は、ミュウ達と共に\n跡形もなく消し飛んだ・・・・。%b	
09ddd0105b	1	60	29	%b	あ、ミュウ姉様！\n西の森にあるっていう水晶を見に行こうよ！ %b	
0a06a400ac	1	61	29	%b	これは自然に起きたものではない。\nまさか、カオスの力・・・？%b	
0a5fbb1cd5	1	61	29	%b	皆さん疲れてるでしょう？\nどうぞ、中に入って休んでください。%b	
0a9ae6ef87	1	61	29	%z	%z僕はいつでもミュウと一緒だよ。\n今までも、これからも・・・。	
0b6abe56ac	1	61	29	%b	そいつぁ、すごいねえ！\n空を飛ぶ船なんて見たこともないよ！！%b	
0b7e2b3125	1	61	29	%b	リグロード大陸の主だった王家ぐらい、\n知っていて当然ですわ。%b	
0bf6c0f801	1	61	29	%b	この鈍い色・・・この重さ。\nこの光り方と、この手触り・・・。%b	
0efa5dc2d1	1	61	29	%b	ドラグーンの竜騎士が、\nカダールの連中を倒したってぇ話だゼ！%b	
118f16f1a5	1	61	29	%b	階段の所で集中攻撃されないように\n二手に分かれた方がいいね。%b	
12335ea5a3	1	61	29	%b	ははーん、さっきの仕掛けは、\nこの橋をかけるためだったのね。%b	
132345d92b	1	60	29		あら？\nお荷物がいっぱいのようですえ。\nまた今度にしはったら？	
14ec80d906	1	61	29	%b	７人委員会も倒されたっていうし、\nこれで安心して暮らせるわ。%b	
17aaa9d19c	1	61	29	%b	とはいえ、始末しきれなかった住民は、\n収容所送りにしたがな！%b	
17e169b3c1	1	61	29	%b	よかった、あたしゃ心配してたんだよ。\nおや、こちらの方々は？%b	
19772ae5fc	1	61	29	%b	もし極められれば、力や技を\n盗むことが出来るとも言われてる。%b	
19af8b6749	1	61	29	%b	強力で邪悪な魔法の波動が、\nビンビン伝わってくるのだ～ゼー！%b	
1a3e9d9d9a	1	61	29	%b	透明化した敵への攻撃は、\n【スコープアイ】の魔法で見破るか、%b	
1ab9b8f548	1	61	29	%b	噂じゃ、ミディとロッサムの国境あたりも\n吹き飛ばしたらしい。%b	
1acc849e86	1	61	29	%b	イニシエっていうのは、\n秘義精通者っていう意味なんだってさ。%b	
1b03ef3072	1	61	29	%b	超絶可愛い式神ナズナは、\n精霊界でとても退屈していたのなの。%b	
1da9b31185	1	61	29	%b	ゲテン城にはガルザードが率いる\nカダール軍が駐留しているよ。%b	
1e0ed59052	1	58	29		とても、めずらしい宝石です。どんな宝石よりも高く売れます。	
1fc1bae75b	1	61	29	%b	指導者の暴走を防ぐような、\n政治機関はどうしても必要ですね。%b	
1fc38cb8a6	1	61	29	%b	そして、ユーカリがこの村、\n最後の女になってしまった・・・。%b	
1fe0f3944c	1	61	29	%b	イクシーズに関することなら、\n長老に聞かれるといいでしょう。%b	
201d81ca9b	1	63	29	%b %h	満月は青白い光の矢となって、\n立ちつくす剣士を照らしている。%b%h	
2067e53cae	1	61	29	%b	まぁ、ここでこうしていも、\n時間が過ぎていくばかりか・・・。%b	
2093e052f4	1	61	29	%b	ルゥナ殿にミュウ姫がここに戻られると\nお聞きしたのでござる。%b	
20ee58ffdf	1	61	29	%b	弟は、拙者と違い、学者肌の男でござる。\n何のためやら・・・。%b	
216da43b3f	1	60	29		ゼニが足りしまへんな。\n帰ってんか。\n貧乏人には用はあらへん。	
2179700b17	1	61	29	%b	出口が見当たらないのもまた\n敵のしわざによるものでござろう。%b	
21a3b01c15	1	62	29	%b	今、この部屋は、\nカラクリにて地の底へと\n下っている最中です。%b	
21f548ef77	1	61	29	%b	みなさんとお会いすることはないでしょう。\nさようなら・・・。%b	
224ab10c57	1	61	29	%b	わらわの負けぞよ、\nこれにこりてもう２度とその方らは襲わぬ。%b	
2315138412	1	61	29	%b	リグロードサーガの英雄の一人、\nダイガンじゃありませんこと！%b	
23a7d53450	1	61	29	%b	今は父上と会いたくないのです。\nポポロンを目指しませんこと？%b	
260504a7a9	1	58	29		伝説の名刀。名前の由来は、刀身に浮かびあがったもようから。	
279e92faff	1	63	29	%b %h	疲れきって倒れ込むアーヤを、\n明るい太陽が包み込んだ・・・。%b%h	
27beb6c811	1	61	29	%b	今、アスカに一番必要なものは、\n人生を支えてくれる伴侶よね。%b	
28c0af1c62	1	61	29	%b	なんでも、リグロード大陸からやってきた\n竜騎士とその一行が、%b	
29097a2588	1	63	29	%b %h	はるか昔に繁栄し、ある日突然滅亡した\n伝説的な文明があった。%b%h	
29280d764a	1	61	29	%b	言い換えれば、力を持たぬ者は\nそれだけで悪なのですよ・・・。%b	
2c71b58a27	1	61	29	%b	カダールが攻めてきた、その次は、\n大自然の怒りですか・・・。%b	
2ca122fd0f	2	61	29	%b	らしくないじゃないか、ミュウ。\nいつもの気の強さはどうした？%b	
2cbc16a359	1	61	29	%b	誰もケガをしてなくても、\n神聖魔法を使うことはできるのじゃ。%b	
2da80bf8e1	1	61	29	%b	ここには【天邪の鏡】が\nぴったりはまるようになってるのよね。%b	
2e5eaf0281	1	63	29	%b %h	たぶん、とらえられた人達は、\n地下に閉じ込められているはず。%b%h	
2ee29c64e0	1	58	29		リバースキュアと同じく、死んだ仲間を生き返らせる秘法です。	
2f838e03da	1	62	29	%b	じゃあここに\nもらった【荒魂の宝剣】を\nはめこんでみようかな？%b	
2febd587de	1	61	29	%b	一度に全員は上がれないから\n各個撃破されないように注意しろ。%b	
3082ed8b69	1	58	29		精神面にはたらきかけ霊的な攻撃に対して守りを高める盾です。	
3141696587	1	61	29	%b	もう一度出直してこなければ、\nこの扉は開かないというわけか。%b	
324fa15c61	1	62	29	%z	%zははは。\nお互い、しばらくは、国の再建で\n忙しいだろうからね。	
331337febb	1	61	29	%b	そんな格好で入ってきたら\n子供達がおびえるではないか・・・。%b	
3338649ad8	1	61	29	%b	では、オルトマに戻って、\n拙者のあばら屋にご案内つかまつる。%b	
347add2471	1	62	29	%b	アスカ様・・・、\nそれだけたくさんの\nおなごに囲まれておって、%b	
36f87cb98d	1	61	29	%b	・・・カオスの力以外に\n考えられないんじゃありませんこと！？%b	
3743a18545	1	61	29	%b	ってことは、また、あの時みたいな、\n大きな動乱になるのかね？%b	
375dbccaec	1	61	29	%b	だが私はカムイコタンの村人達を\n見捨てることはできなかった。%b	
3939db8eb4	1	61	29	%b	どうして、親心って奴を\n分かってくれないかね、最近の若者は。%b	
3c40300bf1	1	61	29	%b	間違いなく、ごく普通の人々の\n日々の暮らしの営みなのですよ。%b	
3eafa6ab44	1	61	29	%b	一時的な取り決めを継続することに\nやぶさかではありませんわ。%b	
3efcfe2b00	1	61	29	%b	偉大なるアヤヒメ様を馬鹿呼ばわりとは！\nぬぬぬ、許せんぞよ！%b	
3f5b974e10	1	61	29	%b	ホウライ山には星陵郭いう\n景勝地があるっちゅう話やったけど、%b	
433a10d805	1	61	29	%b	おお・・・なんということだ・・・。\n光なす翼が墜落したと！？%b	
437b7f0889	1	61	29	%b	ふん、やれるもんならやってみろ！\n女の命がおしくないならな！%b	
445ac371a2	2	61	29	%b	俺様の行く手に立ちふさがるとは、\n強まったバカなのだ～ゼー！%b	
44976205eb	1	61	29	%b	どうだ、まじめにやってるか？\nなかなか繁盛してるみたいだが。%b	
44f4546d03	1	61	29	%b	こう見えても、ドロ団子作らしたら、\nゴジョウで一番やねんで！%b	
45ef7ab221	1	61	29	%b	ゲテン城を居城にして、\n一体、何をしようとしているのかしら？%b	
47b4c649e6	1	61	29	%b	とっとと済ましとくれよ。\nなにせ、リグロードが大変なんだろ？%b	
487eb8ba8f	1	61	29	%b	次元の扉の守り人として、\nあなた達を通すわけにはいきません！%b	
48ab9fa940	1	61	29	%b	カダールはいなくなったってのに、\n何かイヤな予感がするんだ。%b	
48bd4fade6	1	61	29	%b	どうせ実戦では使えない装飾品だ。\nこのままでも問題ないだろ。%b	
48c636ee42	1	61	29	%b	よもやまだ身を固める気がない\nなどとおっしゃらんでしょうな？%b	
499bc2bca5	1	61	29	%b	そうすれば、またイクシーズ号は\n空を飛べるようになるんだね！%b	
49f2f5e473	1	61	29	%b	それが現実にどんな作用を及ぼすのか、\nわからないのです・・。%b	
4a9d65defe	1	61	29	%b	あたしもリグロード式の\nひらひらした服を買っちゃおうかな～？%b	
4ab3190a38	1	58	29		嵐を巻き起こし、敵の集団を後方へと吹き飛ばしてしまいます。	
4ce7774335	1	61	29	%b	これぐらいの知識は長老にくらべれば\n一般常識みたいなものよ。%b	
4e10a3043f	1	61	29	%b	気持ちは分かるが、この場合は、\n奇策より正攻法が確実だろう。%b	
4fae4e8906	1	61	29	%b	炉は赤く燃えさかっている。\nうっかり近付くとヤケドしそうだ。%b	
504dd70163	5	61	29	%b	へたすりゃあの世行き、でも、\n勝ち残れたら一躍英雄ってワケ。%b	
509eabf2d2	1	62	29	%b	ゲテン城には、\n他の大陸に一瞬で移動できる装置が\nあるらしい。%b	
5132c85ba7	1	61	29	%b	しかも、２つのボタンを同時に押さないと\n開かないみたいだよ。%b	
51539908e9	1	61	29	%b	・・・里のみんなは、\nオレを受け入れてくれるだろうか・・・。%b	
526de31079	1	61	29	%b	それに、この怪我じゃあ、\nしばらくは身動きできないだろうし。%b	
52fa992b47	1	61	29	%b	部屋がなくなってるぜ。\n別にあんな部屋に用なんかないけどな。%b	
52fdace36c	1	61	29	%b	人質を無事助け出すためにも、\nここからは慎重に行かなくちゃ！%b	
546bdc7cbe	1	61	29	%b	この先にあるクリカラへ渡るための\n【荒魂の宝剣】を進ぜよう。%b	
54e9c159ca	1	61	29	%b	ものすごい温度でしから、\nヤケドするぐらいじゃすまないでし。%b	
5558b74955	1	61	29	%b	ふぅむ、これは相当古いものでしね。\nしかも、見事な彫像でし。%b	
563b0afe8a	1	61	29	%b	７人委員会を倒したのは皆さんですね。\n心からお礼を言います。%b	
5722f6d2f8	1	61	29	%b	でも、カギがないから、\nこじあけるしかないみたい、なのね！。%b	
57923c95b6	1	61	29	%b	カダールの連中は、\nゲテン城を本拠地にしているという話じゃ。%b	
58e6d505c0	1	61	29	%b	もはや、私の肉体は滅んだのだ。\n私にはふさわしい結末だった。%b	
5a52524609	1	61	29	%b	７人委員会がいない今、\n自由な港町として復興しつつあります。%b	
5a9e69ce89	1	61	29	%b	これが祭壇なのね。\nこの穴にガルマンオーブを置けばいいのね？%b	
5ad6934b1f	1	61	29	%b	だったら、いい機会じゃないか。\nじっくり考えてみることだな。%b	
5b50e45a88	1	61	29	%b	おそらく、あの２体を倒せば、\n出口は姿をあらわしましょうぞ！%b	
5b688699d2	1	61	29	%b	そして、月組頭領の名にかけて、\nあんたの手助けをすると誓う。%b	
5bd00f257f	1	61	29	%b	一行は扉を開けようとしたが、\n何をしても開きそうになかった。%b	
5d58f78ea1	1	61	29	%b	ヤマタイからカダールを\n追い払って下さって心から感謝します。%b	
5f405a9098	1	61	29	%b	遅かれ早かれ、戦っているうちに、\n戦術にかたよりが出てくる。%b	
617aea9741	1	61	29	%b	西の関所を越え、南下したところに、\nおぼろ谷がありますじゃ。%b	
61c5b61c69	1	61	29	%b	カダールの次は天変地異だ。\nまったく、気の休まるヒマもない。%b	
622afa0667	1	61	29	%b	ここでイクシーズをながめていても、\n何もはじまらない・・・。%b	
62611ccd75	1	58	29		岩を投げつけ、落下と同時に爆砕させ、周囲に攻撃する技です。	
631ac9adab	1	61	29	%b	死によって決着をつけようなんて、\nそんなこと、許しませんわ！%b	
646a5aa066	1	61	29	%b	なんでもラグロスを倒したのは、\nあのラスティ王子なんだって！%b	
64e742a857	1	62	29	%b	あ、アスカ兄ちゃん、\nヨモギちゃんのことは\nおいらに任せてよ。%b	
653fa68514	1	61	29	%b	きっかけは、そう、\n子供のころに見た、一振りのカタナ・・・。%b	
666cae6d1c	1	58	29		お守りの一種です。身につけると会心の一撃が出易くなります。	
66ca0c07e9	1	59	29		そうですか、お気に召しませんか。\nほかにご用はございますか？	
673404f5a8	1	61	29	%b	しかし、それは御自分が\nそうしようと選択されたことでしょう？%b	
67814a9261	1	62	29	%b	防御を極めれば、\n回復や強化の力を持つ技をも\n会得できんねん。%b	
68d8520509	1	61	29	%b	こういうのは、シラナミちゃんが\n詳しく知ってるかもしれない。%b	
697a7e866b	1	62	29	%b	どうでござろう、\n拙者を皆さんの仲間に\n加えてはもらえまいか？%b	
69b3789209	1	60	29	%b	これはリグロードを救うためにも\n必要なことなんだろうが？！ %b	
69fb120646	1	61	29	%b	まぁ、そうでしたの、\n全然気付きませんでしたわ、ほほほほっ☆%b	
6a522b1779	1	61	29	%b	ほっほっほっ、年をとると、\nたいていのことにはおどろかんよ。%b	
6b2cbaa808	1	61	29	%b	くわえて、これらの橋には\n罠が仕掛けられているようでござる。%b	
6c033ccbfb	1	61	29	%b	ミュウは、枯木を押してみようかと\n一瞬思ったが、思い直した。%b	
6c14c988b3	1	61	29	%b	なんか悔しいのね。\nアスカとシラナミが仲良く喧嘩してるのね！%b	
6c4933b1fa	1	61	29	%b	あたし達のことを怒っておいでだから\nだって言うんですけどね。%b	
6daeeafc42	1	61	29	%b	そうだ、シラナミなら\nどういう仕掛けか分かるかもしれねえな。%b	
6ec7f46543	1	62	29	%b	今の心の支えは、\nクイーンズランド王国の復活を\n見ることです。%b	
70edc08d93	1	61	29	%b	刃先にとまったトンボが二つに切れる\nなんて言われるほどだゼ。%b	
721456b544	1	61	29	%b	カダール軍を追い出したそうで、\n本当にありがとうごぜえやす。%b	
7251f4cb7a	1	61	29	%b	そやけど、武道の話をすることは\nカダールに禁止されてんねん。%b	
73312879f3	1	61	29	%b	あいつはカダールの将軍という重要な地位を\n任せられているが、%b	
73ec5f4c09	1	61	29	%b	カダールの奴等が星陵郭に陣取って\n村の者を人質にとっている。%b	
743f99226e	1	61	29	%b	もちろん、７人委員会の陰謀を\n阻止するために行動してるんだ。%b	
74c043406a	1	61	29	%b	ま、こわれちまったとなりゃ、\nそれも高望みってもんだろうね。%b	
769809e686	1	61	29	%b	もし、この溶岩の川に落ちでもしたら、\n一巻のおわりだろうな。%b	
76c85d22ed	1	61	29	%b	ガルマンオーブを狙うとあれば、\n何人であれ、これを排除する。%b	
77280e57af	1	61	29	%b	とりわけ、空飛ぶ船については\n大陸屈指の学者らしのだ～ゼー！%b	
772be4bdb2	1	61	29	%b	このまま放ってはおけないよ！\n７人委員会の野望を止めなきゃ！%b	
774e5bbf49	1	59	29		お金が足りんようじゃ。\nまったく、ムダな手間をとらせおって！	
792af515d4	1	61	29	%b	ここには【八坂の勾玉】が\nぴったりはまるようになってやがる。%b	
795bd05ae6	1	61	29	%b	別に善人ぶるつもりはねぇが、\nオレも黙っては見過ごせないぜ。%b	
7987f81a93	1	61	29	%b	ちっ、開きゃしねぇゼ・・・。\n何か細工がしてあるんだろうな。%b	
7b1abbd753	1	61	29	%b	ミュウがここに来た時のように\n移動できたかもしれないのにね。%b	
7c23c79b44	1	61	29	%b	７人委員会の暴走と言われるほど、\n国民の不満を集めています。%b	
7c57df2795	1	61	29	%b	もしかすると、噂の地下閲覧室への\n入り口かもしれませんわね。%b	
7d410bc726	1	61	29	%b	この天変地異は、悪が滅びつつある\nということなのでしょうか。%b	
7d7cd2aa02	1	61	29	%b	これを突破できなければ、\n祭壇に近付くことはできないんじゃ。%b	
7e6f905201	1	61	29	%b	まぁ、あたし達にはイクシーズがあるから、\nなんとかなるって！%b	
7fe728fa2f	1	61	29	%b	ああは言ったものの、\nやはり、彼らを死なせるわけにはいかん。%b	
7ff5ef096c	1	62	29	%b	私はこれまで、\n幽玄の森とともに、\n次元の扉を守ってきました。%b	
808063e2f3	1	58	29		鎖を編み上げたよろいです。防御力はそれほど期待できません。	
8164ae5188	1	58	29		伝説の世界を救いし勇者と共に戦い抜いた兜。まさに逸品です。	
83fc1687ad	1	61	29	%b	あそこには・・・優秀な頭脳と、\n・・・世界屈指の蔵書がある。%b	
843e76305e	1	61	29	%b	光なす翼を空に浮かべるためには、\n膨大な魔法力を必要とする。%b	
854b1f86e1	1	61	29	%z	%zそういうわけですから、\nもう一度イクシーズに乗せて下さいな。	
859dbeb758	1	61	29	%b	なんだって、こんなにたてつづけに\n大事件ばかりおこるのかね。%b	
85e948adde	1	61	29	%b	もはやラスティ王子には\nアドバイスは必要ないかもしれません。%b	
860e78bbea	1	61	29	%b	ようやくわたくしの考えを\n認めてくれたということですかしら？%b	
865db5fc76	1	61	29	%b	あーあ、わたしも、そんな風に\n自由に生きてみたいなァ・・・。%b	
8732eca211	1	58	29		気合いをためて、次ターンの攻撃力を１．５倍に引き上げます。	
87eb726cd2	1	61	29	%b	でも、武道の話をすることは\nカダールに禁止されてますのんや。%b	
88404a6e0c	1	58	29		どなたかお一人のＨＰとＭＰを完全に回復することができます。	
8a6b06ceaa	1	61	29	%b	女達は口々に、子供の救出をカムイに願い\n村へと帰っていった。%b	
8cadfa251a	1	61	29	%b	この様子なら、リグロードへ向かう船が\n出る日も遠くはないわ。%b	
8f9b9d5368	1	61	29	%b	聞いたわよ、すごいわね、\n世界に平和をもたらすなんて・・・。%b	
902aeb7bbf	1	61	29	%b	ラスティ王子万歳！\n　　　　　　　（クィーンズランド自治会）%b	
909cf59bbd	1	61	29	%b	政治だけじゃなく、\n軍事や司法など幅広い権力を持ってるんだ。%b	
91d39d5a5d	1	58	29		鉄板を打ち出して作った、防御力の高い戦士専用のよろいです。	
97ee7bcbcf	2	59	29		おやめになるのですね。\nでは、ほかに何かご用はございますか？	
98aeeee1f9	1	61	29	%b	これは、カオスの力についてかかれた本。\nこの本の処分を頼む。%b	
99440031f0	1	61	29	%b	俺様が眠ってる間に、\n７人委員会とやらが暴れてるのだ～ゼー！%b	
99abf32f47	1	61	29	%b	おしゃべりはこの位にして、\n雌雄を決しようではありませんか。%b	
9a2c973258	1	61	29	%b	確か、伝説によれば、\nダイガンは不死身とされていたんだけど、%b	
9af82fb9b6	1	61	29	%b	そうじゃないみたい。\nほら、目の輝きがさっきまでとは違うよ。%b	
9dcac879a2	1	61	29	%b	そんなことのために、\n罪もない人々を傷つけたというのかッ！！%b	
9de575b162	1	54	29		死の影が敵を暗黒へと誘い込み1/16の確率で死亡させます。	
9de725884b	1	61	29	%b	でも・・・大丈夫なの、ミュウ？\n嫌なら、止めてもいいんだよ。%b	
9ea29bef17	1	87	29	%H %m1 %V100 %m0 %s3 %V0 %b	%H%m1%V100［%m0%s3%m1］%V0%m0\nカダールから身を隠した\n里のみんなは無事だろうか・・・。%b	
9f370b18b9	1	61	29	%b	異世界カカルクランへの扉のこと？\nリグロード戦役に出てくる？%b	
9fa390dd57	2	60	29		あら？\nお荷物がいっぱいのようですわ。\n次の機会になさっては？	
a06b16341e	1	61	29	%b	タタラ、世界も平和になったんだ、\n故郷に帰ってきたらどうだ。%b	
a0bd45a807	1	61	29	%b	アスカはいつになったら、\nウチをお嫁さんにしてくれるんやろ。%b	
a26a8b3c2c	1	58	29		動きやすさに重点をおいてつくられた戦士用のヘルメットです。	
a30f150518	2	61	29	%b	思っていたのでござるが、\nそうはならなかったようでござるな。%b	
a6bf647129	1	61	29	%b	お顔の色が優れぬようですが、\n何か心配ごとでもございますか？%b	
a71cc0d0ec	1	61	29	%b	ボク達が牢を破ったことを知られる前に、\n早く逃げ出さなきゃ！%b	
a760eabf01	1	61	29	%b	オレだって、敵に背中を見せるのだけは、\nガマンできないんだ。%b	
a77d5258dc	1	61	29	%b	こうなったら何としても、\nアスカの仲間たちを助けなくちゃね。%b	
a7a230540a	1	61	29	%b	本当におめでとう！\nこのあと、自動的にリセットがかかります。%b	
a894fb0966	1	58	29		この弓は、射る者を眠りに誘う暗黒の力がほどこされています。	
ab168199cd	1	61	29	%z	%z２度と、お目にかかることはないでしょうが\nどうか、お元気で！	
ab61b0bfcf	1	62	29	%b	こういうときは、\nできるだけ固まって戦ったほうが\n有利でしよ。%b	
ab74235d4c	1	63	29	%b %h	カダールは昔から、魔法力の高い者が、\n役職についてきました。%b%h	
ac466b014b	1	61	29	%b	し、し、将来を誓いあったって、\nどういうことですの、なの！？%b	
ac73a6a554	1	61	29	%b	わらわはそのアヤヒメ様の孫に当たる\nおぼろ谷のミズタマじゃ。%b	
adb1a6dd9f	1	62	29	%b	では、戦いの前に、\nあなたがたの退路を\n断っておきましょうか。%b	
afe35c41f5	1	61	29	%b	・・・な、なるほどね、そういうことかぁ。\n・・・意外だなぁ。%b	
b0eb6728b6	4	61	29	%b	またのご利用をお待ちしております。\nありがとうございました。%b	
b31b67b4fd	1	61	29	%b	ちょっと、ア～ちゃん・・・。\nいやにその子に優しいじゃない？%b	
b3509ac901	1	61	29	%b	仲間が子供達を助けてくれるから、\nみんな安心するの、なのね。%b	
b40b457f18	1	61	29	%b	オレの部下達は、\nここから西にある忍者屋敷にとらわれている。%b	
b51281d5bf	1	61	29	%b	その、アレクトリア大図書館って、\nどういう本があるんですか？%b	
b5c1bc8c1a	1	61	29	%b	ごめんね・・・イクシーズ。\nボク達のために働いてくれたのに。%b	
b6992ca3d4	1	61	29	%b	わらわの留守に、無断でおぼろ谷へ\n入り込んでいた愚か者は？！%b	
b6dd59f5e8	1	61	29	%b	７人委員会は、そんなところに\n何の興味を持ったのでしょうか。%b	
b7424387a3	1	63	29	%b %h	その男は、確かにあの満月の夜、\n自らの手で倒したはずだった。%b%h	
b87f0fd926	1	61	29	%b	魔法で強うなった相手の一撃は\nとんでもない強さですよってに。%b	
b88c24630b	1	61	29	%b	こんな所にまで、７人委員会が\n次元の扉の封印を開いた影響が！%b	
b9228bb63a	1	59	29		金が足りないな。\nこっちも遊びで仕事してるんじゃないんでな。	
b98910896b	1	61	29	%b	反体制運動を止めるよう、\n説いてまわりたいと思っていますの。%b	
ba45bdb3c1	1	61	29	%b	腕っぷしの強さだけでは、\nやっぱり強いとは言えしませんやろ。%b	
baeb852b0e	1	61	29	%b	コルベツアー社のツアーで、\nのんびりと旅でもしてみようかな。%b	
bb427c4704	1	61	29	%b	だが、今度こそ、教えてやるよ。\nイガ最強という言葉の意味を。%b	
bc81ce6e8d	1	61	29	%b	少ししか動かないや。\nでも、もっと押せば開くかもしれないね。%b	
be7a2b9b86	1	61	29	%b	もし、協力してくれれば、\n心強い味方になってくれるはずだゼ。%b	
c03e9a0070	1	62	29	%b	我々の使命は、\n２度とこんなことがないように\nすることですね。%b	
c072add372	1	61	29	%b	これが祭壇か・・・。\nこのくぼみにこいつを置けば良いんだな。%b	
c1482f3f38	1	61	29	%b	見た目は少し怖そうですのに、\n本当はとても可愛い方ですのね？%b	
c2b2682ecf	1	61	29	%b	あたしの愛しい人が、\nリグロードへ行ったきり帰ってこないの。%b	
c3635e7a28	1	61	29	%b	うかつに乗り込むより、\n近くの村で情報を集めたほうがいいゼ。%b	
c37cbc8ca0	1	62	29	%z	%zふん、なのね。\nアスカなんか、\nたいして好きじゃないの、なの！	
c3e4433858	1	61	29	%b	ど、ど、ど、ど、どうなってんだよ、\nどうなってんだよ、おい！%b	
c44861d800	1	61	29	%b	それはともかくとして、\nこの天変地異は、恐ろしいことですね。%b	
c46478516c	1	61	29	%b	たぶん、とらえられた人達は、\n地下に閉じ込められているはず。%b	
c4ebcda5a8	1	58	29		風の衝撃波で敵を切り裂く技です。敵を後方に吹き飛ばします。	
c6746668a9	1	61	29	%b	信頼と実績で１００年の伝統を誇る、\nこの村自慢の旅行会社さ。%b	
c6c75bf445	1	61	29	%b	きゃー地震よおおおおおっ！\nそれ縦揺れ横揺れ、らりらりらー。%b	
cb1861989b	1	60	29		↑ミュウ王女万歳！\n　　　　　　　　　　　　　　　（ナナイ）\n	
cb26eae147	1	61	29	%b	その水を入れる桶は、倉庫の一番奥にある。\nじゃあ、頼んだぜ。%b	
d02bcea586	1	61	29	%b	カムイ、人間が生きていく上で、\n大事なことは何かって考えて。%b	
d096c98de7	2	61	29	%b	あいつらのせいで、この森の怪物達が\n凶暴化しているの、なの！%b	
d2678f03b3	1	61	29	%b	めでたいったらないよな、\nこれが飲まずにいられるかってんだ！%b	
d5ecfd1dd3	1	61	29	%b	これが俺達の待ち望んだ平和ってやつか。\nいいもんだな・・・。%b	
d68d20e71c	1	61	29	%b	そうすると、ある時突然、\n勝つことができなくなることがある。%b	
d7a0959d4d	1	61	29	%b	運命だか、偶然だかしらねえが、\n目的はカダールのやつらだろ？%b	
d7c28d1d18	1	58	29		この術をかけられた者は攻撃力などが上がり、強力になります。	
d85e95f759	1	61	29	%b	・・・それでも・・・。\nこんなところで終るわけにはいかない！%b	
d86188a4bc	1	61	29	%b	皆の気持ちは同じだ、ミュウ。\nともに世界を守るために戦おう。%b	
d97aded7ff	1	61	29	%b	なぁに、大丈夫ですよ、\nきっとどこかで元気でやってますって。%b	
daad6c7c03	1	61	29	%b	ここには【蓬莱の珠】が\nぴったりはまるようになってるのよね。%b	
dab33bc9d4	1	61	29	%b	司書武闘法の力を持ってすれば、\n動かないはずがありませんわ。%b	
dad1fdba04	1	61	29	%b	この爺が、カムイコタンの神々に、\n道中の無事を祈っておるよ。%b	
db83f38ed3	1	61	29	%b	こんな場所じゃが、たまには思い出して、\n遊びに来て下されよ。%b	
dc03d65ed6	1	61	29	%b	やつらの野望がなくならない限り、\nこの世界に平和は無いんだ！%b	
dc2bd046bf	1	61	29	%b	そうよね、１人ではできないことも\n皆で協力すればできるよね。%b	
dd4531d8ca	1	61	29	%b	またのご利用をお待ちしておりやす。\nありがとうございやした。%b	
de59cbf126	1	62	29	%b	どうやら、\n根無しの式神に好かれる性質は\n親譲りのようですな。%b	
df466e7086	1	61	29	%b	俺様に任せておけば、\n世界の一つや二つ軽く救えるのだ～ゼー！%b	
dfb43a7357	1	61	29	%b	ちょっと、アスカ、何言ってるの！\n戦力は一人でも多く必要よ！%b	
e1b2a17dd0	1	61	29	%b	カダールの次は地震かいな？\nまったくどないなってんねんやろ。%b	
e370def1fb	1	61	29	%b	その女の人を放さないっていうんなら、\n力ずくでいくかんねッ！%b	
e382dd3330	1	63	29	%b %h	「馬鹿な、生きていたのかっ！」\nアーヤの声に恐怖が混じった。%b%h	
e3e7b63092	1	61	29	%b	もしかして、あんた達が\nガルザードをやっつけてくれたのかい？%b	
e5a2adb6c0	1	61	29	%b	確か、ゲテン城でガルザードの野郎が\n口にした名前だったよな。%b	
ea8c2bcedc	1	61	29	%z	%zでも、その前に、ザルマの町に寄って\nこの先の様子を探ったら？	
eed24c01db	1	61	29	%b	ここに何か仕掛けがありそうだが、\n今は打つ手がないな・・・。%b	
f0a9c3fc1f	1	62	29	%b	おかしいわぁ。\n竜騎士がカダールを\nやっつけたって聞いたけど。%b	
f0db9cce76	2	61	29	%b	みなさん、急いでください！\n私達に残された時間はわずかです。%b	
f10773be1d	1	61	29	%b	それも、何かを閉ざすか、\n封印しているような呪力なの、なの。%b	
f2a80cfb43	1	61	29	%b	このかがやき方は、\nイクシーズで見たのに良く似ているようだ。%b	
f319410100	1	61	29	%b	何かが祭ってあったみたいね。\nホウショウ院みたいなものかな？%b	
f5f92b25e6	1	61	29	%b	そうなるのが分かってて\n余計なことをやるんだからなぁ・・・。%b	
f79b0b4637	1	61	29	%b	この狩人が、貴様らを\nポポロンの住人のように粛正してくれる！%b	
fa0dbdec21	1	55	29		守りを固め、敵から受けるダメージを1/4まで軽減させます。	
fa36cdc57e	1	61	29	%b	僕は、今まで、これほど、\n誰かをにくいと思ったことはないよ。%b	
fabb4c8717	1	61	29	%b	伝説の魔導士と言えば、\n伝説に伝えられる最強の魔導士ですわ。%b	
fc0cfc7add	1	61	29	%b	その方の体からは、血の匂いがする。\nわが相棒に害をなしたな？%b	
fd2657862d	1	61	29	%b	ホークアイの弟ファルコの所在も\n確認できるってことだ～ゼー！%b	
014e2b933a	1	59	28	%b	ああ、そうに決まってるよ。\nこの大変な時だってのに、ねぇ。%b	
01eedc91f1	1	59	28	%b	剣とかの攻撃って、高さの差が大きいと\n届かないんだってね。%b	
0215daf77f	1	56	28		お守りの一種です。身につけると幸運をもたらしてくれます。	
0289af617e	1	59	28	%b	ここには【天邪の鏡】が\nぴったりはまるようになってやがる。%b	
02a1b773dc	1	58	28		ご不用になりました品を、\n引きとらせていただいてますのよ。\n	
0338443e81	1	59	28	%b	あたしがもう１０年若かったら\n放っておかないんだけどねっ！%b	
03c993763b	1	60	28	%b	退却すると、\n技や経験値はそのままで、\n最初に戻っちゃうよ！%b	
04150ad19a	1	59	28	%b	ゲテン城は代々その時代の\nゲンユウサイの居城だったからな。%b	
045fa8863a	1	56	28		秘められた力を引き出すアイテムです。攻撃力が上がります。	
05b3bc23e3	1	53	28		アダルトタッチで味方一人に大ダメージをあたえます:-)。	
06b9d916a0	1	58	28	%b	この崖は相当深いな・・・。落ちたら誰も助けてやれねぇぜ。%b	
06cf55b9e6	1	59	28	%b	あ、ああ、はいはいはい、\nもちろんです、もちろんですとも。%b	
07eb2baa10	1	59	28	%z	%zアンジュしゃん・・・。\nきっと、辛い思いをしているでしね。	
0821171de9	1	59	28	%b	決まって、何か重いものを\n引きずるような音がした後でした。%b	
09423e99f1	1	59	28	%b	アレクトリア大図書館を手中に治め、\n謎の解明に乗り出した。%b	
0c0b2037eb	1	59	28	%b	おまえさんがいないと、\nこの町も、なんだか活気がなくてな。%b	
0cb3a3a750	1	59	28	%b	あなた方も、大人しく、\n我らカダールの軍門にくだりなさい！%b	
0d297e6ddb	1	56	28		霊体を攻撃する衝撃波を発生させます。対空攻撃が可能です。	
0d9beb2f35	1	59	28	%b	坂道があるので、足並をそろえないと\n各個撃破されますわよ！%b	
0e4ea8ac83	1	59	28	%b	７人委員会を倒すまでは\nボク達に安息の時はないんだ・・・。%b	
0e8665c758	1	59	28	%b	・・・どういうこと？\nこの町はアスカのふるさとじゃないの？%b	
1108f47096	1	59	28	%b	今こそ、イガ最強という言葉を\n証明してみせるとぎですじゃ！%b	
1139b0dbab	1	59	28	%b	じゃあ、もうしばらく待つけど、\nリグロードが大変なんだろ？%b	
11f1210a5a	1	59	28	%z	%zばっっっっかじゃないの！\nあたしが１番に決まってるでしょ！	
134ece17e8	1	59	28	%b	それで、我が家では、\n普段からこのような言葉使いでござる。%b	
13863aef42	1	59	28	%b	海底神殿というのは、\nイクシーズ号と関係の深い場所なのよ。%b	
138bc8030f	1	59	28	%b	試練の迷宮に挑む方は、\n迷宮協会で登録を済ませてください。%b	
1541183035	1	59	28	%b	そういえば時々、こんな風に\n誰もいないことがありましたわ。%b	
155d3aafb1	1	59	28	%b	ガルマンオーブの魔法力で\nウィスコの封印を破っていたんだ。%b	
15721a5461	2	59	28	%b	何もしてないってことは、\n何かしようと思ってたってこと！？%b	
16b4e451e1	1	59	28	%b	・・・キミまでそんなんじゃ、\nボク達どうしていいか・・・。%b	
17b14a28be	1	59	28	%b	これは、ガルザードが持っていたものと\n同じもののようだな。%b	
1a0af485c6	1	59	28	%b	大地の叫びを押さえている敵は、\nなかなかの知恵者にござる。%b	
1b1a3c084c	1	59	28	%b	皆のおかげで世界に平和が戻った。\nありがとう、ありがとう。%b	
1e02d17370	1	59	28	%b	アケミの頼みを聞き届けてくれたのは、\nあんた達なんだって？%b	
1e9fb6ff91	1	60	28	%b	７人委員会には、\nケンキョって言葉を\n教えてやるのだ～ゼー！%b	
2049d65982	1	59	28	%b	亡くなった同志達に、\nこの平和を見せたかったですね・・・。%b	
212172ba20	1	59	28	%b	とりわけ、空飛ぶ船については\n大陸屈指の学者だったらしい。%b	
22e98b10a1	1	59	28	%b	古代魔法技術の復活と\nその利用による世界征服にあるのでは？%b	
23b9b6d7bc	1	59	28	%b	・・・ともかく、その若者に礼がしたい。\n私の家に来てくれ。%b	
25f954fc98	1	59	28	%b	あたしの名前は、古リグロード語で、\n渡し船って意味なのさ。%b	
2616e1f23c	1	59	28	%b	どうやら、ここには【八坂の勾玉】が\nぴったりはまるようだ。%b	
276e8cd5c9	1	59	28	%b	あかーん、ゴジョウの町が、\nメチャクチャになってまうがな！%b	
294705d6b0	1	59	28	%b	世界に平和をもたらしたのは、\nドラグーンの姫様らしいわよ。%b	
2aa2d2b6b3	1	59	28	%b	もし、失敗したら、\n僕のことは気の済むようにすればいいよ。%b	
2e8f6cc1fc	1	59	28	%b	いくつか注意がありますよってに、\nまぁ、聞いておくれやす。%b	
30bf02af43	1	59	28	%b	しっかし、７人委員会を倒すったって\nどこに行けばいいんだ？%b	
3253bef85b	1	56	28		雄叫びで力をふるい起こしＭＰを１０ポイント回復させます。	
33164d7bca	1	59	28	%b	がむしゃらにつき進むだけを、\n勇気とは言いしまへんのどす。%b	
335a56d1f1	1	59	28	%b	ゴジョウ大橋はカダール軍によって\n壊されてしまいましてん。%b	
33f53a5afb	1	59	28	%b	あわてて飛び出せば、\n弓兵から集中攻撃を受けることになる。%b	
3423d23995	1	59	28	%b	とにかく、イクシーズについて、\n何がわかるかやってみよう！%b	
35564a639e	1	59	28	%z	%zあ・・・え・・・？\nあたし・・・本当に・・・あたし・・・？	
3604c5b630	1	59	28	%b	とりわけ、空飛ぶ船については\n大陸屈指の学者らしいですし。%b	
3654dadfa5	1	59	28	%b	思念はカオスの力によりて、\n現実世界に及ぼす力をもたらす。%b	
36f265630b	1	59	28	%b	天井があると使えない技があるから、\n気を付けた方がいいよ。%b	
3761e0a20c	1	59	28	%b	いつだって、あんた達は、\n自分に都合のいいように言うんだ。%b	
3768722cf4	1	59	28	%b	どこかにある押しボタンみたいなものと\n連動する仕組みだわ。%b	
38162caba2	1	59	28	%b	そして、北か南に向かえば、\nカダールへたどりつきますのよ。%b	
385680ead3	1	59	28	%b	魔法で作り出した壁みたいだけど、\n神聖魔法には無い技だよ。%b	
3922afaddb	1	59	28	%b	一体どんな恐ろしい力を持つというんだ。\nみんな、気をつけろ%b	
399e7591e9	1	59	28	%b	盗んだ金のほとんどは、\n貧しい人達に分け与えられますねん。%b	
3ac5e67bfd	2	57	28		おやめになるのですね。\nほかに何かご用はございますかしら？	
3b94fd50d9	2	58	28		おや？\n荷物がいっぱいのようだぜ。\n次の機会にしちゃどうだ？	
3bdfb39e1b	1	59	28	%b	ウワサは聞いてるよ、\nカダールの連中をやっつけたんだって？%b	
3c5abfa0b5	1	56	28		飛び跳ねた振動で、広い範囲に振動による地震を起こします。	
3d7c9d72bb	1	61	28	%b %h	その一言こそ、アーヤが、\n命を賭けて待ち望んだ一言だった。%b%h	
3e5c3ea0f5	1	57	28		ありがとうございま～す☆\nほかに何かご用はございますかァ？	
3efbd3b452	1	59	28	%b	我ら、カダールに反抗するとどうなるか、\n思い知るがいい！！%b	
3f752b5768	2	59	28	%b	だが、オレに限って、\nケガするようなドジは踏みゃしねぇよ。%b	
444dfda645	1	59	28	%b	炎とマグマによって、\n自分自身に決着をつける、とあります。%b	
4677bd54f1	1	59	28	%b	敵の魔法にどこまで耐えるられるかで\n勝負は決まりましてよ。%b	
4a60e7a666	1	59	28	%b	この先が星陵郭だ。\n星陵郭にとらわれた人達を助けに行くぜ！%b	
4afaac19c3	1	56	28		魔法への防御力を高めた法衣で、暗黒の力をも打ち消します。	
4b3566b41d	1	59	28	%b	古代魔法文明時代からの文献も\n集められているらしいですよ。%b	
4c4052fd48	1	61	28	%b %h	薄れていく意識の中で、アーヤはたずねた\nその不死の理由を。%b%h	
4cdf45a03e	2	59	28	%b	僕の国をふみにじった\n７人委員会は倒したはずなのに・・・。%b	
4e0688aa39	1	59	28	%b	それに、地下閲覧室には\n公開されていない貴重な文献がある。%b	
51c80afa49	1	59	28	%b	７人委員会は、任務に合わせて\n彼らを使い分けているようよ。%b	
5204d0e280	1	59	28	%b	・・・残念ながら、\n私は、それを見ることはできない・・・。%b	
5261a9bbbd	1	59	28	%b	オレ達もカダールの奴らに\n一泡ふかせてやろうとしてるのさ。%b	
527d18456c	1	59	28	%b	でも、空から入る以外に、\n幽玄の森に入る方法はないのです。%b	
529426e412	1	57	28		どーもどーも。\nっていうか、ほかに何か売るの、みたいなァ？	
52eda70e17	1	56	28		落下地点で爆発し、周囲に催眠効果をもつガスを散布します。	
532405112b	1	59	28	%b	あのガルマンオーブの様子は、\n何だったのでしょう・・・・？%b	
54fcdf8994	2	57	28		まいどどうもありがとうございます。\nほかに何か売りますか？	
55ba188fde	1	56	28		指にはめると魔法から身を守るのに絶大な効果を発揮します。	
55cae1d56b	1	59	28	%b	ある場所を４回踏んでしまうと\n外に追い出されしまうんです。%b	
55f9b93de3	1	56	28		離れた相手を雷の刃で切り裂く技です。対空攻撃が可能です。	
58a6af5c1e	1	59	28	%b	これを使えば、かなり高性能の砲を\n作ることができそうでし。%b	
5a28e28bff	1	59	28	%b	７人委員会を倒してくれた人には、\n感謝してもしたりないな。%b	
5af8773604	1	59	28	%b	ここの戦場はせまいから、\nみんな落ちないように気を付けて。%b	
5b34e5c375	1	57	28		ご不用になりました品を、\n引きとらせていただいてますのよ。	
5d487c0afc	1	59	28	%b	しかも、恩人の君達を危険な目に\n合わせるわけにはいかない。%b	
5dcf947e56	1	59	28	%b	ナズナのかわりに、７人委員会を\nとっちめてほしいのなのね。%b	
5ee32932b4	1	59	28	%b	もし、火薬庫が爆発してたら、\nこの村は全滅だっただろうな。%b	
5f85e7b34b	1	59	28	%b	ホークアイの弟ファルコの所在も\n確認できるってことでしよ。%b	
5f894b0757	1	59	28	%b	みんな・・・必ずカダールを\n追い出してみせるからね・・・。%b	
5f9794537b	1	59	28	%b	今までだって、何度も不利な状況を\nひっくり返してきたんだ。%b	
601718394c	1	59	28	%b	ドラグーンがカダールの奴らに\n占拠されてるのは間違いねぇ。%b	
66d29b1b1c	1	59	28	%b	では、こうしよう、\n私が正面から「おとり」として乗り込む。%b	
680424ba27	1	56	28		味方を飛び越えながら、空から回復のパワーを振りまきます。	
6ad42b47f4	1	59	28	%b	我々７人委員会は、優秀な頭脳と\n豊富な文献が集められている%b	
6b80d6f480	1	57	28		どーもどーも。\nっていうか、ほかに何か買うの、みたいなァ？	
6ca1e9c9be	1	59	28	%b	ちょっとまってくれ、\nまだ村のやつらの様子を調べてないぜ。%b	
6ca62af9b4	1	59	28	%b	そこには、偉大なる宝が眠っていると\n言い伝えられてるんだ。%b	
6e298d9a5c	1	59	28	%b	彼ら自身は反体制運動とか\nレジスタンスとか言っていますが、%b	
713eac7e6a	1	59	28	%b	ここから北に行くとミュウ様の\nドラグーン城がありますわね。%b	
71fd761392	1	59	28	%z	%z・・・あれ、おかしいの、なの。\n目から水が出るの、なのね。	
72361d3342	1	59	28	%b	親は結婚、結婚ってうるさいし\nホント、いやになっちゃうわ。%b	
725a40e501	1	59	28	%b	もう、これしかないって思って、\n精霊界を飛び出したのなの。%b	
7320684746	1	59	28	%b	もしかしたら、弟がこの中に\nとらわれているかもしれませぬ。%b	
73ed57075c	1	59	28	%b	で、人質のうち何人かを\nみせしめのために処刑するって話だ。%b	
74489a25f0	1	59	28	%b	ミュウの話からすると、\nそのにじ色の壁がないということは、%b	
74a9320058	2	59	28	%b	ＡチームとＢチームに別れた闘いの、\n勝者を当てるゲームさ。%b	
751281b183	1	56	28		落下地点で爆発し、周囲に縮小効果をもつガスを散布します。	
76743501b7	1	59	28	%b	政治的グループが出現するのも、\n無理はないと言えましょう。%b	
7af54b6616	1	56	28		強力なお酒です。敵に投げつけると混乱させる事ができます。	
7d46a3540a	1	59	28	%b	アレクトリア大図書館は知識の殿堂、\n学者の社交場ですわよ。%b	
7e80aeb83f	1	60	28	%b	で、シラナミ、\nお前はいつまで\nオレ達にくっついてくるんだ？%b	
8141729281	1	59	28	%b	【フライサー】の魔法の効果は\n８から９ターン続くでござる。%b	
82f315448d	1	59	28	%b	今もきかいをうかがって\nこのあたりをうろついてたところさ。%b	
8340ec0f9d	1	59	28	%b	でもこれだけの数が相手となると、\n一度に倒すのは無理かも。%b	
83ca7f4b23	1	59	28	%b	もし火薬に引火したら、\nこの村なんか跡形もなく吹き飛ぶわ！%b	
84c064da4f	1	60	28	%b	アンジュ、\n家族を持っている者として、\n忠告させてもらうよ。%b	
8541b0f96b	1	59	28	%b	オレ達は、この世界に\n平和を取り戻すために戦ってきたんだ。%b	
868663f724	1	59	28	%b	アレクトリア大図書館館長にして、\nお前の父であるこの私は、%b	
868cc4d593	1	59	28	%b	いったい、私はどうすればいい・・・？\nどうすればいいんだ？%b	
871f56e94a	1	60	28	%b	ラスティ王子！\n聞いてるよ、\nカダールをやっつけたんだって？%b	
8747084496	1	59	28	%b	どこかで、それらしい品物を\n手に入れてから、試してみよう。%b	
879c05297d	1	56	28		荒れ狂う火炎の嵐を巻き起こし、敵の集団を攻撃する技です。	
87eb970f63	1	59	28	%b	この橋を渡れば、ハイランドに\n行くことができるのだ～ゼー！%b	
89d3d4d4e7	1	59	28	%b	やっぱりあたしの思っていたとおり、\nぬれぎぬだったのよね！%b	
8a34419c66	1	59	28	%b	この扉を開けるには、\n出直してこなくっちゃダメってわけね。%b	
8acf32cfbf	1	59	28	%b	橋を使わずともガケを越えて、\n反対側へ渡れるのでござるが。%b	
8ba640a91a	1	59	28	%b	どこかにこれを開けるための仕掛けが\nありそうなのだ～ゼー！%b	
8e6426c11e	1	59	28	%b	この先のカムイコタンには、\n獣人の一族が住んでるって話だ。%b	
8f19625525	1	59	28	%b	それで修理に必要な物を探しているうち\nアレクトリア図書館で%b	
8ff5dced95	1	59	28	%b	ふゥ～ん・・・。\nじゃ、どうしてアンジュは捕まっているの？%b	
91198d8a9b	1	36	28		#2UU鮱皜UuU硤皛W-2UU鮱皜UuU硤皛W-2""	
9286effa42	1	59	28	%b	ここは、港町ヒガタ\nヤマタイの海の玄関と呼ばれているのさ。%b	
92b5d39d7f	1	59	28	%b	これもイクシーズと同じで、\n古代魔法文明の産物なのかなァ？%b	
94a47bdb8b	1	59	28	%b	お嫁さんにして、なの。\n一杯子供作って大家族で暮らすのね！%b	
9610d795d6	1	59	28	%b	ブロックって魔法があるでしょ。\nその使い方を教えてあげる。%b	
975a412771	1	56	28		ウチの防具は、どれを買うていただいてもソンはさせへんよ。	
982089b7e5	1	59	28	%b	弟をカダール軍に誘拐され、\nその行方を追ってはみたものの、%b	
99fe30fff9	1	59	28	%b	ヤマタイを解放できるし、\nリグロードも救えるってわけだね！%b	
9b4722aaa8	1	59	28	%b	あんた達は捜してもいないし、\nどうなることかと心配したよ。%b	
9b4986524f	1	59	28	%b	ここにガルマンオーブを置けば、\n光なす翼が復活するのだな。%b	
9b7efbcc08	1	59	28	%b	いよいよ敵の攻撃も強力になるはず、\n皆、気をつけていこう！%b	
9bb5f37df5	1	59	28	%b	アスカとの思い出の場所なの。\n甘い思い出にひたるの、なの！%b	
9bb8d045b6	1	59	28	%b	わーい、アスカ兄ちゃんだ！\nカダールをやっつけたって本当？%b	
9c017cac26	1	59	28	%b	あたしが見るところでは、\nそこにも何か仕掛けがありそうよ。%b	
9c2cefafd7	1	59	28	%b	そんなことは不可能だ、\nという諸君の心の叫びが聞こえるぞ。%b	
9d295b789e	1	59	28	%b	またのご利用をお待ちしております。\nおおきに、ありがとう。%b	
9d4f4a3ba3	1	59	28	%b	ここでお会いしたのも、\nお互い偶然では無いようでござるな。%b	
9d7997bf83	1	59	28	%b	まずはガルマンオーブってヤツを\n捜しに行くとするか・・・。%b	
9dee127140	1	59	28	%b	イシスのピラミッドとよばれる建造物が\nあるという話ですわ。%b	
9fd1ea78ef	1	60	28	%b	お？\n荷物がいっぱいのようだぜ。\nまた今度にしちゃどうだい。%b	
a0263989a7	1	59	28	%b	ゴジョウのホウショウ院は、\n古くからの歴史を持つ寺院だが、%b	
a11ad91544	1	59	28	%b	ところで、カダールから\nどうやってリグロードにきたんだい？%b	
a1dc1ded39	1	59	28	%b	でも、彼らを増長させたのは、\n我々カダール国民ですからね。%b	
a2c1ee117f	1	59	28	%b	そんで、強くなりたいんや！\n強くなって、皆を守りたいんや！%b	
a329233ef3	1	57	28		ありがとうございます。\nほかに何か買うものはございまして？	
a4ccc6dc2e	1	59	28	%z	%z拙者、強さを単純な力の大小と\n誤解しておったようでござる。	
a7652af58a	1	59	28	%b	あたしにそんなことを教えて\n一体、何をさせようってのさ？！%b	
a92e206c2b	1	59	28	%b	よくものうのうと、こんなとこで\n商売なんかしてやがったな！%b	
aabfac9f5e	1	60	28	%b	これで幻の霧も晴れて、\nいつでもここを\n通れるようになるね！%b	
adfbad1680	1	59	28	%b	現に、あいつらから受けた傷は、\nオレ達の体に残ってるだろ？%b	
aef2016417	1	59	28	%b	２階には、お母様の好きだった絵が\nかけてあったのに・・・。%b	
afa2dcf68b	2	59	28	%b	なんだか、いつもよりモンスターが\n凶暴に見えるけど・・・。%b	
b1abc4d391	1	59	28	%b	おやおや、君たちのためにキング君が\n死んでしまいましたね。%b	
b307454f50	1	59	28	%b	火薬工場の危険さは、\nこの村の人間なら誰でも知ってるハズ。%b	
b3f3403c59	1	59	28	%b	店に持っていけば、かなり高く\n買い取ってくれるんですって。%b	
b9bb41b75b	7	59	28	%b	へたすりゃ命を落とすかもしれんが\n勝ち残れたら一躍英雄だ。%b	
bbf1c736bc	1	56	28		どなたかお一人のステータス異常を回復することができます。	
bc27afdefa	1	59	28	%b	ナズナが痛いの痛いの飛んでけーって\nしてあげるの、なのね。%b	
bd05d6646a	1	59	28	%b	でしたら好都合です。\nおうかがいしたいことがあるのですが。%b	
be50504f0a	1	59	28	%b	もしかしたら、弟が\nこの中にとらわれているかもしれませぬ。%b	
be7359070a	1	59	28	%b	きっと彼らはそこから\n何か得たい情報があるのですわ・・・。%b	
be7870c886	1	59	28	%z	%zほ、ほ、本当なのなの？！\n本当にナズナでいいの、なのなの？	
bfe6a7a402	1	59	28	%b	海をウフフンと西か東へ向えば\nやがてリグロードにつくのン。%b	
c01cf408b1	1	59	28	%b	どうせなら、カダールの奴らみんなが\nいなくなればいいのさ。%b	
c2d8d368cd	1	56	28		各部の補強にドラゴンのウロコを用いた戦士用のよろいです。	
c49dfb0bdd	1	59	28	%b	確か破戒坊主悪天の言葉だったな。\n無法者気取りってワケか。%b	
c57e160cfd	1	59	28	%b	そうだね、助けに行かなきゃ・・・。\nでもどうやって・・・？%b	
c5a8047c3e	1	59	28	%b	罪は罪として、過ちは過ちとして、\nつぐないをするべきです！%b	
c5d48534ab	1	59	28	%b	このままカオスを増長させれば、\n世界が消滅してしまうんだ！%b	
c62b40a652	1	56	28		ダイブ系の技で、攻撃力は有りますがＭＰの消費が絶大です。	
c77936e74e	1	59	28	%b	【古代遺跡の鍵】は\n先代のクイーンズランド王が持っていたと%b	
c7d1ea6b92	1	59	28	%b	長老の言っていたとおり、\nマラカイトはあるのでござろうか？%b	
c7f5334bc9	1	56	28		空に高く舞い上がり、遠くまで攻撃可能な飛び込み攻撃です。	
c93c63ed0f	1	59	28	%b	７人委員会が何を企もうと、\n必ず、この手で叩き潰してやる！%b	
ca5050cd05	1	59	28	%b	熱く燃え盛る炎にも似た愛が\n二人の間で育つっていうことね？%b	
cb8ed474cc	2	59	28	%b	どうやら３つの大陸を\n一瞬に行き来できるシロモノらしいな。%b	
cba8e01d6f	1	59	28	%b	いや、やっぱりやめとくか・・・。\nでも、なにか気になるぜ。%b	
cdeec7e2d1	1	59	28	%b	どうなってるのよ、\nこんなこといままでになかったじゃない。%b	
ce522543c8	1	59	28	%b	確か、イクシーズに関する本を\n書かれたと、以前、聞いたな。%b	
cf26195321	1	59	28	%b	ふーむ、変わった味がするな。\n村では飲んだことがない味だ。%b	
cf5822ea26	1	59	28	%b	だから、あんまり使うと疲れはてて\n魔法を使えなくなるんだ。%b	
cf5e669680	2	59	28	%b	これと同じ物に乗って、\nボクはカダールまで飛ばされたんだ。%b	
cfdef7f0fe	1	59	28	%b	この超絶可愛い式神娘ナズナが\nあなたの式神になるの、なの。%b	
d0613bff1b	1	59	28	%b	あたしは、ア～ちゃんのことを\n忘れたことなんてないのにっ！%b	
d14b6c6c0d	2	57	28		まいどどうもありがとうございます。\nほかに何か買いますか？	
d1e32f4890	1	59	28	%b	しかし、あなた方には、\nまだ楽をさせるわけにはいきません。%b	
d24432d392	1	60	28	%b	だが、\n肝心のガルマンオーブとやらがなけりゃ、\n意味ねぇな。%b	
d2e7652a40	1	57	28		そんなに持てるわけないでしょ。\nムリはしない方がいいわよ。	
d2ea0587a7	1	59	28	%b	おっ、そっちの姉ちゃんは、\n知識が強まっているのだーゼ～！%b	
d3682b9e0d	1	59	28	%b	・・・っと、いっけない！\nこんなところで立ち話なんかして。%b	
d46599608b	1	59	28	%b	お兄ちゃんが帰ってくるまで、\n一人でお留守番できるでしね？%b	
d49041b8ab	1	56	28		身につけていると心が落ち着き、攻撃が当りやすくなります。	
d50d38942e	1	59	28	%b	倒れた枯木が橋がわりになって、\n谷が渡れるようになったよ！%b	
d5973b8389	2	59	28	%b	へぇ、例の空飛ぶ船のねえ。\nで、そいつがあれば直るのかい？%b	
d61da56d64	1	59	28	%b	なんか、台詞だけ聞いてると\n僕達の方が悪者みたいだ・・・。%b	
d6a571770c	1	59	28	%b	中でもタタラという名前のイニシエは、\n相当なスゴ腕らしい。%b	
d798271d89	1	59	28	%b	でもちょっと待ってよ、\nその二つの鉱石は一体どこにあるの？%b	
d828b8a94d	1	58	28	%b	だからって油断してると、思わぬところで危険を招くかもよ？%b	
d8d66e8518	1	59	28	%b	うう～ん、うるさいなぁ・・・。\nおちおち寝ていられないよ。%b	
daed704da6	1	59	28	%b	最近、西の森に出没する怪物共が\n前より凶暴になったようだ。%b	
db747ba83a	1	56	28		魔法をお使いになる方のための魔法攻撃から身を守る服です。	
dbea79432e	1	59	28	%b	俺様のビュリホーでワンダホーな姿が\n映っているのだ～ゼ～！%b	
dbeb3cb7b3	1	59	28	%b	少しだけど、動くみたい。\n何度か押してやれば開きそうだよ。%b	
dd03dc3c27	1	59	28	%b	そのとおりですわ。\nでも、敵に気を付けなければいけません。%b	
dd489195d9	1	59	28	%b	ウチの炉じゃ、こいつを扱えるほど\n温度を高くできないんだ。%b	
dd7e34dea1	1	59	28	%b	グラビテイの人々に\nくわしく話を聞いてみてはいかがかしら？%b	
dfe353a47a	1	56	28		火炎を投げつけ、落下と共に飛び散らせ、周囲に攻撃します。	
e041099f93	2	59	28	%b	今回の争乱は、もとはといえば、\nわたくしの国が原因ですわ。%b	
e0554304ca	1	59	28	%b	しまった、オレ様としたことが！\nあれは、幻の霧だったんだ！%b	
e08e7bd66a	1	59	28	%b	アースモールをガケの側で使うたら\n簡単に敵を落とせますえ。%b	
e1bf8efa65	1	59	28	%b	それは分からん。\n旅の途中、どこかで手に入るかもしれんな。%b	
e3b2cfa4fa	1	59	28	%b	ドラグーンとクィーンズランドを\n奇襲によって陥落せしめた。%b	
e56f0890b2	1	59	28	%b	天才たる俺様にとって、\nそれぐらい理解は簡単なのだーゼ～！%b	
e78c7a0b74	1	59	28	%b	アンジュによると、\nこのカダールを統治する集団なんだって。%b	
ea89183e40	1	59	28	%b	さて、ナズナが仲間になった以上、\nここにいる必要はないな。%b	
eb30b78efc	1	59	28	%b	とにかく、いよいよ、これで、\nリグロード大陸へ戻れるんだ！%b	
eba7001ed0	1	59	28	%b	今じゃ、その結界のおかげで\n通り抜けできなくなっちまった。%b	
ec43b1708a	1	59	28	%b	ったく、竜騎士ってのは、\nツラの皮が相当アツいらしいなっ！%b	
eccfed94a8	1	59	28	%b	この先が星陵郭だったよね。\nよし、気をゆるめずに行こうよ。%b	
ececefa9b5	1	59	28	%b	ちなみに、わたくしの父が、\nそこの館長を務めていますのよ。%b	
efb22adc20	1	60	28	%b	竜になれば、\nかわのなかにいる敵の所まで、\n飛んで行けるぞ！%b	
f06693064f	1	59	28	%b	よくもまぁ、これだけ雑多な人々を\n一緒に扱えるものですな。%b	
f1bc3dec94	1	59	28	%b	・・・ガルザード兄さん。\n迎えに・・・きてくれたの・・・。%b	
f2f2ae5278	3	57	28		金が足りないようだ。\n悪いね、こっちも生活かかってっから。	
f36728dd7c	1	59	28	%b	・・・実は、私もね、\n戦闘にはちょっと自信があるんですよ。%b	
f3872c5ba4	1	59	28	%b	それで、ゲテン城で消えちまってから\nどこでどうしてたんだ？%b	
f3d00a288d	1	59	28	%b	けど、聞いた話じゃ、\n洞窟に結界が張られて先に進めんとか。%b	
f44feb674a	1	59	28	%b	７人委員会の命令で、\n許可なく船を出すことができないんだ。%b	
f55d7b916c	1	59	28	%b	アレクトリア大図書館の館長の座は、\nアンジュ、お前に托す。%b	
f5d597de06	1	59	28	%b	わたくしを腕ずくで排除できるような\n実力の持主がいまして？%b	
f62b12005e	1	59	28	%b	ここには【蓬莱の珠】が\nぴったりはまるようになってやがる。%b	
f6382f9231	1	59	28	%b	坂道があるでしね。\n各個撃破されないように気をつけるでし。%b	
f6430d523d	1	59	28	%b	古代魔法文明は、\nどうして滅んでしまったのかしらね・・・。%b	
f69f41d10d	1	59	28	%b	私のことはどうでも良い！\n世界を救いなさい・・・アンジュ！%b	
f7084ef94e	1	59	28	%b	イガの里っていうのは、\n要するに人の住んでるところでしょ。%b	
f734648b2b	1	57	28		ありがとうございます。\nほかに何か売るものはございまして？	
f803212bf8	1	59	28	%b	不満と見ましたが、\nそんなことを気にする必要はありません。%b	
f86eeaed51	1	59	28	%b	・・・おや、ミュウの姿が見えないね？\n一体どうしたんだい？%b	
f90ffd55ed	1	59	28	%b	さて、どうだかな？\nここの政治はちょいと複雑らしいからな。%b	
f9c46a2924	1	59	28	%b	ホークアイの弟ファルコの所在も\n確認できるって聞いてるゼ！%b	
f9fa637641	1	59	28	%b	自分達だけ助かろうと思って\nやったことじゃないのに・・・。%b	
fa12b65b40	1	59	28	%b	海に浮かぶ船みたいなものを\n思い浮かべてたんだけど・・・。%b	
fae6d70971	1	59	28	%b	おばちゃんがもう少し若かったら、\n立候補するんだけどねェ。%b	
fb39636db2	1	59	28	%b	もし【フライサー】の魔法を\n使うことができるでござるなら、%b	
fb8980ea71	1	59	28	%b	なんでも時折、人が違ったような\n言動をすることがあるとか。%b	
fbb28c95ce	1	56	28		本から巨大な剣が出現し落下、敵を串刺しにしてしまいます。	
fc16dda026	1	59	28	%b	禁止されていることなんだけど、\n誰も文句が言えないんだよ。%b	
fd15ab19ab	1	58	28		きゃはっ、お客様だわっ☆\nいらっしゃいませぇ。\n何にします？	
fd1d4db64e	1	59	28	%b	７人委員会が倒されたらしい。\n平和な世界がやってくるんだ！%b	
00f3abe639	1	57	27	%b	さっきの仕掛けは、\nこの橋をかけるためだったのだ～ゼー！%b	
013a44c0de	1	57	27	%b	カダールの兵隊が、この周りを\nうろつくようになりました。%b	
02771160dd	1	57	27	%b	野獣と申しましても、\n甘く見ると手痛い目にあいましてよ。%b	
02d3f5dc85	1	54	27		敵を飛び越えながら、空から混乱の音波をまき散らします。	
061a997aa0	1	57	27	%b	アワワワ、えらいこっちゃ、\nどないしよ、えらいこっちゃ。%b	
06cb5a42d2	4	57	27	%b	ふふ、自信があるってんなら、\n運試ししてみちゃどうだい？%b	
07e4a060bc	1	57	27	%b	この人は、きっとボク達の戦いに\n役立ってくれると思うよ！%b	
087ebad4ec	1	57	27	%b	お前達には申し訳ないが、\nしばらくの間、イガの里を頼む。%b	
08bebaa11a	1	57	27	%b	ここには【八坂の勾玉】が\nぴったりはまるようになってる。%b	
09666908fc	1	57	27	%b	まさか、滝の裏側が入口になってるなんて\n思わなかったよ。%b	
09815c7889	1	57	27	%b	この老人をあわれとお思いなら、\nどうか帰ってきて下され。%b	
09e95f300c	1	57	27	%b	では、力とは、何だ、アスカ？\n何のために力が必要なんだ？%b	
0a4d8c5a85	2	57	27	%b	こいつが爆発すれば、\nあたり一体をぶっとばすってワケか。%b	
0e63559ec8	1	57	27	%b	どうしてユーカリさんを\nカダール軍に渡そうとしていたの？%b	
0e9a833519	1	57	27	%b	まったく、怖いなら怖い、\n嫌なら嫌といえばいいんですよ。%b	
0fec3190e3	1	54	27		聖騎士と呼ばれる特別な騎士たちが愛用した強力な剣です。	
0ff907f256	1	57	27	%b	港には人影もなく、\nただ、風だけが吹きつけている・・・。%b	
10cbf39d27	1	57	27	%b	北か南にアハハンと向えば、\nカダールへたどりつくのよン。%b	
115df136d4	1	55	27		そんなに持てないようですじゃ。\nどうかムリはなさらずに。	
123c27073b	1	57	27	%b	あちこち傷んでいるけど、\n修復不可能ってわけじゃ・・・。%b	
153098e6b9	1	57	27	%b	・・・私のような者でも、\n死ねば平安を得られるだろうか。%b	
17235c5fc2	1	57	27	%b	その子の雰囲気が、\n妹のヨモギになんとなく似てるんでな。%b	
188a4c1919	2	57	27	%b	もとはといえば、\nミュウの国を助けるために来たんだもの。%b	
190305428f	1	57	27	%b	カダール軍が集めた学者の中には、\n鷹人間がいたそうだよ。%b	
190d7c0dfb	1	57	27	%b	俺っチにそんなことを教えて\n何をさせようというんでしか？%b	
19388cbcba	1	57	27	%b	もう、ボクのことを\n心配してくれる人はいないんだ・・・。%b	
193ec93e4c	1	57	27	%b	ハイランドにいくには、\nここから出なければなりませんわ。%b	
19d135e641	1	57	27	%b	・・・カダールのこと、\n結局みんなに話せなかった・・・。%b	
1a04546560	1	51	27		アダルトタッチで敵一体に大ダメージをあたえます:-)。	
1a7cdab910	1	57	27	%b	カダールの連中とモメちまって、\nケガをさせられちまった。%b	
1ad090e369	2	55	27		金が足りないようね。\nうちは慈善事業じゃないんだからね。	
1ba3cfb16b	1	57	27	%b	これを付けて修行すれば、\n素早さがメキメキ上がるらしい。%b	
1bc86c92ea	1	57	27	%b	みんなは先に村に戻っていてくれ、\n子供達は必ず助けだす。%b	
1c31f74a7d	1	57	27	%b	そして、次元の扉の封印もまた、\n解かれようとしています。%b	
1c5c1cf3dc	1	57	27	%b	７人委員会様の目的とは、\nずばり、歴史の中に埋もれていた%b	
1cc06f7715	1	58	27	%b	早くみんなと一緒に\n暮らせるようになるといいね\nカムイ様。%b	
1d9506cda3	1	51	27		凍てつくような水流を発射し、1/4の確率で凍結します。	
21a34e9740	1	57	27	%b	ここを下れば港町ポポロンへ\n出ることができるはずですわ。%b	
225da6cb56	1	57	27	%b	ゲテン城に乗り込んで\n城を奪い返した連中がいるらしいよ。%b	
23a1851ca1	1	57	27	%b	誰かが誰かを好きになるって、\nそんなに大事なことなのか？%b	
248b5f240a	1	57	27	%b	お互いの頭が冷えるまで\n待ったほうがいいんじゃないかな。%b	
25f1fde044	1	57	27	%b	試練の迷宮ってのが、\n実際どういうものかは知らないけど。%b	
287fc13e51	1	57	27	%b	７人委員会の暴走には、\nそういうワケがあったのね・・・。%b	
29521c7790	1	57	27	%b	運命の人に出会うための、\nひとりぼっちだったの、なのね！%b	
2ab6a9ea81	1	57	27	%b	どうやら、７人委員会の連中は、\n全世界の人間を抹殺して、%b	
2cae5475b6	1	57	27	%b	俺様の加入で、戦力は一気に\n強まりまくって倍増だ～ゼー！%b	
2d1dadd2b7	1	57	27	%b	ア～ちゃんは、そうだね。\nそんなことは絶対許さないよね。%b	
2d448bd1a7	1	57	27	%b	では、この不潔な場所から\n退出することにいたしましょう。%b	
2d852c32a4	1	57	27	%b	だけど、これで本当に、\n世界は元通りになるのかな・・・？%b	
2f0621edbf	1	55	27		やめちまうんですかい。\nんじゃ、ほかに何か用はあるかい？	
2f737b38d1	1	57	27	%b	されば、シラナミ嬢に見せるのが、\n一番適切でござろうな。%b	
2fd61cbbc4	1	57	27	%b	カダールの連中ときたら、\n同じ人間とはとても思えないわ。%b	
2ffdcfe67b	1	57	27	%b	こんなものがあるなんて、\nわたくしも初めて知りましたわ。%b	
31b3543d9c	1	54	27		投げた敵に飛びつき、地面にまっさかさまに叩きつけます。	
32c1a5ce5e	1	57	27	%b	されど、今は壊れておるゆえ、\nとても飛べそうにござらん。%b	
32d8c580a0	1	57	27	%b	あーあ、どこかで、\n【ヒヒイロカネ】が手に入らないかな。%b	
340ba04ca4	1	57	27	%b	結界洞が封印されてたら手が出せへん。\nほんま、腹立つわ。%b	
342287ca81	1	58	27	%b	王女様！\n裏切り者かどうかなんて、\nどうでもいいんですよ。%b	
362df9fdf4	1	57	27	%b	やっぱりここに置く物だったみたいだ。\nぴったり収まった。%b	
37cfccaffa	1	57	27	%b	カダールのヤツらを、\n誰か追い出してくれんやろか・・・。%b	
37d5b4f65d	1	57	27	%b	ちょろいもんさ。\nイガ最強のシノビの名はだてじゃないぜ！%b	
3ab627f47f	1	57	27	%b	ここでドラグーンについて\n情報を得られるかもしれないよ。%b	
3b737e4292	1	57	27	%b	アスカ兄ちゃんのばかっ！\n僕達を裏切るつもりなんだろう！%b	
3b792a3bb2	1	57	27	%b	７人委員会が倒されたおかげで、\n世界に平和が戻るだろう。%b	
3bb729f6d4	1	58	27	%b	伝承にいわく、\n光なす翼を奉りたる祭壇に\n魔法球供うべし。%b	
3c949838e7	1	57	27	%b	なにをはめるのか、どこにあるのか、\n誰も知らんのじゃよ。%b	
3e2e4f4cbe	2	57	27	%b	カオスの力の影響を受けて\n凶暴化しているみたいだ・・・。%b	
3f42de6d24	1	57	27	%b	幸い、我々にはイクシーズ号が\n残っていることでもあるし。%b	
4029e51111	1	57	27	%b	うまく人質を助けだせたら、\nア～ちゃん誉めてくれるかな？%b	
408d316c18	1	57	27	%b	我らの世界征服の行方が・・・\nどうなるかも分からず・・・%b	
417d4fe81d	1	57	27	%b	今ごろは、きっとカダールに\n占領されてますのんやろうね。%b	
42014978a9	1	57	27	%b	おや・・・ミュウの姿が見えないね？\n一体どうしたんだい？%b	
4222119a74	1	57	27	%b	ミュウ様、ラスティ様、ナズナ様、\nお頭のことを頼みやす。%b	
427b3e22f2	1	57	27	%b	ち、違うってば！\nそういう意味じゃなくて、だから・・・。%b	
43761b9ffc	1	57	27	%b	マラカイトだね、\nわかった、きっとさがしだしてみせるよ。%b	
43fc905513	1	57	27	%b	刑が定まるまで、自分の行いを\nこの中で反省するのですな。%b	
43ffb4bcfa	1	57	27	%b	危ないところを助けていただき、\nありがとうございました。%b	
4726910a03	1	57	27	%b	盗人の上前はねようなんざ、\nちゃんちゃらおかしいんだよ！%b	
47ea9d1142	1	57	27	%b	そんなことしたら、\nディアーネ船長に殴られちまいまさァ。%b	
492aa9ed18	1	57	27	%b	不本意ではござるが、\nここはミュウ姫様と皆にお任せ申す。%b	
4aac6ac20f	1	57	27	%b	だが、【ヒヒイロカネ】は\nほとんど見つからない幻の金属。%b	
4adba14b98	1	57	27	%b	どうやら、ここには【天邪の鏡】が\nぴったりはまるようだ。%b	
4d104bb6fd	1	57	27	%b	おい、確かヒガタに\nディアーネとかいう女船長がいたよな？%b	
4e36d72216	1	57	27	%b	ホウライ山の化け物は、\n登りにブッ倒したばかりだからな。%b	
4fb35104f0	1	57	27	%b	認めたくないけど、シラナミなら\n何か分かるかも、なのね。%b	
5046552581	1	57	27	%b	ミュウ様こそ、\nあたし達ドラグーン国民の希望の星ですわ。%b	
53eb666e09	1	57	27	%b	忍者屋敷から仲間を助け出した時の\n話を聞かせておくれよ！%b	
5555adbc5d	1	54	27		火炎を伴う剣で敵を攻撃する技です。対空攻撃が可能です。	
5625a1bef5	1	56	27	%b	一度、村に戻って、装備を整えた方がいいかもしれないね。%b	
571e4c986c	1	58	27	%b	この俺様の、\nすばらしく良く強まった\n魔導の腕がなければ、%b	
574065364c	1	57	27	%b	必ず、こいつを倒して、\nドラグーン城を取り戻してみせる。%b	
5746ec4e36	1	57	27	%b	人の上に立つからといって、\n心が傷つかないわけじゃない。%b	
5788b6bf96	2	57	27	%b	その水晶に触れれば、\n再びカカルクランに行けるでしょう。%b	
582a8f77d2	1	54	27		荒れ狂うプラズマを産み出し、敵に向かって叩きつけます。	
5b42584937	1	57	27	%b	お、お父様はそのことを\n存じていらっしゃったというの！？%b	
5bfca94e22	1	54	27		所有者の運を高める剣です。武器としての効果も十分です。	
5bfed9443a	1	57	27	%b	まぁ、とりあえず、\n茶でも飲んで気持ちを落ち着けようぜ。%b	
5c1aa25795	1	59	27	%b %h	突然、アーヤの無防備な背中めがけて、\n殺気が押し寄せた。%b%h	
5c51323bfc	1	57	27	%b	注意：荷物は押すことができますが\n引くことはできません。%b	
5c81a1d5ba	1	57	27	%b	・・・その件に関して、\n申し上げられることはありません。%b	
5e26db356b	1	55	27		おやおや。\n残念だけど、お金がないんじゃ、売れないねぇ。	
5ea91da949	2	57	27	%b	アスカ～、大丈夫なの、なの？\nケガとかしてないの、なの？%b	
5fe8f8bdb4	1	57	27	%b	どうやら、ここには【蓬莱の珠】が\nぴったりはまるようだ。%b	
612d66a2a4	1	57	27	%b	ボクが【竜変化】で変身するから、\n向こうの敵は任せてよ。%b	
6134d65e68	1	57	27	%b	どうやら、アスカが裏切ったって話は、\n誤解だったみたい。%b	
620f6688f2	1	57	27	%b	・・・カムイ・・・。\n少しだけ、泣いてもいいかな・・・。%b	
632d9ff394	2	57	27	%b	よぉし、そうと決まれば、\nオルトマに向けて全速前進だよ！%b	
635b624c8a	1	56	27	%b	どうやら、この扉には、なにか仕掛けられているみたいだ。%b	
63c650b35c	1	57	27	%b	アレクトリア大図書館が、\n適任だと思うんですがね・・・。%b	
6418692212	1	57	27	%b	何か仕掛けがありそうだけど、\n今は打つ手がない・・・か。%b	
6549d964c9	1	57	27	%b	で、どうでしょう？リグ２体験版、\n面白かったでしょうか？%b	
6753ad730d	1	58	27	%b	アスカ様、\nいつになったらイガに\n戻ってらっしゃいますの？%b	
68772b4530	1	57	27	%b	では、次元の扉を開けます。\n同行する仲間を選んで下さい。%b	
69bb60f5fe	1	57	27	%b	リグロードもカダールに\n相当痛めつけられているらしいな。%b	
69e3c1a945	2	57	27	%b	あれは、７人委員会！\n・・・そう、そういうことでしたの。%b	
6a4a4b1aa1	1	57	27	%b	盗むのはお宝ばっかりだったけど、\nこういうのも面白いね。%b	
6a569736e8	1	37	27		視点５---------離れた斜め視点--------	
6ae0be8951	1	57	27	%b	今度はあなたが、\nミュウさんやラスティさんを手伝う番よ。%b	
6c95a8441a	1	57	27	%b	・・・だが、もしかしたら、\nどこかで役にたつかもしれん。%b	
6e7d92e1d4	1	57	27	%z	%zクィーンズランドの王子、ラスティ！\nミュウを、頼んだぞ！	
6e7deb50af	1	57	27	%b	最強のシノビ集団月組の復活を\n願う人は少なくないですわ。%b	
6f20972d70	1	57	27	%b	さっきから、ドラグーン城の方が\n何か騒がしいようですが、%b	
6f6baedd57	1	57	27	%b	女義賊のシラナミ～！？\nもしかして、アスカの知合いなの？%b	
6f75769420	1	51	27		本の中から闇の者がささやき、1/8の確率で混乱します。	
70a51d70c7	1	57	27	%b	そんなワケで、今は、\n仕事する気にもならないってワケさ。%b	
7355153f7d	1	57	27	%b	この町の東にある断崖は、\n大地の叫びって呼ばれてるんだ。%b	
7363c0a1ab	1	57	27	%b	善人ぶるつもりはねぇが、\nオレも黙っては見過ごせないぜ。%b	
753d71cc4b	1	57	27	%b	あたしなんか、喧嘩したくても\n身内なんかいないんだから。%b	
75686dd367	1	57	27	%b	こうやってのんびりできるのんも、\n平和やからこそですわ。%b	
759113da86	1	57	27	%b	入れない事だけは確かね。\nともかく、イガの里を目指そう。%b	
75f67ae8fe	1	57	27	%b	カオスの力が、こちらの世界に\n影響を及ぼすのを防ぐため、%b	
773dfb254d	1	57	27	%b	技と技の融合は、\nいろいろと試してみるしかあれしまへん。%b	
7761ad5cc7	1	57	27	%b	橋も何もないじゃないか・・・。\nどうしよう・・・ミュウ？%b	
78269660bb	1	59	27	%b %h	正と負、暗黒と光が重なる際、\n大きな力を生み出すように、%b%h	
7ca639eb11	1	37	27		視点６---------斜めの近い視点--------	
7ea8bd87b9	1	57	27	%b	だから・・・ゲートキーは\nあなたがたの手には渡せません。%b	
7f6a376502	1	57	27	%b	実はその腕前をみこんで、\nあなたのお力を借りたいのです。%b	
81a5fd33a1	1	57	27	%b	ぱふぱふっと北か南にむかえば\nカダールにたどりつくのヨ。%b	
82185e7564	1	57	27	%b	金が足りやがらんぜよ。\n銭の花は白いけど根は赤いどすえ。%b	
8251a1fd9f	1	57	27	%b	その天才が何だって\nこんなとこに閉じ込められてたんだよ？%b	
82a229c511	1	57	27	%b	とりあえず、\nあそこまでたどり着けば、こちらのものだね。%b	
850207d75d	1	57	27	%b	あーあ、まだ若いのに、\nきっと殺されてしまうんやろなぁ。%b	
852000eed4	1	57	27	%b	オレは、オレを信ずる者を\n犬死にさせたことは一度もない。%b	
85f26c0459	1	57	27	%b	ミュウが・・・消えた・・・！\nガルザードと一緒に・・・？%b	
86602a28a1	1	37	27		視点７---------クォータビュー--------	
86bf44087b	1	57	27	%b	アンジュさんには、\n危ないところを助けていただき・・・。%b	
872815a7fa	1	57	27	%b	ミュウを助けだしに行くんだろ？\nとっとと済ましとくれよ！%b	
87305a1f1e	1	54	27		格闘術の入門書です。装備すると防御力が少し上がります。	
8805180195	1	57	27	%b	あっし達を閉じ込めておけるような\n牢なんてありませんぜ！%b	
88f8951641	1	54	27		白金を加工して作られた、非常に高い防御力を誇る盾です。	
89dc767bde	1	57	27	%b	よし、ついたぞ！\nここにガルマンオーブを置くんだったね。%b	
8be59c1eae	1	57	27	%b	物語の中でのみ語られるその切れ味は\n相当なものらしいね。%b	
8bffae910e	1	56	27	%b	そうすれば、橋がなくても、キミ達は向こう側に行けるよ。%b	
8c755fdab6	1	54	27		敵に木の実を投げつけて攻撃します。対空攻撃が可能です。	
8c992b3f73	1	57	27	%b	７人委員会の命により、\n許可のない船の発着を禁止します。%b	
8ce2a82ce7	1	57	27	%b	いかにも、その手の本は、\n弟がいくつも書いており申した。%b	
8de6c2698a	1	57	27	%b	ただいま倉庫番募集中！！\n気の短い人・頭の悪い人お断り。%b	
8e4128ab35	1	57	27	%b	闘技場の扉は全てを拒むように\nしっかりと閉じられている。%b	
8ee9246df0	1	55	27		ようこそおいでくだされた。\nして、何をお求めでござるか？	
8f3abedc70	1	57	27	%b	きっと、今ごろは、\n最強のシノビ、月組に入ってるやろな。%b	
9103a53d3f	1	57	27	%b	平和になったことだし、\nそろそろそっとしといてやろうぜ。%b	
91de60c0cb	1	57	27	%b	特別にリグロードサーガとか\nリグロード戦役って呼ぶよね。%b	
92fc3e82a0	1	57	27	%b	最近、館長の様子がおかしいと、\n館内でもっぱらの噂です。%b	
942ed3e98b	1	57	27	%b	カダールのヤツらが襲ってきても、\nボク、泣かなかったよ。%b	
944d6aaea8	1	57	27	%b	地面を自由に掘り下げて、\nこっちの足をとめるらしいわよ。%b	
950dc86b88	1	57	27	%b	どうやら、この扉には、\n何かの仕掛けがされているようだ。%b	
96c0f387a0	1	57	27	%b	クリカラ村が、無くなってる！\n・・・何があったんだろう？%b	
976b6a115a	1	57	27	%b	委員会の目的が、\n古代魔法文明時代の失われた技術の復活と%b	
97ace2adb6	1	57	27	%b	カダール兵をやっつけて、\nはやく彼女の手当をしなくちゃ！%b	
97d5a5dee5	1	56	27	%b	なんだか、リグロードのオルトマと雰囲気が似てる・・・。%b	
98fe780435	2	57	27	%b	敵を全部やっつけないと、\nこの先にはすすめそうにないよ！%b	
994f8977d1	1	54	27		相手もしくは味方の持つＨＰを１０％～５０％吸収します。	
9989291f29	1	57	27	%b	どうやら隠されていた出口が\n姿をあらわした様子でござる。%b	
9ab6fee793	1	57	27	%b	おかげでアスカは月組のシノビ達を\n助け出せたそうですわ。%b	
9c1e063c06	1	54	27		相手もしくは味方の持つＭＰを１０％～５０％吸収します。	
9c4bf0383a	1	57	27	%b	イクシーズでは２種類の鉱物が\n重要な働きをしているんだ。%b	
9c78472f5b	1	57	27	%b	人間以外の種族ってのは、\nそんなに珍しいことじゃないわ。%b	
9cf0d6f464	1	57	27	%b	・・・いらないって言っても\nどうせついて来るんでしょう？%b	
9d090b30a7	1	57	27	%b	つまり、ムサシ爺っちゃんと\n一緒に戦った竜騎士の子孫か？%b	
9d09b8e2d0	1	57	27	%b	みんな、体力の消耗に気を付けて！！\nそれじゃ、いくよ！！%b	
9dd7a43578	1	57	27	%b	といっても、今は何の役にも\n立ちはしないのでしょうけど。%b	
9df95ed1be	1	57	27	%b	世界は平和になったっていうのに、\nわたしってば不幸だわ。%b	
9e4329a2b3	1	55	27		そんなに持てやしないわよ。\nまったく、欲が深いんだから。	
9fba374d0e	1	57	27	%b	とにかく、諸君に我らの邪魔を\nさせるワケにはいかんのだ。%b	
a055f8feae	1	83	27	%H %m1 %V100 %m0 %s3 %V0 %b	%H%m1%V100［%m0%s3%m1］%V0%m0\n里の連中は、\n俺のことを完全に裏切り者と思ってるな。%b	
a2e3e0628a	1	54	27		卍型の手裏剣で敵を切り裂く技です。対空攻撃が可能です。	
a336c73292	1	57	27	%b	私も「鳥の精霊」で、\n鳥に変化した方が良いのだろうか…？%b	
a59c2de651	1	57	27	%b	王子、早く帰ってきて、\nわたくし共を喜ばせて下さいませ。%b	
a5b439feba	1	57	27	%b	なんでも、そいつは、\n【山嵐】って投げ技を使うらしいゼ。%b	
a5e9d78de7	1	57	27	%b	海を西か東へ進んだら\nそのうちにはリグロードにつくやろ。%b	
a61c11f12f	1	57	27	%b	まぁ、私だって\n無駄に年を重ねているわけではないんでね。%b	
a788d7092e	1	57	27	%b	実は、ドラグーン王国をはじめとする\nリグロード大陸全体が%b	
a7c772a3fe	1	57	27	%b	・・・すまない。\nミュウ、ナズナ、つい熱くなっちまって。%b	
a7f9ba77a0	1	57	27	%b	この町の武器屋と防具屋を経営してるのは、\n鷹人間なのよ。%b	
a8ea80d6a0	1	57	27	%b	ここをカダール軍ガルザード様の\n居城と知ってのことかっ！%b	
a95284a6f7	1	57	27	%b	どうも、ただの洞窟ってワケじゃ\nないんだろうけど・・・。%b	
a99b3b9318	1	57	27	%b	そこにはリグロード戦役の英雄の子孫が\n住んでいるらしい。%b	
aab995d0f0	1	57	27	%b	ドラグーンの竜騎士ミュウです！\n皆さんを助けにきました！%b	
ad5e9288ae	1	58	27	%b	もうしばらく、\nお兄ちゃんのワガママを\n許してほしいでし。%b	
ae7d5336d5	1	57	27	%b	カダールをやっつけるのんに\n協力してるっちゅう話やけど。%b	
af3f8cdb3d	1	57	27	%b	でも、ガルマンオーブがないから、\n今は何もできないんだ。%b	
af4b03175c	1	57	27	%b	悪い女にひっかかったりしないように\n見張ってて下さいよ。%b	
af6546e160	1	57	27	%b	でもカギがかかってるみたいだよ。\nシラナミちゃん、どう？%b	
b005be9690	1	57	27	%b	カムイ様はワシらカムイコタン一族を\n束ねる族長ですじゃ。%b	
b055f952cf	1	57	27	%b	なにかとてつもないことが、\n起こってるのんと違うやろか！%b	
b0e06acc7a	1	57	27	%b	大地の叫びができる時に、\nものすごい音と震動があってさ。%b	
b1831a4d7e	1	57	27	%b	店の主人の姿はなく、\n店内の惨状がすべてを物語っている。%b	
b23ab12612	1	57	27	%b	・・・大丈夫だよ。\n無事に母親のところに送り届けるから。%b	
b286c74142	1	55	27		金が足りないよっ。\n財布が重くなったらまた来ておくれっ。	
b398fe1980	1	57	27	%b	よし、ここはオレの出番だな！\nシノビの技を見せてやるぜ。%b	
b4ad1f1bcf	1	57	27	%b	多少の犠牲は、\nそれこそ大事の前の小事というもの・・・。%b	
b502fdb544	1	57	27	%b	こんな魚臭い港町に閉じ込められて\nどこにもいけやしない。%b	
b5ed7443da	1	54	27		気を練り上げ、次ターンでの賢さを１．５倍まで高めます。	
b74bd208d4	1	57	27	%b	イガ最強の名が泣くぜ！\nくそったれの罠にはまりやがって！%b	
b82cc7ef0b	1	57	27	%z	%zオレには、まだ早いぜ。\nすまねぇが、選ぶことはできねぇ。	
b89ac385c5	3	55	27		そんなに持てないだろう？\nムリはしない方がいいと思うぜ。	
bac975d99b	1	57	27	%b	・・・アレクトリア大図書館の\n安全を得ていたのだ・・・。%b	
baee5ab682	1	57	27	%b	ボクが強かったら、\nカダールの連中から、皆を守れるのに。%b	
bb1115cb19	1	57	27	%b	火薬庫に火をつけたのは、\nカダールの手の者だって言うぜ。%b	
bc7a44953c	1	57	27	%b	とっておきの情報なのに、\nあんまり驚かないんだね・・・？%b	
bc872ce056	1	57	27	%b	グラビティに行く前に\nイクシーズについてもっと調べよう。%b	
bd062d47cf	1	57	27	%b	今度こそ、頑張ってここを切り抜けよう。\nじゃ、いくよ！！%b	
bd113848da	1	57	27	%b	じゃあ、あたしは一足先に行って\n船の準備をしとくからね。%b	
bd31f5b097	1	57	27	%b	こういうの、流行語で、\nハレハレガッコンっていうのよね。%b	
bda3145884	1	57	27	%b	まぁ、何にしろ、\n今すぐ行動開始ってわけにはいかないな。%b	
bde0ec1aea	1	57	27	%b	お父様の魂が、７人委員会の思念に\n捕らわれているのです！%b	
bf0eb45a64	2	57	27	%b	アスカを傷つける人は、\nこのナズナが許さないの、なのね！%b	
bf2362f4dd	1	57	27	%b	・・・では、今度こそ、本当にさらばだ、\n我が最愛の娘よ。%b	
bffcadd281	1	57	27	%b	ボク達の敵は、７人委員会！\n今は、やつらを倒すのが先だ。%b	
c556aca5f1	1	57	27	%b	なぁに、ちょいとした仕掛けが、\nあたしの船にはあるのさ。%b	
c56de87340	1	57	27	%b	ここでパンチが飛んでこないと\n寂しくていけねぇな・・・。%b	
c5ce935b13	1	57	27	%b	なんだか嫌な予感がするわ。\nもしかして、女のカン・・・？%b	
c646ffb273	1	57	27	%b	ちょっとつきあってれば、\nどう動くか丸わかりなんだもの。%b	
c84f22ebe0	1	58	27	%b	大自然のおしおきヨ\n・・・というワケでは\nなさそうですな。%b	
c914b4d3d9	1	57	27	%b	へばってる場合じゃねぇぞ！\nみんな、この先が星陵郭だゼ！%b	
c94e92cb98	1	57	27	%b	うれしいぞ、うれしいぞ、うれしいぞ。\n平和になったんだ！%b	
c986837859	1	57	27	%b	リグロード戦役の英雄、\nヘクターの像を破壊したそうです。%b	
c99a5f0a58	1	59	27	%b %h	海底神殿と呼ばれる信仰の対象となり、\n現在に至っている。%b%h	
ca2a60dd3c	1	54	27		空から舞い下りて、敵を飛び越えつつ衝撃波で攻撃します。	
ca77179d48	1	57	27	%b	あなた達が何を成すか、\n見届けてみたいものですが・・・。%b	
ca99c3bd36	1	57	27	%b	文献が詰め込まれてるのは\n館長室だけではありませんもの。%b	
cb8121c464	1	57	27	%b	この枯木には、何かがありそうだ。\n押してみようか・・・。%b	
cbeda037b1	1	57	27	%b	これがあれば古代遺跡にて\n我が弟の所在も確認でき申そう。%b	
cbf15a76bc	1	54	27		３体の分身が同時に敵を攻撃します。対空攻撃が可能です。	
cc4db9222b	1	57	27	%b	坂道では足並みをそろえないと、\n各個撃破されかねないぞ。%b	
cc92605b05	1	57	27	%b	奴等を倒していくしか無いようだな。\nでわ、いくとするか。%b	
cd0124f987	1	57	27	%b	私には、いえ、この世界全体にとって、\n時間がないのです。%b	
cda39eb8e4	1	54	27		時とともにＨＰを回復してくれるすばらしいアイテムです。	
cdf5fb838c	1	57	27	%b	部屋がなくなってる・・・\n地の底に落ちてしまったのかな。%b	
ce40b1d4fb	1	58	27	%b	見知らぬ者よ、\n今、このときのみでよい、\n力を貸してくれ！%b	
cf69621a93	1	56	27		ここからドラグーン城へ向かう途中に\n落ちてた大きなアレ、\n	
d0aa6e9610	1	57	27	%b	７人委員会の行動は、\n全世界に混乱と破壊をもたらすもの。%b	
d104b00793	1	57	27	%b	オルトマとザルマを結ぶ街道の中間地点\n西の森の近くだよ。%b	
d3af1ba389	1	57	27	%b	・・・でも、神々は何に\n怒ってらっしゃるのかしら・・・。%b	
d61bccbce9	1	57	27	%b	こんなことは初めてだよ。\nいったい、何が起こってるんだ？%b	
d6abd56125	1	57	27	%b	言い忘れてたけど、\n橋に爆薬がしかけられてるらしいのよ！%b	
d6b3e4fe97	1	57	27	%b	わしの可愛い子供達を\n傷つけさせるようなことはさせぬぞ！%b	
d6b67d931c	1	57	27	%b	オレの親父が生きてた頃には、\nあんたのところの親父とは、%b	
d781690d8c	1	57	27	%b	しかし、熱き死の砂とは、\n一体どこのことなんでしょうね？%b	
d847e856cc	1	55	27		なんやねん、そんなに持てへんやん。\nやめとき、やめとき。	
da15d28e9f	1	54	27		敵を粉砕する衝撃波を発生させます。対空攻撃が可能です。	
dc1739a069	1	57	27	%b	「看板は表かや見まちょう」か。\n子供の落書だな、こりゃ。%b	
dc3e7999de	1	57	27	%b	敵には構わずに\nとにかく橋の向こうまでたどりつかなきゃ！%b	
dc779a283a	1	57	27	%b	そんな当り前のことが、\n実感として分かっているからじゃ。%b	
de22d97d80	1	57	27	%b	どうにか逃げ出せたみたいだ。\n武闘司書って、強いんだね。%b	
de4365504f	1	57	27	%b	壊さない方がよさそうだと思うけど？\nどう思う、ラスティ？%b	
e01ae3793c	1	57	27	%b	大変や、ああ大変や、大変や。\nうーん、よろしいおすなぁ。%b	
e080fb1d4b	1	57	27	%b	でも今は壊れてるのだ～ゼー！\n飛べそうにないのだ～ゼー！%b	
e0b8ab60ed	1	57	27	%b	こういった魔法力の結晶によって、\n古代魔法文明時代には、%b	
e1064c1340	1	57	27	%b	ドリーム・ラビリンスは、\n近づいてはならない禁断の場所。%b	
e46a99b4dc	2	57	27	%b	ええい、カダールに刃むかうとは、\nなんという愚か者達よ！%b	
e5416d3c66	1	57	27	%b	ホークアイさん、\nミュウ様の家来になる決心はしましたの？%b	
e66d822473	1	57	27	%b	皆さん、どうか、勝って下さい！\n世界中の命を守るために！%b	
e862724fb8	1	57	27	%b	うちも、シラナミみたいに\n悪いやつをこらしめてみたいわ。%b	
e87a5047d6	1	57	27	%b	この前、こっそりホウショウ院に\n忍びこんで来たんやけど、%b	
e891f4cf90	1	57	27	%b	体を調子よう保つためにも\n有効につかっていかなアカンわ。%b	
e9e4d53322	1	54	27		古代ソリトン戦役で発明された、弓兵用の強力な長弓です。	
e9f1b3d46f	1	57	27	%b	弓で攻撃するときは、\n高い所から低い所を狙うのが有利だ。%b	
ea58900c00	1	57	27	%b	７人委員会率いる・・・カダールが\n・・・支配する・・・！%b	
ea7a2e9cda	1	54	27		ジャンプして敵を斬りつける技です。対空攻撃が可能です。	
ebe10617da	1	57	27	%b	これは、ボクがカダールに行った時の\nカオスゲートだよね。%b	
ed14b12f7e	1	57	27	%b	何かの役に立つかもしれない、\nとりあえずしまっておこう。%b	
ed19ad33ac	1	57	27	%b	結界洞の封印解除に必要な物が、\nこれで全部揃ったんだね。%b	
ee67c3eb6c	1	57	27	%b	技の気合い、練気は、\n次の攻撃に備えて力を貯える技じゃ。%b	
eec09957ab	1	57	27	%b	カダールと戦っている人達を集めて、\nガルザードに挑めば、%b	
ef8e0d958f	1	57	27	%b	俺様はウィスコの再来とまで呼ばれた\n大天才なのだ～ゼー！%b	
ef96ec1147	1	57	27	%b	それもそうだな。\nここでグタグダ言っててもしょうがねぇ。%b	
f086be008a	1	57	27	%b	こんな高いところから滑り落ちたら\nタダじゃあすまねぇな。%b	
f4417c3a4d	1	54	27		分身とともにありったけの力を込めた、猛烈なパンチです。	
f450890f00	1	54	27		剣先から強力な衝撃波を発生させ、円形に振り出す技です。	
f47e3050e1	1	57	27	%b	平和なんて、もう二度と訪れないと、\n諦めていたが・・・。%b	
f547af4624	1	57	27	%b	町の者は、みんなドラグーン王家を\n信頼し慕っております。%b	
f56b8aa610	1	54	27		つがえた矢に霊的な力をあたえるといわれる特殊な弓です。	
f720df70aa	1	57	27	%b	そ～んでもって、あたいを倒すのは、\n不可能ですからね～。%b	
f756f7f817	1	57	27	%b	どーなってるの？\n世界は平和になったんじゃなかったの！？%b	
f788135808	1	57	27	%z	%zそれよりも、こいつ、どうするんだい。\nこのイクシーズ号。	
f7b546497b	1	54	27		木綿にあつみをもたせて作られた魔法使いのための服です。	
f9d7490ba1	1	57	27	%b	我らは、古代魔法文明の謎を\nひも解こうとしているのです。%b	
faedf8322b	1	57	27	%b	人も大地も存在しない世界で\n何を支配しようっていうんだ！%b	
fb2bc9ddb5	1	57	27	%b	奥は兵で固められていて、\n子どもの姿さえ確認できません。%b	
fbec3b8bf1	1	57	27	%b	七人委員会の連中が入り込み、\n中を荒らしてしまったのだ。%b	
fdbc6cb437	1	57	27	%b	爺ちゃんからアスカ兄ちゃんと話すな\nって言われてるんだ。%b	
fe84f56513	1	57	27	%b	アンジュ様、先ほどは失礼しました。\nどうぞお通り下さい。%b	
fefd4370be	1	57	27	%b	道を閉ざすための建物さ。\nイガの東と西に１つずつあるぜ。%b	
00151091c1	1	55	26	%b	魔法球は、このままにして、\n元の世界に戻るの、なのね！%b	
00725168c8	1	53	26		ありがとうございます。\nほかに何か売物はございまして？	
02363a9995	1	55	26	%b	クリカラの里にタッチした状態に\nフラグを補正しました。%b	
0360452f67	1	55	26	%z	%z乗せるのはかまやしないんだけど、\nおアシがねぇ・・・。	
03a7ce86d7	1	55	26	%b	こんなモンにカギなんかかけやがって、\nどこのどいつだ！%b	
03cb6c7b53	1	55	26	%b	おっと、じゃあ、\nあたしは乗組員達のところへ帰るから。%b	
04983ac2ed	1	55	26	%b	野蛮人どもは文化いうものの何たるかを\n知らんのどすえ。%b	
04a8304173	1	55	26	%b	塔に戻る必要はありませんわ。\nポポロンへ急ぎましょう。%b	
06eaadc421	1	55	26	%b	死んだら大人しくしててほしいわよね、\nまったく・・・。%b	
0775433dc2	1	53	26		ありがとうございます。\nほかに何か買物はございまして？	
077adda315	1	56	26	%b	姫！\n光翼船イクシーズ号の修理、\n拙者におまかせ下され！%b	
085fec55e2	1	55	26	%b	あいつ達を倒すしかないようね。\nじゃあ、いきましょう。%b	
08728bcfcc	1	56	26	%b	えへへ。\nこれもうちのお父ちゃんからの\nウケウリやねん。%b	
08f677857a	1	55	26	%b	長老から聞いたところでは、\nこの町の南にある海底神殿に%b	
0929d96415	1	55	26	%b	どうやら、カダール軍に\n町は制圧されているみたいだね。%b	
09af0dbb7b	1	49	26		ヒョウを使った攻撃です。1/4の確率で凍結させます。	
09f8e928b3	1	55	26	%b	でも、今は壊れてるでし。\nとても飛べそうにないでしよ。%b	
0a8c12ed55	1	55	26	%b	弱点をうまくつくと、\nすごいダメージを与えられるんだ。%b	
0aaa0acf85	1	55	26	%b	やぁ、ミュウ様じゃないですか。\nどうなさったんですか？%b	
0aed022f0c	1	55	26	%b	いくよ！ボク達の手で\nガルザードとの決着をつけるんだ！%b	
0b0a05e8f6	1	55	26	%b	北か南にむかえばカダールに\nたどりつくっちゅうことや。%b	
0c23ac3fe3	1	55	26	%b	ディアーネさんなら、\nきっと僕達の力になってくれるよ！%b	
0ce226f3d1	1	55	26	%b	ガルザード様とラグロス様は、\n仲が良くないらしいわよ。%b	
0cfeb82cbb	1	53	26		そんなに持てませんがな！？\nムリはせんにかぎりまっせ。	
0d208f6c0e	1	55	26	%b	ボクはミュウ。\nリグロード大陸のドラグーン王家の者だ。%b	
0d7055283a	1	55	26	%b	この扉は、あたいを倒さないと\n開きませんのことよ～ん。%b	
0dc5655656	1	55	26	%b	そこには、カオスの力に関することが\n書いてありました。%b	
116850ae94	1	54	26	%n	「%nS」ですじゃな。\n本当に買っていただけますのかのゥ？	
133d18059a	1	54	26	%b	でも、これから,ボク達、\nどうすればいいのかな・・・？%b	
13bfcd633f	1	55	26	%b	なかなか倒せないときは\n攻撃方法を考えてみることだな。%b	
14de4e1851	1	55	26	%b	ミュウ、行こうよ、\nドラグーン城の人達の安否が心配だ。%b	
17d7db2d1f	1	52	26		ブラックワード。闇と霊の融合について書かれています。	
18099dca0f	1	55	26	%b	向こう側まで、キミ達をはこんで、\nそこで「放す」んだ。%b	
180e71ae4d	1	55	26	%b	わたくしも、こんな陸地の存在は\n記憶しておりませんわ。%b	
1a8882b840	1	55	26	%b	しかし、いままでになく\n規模の大きな地震でしたな・・。%b	
1ba2bdaab4	1	55	26	%b	水晶柱・・・か。\nはじめてコレを見たのは、１３歳の時。%b	
1ce09c8aea	1	55	26	%b	アドバイスする前に、\nすでに失敗をしていましたからな。%b	
1d62a2e18f	1	55	26	%b	おとりになる方を多くしないと、\n陽動作戦にならないね。%b	
1d6bc6fff0	1	56	26	%b	うへぇ、\nいかにもナニか出そうな、\n不気味な場所だなあ。%b	
1e00e834fd	1	55	26	%b	２．アイテムの持ち込み、\n宝物の持ち出しは自由でっせ！%b	
1ec9cf0841	1	55	26	%b	そんなに持てるのか！？\nムリはしない方がいいと思うよ。%b	
1f2c79fb42	1	55	26	%b	オレ達の旅は危険だ。\nここらで別れた方が身のためだぞ。%b	
1f677f1f1a	1	54	26	%b	我らは、これより次元の扉におもむき、その封印を解く。%b	
2091729e01	1	52	26		巨大爆発で衝撃波を発生させます。対空攻撃が可能です。	
231baf1aca	1	53	26		おやめになるのですね。\nほかに何かご用はございますか？	
250ce989b7	1	52	26		霊的な力を秘めた刀で、装備すると行動力が上がります。	
2585cefcb3	1	55	26	%b	まったく、どうなっちまうのかね、\nリグロードは・・・。%b	
25db8029d8	1	55	26	%b	式神は、戦いについちゃ、\n相当、ウデが立つって聞くぜ？%b	
27896a8026	1	55	26	%b	うちのボンクラ王子は\nどこに行ってしまったんですかね。%b	
27a8f0a2dc	1	55	26	%b	この戦いに決着がついたら、\nまたゆっくり話をしようや。%b	
27bcfc8930	1	55	26	%b	いちゅになったや、旅をやめて、\nここに帰ってくゆのよ。%b	
2807e92b13	1	55	26	%b	こいつを倒せば、\nドラグーン城を取り戻せるってワケか！%b	
281fbdf58e	1	55	26	%b	さぁ、大人しく我らのもとにおいでなさい、\nミュウ王女。%b	
2850623d07	1	55	26	%b	・・・そう。\nボクはみんなに本当のことを言わなかった。%b	
29f3341d08	1	55	26	%b	そんなことナズナに教えて\nどうしろっていうの、なの？！%b	
2add0363ae	1	52	26		どなたかお一人のＨＰを５００回復することができます。	
2b432c97ed	1	55	26	%b	かのリグロードの英雄、\nアーサー王が親しくしておられた%b	
2d782961d6	1	55	26	%b	扉を開くたび、\nこの世界にカオスが漏れてしまうのです。%b	
2da9ccb1b7	1	55	26	%b	カムイ・・・私のことはいいから\n・・・お願い、戦って！%b	
2ea056d0a5	1	53	26		ありがたき幸せ。\nほかに何か買うものはござりまするか？	
2ebc8581ae	1	52	26		大空に舞い上がり、一気に敵に飛び込むダイブ攻撃です。	
2f78e4047c	1	52	26		指定した位置に、移動不可能なブロックを作り出します。	
3110c6a116	2	55	26	%b	何人委員会だろうと、\nギッタギタにしてやるのだ～ゼー！%b	
31523732e2	1	53	26		そんなに持てっこないでしょ。\nそれぐらい分かるでしよ。	
3172937039	1	55	26	%b	カムイコタンの人々に、\n聖なる山としてまつられている。%b	
329a6fad7b	1	55	26	%b	カダールがいなくなったと思ったら、\n今度は一体何なの！%b	
347df211f7	2	55	26	%b	ここをうまく使えば、\nずいぶん楽に進めるかもしれない。%b	
3482f8fa6f	1	53	26		ありがたき幸せ。\nほかに何か売るものはござりまするか？	
3525dbb716	1	52	26		文字どおりにその拳を鋼鉄と化す最高級のグローブです。	
357dae3318	1	55	26	%b	さっきのスイッチは、\nこの橋をかけるためだったんだね！%b	
35b2749bcf	1	52	26		騎士の防具として特別に作られた風格のあるよろいです。	
35d501ba62	1	55	26	%b	貴様の可愛い手下どもの命は、\n我らが握っておるのだぞ！%b	
37536764df	1	52	26		身につけると、名人以上に攻撃が当たりやすくなります。	
3860d31a05	1	55	26	%b	突然、勝てなくなったら、\n戦い方をかえてみることだな。%b	
39504c908b	1	55	26	%b	あなたたちなら、\nきっと役立てることができると思うわ。%b	
39ce751aad	1	55	26	%b	けっこうです！\n自分の相手ぐらい、自分でみつけますっ！%b	
3b6359346c	2	52	26		それがしの店の防具は、どれを買っても損はさせ申さん。	
3cce1bbdce	1	55	26	%b	ミュウ様ばんざい！\n新しいドラグーン国王にばんざーい！%b	
3e968fc57a	1	55	26	%b	ご迷惑をおかけしております。\n闘技場は現在建設中です。%b	
3ff3af6a7a	1	55	26	%b	おじいちゃんは、\nあたし達にとても優しくしてくれたよ。%b	
40558161a0	1	55	26	%b	誤った道を歩む指導者を正すのは、\n当然のことでしてよ！%b	
4445cf5bce	1	55	26	%b	だけどアンジュさんは\nお父上と喧嘩してる最中じゃない？%b	
462acd73f6	1	55	26	%b	うーん、ここにはめ込むような物は\n持ってないみたいだ。%b	
47b22e9195	1	55	26	%b	ボク達の敵は７人委員会！\n今は、やつらを倒すのが先だ。%b	
48f2e25407	1	52	26		より長距離まで届く、貫通する弓矢を放って攻撃します。	
49afb8c5e8	1	55	26	%b	やつを操ってたのは、\n７人委員会に違いないのだ～ゼー！%b	
4b77cefe57	1	55	26	%b	今、オレ達に必要なのは、\n一緒に戦ってくれるヤツだろ？%b	
4b81b99543	1	55	26	%b	カオスの力は、\n我ら７人委員会にこそふさわしい・・・。%b	
4c7d1c6ff0	1	55	26	%b	（それにしても、アンジュさん、\nきれいでしね・・・。）%b	
4e49c8ef37	1	55	26	%b	ホークアイの弟ファルコの所在も\n確認できるってことよ！%b	
4fb0a2c949	1	54	26	%b	魔法力に優れ・・・武力に優れ・・・人望に優れ・・・、%b	
5369555908	1	55	26	%b	お互い、なんとかして相手を\nけり落とそうとしているわ。%b	
5412d6a5a8	1	55	26	%z	%zたくさんの命にかわって、\nありがとうを言わせて下さい。	
5496b3e54e	1	55	26	%b	館長の奇行の次はカダール。\n悪い事は重なるもんですな。%b	
56205d85b9	1	55	26	%b	伝承にいわく。\n光なす翼を奉りたる祭壇に宝珠供うべし。%b	
57f4fb8bac	1	55	26	%b	王様のことは残念だったね。\nいい王様だったのに・・・。%b	
59b3951be5	1	55	26	%b	人間も、まだまだ捨てたもんじゃない\nということじゃな。%b	
5aeabde0b5	1	55	26	%b	僕は、僕以外の家族ほとんどが\n女だったからわかるけど、%b	
5bbd03b95f	1	55	26	%b	思ったとおり、\nこの石には何か仕掛けがあったみたいね。%b	
5caaf722ab	1	57	26	%b %h	それは、ネコ科の大型獣を思わせる、\n危険な表情だった。%b%h	
5cc66e9fcd	2	55	26	%b	こんなところで時間を\n食うわけにはいかないの、なのね。%b	
5e3338513b	1	55	26	%b	奴等の魔法にどうやって\n耐えるかで勝負は決まるだろう。%b	
601d73eb92	1	55	26	%b	敵の幻術がとけて\n出口が見えるようになったみたいだね。%b	
6109eb625b	1	55	26	%b	あの山にそびえ立つ巨大な扉は、\n次元の扉だそうですね。%b	
619f5140d8	1	55	26	%b	まずは、ここから\n抜け出すことを考えなければなるまい。%b	
61bc932299	1	55	26	%b	そのかわり、今後は、\nどんな小さな依頼でも、誠心誠意、%b	
630c2ed89b	1	55	26	%b	あ、ナズナほどじゃないけど\n超絶美少女がいるの、なの！%b	
6331e477ba	1	52	26		ガリア戦役にてレブロウ軍兵士が用いたヘルメットです。	
636ee51bf3	1	55	26	%z	%z・・・その方、\nただ、力を誇示したいだけではないのか？	
64a595dd61	1	55	26	%b	じゃ、行くから。\nあんた達が成功することを祈ってるよ。%b	
655d3ff3a0	1	55	26	%z	%zっもぅ、あたしとナズナと\nどっちを選ぶのかってことよ！	
6741089483	1	55	26	%b	他のヒトはごまかせても、\nあたしの目はごまかせないよ。%b	
6780468733	1	55	26	%b	・・・今ちょっと、あたしのこと\nバカだと思ったでしょ？%b	
67cb779a09	1	55	26	%b	カダールを倒したのは、\nドラグーンの竜騎士だって話だ。%b	
6a26a483f5	1	55	26	%b	私には・・・もう・・・\n時間が・・・ありませ・・・ん。%b	
6b3e44a1b2	1	55	26	%b	みんなを運んできてくれてありがとう、\nディアーネさん。%b	
6c534020e5	1	55	26	%b	そんで、赤い仮面をかぶって、\n正義のために戦うのさっ！%b	
6c54594f3c	1	55	26	%b	なんでも、そこには、\n試練の迷宮ってものがあるそうだ。%b	
6c99610488	1	55	26	%b	ちょうど、ドラグーン城のあたりから\nだったらしいわよ。%b	
6cc1e539bf	1	55	26	%b	おのれ、言わせておけば！\nその首、うちとってくれる！！%b	
6cc61bd195	1	55	26	%b	姫におかれましては、\nお気にかかることがござりますか？%b	
6d4fdfd62c	1	55	26	%b	じゃあ、さっそく、\n結界が解けるかどうか試してみよう。%b	
6e0e6e7067	1	55	26	%b	だったら、あたしはあたしの心に従って、\nあんたを討つ！%b	
6ed8b96a6a	1	52	26		魔法の弓矢を放ち、落下した地点に地震を発生させます。	
703209c796	1	55	26	%b	何か特別な儀式を行う場所みたいにも\n見えるけど・・・。%b	
7156354134	1	55	26	%b	【フライサー】の魔法の効果は\n８から９ターン続くから、%b	
71823ca0d4	1	54	26		ご不用になりました品を、\n引きとらせていただきますわ。\n	
72c24cb263	1	55	26	%b	あいつらの野望なんか、\nあたしがこなごなにしてやるわ！%b	
738e8e2acf	1	55	26	%b	ずいぶん昔の地図には、\n闘乱って町が載ってるんだけど、%b	
74104b6be5	1	55	26	%b	その結果、世界に天変地異を\n引き起こしてしまいました。%b	
7457f53949	1	53	26		おやめになるのですね。\nほかに何かご用はございやすか？	
7643af75b1	1	55	26	%b	せっかく抜け出してきたのに、\n戻る必要はありませんわ。%b	
7682b2a9b1	1	55	26	%b	うん、願ってもない手助けだよ。\nよろしく、ホークアイ。%b	
76fb933936	1	52	26		天空より星の光が降り注ぎ、大ダメージを与える術です。	
78a9cd71ac	1	55	26	%b	ズギャっと７人委員会を倒すことは\n出来ないのだ～ゼー！%b	
78c696a1f3	1	54	26	%b	既に終わっているイベントのセーブデータを補正します。%b	
793820e341	1	55	26	%b	ふ・・・いい夢見させてもらったよ。\nじゃあな、アバヨ。%b	
79a7090bfd	1	55	26	%b	でも、今は壊れてて、\nとても飛べそうな様子じゃないよ。%b	
7c30033ae4	1	55	26	%b	こんな美人とよろしくやってたんじゃ\nないでしょうねぇ？%b	
7c77cda50f	1	55	26	%b	なんと非道な・・・。\n２階にあがるのは無理でござるな。%b	
7c83e626e2	1	55	26	%b	ウワサは聞いてるわ。\n世界を守ってくれて、ありがとう。%b	
7cbce26a75	1	55	26	%b	地下通路でマラカイトを見つけて、\nグラビティへ行こう！%b	
7d3230de7e	1	55	26	%b	地形を盛り上げて、\n敵のいる場所を滑る坂にするんだね！%b	
7d5a3a1f24	1	55	26	%b	この扉を開けるには、\n出直してこないとだめみたいだね。%b	
7da090e006	1	55	26	%b	私にも分からんよ。\nもし答えが見つかったら教えてくれ。%b	
7f5c4b44db	1	55	26	%b	だが、カギがない以上、\nこじあけるしかないみてぇだな。%b	
7fb873d847	1	55	26	%b	薄暗い書物庫の中に閉じ込められる\nなんてゴメンですわ。%b	
812009af6a	1	55	26	%b	でも今は壊れてるの、なの。\n飛べそうにないの、なのね。%b	
8135424778	1	55	26	%b	ここは山の途中だから、\nいつ山がくずれるかと心配でな。%b	
81a0c9f2d9	1	55	26	%b	どうやら、７人委員会は、\nアレクトリア大図書館を通じて%b	
845c9332a4	1	55	26	%b	どうやら、もう一度出直したほうが\nよろしいようですわ。%b	
8599c2e6ea	1	55	26	%b	ほいじゃけぇ、\n迷宮協会で登録しよらにゃいかんわけよ。%b	
85eb93f04e	1	55	26	%b	港の主要部は、われらカダールによって\n管理されている。%b	
86352eb979	1	55	26	%b	ゲームに参加するためには、\n専用のコインが必要なのよ。%b	
86443bde1c	1	55	26	%b	とりわけ、空飛ぶ船については\n大陸屈指の学者でござる。%b	
86c690a856	1	55	26	%b	命なぞ、長い歴史の中に\n束の間浮かんだ泡に過ぎません。%b	
874d183d74	1	55	26	%b	生きているもの全てをきらって、\nこわそうとしてるんだ。%b	
87907b5bce	1	55	26	%b	魔法使いが賢者の石を持てば、\n恐い物はないそうですよ。%b	
88471657fc	1	55	26	%b	まったく、やつららしいやりかただね。\nムカムカするよ。%b	
8938d3c50a	1	55	26	%b	わたくし達村人一同、\nおかえりをお待ちしていましたわ。%b	
8d382c9516	1	55	26	%b	ラスティをちゃんとしたベッドで\n休ませてあげたいんだ。%b	
8e60679157	1	55	26	%b	外からの敵にそなえて、\nここ以外に道は作ってねぇのさ。%b	
8ef118354c	1	55	26	%b	伝説の魔導士と並び賞される\n魔導の使い手なのだ～ゼー！%b	
913ec0f6f5	1	55	26	%b	あんたぁぁぁぁ！\nあたしの無念晴らしておくれぇぇぇぇ。%b	
91b2483066	1	55	26	%b	だから、心配しないで、\nおもうぞんぶんあばれてきなよ。%b	
9256910b3b	1	55	26	%b	なにしろ、砲が造れるのは、\n俺達イニシエだけだからな。%b	
92580764a6	1	55	26	%b	ああ、平和を迎えるには、\n７人委員会をたたかなくては！%b	
9294900b3e	1	55	26	%b	おお、これは姫様！\nして、首尾の方は、いかがでござる？%b	
93458263d0	1	55	26	%b	霊峰フジの結界洞に張られた結界が\n破られてるらしいぜ。%b	
93acf4579b	1	55	26	%b	この里の正面に見えるのがヤマタイ一の山\n霊峰フジじゃ。%b	
93b60f155b	1	55	26	%b	今また、その次元の扉が、\n幽玄の森に現れたとか・・・。%b	
940b585f05	1	55	26	%b	言い伝えが本当なら、\n少し性格に問題があるらしいわよ。%b	
9462eb665c	1	55	26	%b	カムイさんもステキィィィ！\nキャーキャーキャーキャー！%b	
95da38a09e	1	55	26	%b	アレクトリア大図書館\n武闘司書のアンジュと申しますの。%b	
9acdcfbda1	1	55	26	%b	自分ばっかりアスカとイチャイチャして、\nずっるいのね！%b	
9bc5bb4575	1	55	26	%b	イクシーズが飛び出したせいで、\n入口がふさがれてるね。%b	
9bcf34a066	1	55	26	%b	こうなったら血路を切り開いて\n進むしかありませんわよ。%b	
9d89dcc80e	1	52	26		どなたかお一人のＭＰを２００回復することができます。	
9de36b6bb7	1	55	26	%b	たいしたモンじゃないんだけど、\nこいつを持っていきな！%b	
9f9aea9da4	1	55	26	%b	洞窟が封印されてたら手が出せへん。\nほんま、腹立つわ。%b	
9fdd91ce96	1	55	26	%b	実は、オレの部下達が\nカダール軍に捕まっちまったのさ。%b	
a018464f0b	1	55	26	%z	%zお帰りなさい。\n皆さんのおかけで、世界は救われました。	
a025ef7f14	1	55	26	%b	じゃあ、私もお兄ちゃんについてく！\nねぇ、いいでしょ？%b	
a29d5b307b	1	55	26	%b	ここには【天邪の鏡】が\nぴったりはまるようになってる。%b	
a38def0b35	1	55	26	%b	俺様ほどの天才には、\nズギャッとわかってしまうのだが、%b	
a5a549fa11	1	52	26		周囲の敵を巻き込みながら、強力な投げ技をしかけます。	
a84cd46daa	1	55	26	%b	だっ、大丈夫です。\n私にかまわず、戦って下さい・・・。%b	
a87013ff9d	1	53	26		ご不用になりました品を、\n引きとらせていただきますわ。	
a94e33fd92	1	55	26	%b	ピラミッドの中には、\nたくさんの障害があるはずですわ。%b	
aa4c154b9b	1	55	26	%b	サモサだね！\n言っとくけど、あそこは何もない場所だよ。%b	
ab82e449aa	1	55	26	%b	しかし、その前に、\n野獣達を蹴散らす必要がありますわ。%b	
ac91514bef	1	55	26	%b	お父様・・・\nわたくし、お父様の無念を晴らしましたわ！%b	
ae19a28d3d	1	55	26	%b	そんなことをすれば、\nとんでもないことになりましてよ！%b	
ae1f032ec0	1	55	26	%b	他のヤツはだまされても、\nオレの目はごまかされねぇゼ。%b	
af39071ddb	1	53	26		そんなに持てっこないでしょ。\nそれぐらい分かるでしょ。	
af3ff893ee	1	55	26	%b	カダールの連中がデカい顔してられんのも\n今のうちさね。%b	
afbe866d61	1	55	26	%b	しばらくすると、\nまた女や子供を差し出せと言ってきた。%b	
afe112e02c	1	55	26	%b	ここにいるのは、忍者屋敷にいる\nカダール軍の兵士だな。%b	
b0a33b1574	1	55	26	%b	この道を通って村に戻るんだね。\nみんな、用意はできた？%b	
b0e9ad36e2	1	55	26	%b	おっとと、あしもとがぐらついて\nこけそうになったでし。%b	
b19a32b2c1	1	55	26	%b	国土のみならず、\n私達の王と王妃にまで手をかけるとは、%b	
b2ee6c54fd	1	53	26		ありがとうございます。\nほかに何か売物はございますか？	
b4c4c34016	1	52	26		どなたかお一人のＨＰを完全に回復することができます。	
b4f61c0fbc	1	55	26	%b	その通りでござる。\nにっくき悪漢共を退治しましょうぞ！%b	
b500690e80	1	55	26	%b	こういうときは、\n近くの村や町でお年寄りに話を聞くと、%b	
b51aa9d9c0	1	55	26	%b	いや、僕が言いたいのは\nそういうことじゃなくて・・・。%b	
b51e0e53af	1	55	26	%b	まだドラグーンに\n戻ってらっしゃらないじゃないですか。%b	
b5b308478e	1	55	26	%b	どうだろう、とりあえず\nポポロンの様子を探ってみては？%b	
b6a98f1b3c	1	55	26	%b	俺様は枯木を見ると\nムショーに押したくなるのだ～ゼー！%b	
b7f395f87e	1	55	26	%b	わたくし達が目指しているのは、\nハイランドではなくて？%b	
b837d7a8d5	1	55	26	%b	おいら、きっとヨモギちゃんを\n幸せにしてみせるからさ。%b	
b85d6112b3	2	55	26	%b	魂となって・・・我らは・・・\n必ず・・・世界を・・・。%b	
b8e2cf0d24	1	55	26	%b	それを止めることができなくて、\n何のための知識ですか！%b	
b91476676d	1	52	26		マインドワード。精と星の融合について書かれています。	
b9dd5237ec	1	55	26	%b	ふむ、ここから先は\nハイランドに続く道ではないようだ。%b	
badc7ac877	1	55	26	%b	ワイがええこと教えたるよって、\n聞いていかなあかんで。%b	
bb485c6180	1	55	26	%b	もぅ、女をいつまでも待たしぇて、\n悪いヒトなのよのさ。%b	
bd895428f9	1	55	26	%b	やぁ、ホークアイ！\nカダールの件はカタがついたんだろ？%b	
bd8ac93f9d	1	52	26		術者自身とその周囲を巻き込む大爆発を起こす爆弾です。	
bdc3d7ec08	1	55	26	%b	７人委員会って怖い人達なんだって。\n本当かなぁ・・・。%b	
bdccedefdb	1	55	26	%b	この人の言う通りなのね。\nナズナと契約しなさい、なの。%b	
bf82bccfc0	1	55	26	%b	キスとか抱きつくとかいった方が\n好ましいか、と・・・。%b	
bff9533552	1	55	26	%b	７人委員会による\nヤマタイ・リグロードへの侵略行為は、%b	
c0f52a2b25	1	55	26	%b	あれれ、ここにはめ込むような物は\n持ってなかったんだ。%b	
c1ef0c1675	1	55	26	%b	ま、あれはオレが応じないことを\n分かった上での計略さ。%b	
c2667d7fe1	1	55	26	%b	皆の衆、各個撃破されないように\n気をつけるでござるよ。%b	
c2f5fcfee9	1	52	26		特別な者にのみ着用がゆるされるという聖なる法衣です。	
c30b18aa3e	1	55	26	%b	イガ最強ってのは、\nリグロード戦役でも証明されてるゼ。%b	
c337a2b8a7	1	55	26	%b	早めに行動しないと、\n取り返しのつかないことになるぜ。%b	
c58a494c5a	1	55	26	%b	つかんでもらって行くか\n地形をかえていくしかないわね。%b	
c6306be887	1	55	26	%b	まったく、あんたみたいな女を\n毒婦っていうんだろうね！%b	
c857e935e0	1	55	26	%b	７人委員会はカカルクランのことも\n調べていたようです。%b	
c92183c227	1	54	26		登る時も言ったが、\nここの地形は滑りやすくなっている。\n	
ca9aefcdfb	1	55	26	%b	そのうちどこの洞窟だったか\n思いだせるかもしれないね、%b	
cc553f7450	1	55	26	%b	いや、それ以前に、\n全国の友人知人達は大丈夫だろうか。%b	
cca6b04ddf	1	55	26	%b	リグロード伝説の英雄達に、乾杯じゃ。\nうぃー、ひっく。%b	
ccc2402d28	1	55	26	%b	ご迷惑をおかけしております。\nカジノは現在建設中です。%b	
ceb7d52d62	1	55	26	%b	こっちの扉を開けるには、\n出直してこないとだめなのね。%b	
cf14071939	1	55	26	%b	オレ達が言い出したことなんだ、\nそんなに気にするなよ。%b	
d0455e7e8d	1	55	26	%b	化け物が持っている\nパールやアメジストなんかの宝石は、%b	
d04a0a3858	1	55	26	%b	アレクトリア大図書館は\n知識の殿堂と呼ばれていますの。%b	
d20d558a60	1	55	26	%b	ドタバタしてたドサクサにまぎれて\n逃げ出してきたんで。%b	
d384f7024d	1	55	26	%b	わたくしは自分の正しいと思ったことを\n行うだけですわ。%b	
d4a580dd8d	1	55	26	%b	うまく人質を助け出して\nアスカに誉めてもらうの、なの。%b	
d533b7b9c3	1	55	26	%b	事情を知らぬこととは言え、\n私共の無礼をお許し下さい！%b	
d68b8855b8	1	55	26	%b	こいつを倒せば、\nドラグーン城を取り戻せるんですのね！%b	
d6c37064e5	1	55	26	%b	申し訳ありませんが、\n皆さまにもおつきあい願いますわ。%b	
d7c8bcdae9	1	55	26	%b	アンジュさんを悲しませる者は、\n俺っチ、許さないでし！%b	
d7ed90f904	1	55	26	%b	これが、水晶柱か。\n何か神秘的な雰囲気を持っているな。%b	
d8124556b0	1	55	26	%b	勝負は時の運ってね。\n勝っても負けても恨みっこなしよ。%b	
d8a3c63965	1	55	26	%b	海底神殿は、\n床が上下する仕組みのトラップがあっての、%b	
d8cf912d6c	1	82	26	%H %m1 %V100 %m0 %s11 %V0 %b	%H%m1%V100［%m0%s11%m1］%V0%m0\nこれを使って、\n司書武闘の力を試してみましょうか？%b	
da0e46ad14	1	55	26	%b	でも、皆が皆そんな強さを\n持ってるわけじゃないと思う。%b	
da30fc5137	1	55	26	%b	こういうのは、シラナミに見せるのが、\nいいのだ～ゼー！%b	
da43b8e75e	1	55	26	%b	平和やわ、ああ平和やわ、平和やわ。\nよろしいおすなぁ。%b	
da81a0d07c	1	55	26	%b	えっと、これが祭壇ね。\nここにこれを置くんだったわね。%b	
db70b44881	1	55	26	%b	ミュウ・・・お願いです、\nわたくしを、行かせて下さい！%b	
dbab625f39	1	55	26	%b	７人委員会の奴らが、\nカカルクランに手を出したせいか？%b	
dbbd49cf1e	1	55	26	%b	どうしてアスカの部下が\n捕まったのかなと思って・・・。%b	
dbce9ce03d	1	55	26	%b	そして、リグロードでは、\n東か西に向かえばヤマタイに、%b	
dc87f1114d	1	55	26	%b	ここで、ナズナは運命の人、\nアスカと出会ったの、なの！%b	
dd8010c849	1	55	26	%z	%zミュウを置いて\n一人で逃げるわけにはいかないよ・・・。	
ddb2905e10	1	52	26		戦闘用に作られた盾で、あつかいやすく作られています。	
ddbc779560	1	55	26	%b	そこまで言うんだったら、\nはっきりさせようじゃねぇか。%b	
ddc771eee1	1	55	26	%z	%z俺様は天才だからして、\n魔法の修行を続けるのだ～ゼー！	
de20e20382	1	56	26	%b	古代遺跡に入るには、\n【古代遺跡の鍵】が\n必要らしいよ。%b	
def353ec0a	1	55	26	%b	なんだか大人になったって感じ。\n胸がドキドキしちゃう。%b	
e00f020f87	1	53	26		ありがとうございます。\nほかに何か買物はございますか？	
e02cfee389	1	55	26	%b	・・・それってどう考えても、\nオレの方が損してないか？%b	
e2d48271af	1	52	26		どなたかお一人のＨＰを１００回復することができます。	
e3a8917710	1	53	26		気に入らねぇか、残念だな。\nほかに用はあるかい、姫様？	
e46b2bf4b4	1	55	26	%b	オレの名を知っているようだが、\nあんた達は一体・・・？%b	
e4a11207bd	1	55	26	%b	そんなことは平和になってから\nいくらでもしてあげるよ！%b	
e51fdbba57	1	55	26	%b	７人委員会の愚かな行いを\n見すごすことはできませんわ！%b	
e6ce1b58c8	1	55	26	%b	君は一人なんかじゃないんだ！\nミュウは・・・僕が守る！%b	
e6d535945f	1	55	26	%b	原ヤマタイ人が住んでいると\nウワサされておりますじゃ。%b	
e7172437bb	1	55	26	%b	７人委員会は本当の平和を\n知ることはできなかったんだ。%b	
e83e73aaa2	1	55	26	%b	あんた達も、火薬庫の消火を\n手伝ってくれたんだってな。%b	
e8876f02bb	1	55	26	%b	平和とともに、\nますます発展するゴジョウを見てってや。%b	
e9113c74c6	1	55	26	%b	でもいいのかなぁ？\n歴史ある建物をこんなにしちゃって？%b	
ea4f6376b4	1	55	26	%b	ここには【蓬莱の珠】が\nぴったりはまるようになってる。%b	
ebaf7300f3	1	55	26	%b	やつらを倒せば、きっと・・・。\nきっと戻ってこれるよ！%b	
ec458a59e4	1	52	26		自らの姿を消して、敵から攻撃を受けないようにします。	
ec83960817	1	56	26	%b	えへへ。\nこれ、うちのお父ちゃんからの\nウケウリやねん。%b	
ecfe8cd333	1	55	26	%b	この町の者にとって、\nあの空飛ぶ船は自慢の種なんだよ。%b	
edbbba577b	1	55	26	%b	おっと、ここにはめ込むような物は\n持ってねぇんだよな。%b	
ede43aa83f	1	55	26	%b	クリカラだけの問題じゃないでし。\n世界の危機なんでし。%b	
edf769f25e	1	55	26	%b	なんて、うふふふ。\n本当は、絵本で読んだんですけれど。%b	
ee0c7bbcb9	1	55	26	%b	ハイランドという町で\n情報を集められるかもしれません。%b	
ee178a7be8	1	55	26	%b	あいつ達を倒していくしかないのね。\nじゃあ、いくのね。%b	
eea4af03bd	1	55	26	%b	それもこれも、ひっくりかえせば\n愛あればこそなのです。%b	
eecc5e7f80	1	53	26		あら？\n残念ながらお金が足りないようですよ、ミュウ様。	
eecf159097	1	53	26		おいおい、そんなに持てねぇだろ。\nやめとけ、やめとけ。	
ef61618491	1	55	26	%b	ミュウ様、\nどうか気をしっかりとお持ちになって下さい。%b	
f3e1551d27	1	55	26	%b	さては、ガルザードのしわざだな！\n・・・ひどいことを！%b	
f6eef89866	1	55	26	%b	化け物の中には、\n炎や雷に耐性がある奴もいてますのん。%b	
f73935ceb2	1	55	26	%z	%zラスティのクセにボクに意見するなんて、\n生意気だぞう！	
f7516c4db0	1	55	26	%b	ようこそ、ミュウ王女。\n思ったよりも早い到着でしたな。%b	
f75175f43d	1	55	26	%b	シラナミちゃんさえ良かったら、\n仲間になってくれない？%b	
f81dc1c3a2	1	52	26		どなたかお一人のＭＰを５００回復することができます。	
f9ad7230da	1	55	26	%b	あれは不吉なものだというのが\nもっぱらのウワサですよ。%b	
fa4fa0613f	1	55	26	%b	あ、そうそう、私の本体ではなく\n分身を倒してしまうと、%b	
fb3a369ed3	1	55	26	%b	されば、ミュウ姫、\n愚弟の意見を御一考下さいませぬか？%b	
fbdb7c80b9	1	55	26	%b	ホークアイの弟ファルコの所在も\n確認できるってことだ。%b	
fc2aa980c2	1	55	26	%b	さすがにこう仕掛けが多くては、\n一筋縄ではいかないな。%b	
fc5b56ae1e	1	55	26	%b	・・・されど、\n作業にはいましばらく時間がかかり申す。%b	
fc6893f5a6	1	55	26	%b	ところで、キミの部下の皆さんは、\nどこに捕まってるの？%b	
fc69e0bfb4	1	55	26	%b	そこなら、カダール行きの船が\n見つかるかもしれねぇゼ。%b	
fcc49cb06f	1	55	26	%b	姫、さっそく、\nイクシーズ号墜落現場に参りましょうぞ！%b	
fe3a86fd50	1	55	26	%b	せまいところだから、\nみんな落ちないように気をつけて！%b	
ffd70130aa	1	55	26	%b	誰だか知らんが、礼を言わせてもらうぜ。\nありがとうよ。%b	
0065048e59	1	51	25		やだよ、この子は！\n売れるものなんか持ってないわよ。	
0168c61670	1	53	25	%b	どうやら不都合あるは、\nガルマンオーブのみにあらず。%b	
01733a5c54	1	53	25	%b	このような者達に害されるとは、\nさぞや無念であろう。%b	
01a32a19ae	1	53	25	%b	ここをこうして・・・、\n待ってて、もう少しだからね！%b	
01d658c104	1	53	25	%b	お父様の残したカオスの書にも\nそう書いてありますわ！%b	
02ac084f8b	1	53	25	%b	仲間を集めるのに手間取って、\n救出が遅れてしまって。%b	
03431de20b	1	53	25	%b	ヤマタイだね！\nってぇことは、目的地は港町ヒガタだ。%b	
03876f64f5	1	53	25	%b	こちらの【ゲートキー】は、\nガルザードが持っていたと%b	
03c7386c6e	1	53	25	%b	ヒガタって港町で、\nリグロードへの吉報を待ってるよ！%b	
04d0677e5a	1	53	25	%b	ボクもタタラみたいに\n立派なイニシエになれるかなァ？%b	
065ee2de05	1	53	25	%b	お兄ちゃんなんかより、\nだんぜん頼りになるんだから！%b	
06836ad931	1	53	25	%b	・・・そう。\nいいわ、気が済むまでいってらっしゃい。%b	
0798a3e751	1	53	25	%z	%zいいよ、そんなことは、\n子供のころから慣れっこだよ。	
082dac4bfd	1	53	25	%b	なんて言ってる間に\n少しでも行動をするべきですわね。%b	
08cf4df1fd	1	53	25	%b	愛する人とはなればなれでいるのは、\nつらいことさね。%b	
08dbcd9ff0	1	55	25	%S %b	わっはっはっはっ、\nほら、賞金の%SGだ。\n残念だったな。%b	
09a1785d00	1	53	25	%b	ホークアイ、\nあんたもそろそろ帰ってきちゃどうだい？%b	
0c794be103	1	53	25	%b	ナズナは仲間になってるし、\nもうここに用はないよね？%b	
0ce7b6fff8	1	53	25	%b	オレは、こいつらに\n守ってもらおうとは思ってないゼ。%b	
0d1f19cbcc	1	53	25	%b	それがあれば、\nリグロードに渡ることができるんだね！%b	
117992689f	1	53	25	%b	近くに村でもあれば、\nそこで何か分かるかもしれない。%b	
12275585f0	1	53	25	%b	こんど、その時の話を聞かせてよ！\n男と男の約束だよ！%b	
12c5cd6edb	1	53	25	%b	こんな日はステキな恋に\n出会えそうな予感がしますわ。%b	
12f3b2b6f6	2	53	25	%b	カダールのやつらが、\nリグロードからいなくなったよ！%b	
130bf81793	1	53	25	%b	俺様が思ったとおりに、\n出口があらわれたのだ～ゼー。%b	
13a1aa4ec9	1	53	25	%b	自分達が何をしようとしているのか\nわかっているの！？%b	
13aeafbaca	1	53	25	%b	なんだよ、急に・・・。\nああ、誰よりも強くなりたい。%b	
13c0b91906	1	53	25	%b	ここでグズグズはしてられないけど、\n焦っちゃだめだ。%b	
1499745c89	1	53	25	%b	あたしは分かってたわよ、\nあなたは何かやる男だって。%b	
1623bb422f	1	54	25	%b	これは結界洞を開くための道具、\n【八坂の勾玉】\nだな。%b	
164de470b9	1	53	25	%b	気をつけろ！\n高い崖から落されたりしたら命が無いぞ！%b	
190acbd318	1	53	25	%b	ここが拙者の経営する店でござる。\nしばらくお待ちを。%b	
191c11a8aa	1	51	25		ご不用にならはった品を、\n引きとらせてもらいますえ。	
1b0760f5e0	1	53	25	%b	我々には理解できない高度な技術が\n眠っているようだ。%b	
1b2fa13957	1	53	25	%b	女海賊のディアナだって言い伝え、\n本当なんですかね？%b	
1ba3151d59	1	53	25	%b	その中で、イガ最強のシノビ集団、\nそれが月組なのよ。%b	
1c77e7724f	1	53	25	%b	ガルザードは、\nゲテン城からいなくなったって話だぜ。%b	
1dd3a7e672	1	53	25	%b	そのように、かつて言うたことを\n覚えておられるかの？%b	
1ead304096	1	53	25	%b	ザルマに来たら、\n竜殺しの酒を飲まなきゃ意味ないぜ。%b	
20297d5244	6	53	25	%b	くそッ！\nやっぱり眠り薬が入ってやがったかっ・・・！%b	
2190adbf53	1	53	25	%b	まずはヤマタイを侵略し、\nゲンユウサイ伝説を利用し、%b	
21f9b5014e	1	53	25	%b	・・・つまり、\n何となく来てみただけなんだな・・・。%b	
2246357493	1	53	25	%b	ところで、\nこれは自然に火がついたワケじゃないよね？%b	
23e3539dbb	1	53	25	%b	敵を全滅させるか、\n「退却」すれば、いいんだったね。%b	
24b0707c15	1	53	25	%b	今回の異変は、\nリグロード戦役に良く似てるって噂だ。%b	
2535167f10	1	51	25		はい、はい、いらっしゃいませ。\nどんな用でしたかの？	
25bcb0f2cd	1	53	25	%b	透明になっていられるのは\n４から５ターンってとこだ。%b	
260a2e6eba	1	53	25	%b	カダールの残党でござるな。\n正面からいくでござるよ。%b	
261ac26fef	1	53	25	%b	でも、気になる何かが、\nこの木にはありましね・・・。%b	
261f84cf1e	2	53	25	%b	２組のうち、どちらが勝つか、\nそれを当てるんですわ。%b	
263d3d2516	1	53	25	%b	で、どうなんだい、\nそろそろ落ち着く気になったかい？%b	
2740ab2c0c	1	53	25	%b	今ごろノコノコ帰ってきたって、\nもう手遅れなんだよ。%b	
277e3cd1a8	1	53	25	%b	すまねぇ、\nこればっかりは方法を思いつかねぇ・・・。%b	
295103ba6c	2	53	25	%b	イクシーズってヤツを、\n見せちゃもらえないもんかね？%b	
29a00914c3	1	53	25	%b	結界洞を抜けた先の裏ヤマタイには、\n港町のヒガタや、%b	
2a4c19565f	1	53	25	%b	もしかして、イクシーズ号のことを\n御存知なのですか？%b	
2a5b54d718	1	53	25	%b	そして、我らの野望の実現のため、\n早く行って下さい！%b	
2a7c1e0b99	1	53	25	%b	この奥に式神が眠ってると、\n言われちゃいるが・・・。%b	
2b1c3a0ad5	1	53	25	%b	カオスの力への誘惑は、\n私自身を二つにしてしまった。%b	
2c79a62562	1	53	25	%b	中でも、最も言い伝えに詳しいのは、\n我らの長老です。%b	
2d5d743672	1	53	25	%b	いらっしゃい。\nディアーネ船長から話は聞いてまさァ。%b	
2d62b64d52	1	53	25	%b	・・・わかった。\nありがたく助力を受けよう、ミュウ。%b	
2d7047736c	1	53	25	%b	もし、ガケから落ちたら\n大ケガどころでは済まないぞ。%b	
2dde38003e	1	53	25	%b	７人委員会が捜してた情報が、\n見つかるかもしれない。%b	
2e5a0e4ac5	2	53	25	%b	こんな奴らを相手に、\n時間を食うわけにはいかないな。%b	
2e8cffc977	1	53	25	%b	古代遺跡って知ってるかい？\nこの村の南西にあるんだ。%b	
2f4fd6a184	1	53	25	%b	坂道があるから各個撃破\nされないように気をつけてね。%b	
2fd7f2521c	1	53	25	%b	ああ、カダール軍の最高司令\nガルザードがいる場所だ。%b	
2fff64279b	1	53	25	%b	奴等の実力をナメてかかった、\n馬鹿な頭領がいたのさ。%b	
301bd76372	1	53	25	%b	わたくしも７人委員会には\n思うところがありましてよ。%b	
303308ed3f	2	53	25	%b	火気厳禁！\n火事になったら、この大水桶を壊すこと！！%b	
30912ab937	1	53	25	%b	こ、これはっ！\nクィーンズランドが・・・僕の故郷が！%b	
31e8732948	1	53	25	%b	ああ、このままここで\n一生を終えるのだろうか・・・。%b	
31f75f269a	1	53	25	%b	何か仕掛けがありそうだが、\n今は打つ手がないようだ。%b	
3238fff1e1	1	53	25	%b	ドラグーン城が何者かによって\n攻撃される夢でしたの。%b	
3272673168	1	53	25	%b	せいぜい、昔の鉱山の跡があるってのが\nせきのやまよ。%b	
335252f3d2	1	50	25		すばらしい宝石です。アメジストよりも高く売れます。	
34a6be3ad1	1	53	25	%b	・・・まぁ、いい。\n確かに仲間は多い方がいいだろう。%b	
35c51198eb	1	53	25	%b	【ヒヒイロカネ】を加工できる炉は、\nみつかったか！？%b	
364c6fa571	1	53	25	%b	世界に平和が戻って、\nこんなにうれしいことはないね。%b	
3658934a31	1	53	25	%b	攻撃魔法で攻撃するしか方法がねぇから\n気をつけろよ！%b	
366ef7afd4	2	53	25	%b	もう一度挑戦するときは\n登録からやり直してください。%b	
36af6bfcd2	1	53	25	%b	あんがい、この滝の裏に\n通路があったりして・・・ね。%b	
398e0957d9	1	53	25	%b	いったい、何を心の支えに\n生きていたのでござろうか。%b	
3a4736f5dd	1	53	25	%b	こう見えて、\n少し抜けたところのあるお方ですからね、%b	
3aa0339528	1	53	25	%b	あーあ、わたしも、\n夢を追いかけて生きてみたいなぁ。%b	
3aa4431de1	1	53	25	%b	世界にあだなす悪党どもを\nとっちめてくれましょうぞ！%b	
3b3444f02e	1	53	25	%b	もう一度出直さないと、\nこの扉は開かないようでしね。%b	
3b75ff18f4	1	53	25	%b	海を西か東へ向かえば\nやがてリグロードに着きますわ。%b	
3b8d7b2eeb	1	53	25	%b	でも、あなた達が\nそれを使いこなせるかどうか・・・。%b	
3bfbb6589c	1	53	25	%b	ありがとう、ディアーネさん。\nありがとう、ファルコ。%b	
3e66f79616	1	50	25		ハデな音と光の爆発をおこします。爆発力は弱いです。	
3faf029e53	1	53	25	%b	カムイコタンの荒神よ、\n私に力と勇気を与えて下さい！%b	
3fe73be9a7	1	53	25	%b	お願いします、\nリグロードだけの問題じゃないんです！%b	
401c5abe28	1	53	25	%b	ううう・・・。\n私は死んだのではなかったのか・・・。%b	
40a7942403	1	55	25	%b %h	自分たちだけの理想郷を\n作ろうとしているらしいんだ。%b%h	
40ef8bc422	1	53	25	%b	残りの敵なんざ、けちらして、\nさっさと出口へいくぜ！%b	
4241206e50	1	53	25	%b	そんな達人なら、\n家来に迎えてはどうかと思いまして。%b	
439a08d681	1	53	25	%b	サモサまで乗せていってくれる\n船頭がおりましょうぞ。%b	
479d698e5b	1	53	25	%b	カムイコタンの神々の\nお導きがありますように・・・。%b	
47ec69ebbb	1	53	25	%b	アスカがはっきりしないから\nこういうことになるのね！%b	
4882b5bbce	1	53	25	%b	ここがドラグーン城・・・。\nボクの育った場所・・・。%b	
48cabb9f72	1	53	25	%b	わーい、わーい、外で遊んでても、\n怒られへんねんで！%b	
490acd55a0	1	53	25	%b	この先にクリカラって村が\nあるって話らしいが・・・？%b	
492cacc237	1	54	25	%b	見て、\nアローストーンって、\nこれのことじゃないかな？%b	
496b36c1c6	1	53	25	%b	星陵郭の人質救出も大切だけど、\n準備だって必要だね。%b	
4a4a036892	1	53	25	%b	この道は・・・？\n山の頂まで続いているみたいだけど。%b	
4ae3b620c4	1	53	25	%b	きたるべき時代を切り開く、\n優秀な者を選ぶためです。%b	
4b1b578f81	2	51	25		いらっしゃいませぇ～☆\nどういったご要件でしょうか？	
4c21078b8e	1	53	25	%b	こっちに抜けても\nハイランドには行けねえみたいだぜ。%b	
4c9a4e14b9	1	53	25	%b	みんな、もう少しガマンしてくれ、\n必ず助けるからな！%b	
4c9af6a966	1	53	25	%b	ははーん、なるほどね。\nどういう原理か知らないけど、%b	
4d124b9a63	1	53	25	%b	ゲンユウサイしかり、\nカダールもまたしかりだ・・・。%b	
4d3ff5f4f0	1	53	25	%b	ま、とりあえず、ヒバリんちに\n一晩泊めてもらおうぜ。%b	
4d5aa87163	1	50	25		ヤマタイに伝わるアイテムで、一定時間姿を隠します。	
4dbe85eecd	1	53	25	%b	この場は態勢をたてなおして、\n次の機会をうかがおう！%b	
4e7b34150c	1	76	25	%H %m1 %V100 %m0 %V0 %b	%H%m1%V100［%m0ガルザード%m1］%V0%m0\n逃げられた・・・か。\nまぁ、よかろう。%b	
4fbfeb92af	1	53	25	%b	すごい、すごいねぇ。\n・・・あたし、感動しちゃった。%b	
502214469a	1	53	25	%b	私は、東の幽玄の森にある、\n次元の扉で待っています。%b	
50537cbc2c	1	51	25		ご不用になりやした品を、\n引きとらせていただきやす。	
51be134916	1	55	25	%b	な、７人委員会が・・・%b\nレ、レジスタンス狩りを・・・%b	
5205881cc1	1	53	25	%b	こうして営業できるのも、\nラスティ様のおかげでさァ！%b	
523e886889	1	54	25	%b	その３本の柱に\n何かをはめ込むような穴が\nあるんじゃ。%b	
526d7ed109	1	53	25	%b	いっぺんでいいから、\nこの手で操ってみたいもんだね。%b	
52a3fb402a	1	79	25	%H %m1 %V100 %m0 %s3 %V0 %b	%H%m1%V100［%m0%s3%m1］%V0%m0\nそんなことよりも、\nオレの手下達は無事だろうか。%b	
5492f48aa2	1	53	25	%b	早く帰ってきて、私達を導いて下さいよ、\nミュウ王女。%b	
56501e6f8f	1	53	25	%b	やはり、こんな汚い木にさわるのは\nやめておきますわ。%b	
56ebd18e99	1	53	25	%b	ついに、我らの希望の星を\nこの手に掴む時がきたのだ！%b	
5b4e47317b	1	53	25	%b	この前ねぇ、看板を裏から\n読もうとしてゆ人がいたの。%b	
5bbec92f44	1	53	25	%b	実際、オレの返事はどうあれ、\nイガの里にいた連中は、%b	
5c14e621e0	1	53	25	%b	技の中には、\n相手を弾き飛ばす技もありますのんどす。%b	
5d265180c9	1	53	25	%z	%zこういうチャンスが、\nそう何回もあるとは思わないで☆	
60874d82b5	1	53	25	%b	いやぁ、どないなってんのやろ。\nかなわんわぁ・・・。%b	
6111d7018d	1	53	25	%b	ね、アンジュ、こういう場合、\n他の国ではどうするの？%b	
6163baab40	1	53	25	%b	ミュウ、アンジュ、皆、\n無理はしないでくれよ・・・。%b	
629e71a7b5	1	53	25	%b	交通をしゃ断するために\n作ったらしいにじ色の壁もね。%b	
62cf30564c	1	53	25	%b	ここが、ホウライ山。\n私達カムイコタン族の聖なる地。%b	
6406fafab7	1	53	25	%b	だが、ラスティ、\nこんなとこに寄り道してていいのか？%b	
6506064394	1	53	25	%b	ところでラスティ様、\n世界も平和になったことですし、%b	
653d5e90c2	1	53	25	%b	いま、１回踏んでしまいましたから、\nあと３回・・・。%b	
662c4048cd	1	52	25	%b	そこも滑りやすくなっているから、注意が必要だろう。%b	
663a0705e2	1	51	25		ありがとうございますじゃ！\nほかに何か買いますかの？	
668d1376b1	1	54	25	%b	逃げるのに\nワザワザ旅行社なんか使う人\nいませんよね。%b	
66c679ef36	1	53	25	%b	ラグロスの塔で、\n皆さんの目の前から突然消えたのは、%b	
673ac6e522	1	53	25	%b	誰かの噂話で聞いたような気がするけど、\n本当かねぇ？%b	
67dee7f3d1	1	53	25	%b	オレを信じ、命を預けてくれた部下達が、\nここにいる。%b	
691ea51dac	1	55	25	%b %h	ワシを倒すことはできん。\n夜の闇の中にいる間はな！」%b%h	
69a1a62a2c	1	53	25	%b	冗談でもドラグーンの王女の名を、\nかたったりしたら、%b	
6a3a7c838a	1	53	25	%b	どんな力を持っているんだろう。\nみんな、気をつけて。%b	
6ab53ab3af	1	53	25	%b	リグロードサーガ・・・か。\nよっしゃ、燃えてきたぜ！%b	
6ab5ac047e	1	53	25	%b	旅のまめ知識、\n各大陸の関係を教えてさしあげますワ。%b	
6b32405f32	1	53	25	%b	お父様とこの手の喧嘩をするのは\nいつものことですわ。%b	
6d31cd8717	1	51	25		やめんの、マジぃ？\nんじゃ、ほかに何か用があんのォ？	
6d8f00e41e	1	53	25	%b	オルトマから自由に\n船が出せるようになったことだし、%b	
6db7f9a3ce	1	50	25		どなたかお一人のＭＰを５０回復することができます。	
6e1005ddc5	1	53	25	%b	武器や防具は、\nヤマタイの商人から仕入れるでござる。%b	
6eb9b85f02	1	53	25	%b	知識より大切なものが、\nこの世の中にあるってことに。%b	
6f0b0fb441	1	53	25	%b	お兄ちゃんが放ったらかした水を\n運んでくれたんだよ！%b	
6f4231db4f	1	53	25	%b	アローストーンをみつけて、\n元通りに修理できました。%b	
6fc4e7bdd0	1	53	25	%b	そう言うと思ってたよ。\nオレは、ミュウについてくぜ。%b	
72ecd962ee	1	53	25	%b	ミュウは仲間。\n式神のナズナは勝手について来たんだ。%b	
7352e5aa97	1	53	25	%b	分からないけど、\nラスティが決めたことだから・・・。%b	
7649231206	1	53	25	%b	ボクは自分のこと\n犠牲にしてるなんて思ってないから。%b	
7731ea6974	1	53	25	%b	あっちのに乗るとヤマタイに\n行くんだったっけ・・・。%b	
779cdfee5e	1	53	25	%b	気楽に戦いに参加して\nウデをみがいたらええと思うで。%b	
784d86aef9	1	53	25	%b	結局のところ、\nガルザードはゲンユウサイだったのか？%b	
790dfbae43	1	53	25	%b	そんな危険なところに、\n行かせるわけにはいかないぜ。%b	
7943a49122	1	53	25	%b	見よ、今こそ、\n次元の扉にかけられたる封印を開く時。%b	
79979b46de	1	53	25	%b	ついに、ガルザードとの決戦か！\nみんな、準備はいい？%b	
799880cad0	1	50	25		身につけると、とても素早く動き回ることができます。	
79a6ed8bb2	1	50	25		射程範囲内にいる全てのキャラクターを混乱させます。	
7a0592a61d	1	53	25	%b	こちらのことは心配せずに、\n存分に戦って下さりませ！%b	
7a1958b4de	1	53	25	%b	でも、僕達だけで\nガルザードを倒せるのかなぁ・・・？%b	
7a6403a23a	1	50	25		スターワード。星と光の融合について書かれています。	
7a9e33baa4	1	53	25	%b	ふだんは森の妖精によって\n隠されているのだそうです。%b	
7b032cb49f	1	53	25	%b	む、どれどれ・・・。\nなるほど、確かに水のようだな。%b	
7b79169e23	1	53	25	%b	急な坂なのね！\nどうやって下りるかが問題なのなのね！%b	
7c05e3997f	1	53	25	%b	・・・これじゃ\n２階にあがることはできそうもないね。%b	
7c4460100e	1	53	25	%b	改心したと言われても、\nにわかには信じられませんな。%b	
7cbc8d3e9f	1	53	25	%b	アスカ様は、この村の、\nいや、この国の英雄ですじゃ！%b	
7ccb2c99a8	1	53	25	%b	こういう時は、\n素直に人に聞くのが一番なのだ～ゼー！%b	
7e16042fae	1	53	25	%b	今はこんなところで\n時間を潰してる場合じゃないよね。%b	
7e2d04ba44	1	53	25	%b	そうなったら、\n真っ先に、あの人のところへ旅立つの。%b	
7e992c3ec7	1	53	25	%b	皆さんに心配を\nおかけしたのは申し訳ないですけれど。%b	
7f1ce39feb	1	53	25	%b	ミュウ王女が、\nカダールの将軍ラグロスを倒したとか！%b	
7f4d5f466b	1	50	25		炎が舞い上がり、大地を燃え上がらせる驚異の術です。	
8156f290be	1	53	25	%b	うわぁ、ラスティってば、\n案外、オトコノコなんだぁ。%b	
81ade58759	1	50	25		暗黒の粒子が体を覆い、ＨＰを２桁まで削り取ります。	
82b5431b03	1	53	25	%b	ふふふ、これであなた達は\nここから逃げられませんよ。%b	
85c5c5b883	1	53	25	%b	なんでもラスティ王子の行方が\nわからないんだってさ。%b	
85e688bf0e	1	53	25	%b	しかし、最近の地震続きで、\n復興が少々遅れ気味です。%b	
86ab8abe1f	1	53	25	%b	タタラのおかげで\n様々な武器や技術が発明されたのよ。%b	
87ffb35bf4	1	53	25	%b	アスカ兄ちゃん、\n世界が滅びるって本当かなァ・・・？%b	
88e00bb26e	1	53	25	%b	ま、ここはひとつ、\n彼女達の言うことを聞いてやろう。%b	
897c21b2ff	1	53	25	%b	父上、母上、そして、\nクィーンズパレスの人達の受けた%b	
89d300118e	1	51	25		へぇ、いらっしゃいませ。\nどないなご要件でしたやろ？	
8ad581b941	1	53	25	%b	果たしてここまで来れますかな？\nくっくっくっ・・・。%b	
8b50e0ab92	1	53	25	%b	歴代ゲンユウサイの住居となった\nゲテン城があるんだ。%b	
8c293c9935	1	53	25	%b	裏切り者！\nよくまぁ、のこのこと顔を出せたもんだね！%b	
8d2d938eba	1	55	25	%b %h	黒髪の女剣士、雷光のアーヤと、\n彼女は呼ばれていた。%b%h	
8d4749673c	1	53	25	%b	あんたがガルザードだね！\n人々を苦しめている悪党め！%b	
8e051655ee	2	51	25		ほほう、やめると申されるか。\nほかに何かござろうか？	
8eb52886e2	1	53	25	%b	君を支える手がすぐそばにあることを\n忘れないでくれ。%b	
8ee3515176	1	53	25	%b	まぁ、確かに、\n王族と知合いだなんて嘘ついちゃねぇ。%b	
914906b011	1	53	25	%b	シラナミなら\nもっと詳しく分かるんじゃないだろうか？%b	
91a258a8a6	1	53	25	%b	ごらんなさい、\nこの部屋には扉は一つしかありません。%b	
9239a4698a	1	53	25	%b	ドラグーンの竜騎士にして、\nドラグーンの王女・・・。%b	
92f139dc0f	1	53	25	%b	まずは、落ちついて、\nこの場所で敵の弓矢を避けよう。%b	
940b46a24a	1	53	25	%b	この橋を渡れば、\nハイランドに行くことができましね。%b	
94455650e9	1	53	25	%b	こいつを倒せば、\nドラグーン城を取り戻せるんでしょ。%b	
94648987df	1	53	25	%b	・・・なぁ、ダイガン。\nオレ達、うまくやってるかな？%b	
94a2b98c5f	1	53	25	%b	どういうことになるか、\n知らないわけじゃないでしょ？%b	
9531711824	1	53	25	%b	敵は目と鼻の先ってワケか。\nやってやろうじゃねえか！%b	
95a1d2d74e	1	53	25	%b	もしかして、アンジュのお父様も\nあいつにやられたの？%b	
961fb74f7d	1	53	25	%b	１つは、この遺跡が\nまだ誰にも荒されてないってこと。%b	
967cbd4863	1	51	25	%n	「%nS」を買い取らせていただいてよろしいでやんすか？	
96d73da700	1	53	25	%b	となりゃ、これがマラカイトってことで\n間違いねぇな。%b	
97eaf0ef70	1	53	25	%b	顔色も悪くないようだし、\n特に問題はないようなのね。%b	
97f04a4390	1	52	25		この店の防具は、\nどれを買ってもソンはしませんじゃ。\n	
993985e257	1	53	25	%b	いらっしゃいませ～ん☆\n夢と希望のカジノへようこそ！%b	
99a0767bce	1	53	25	%b	カオスの力は、人の魂の執着を受けて、\n変化するもの。%b	
99a0eee27f	1	53	25	%b	カダール軍が\n霊峰フジの洞窟に結界をはっているとか。%b	
9b5de62948	1	53	25	%b	ユーカリ・・・すまない。\nもうすこし待っていてくれ。%b	
9c74f56b89	1	53	25	%b	どうやら、この敷石は、\nなにかのスイッチみたいだね。%b	
9c7896e0e5	1	50	25		この石があれば、はじき飛ばされる事も無くなります。	
9d87e1ec16	1	53	25	%b	いよいよ敵の攻撃も強力になるはず、\n皆、気をつけて！%b	
9e5471b90d	1	53	25	%b	魔法球は、このままにしておくのが、\nいいのだ～ゼー！%b	
9f0b693499	1	53	25	%b	ごめんなさいね。\n私、あなたのこと誤解してたみたい。%b	
9f33646194	1	53	25	%b	この炉を使えば、\nあの金属を加工できるんじゃない！？%b	
9fa93ef4d1	1	53	25	%b	特殊魔法の【保護シールド】を\nかけていってくれない？%b	
9fb6694373	1	50	25		敵を飛び越えながら、広範囲を聖なる力で攻撃します。	
a13c022cfb	1	53	25	%b	さっきのスイッチは、\nこの橋をかけるためだったんだ！%b	
a4111a40d9	1	51	25		そんなに持てないだろうっ？\nムリはしないようにネっ。	
a5b6ccbb47	1	53	25	%b	カダールの将軍ガルザードって奴を\n知ってはるかしら？%b	
a5c761b545	1	53	25	%b	うえーん、僕達みんな死ぬのかな・・・。\nこわいよー。%b	
a60581b832	1	53	25	%b	おや・・・ミュウ王女の姿が\n見あたらないようですね。%b	
a72ade741c	1	53	25	%b	ラスティの話では、\nこれがあれば古代遺跡の扉を開いて%b	
a730670115	1	53	25	%b	よしとくれよ。\n湿っぽいのは嫌いなんだよ、あたしゃ。%b	
a76e6a8924	1	53	25	%z	%z拙者を・・・、\nイクシーズ号に置いてはくれませぬか！	
a91f8bbb01	1	53	25	%b	気の済むまで、\nあちこちつつき回せばいいじゃねぇか。%b	
aa2ff021d3	1	53	25	%b	あっちのに乗るとカダールに\n行くんだったっけ・・・。%b	
ad854dbd94	1	53	25	%b	アンジュのお父様が会ってくれるわけない\n・・・かな？%b	
ade5e6f2c6	1	53	25	%b	ほら、ボサっとしてないで、\n読んでみてよ、アンジュ！%b	
ae93df0dd7	1	52	25	%b	海底神殿は、この街の住人にとって自慢の種なんだよ。%b	
b0bb921882	1	53	25	%b	そうか・・・そうよね。\nアスカがいてくれて良かった。%b	
b261fe222e	1	53	25	%b	ふふふ、熱くなってきたわ。\nさあ、勝負はこれからよ！%b	
b3f7d5ae65	1	53	25	%b	英雄像が立ってちゃ、\n奴らも落ち着かないんだろうな。%b	
b4ef86196c	1	53	25	%b	・・・まあ、敵をブッ倒してから\n探しても遅くないか。%b	
b582c5e464	1	53	25	%b	アレクトリア大図書館館長は、\nその知識と引き替えに、%b	
b5e8947fcf	1	53	25	%b	そこにいるマーサは、\n村を襲わないと約束してくれた。%b	
b675fb50f3	1	53	25	%b	よし、じゃあ、\nアレクトリア大図書館に行ってみよう！%b	
b798c87c92	1	50	25		身につけていると戦闘中に敵がよってこなくなります。	
b896073da7	1	53	25	%b	貧しい人にめぐんでやるっていう、\n女義賊の名前だぞ？%b	
b8b8c91fac	1	53	25	%b	ヒガタにいるアケミさんって人に\n頼まれた手紙なんだ。%b	
b9f8c9c8d0	1	53	25	%b	ありがとう。\nボクは、一人ぼっちなんかじゃないんだ。%b	
ba31ef8517	1	51	25		ありがとうございますじゃ。\nほかに何か買いますかの？	
ba53231f4c	1	79	25	%H %m1 %V100 %m0 %s0 %V0 %b	%H%m1%V100［%m0%s0%m1］%V0%m0\nそんなに心配なら、\nみんなの様子を調べてみたら？%b	
ba785676df	1	53	25	%b	と、言いたいところですが、\n実は、侵入者だってんで、%b	
bbc3df35bf	1	53	25	%b	カムイコタンの荒神よ、\n今こそ、力を貸してください。%b	
bcbf0e74e5	1	53	25	%b	ちえっ、全然わかんねぇよ、恋心ってヤツ。\nオレには。%b	
bd22511477	1	79	25	%H %m1 %V100 %m0 %s3 %V0 %b	%H%m1%V100［%m0%s3%m1］%V0%m0\nおまえ・・・それ、\n俺をかばってるつもりなのか？%b	
bee171169f	1	53	25	%b	その中でも、僕達の先祖、\nアーサー様達が戦った戦争を%b	
c0a902aa48	1	50	25		魔法の攻撃に対する効果を高めた戦士用のよろいです。	
c13202df66	1	53	25	%b	わかった、わかった。\nあんまりべたべたくっつくなよ。%b	
c1bb585c66	1	53	25	%b	アンジュ、子供じみた英雄気取りは\nもう卒業しなさい。%b	
c1ef313e87	1	53	25	%b	でも、あの時は、ああする以外に\n方法がなかったんだ。%b	
c226180e03	1	53	25	%b	つかんでもらうか\n地形を変えてもらうしかないでしね。%b	
c3b0c677b7	2	51	25		ご不用になりました品を、\n引きとらせていただきます。	
c45fd6a01c	1	53	25	%b	斬るとか、投げるとかいろんな\nことができるんだって！%b	
c4ec06fc65	1	52	25		ご不用になりました品を、\n買い取らせていただきます。\n	
c4ec0d48da	1	53	25	%b	７人委員会の真の目的は、\n未知の世界カカルクランと、%b	
c51b513ce2	2	53	25	%b	こんなところで時間を\n無駄にするわけにはいかないよ。%b	
c52ae08e53	1	53	25	%b	呼ばれて飛び出て式神ナズナ、\nついに登場、なのなの！%b	
c65b3c6143	1	53	25	%b	こうして目の当たりにしていても、\n信じられませんわ。%b	
c8a0883d10	1	53	25	%b	最近、そのことが頭から離れなくてね。\n君はどう思う？%b	
c991336a70	2	53	25	%b	そのぅ・・・、\nできたら乗せてほしいんだけど・・・。%b	
ca02ce04df	1	53	25	%b	いやぁ・・・、\nただ夢中で仕事しただけのことでしよ。%b	
ca07ffe312	1	53	25	%b	悪くない、だなんて、\nラスティのくせに生意気だぞゥ！%b	
cb04df7644	1	51	25		ありがとよ、このヤロウ。\nほかに何か買いやがるのか？	
ccb0910cd1	1	53	25	%b	どうやら魔法を使う者が、\n敵側にもいるようでしてよ。%b	
cf8b544309	1	53	25	%b	わたくし、こう見えても\n司書武闘法の使い手ですのよ！%b	
d04ac02233	1	53	25	%b	どこへなりと行って、\nタワゴトをほざいているがいい！%b	
d060b4e0bc	1	51	25		へい、らっしゃい、ミュウ王女！\n今日はどんな用だね？	
d0915ff98c	1	53	25	%b	何度となくヤマタイを統一し、\nそして他国へ侵略する。%b	
d21350b373	1	53	25	%b	昔みたいにオルトマから\n自由に船が出せるようになりゃ%b	
d475d7f9c7	1	53	25	%b	早めに行動しないと、\n取り返しのつかないことになる。%b	
d5d9ca0dce	1	53	25	%b	【ヒヒイロカネ】に\n熱を加えてやる必要があるんだが、%b	
d623c57dac	1	53	25	%b	精霊の力を借りて鳥などに\n変化することができるのさ。%b	
d68edfdf30	1	53	25	%b	けど、それだけでは、\n手に入らへん技もあるんですえ。%b	
d708af069c	1	53	25	%b	ヤマタイは、昔から、\n内乱の絶えない国だったからね。%b	
d72173ac1e	1	53	25	%b	それより、船を出す前に\n準備を整えなくていいのかい？%b	
d733780bc5	1	53	25	%b	人質を助ける重要な役目、\n失敗は許されないゾ・・・。%b	
d75bdce11b	2	53	25	%b	７人委員会！\n僕の国を踏みにじった報いを与えてやる！%b	
d85a762ea6	1	53	25	%b	とりわけ、空飛ぶ船については\n大陸屈指の学者なのね。%b	
d95b6141fc	1	53	25	%b	カダールの人々の命運は、\nあまりにも重い荷物だろう。%b	
d9970a2845	1	55	25	%b %h	私はウィスコ。\nかつて、雲海の賢者と呼ばれた魔導士。%b%h	
d9c1c52c2d	1	54	25	%z	%zされば、\nいずれまたおめもじいたしましょうぞ、\n姫様！	
da1f81f263	1	53	25	%b	どんな結果になっても、\nラスティから目をそらさない。%b	
daccb3b0a9	1	53	25	%b	ここにいるやつらから\n魔法力を感じるの～だ～ゼー！。%b	
db89dc7c84	1	53	25	%b	さて、ほんなら、\nカダールの連中に引き渡すとしよか。%b	
dc85f79949	1	53	25	%b	宝剣は外れそうにないね。\n特に反応もないみたいだし。%b	
dce786d546	1	53	25	%b	詳しく聞いてみれば、\n何かわかるかもなのだ～ゼー！。%b	
de13cb02a8	1	53	25	%b	だ・か・ら・！\nあたしが、そのシラナミなんだってば！%b	
df3c25772b	1	53	25	%b	僕が・・・兄さんから・・・\n魔力を奪った・・・のは、%b	
df656b3696	1	53	25	%b	でも、カギがない以上、\nこじあけるしかないみたいだ。%b	
dfc2228ded	1	53	25	%b	これは補給用だから、\n今すぐ困るってわけじゃないの。%b	
e01c300613	1	53	25	%b	それでアンジュと協力して、\n塔を逃げ出してきたんだ。%b	
e172d33458	1	51	25		ありがとうございますじゃ。\nほかに何か売りますかの？	
e1fabc2cdd	1	53	25	%b	な、なに涙目になってるのよ！？\n言葉のアヤだってば！%b	
e1ffd14fb1	1	53	25	%b	特に何も見つからない。\n本当に何もないのかな・・・？%b	
e21ff4a923	2	53	25	%b	ほ、ホントかい！？\nホントに操縦しても良いのかい？！%b	
e252ac3763	1	57	25	%b	・・・%bいや、いいんだ。%b\nキミ達のせいじゃない・・・。%b	
e27ff2009d	1	50	25		魔法に対する力をほとんどうばいとってしまう盾です。	
e29a7242cb	1	53	25	%b	ただし、何もなかったからって苦情は\n受け付けないぜ。%b	
e4a1ec6344	1	53	25	%b	あの大きなアゴでやられたら、\nただではすまなくてよ。%b	
e5caf38d6c	1	53	25	%b	まず、戦いにおいては、\n高いところにいる方が有利だ。%b	
e63db9e18b	1	53	25	%b	邪道我道、なの？\nそれって、呪言じゃないの、なの？！%b	
e9293c2876	1	53	25	%b	人の命の重さを考えたことはないのか！\nガルザードッ！%b	
ea3c3c34cf	1	53	25	%b	・・・分かった。\nじゃあ、ザルマの町に行ってみよう。%b	
eaa64ed5c7	1	50	25		竜のウロコを斬りさくほど特別な威力を持った剣です。	
ed62b8cc11	1	53	25	%b	偉大なる目的のためには、\n多少の犠牲はつきものです。%b	
eea52e7c32	1	53	25	%b	下手をして、カオスの力が\n解放されたらかなわないし。%b	
f0ba3929ab	1	53	25	%b	憎しみが晴らされたというよりも\nなんだかあわれでね。%b	
f248a3a319	1	51	25		ありがとうございますじゃ！\nほかに何か売りますかの？	
f2d0cb00a6	1	53	25	%b	カダールのヤツらめ、\n好き放題してくれてるようだな。%b	
f3edecbe7b	1	50	25		めずらしい宝石です。とても高く売れることでしょう。	
f4e27131b9	1	53	25	%b	ムサシ爺っちゃんも、親父も、\n式神を従えてたからな。%b	
f59e0bd66a	1	53	25	%b	ああ、イガの里ってのは、\nシノビって戦士の故郷だよ。%b	
f5c1b05912	1	53	25	%b	それで、そのガルマンオーブってのは\nどこにあるんだ？%b	
f6c9ed807f	1	53	25	%b	そういえば、女船長のディアーネが\nこの町に来てたぜ。%b	
f747dade5a	1	53	25	%b	近寄るとドカンでし！\nこいつらには気をつけるでしよ。%b	
f7be98abe2	1	53	25	%b	何もかも・・・持った\n・・・ガルザード・・・兄さん。%b	
f8101f8b9f	1	53	25	%b	カムイコタンの荒神よ。\nどうか、我らの仲間に祝福を！%b	
f8f9998d1f	1	53	25	%b	こわれちまったとなりゃ、\nそれも高望みってもんだね。%b	
f935df0cdd	1	50	25		ライトワード。光と闇の融合について書かれています。	
f9fe22fb9d	1	53	25	%b	お客さんら、もう試練の迷宮に\n挑戦しやぁしたアルか？%b	
fb5d9a5d8b	1	50	25		ソウルワード。霊と精の融合について書かれています。	
fb9744a676	1	53	25	%b	アレクトリア大図書館\n武闘司書官アンジュ殿か・・・。%b	
fbf5e55986	1	53	25	%b	こいつを倒して、\nドラグーン城を取り戻すのだ～ゼー！%b	
fccd42732f	1	53	25	%b	この町じゃ、\nオレは裏切り者ってことになってるのさ。%b	
fd931c5267	1	54	25	%b	ぬおっ！\n天才の俺様でも初めて見る\n敵なのだ～ゼー！！%b	
ff4cf84d8d	1	53	25	%b	何万、いやもっと多くの命を\n背おっているのでしょう？%b	
ffa5e956f9	1	53	25	%b	新たな時代の幕開けには\n必要なことだと思いませんか？%b	
ffcdaee18c	1	53	25	%b	その若者は私が運ぼう。\n大切な人の・・・恩人だから。%b	
000176394b	1	51	24	%b	これは見事だ。\nユーカリにも見せてやりたいものだ。%b	
01380f0690	1	51	24	%b	どっかに開けるための仕掛けが\nあるんだろうけどよ。%b	
016e8905ef	1	51	24	%b	最後ぐらい、\n好きな人と一緒にいたかったな・・・。%b	
01b871640a	1	51	24	%b	あのね、夢でね、\n大きな球のようなものが見えたの。%b	
034a80a65e	1	50	24	%b	ガルザードが倒されたからって言うわけじゃないが、%b	
041f70524c	1	51	24	%b	忍道は、体術を極めた\n忍者が身につける技なんだよ。%b	
0458f9ea10	1	51	24	%b	ここが祭壇か・・。\nなるほど、確かにくぼみがある。%b	
048f9c9595	1	51	24	%b	みんな大丈夫？\n態勢を立て直して、もう一度挑戦だ！%b	
05729a1ad7	1	51	24	%b	この調子で、しばらく押し続ければ\n開きそうですわ。%b	
0612ab82c3	1	48	24		聖なるエネルギーをビーム状に放出して攻撃します。	
0658a4a922	1	51	24	%b	空き家あります。\n　　　　　　　（ポポロン自治会）%b	
074bdd583a	1	51	24	%b	はやいとこ、カダールの奴等を\n追い払っておくれよ！%b	
084a4e753c	1	50	24	%b	それぐらい、お互いに分からんっちゅうことですわ。%b	
09b49a16de	1	49	24		ありがたき幸せ。\nほかに何か売物はござりまするか？	
09e796049e	1	51	24	%b	せっまーい所なのね！\nみんな落ちたらだめなのね！！%b	
0a753d7c4d	1	51	24	%b	ラスティ・・・お願い・・・\nボクを、守って・・・。%b	
0a88847d01	1	51	24	%b	大地が怒りに満ちておりますじゃ。\n恐ろしい・・・。%b	
0b31f78c99	1	51	24	%b	一体、７人委員会は、\nここで何をしておったのじゃ？%b	
0b3e06467c	1	48	24		３本の竜巻によって一気にダメージを与える技です。	
0b699229f3	1	51	24	%b	あ、これはっ！\n【ヒヒイロカネ】じゃないでしか！！%b	
0c2f416b25	1	51	24	%b	勝負には負けたが、\n技ではこちらが勝っていたぞよ。%b	
0d49976aff	1	51	24	%b	・・・え？\nそれって、ボク達の仲間に入るってこと？%b	
0eec840fb8	1	49	24		おやまぁ、そんなに持てないわよ。\nおやめ、おやめ。	
0f2bbbeca1	1	51	24	%z	%zすまない、シラナミ。\nなんていうか、オレは・・・。	
100244a3ee	1	77	24	%H %m1 %V100 %m0 %s0 %V0 %b	%H%m1%V100［%m0%s0%m1］%V0%m0\nこれでイクシーズを\n復活させることができるぞ！%b	
122e41aab1	1	51	24	%b	ごめんなさい、\nわたし、自分の名前も言ってないわ。%b	
127c71d506	1	45	24		猛烈な吹雪を作り出し1/4の確率で凍結させます。	
13197b2681	1	51	24	%b	まちがいなく、\n敵が待ちかまえていやがるだろうな。%b	
15e2c77fb6	3	51	24	%b	しかたないでしね、\n少し痛い目にあわせてやるでし。%b	
160c6e13b4	1	51	24	%b	やれやれ。\nま、ここを通らないと、始まらないしな。%b	
1650f0b9ef	1	49	24		なぁんだ、やめちまうのかい。\nほかに何か用はある？	
167734bdca	1	51	24	%b	ガルザードよ・・・。\n今すぐ、カダールへ来るのだ。%b	
178438af99	2	51	24	%b	あれが７人委員会か、\nいかにも悪役って感じだよな。%b	
179454b92f	1	51	24	%b	カダール軍の次は天変地異かよ。\nもううんざりだぜ！%b	
18df36117f	1	51	24	%b	カダールでは見かけたことの\n無い敵ばかりですわね。%b	
197fdb745f	1	51	24	%b	ここが港町オルトマだよ。\nやっと着いたね、ミュウ。%b	
1a1a7e25df	1	51	24	%b	シラナミ達がお前の気持ちを\n確かめたいと思うのも、%b	
1a87178d11	1	51	24	%b	お前の浅知恵では、\n委員会のお考えを理解できまい。%b	
1a9e646423	1	51	24	%b	古代魔法文明についての\n文献もあるらしいのですが。%b	
1c87402c60	1	51	24	%b	やっぱりねっ。\n枯木が倒れて橋のかわりになったわ。%b	
1d3bdf0172	1	51	24	%b	リグロードを襲った、\nカダールとかいう国の連中だ！%b	
1d85981f25	1	51	24	%b	ガルザードにラグロス！\nお前達、生きていたのか！！%b	
1d89efee77	2	51	24	%b	なんだ、そんなこと！？\nいいよ、好きなだけ見てよ。%b	
1d91b97def	1	48	24		瞑想に入ることで最大ＭＰの１０％を回復できます。	
1df63ac11c	1	51	24	%b	カギがかかってるってことは、\n２つの意味があるの。%b	
1e34ed799e	1	51	24	%b	今日は大きな軍事訓練でも\nなさっておいでなんスか？%b	
1ef8328601	1	51	24	%b	そこには、とてつもなく強い武将がいる、\nとも聞く。%b	
1f759aa34b	1	51	24	%b	それに、こちらは、\n【古代遺跡の鍵】なのだ～ゼー！%b	
2095f4f651	1	51	24	%b	あたしも、\n本当にあるとは思わなかったんだけどネ。%b	
2126f3f588	1	51	24	%b	まいったぜ！\nまたとんだドジを踏むところだったぜ。%b	
213c31c411	1	51	24	%b	このかがやきは、\nイクシーズで見たのとおんなじだ。%b	
2159641686	1	51	24	%b	気休めはやめてよ。\nボクは、家族を全て失ったんだ！%b	
2195bfea1f	1	51	24	%b	そんなことで、\n本当にミュウを助けだせるのかね！？%b	
21a2c6a571	1	51	24	%b	見てみろよ。\n幻術がとけて出口が姿をあらわしたぜ。%b	
228680c74b	1	51	24	%z	%zそうですわね。\nタタラがいてくれますもの・・・ね。	
24961c7159	1	51	24	%b	そういえば、地下通路で、\n見つけたのですが・・・。%b	
24df747c15	1	51	24	%b	じゃあ、残りの敵に注意しながら、\n出口へ向かおう！%b	
258273364a	1	51	24	%b	・・・ま、たまには違う\n趣味の人もいるんだけどね。%b	
2677f6931a	1	51	24	%b	大丈夫・・・みたいだよ。\n大きなケガはないみたい。%b	
27b9bc37e6	1	51	24	%b	攻撃魔法で攻撃するしか方法がねぇから\n気をつけろ！%b	
27fd7e43f5	1	51	24	%b	そうとうこたえてるみたいだな。\n無理もない・・・。%b	
29afe46431	1	51	24	%b	伝説に名を残すほど\nスゴ腕の魔法使いってことです。%b	
2aae36d811	1	51	24	%b	ドラグーンの竜騎士団といえば、\n俺らの誇りっスよ。%b	
2b9ffbf0fa	1	51	24	%b	来いよ！\nイガ最強という言葉の意味を教えてやるぜ。%b	
2ead149931	1	51	24	%b	この光り方は、\nイクシーズで見たのと同じじゃない！%b	
303c27c7da	1	51	24	%b	死してなお・・・\n安息は許されぬというのか・・・！%b	
32490a607c	1	51	24	%b	到着の報告をせねばなりませんので、\n失礼しますよ。%b	
338fa54dd8	1	51	24	%b	鳥に変化して上昇しているときは、\n叩き落とされると%b	
34278d3c70	1	48	24		雷の奥義書。雷と水の融合について書かれています。	
344c5f0a5d	1	51	24	%b	アーサー王は、\nエリーゼ妃の尻にしかれてましたが、%b	
35c1f2b505	1	51	24	%b	妹やクリカラ村の人達のためにも、\nがんばるでし～。%b	
3640a8dbe3	1	48	24		味方の集団に対して強力になる術をかけるものです。	
36995d5f22	1	49	24		ありがとうございま～す☆\nほかに何か売りますかァ？	
36e5e9f243	1	51	24	%b	それを調べもせずに、\n突っ込もうってのか、ミュウ？%b	
36eabe3331	1	51	24	%b	７人委員会には反抗する、\n牢からは抜け出す・・・。%b	
3700b8d6ce	2	51	24	%b	あ、はは、はははは、\nあたしったら何言ってんだろ。%b	
37251eb25d	1	51	24	%b	ボクらは７人委員会の塔ってトコに\n捕まってたんだ。%b	
37c4b82d21	1	51	24	%b	くそっ、俺もカカルクランに乗り込んで\n暴れたいぜ！%b	
392a3d2ba1	1	51	24	%b	カオスゲートを利用できる\nと、いうことでござるか？%b	
3984be50f6	1	51	24	%b	まさか、あの石像が、\nダイガンだったりして・・・。%b	
3a984b585c	1	51	24	%b	・・・あいつらが部屋にこもって\nもう３日か・・・。%b	
3afebd8f72	1	51	24	%b	おっと、いけねぇ。\n確かに、ミュウの言うとおりだ。%b	
3b1adf7e64	1	51	24	%b	つい神経質になってしまって。\n失礼なことをしたな。%b	
3b8395db1c	1	53	24	%b %h	２階にあがるのは\nあきらめた方がよそさうですわね。%b%h	
3bb997cea6	1	51	24	%b	でも、皆が皆そんな強さを\n持ってるわけじゃないよ。%b	
3d6b8edf80	1	48	24		指定ポイントにつかんだキャラクターを落とします。	
3e8841a08c	1	51	24	%b	こんなところで\n時間をムダにしてる場合じゃないね。%b	
3ea68315a6	1	51	24	%b	次に、あなた達が、\n今のようにカダールにいるなら、%b	
3eeaf0b501	1	51	24	%b	これはこれは、皆さん・・・。\nお待ちしてましたよ。%b	
40d1c73108	1	51	24	%b	カダールの残党だ！\n小細工なしの正面突破で行くぞ！%b	
425a7d20b9	1	51	24	%b	こんだけばかの相手に\n負けるわけにゃいかねぇんだ。%b	
42a5c1b85d	1	51	24	%b	クィーンズランド城を取り壊し\n塔を建てたらしいよ。%b	
462dd23433	1	51	24	%b	あ、性格が悪いっていうのは、\nあくまで言い伝えよ。%b	
472b5a4ab8	1	48	24		落下地点で爆裂し、周囲に混乱のガスを散布します。	
475e3ff30c	1	51	24	%b	だって、７人委員会は、\n確かに倒したハズでしょ！？%b	
47b549ab9e	1	51	24	%b	わたし達のことを\n今でも怒ってらっしゃるのですか？%b	
48023a9093	1	51	24	%b	これはラスティ様！\nようこそおいでくださいました！%b	
488e5dbde9	1	51	24	%b	最期に、お前の顔が見られるとは、\n思わなかったよ！%b	
49dd87f357	1	51	24	%b	ミュウはどうやらカダールに\n行っちまったらしいぜ！%b	
49dfe2e9a8	1	51	24	%b	里のうわさじゃあ\nここに式神が眠ってるっていうぜ。%b	
4be6bfde2a	1	51	24	%b	サモサでやすね。\nあそこは何もない場所だが・・・。%b	
4c057a932f	1	51	24	%b	どうやら、\nあんた達の成功を祈ることになりそうだ。%b	
4c3e8becb9	1	51	24	%b	ア、アンジュの親父さんが、\n７人委員会の長だとっ！%b	
4cd23d761d	1	51	24	%b	ホークアイの弟ファルコの所在も\n確認できましてよ！%b	
4d6d601566	1	51	24	%b	平和になったことやし、\n戻ってきてほしいですなァ。%b	
4df2793246	1	51	24	%b	ガルマンオーブが眠る場所って、\nここじゃないかな？%b	
4df65b5c8d	1	51	24	%b	マラカイトをとったからには\nこんな所に用はないね。%b	
4e8e55078f	1	51	24	%b	急な坂でござるな。\nどのようにして下りましょうぞ。%b	
4ee48f77f3	1	51	24	%b	ナズナを目覚めさせてくれたのは\nあなたなの、なの？%b	
50f1789ebc	1	51	24	%b	ここには【八坂の勾玉】が\nぴったりはまるようでし。%b	
51649b8d27	1	51	24	%b	いまならまだ神聖魔法で\nなんとかなるかもしれない。%b	
51b496d626	1	51	24	%b	それはそれとして、\nイクシーズはどういたしますの？%b	
51b7dabd0f	1	51	24	%b	でも、カギがない以上、\nこじあけるしかないみたい。%b	
5221c6b97d	1	51	24	%b	お客さんの心に残る\n素敵な旅行をお手伝いすること！%b	
529292e514	1	51	24	%b	理想に近付こうとするからこそ、\n人は進歩するんだ！%b	
54c8b45bda	1	48	24		タカオからアケミへの、思いやりあふれる手紙です。	
562156550e	1	50	24	%b	ようし、そうと決まれば、こんなところに用はない。%b	
56696a3578	1	51	24	%b	カダールの奴らを追い出してくれて\nホンマおおきに。%b	
598b62a05f	1	50	24	%n	「%nS」ねえ。\n気がかわらないうちに買っとこうかね。	
5ac7f6b4ee	1	48	24		猛獣ガジェルのひげを弦に用いためずらしい弓です。	
5ade968b0f	1	48	24		使用する者の命をすいとると言われる強力な剣です。	
5b64188ef2	1	51	24	%b	力を持たぬ正義から生まれる\n理想論に過ぎませんな。%b	
5c3e966180	1	51	24	%b	伝説の魔導士ってのは、\n言い伝えみたいなものです。%b	
5d353ab9c4	1	51	24	%b	【マナのしずく】は\nＭＰを回復させるアイテムだし、%b	
5e05d05099	1	51	24	%b	落すだけで爆発するようなモンも\n中にはあるからな。%b	
5e10fae781	1	51	24	%b	やりやがった！\nあいつ、本当に助けちまいやがった！%b	
60fed8fb63	1	51	24	%b	ちぇ、居残りか・・・。\nそっちは頼んだぞ、ミュウ！%b	
6177cde8bf	1	51	24	%b	近くに村でもあれば、\n何か話を聞けるかもしれんな。%b	
622b4da813	1	51	24	%b	何ならこのまま帰って\nこなくてもいいの、なのね～。%b	
62406f0a8c	1	50	24	%b	・・・まぁいいわ。ともかく、みんなケガは無いね？%b	
6248a0b483	1	51	24	%b	おあつらえむきだな、\nまずはそこを目指すとするか。%b	
634bcf09fb	1	51	24	%b	敵を全滅させるか、\n「退却」をすればいいんでしね。%b	
63fa003763	1	51	24	%b	でも、アンジュから頼んで\n文献を見せてもらえれば、%b	
64b5cb8bbe	1	53	24	%b %h	天変地異が生じたのではないか\nと、推測されている。%b%h	
651c263f0c	1	51	24	%b	ああ、自然発生にしちゃ、\n怪物達が多すぎるもんな。%b	
6521ae4d50	1	51	24	%b	もしかして、リグロード戦役で、\nオレの先祖・・・、%b	
6701ded292	1	51	24	%b	そのスキに、残りは裏口から\n侵入し人質を解放する。%b	
67831133d9	1	51	24	%b	すまないね、こんな港でもないところに\n船をつけて。%b	
67b7e4e285	1	51	24	%b	くわしくは知らぬが、\nリグロードの港町からならば、%b	
68b60149bc	2	51	24	%b	人が通れるほどの大きなひずみが\n生じているのです。%b	
68c89ff75f	1	51	24	%b	あんた達がガルザードを\nやっつけてくれたんだろう？%b	
68f9d4d0bf	1	48	24		地の奥義書。地と火の融合について書かれています。	
6b65831bf3	1	51	24	%b	じゃあ、まずオルトマから\nカダール兵を追い出そう！%b	
6c5efdade0	1	51	24	%b	私はカムイ。\nこのカムイコタン村の族長をしている。%b	
6c7d7690fb	1	51	24	%b	最近の地震続きといい、\nなにかいやな予感がするよ。%b	
6e50425ca8	1	51	24	%b	あたしがいながら・・・ひどいわ！\nよよよよ・・・。%b	
6f4a9d37e6	2	49	24		そんなに持てますまい。\nムリはせぬが肝要でござる。	
6f5d21e226	1	53	24	%b %h	すなわち「魔法力」を\n編み出した人々の文明である。%b%h	
705a4011d1	1	51	24	%b	ワシらは、みんな、\nあの二人のことが好きですじゃ。%b	
707aef0c11	1	51	24	%b	ショボまった場所に\n閉じ込めた罪は重いのだ～ゼー！%b	
71f03b7a2f	1	51	24	%b	ここは、おぼろ谷だ。\nここを抜ければクリカラだな。%b	
748c0dac82	1	51	24	%b	７人委員会によって・・・、\n・・・全てが統制され、%b	
74c278d7c7	2	51	24	%b	なんだ、大したことないのね。\nさ、先を急ごうっと。%b	
755bb2c8ee	1	51	24	%b	おい、ナズナ・・・。\n今の話に対抗意識燃やすなよ。%b	
75f82d277e	1	51	24	%b	というわけで、\nナズナは未来の夫と共に戦うのなの！%b	
771e9aa935	1	51	24	%b	橋が壊されて、\nここに閉じ込められたと知った時は、%b	
771ee4c097	1	51	24	%b	いくら遊んでも怒られないなんて、\nウソみたいだー！%b	
7725e0b77c	1	51	24	%b	ミュウ・・・気をつけてね。\nアンジュも皆も・・・。%b	
78e9fc3059	1	51	24	%b	わーい、ミュウ姉様、\n今日は何して遊んでくれるの？%b	
7aaaf669fa	1	51	24	%b	ごめんね、イクシーズ。\nすぐに直してあげるからね。%b	
7b8aa78d80	1	51	24	%b	まかせて！\nんじゃ、ちょっくら行ってくっかんね～。%b	
7c756136e2	1	49	24		ありがとうございます。\nほかに何か買いますかのゥ？	
7cef0ca0bf	1	51	24	%b	注意してればいいのさ。\n集中と解放とを使い分けろ！%b	
7d72a3d312	1	51	24	%b	でも、カギを開けることなら、\nあたしにまかせてよ！%b	
7ec7e88d65	1	51	24	%b	ま、今じゃ、\n忍術そのものがオレ達の売物だけどよ。%b	
7fef4d6925	1	51	24	%b	子供達は別のところに\nつれていかれてしまいました。%b	
7ff4b8ef53	1	51	24	%b	じゃあ、さっさと出発するよ！\nさぁ、乗った乗った！%b	
8054be7357	1	51	24	%b	私達には幸せになることが\n許されないのでしょうか？%b	
8126c7195b	1	51	24	%b	妖精ルゥナに、\nみんながここに帰るって言われたの。%b	
8199be3670	1	51	24	%b	宝剣はしっかりとはまってて\n外れそうにないみたい。%b	
81e4a7a0c2	2	51	24	%b	そろそろ、甘やかすのをやめたらどうだ、\nラスティ。%b	
82e72d97a8	1	51	24	%b	リグロードの竜騎士は、\n竜に変身できるんだってな？%b	
82fbef5725	1	51	24	%b	まず、何とかして\nここまでたどり着く必要があるな。%b	
849b67ba70	1	51	24	%b	ア～ちゃん、\nあたし達二人っきりね・・・うふふふ☆%b	
84bb00f8a6	1	51	24	%b	へぇ、今まで通った町と較べても、\n確かに大きいね！%b	
851ddf71d1	1	51	24	%b	そ、それはお世話になったでしね。\nありがとうでし。%b	
85df35ae6f	1	51	24	%b	神聖魔法には、\nダメージを与える強力な魔法もある。%b	
86e34e36b8	1	51	24	%b	見るだけならかまわんが、\n勝手に入ってはならんぞ！%b	
8712b8adac	1	51	24	%b	見て見て、ディアーネさんの船が\n遠ざかっていくよ。%b	
87f71c70c0	1	51	24	%b	待ってろ、すぐに村に運んで、\n手当してやるからな！%b	
88f279b003	1	51	24	%b	こいつを倒して、\nドラグーン城を取り戻してやろう！%b	
896cdc167c	1	53	24	%b %h	これらは全て、\nこの古代魔法文明の名残と言えよう。%b%h	
8a7c9b2e11	1	51	24	%b	ところでホークアイ。\nファルコは救出できたのかい？%b	
8b23c6ca7a	1	51	24	%b	はやく決着をつけて、\nこの人の傷の手当をしなきゃ！%b	
8bb3cff3f1	1	51	24	%b	そちらに居るのは、\nクイーンズランドの王子ですな。%b	
8d33832664	1	49	24		ありがとうございま～す☆\nほかに何か買いますかァ？	
8daf1c4fff	1	51	24	%b	君一人の力で、\nどうにかできるってもんじゃないよ。%b	
8db6e393a9	1	51	24	%b	そやけど、シラナミは\nどこに居てるんでしょうなぁ。%b	
8f24aff9dd	1	51	24	%b	精神力だけでは勝てないということを\n教えてやろう！%b	
902a321307	1	51	24	%b	町に人が戻ったわ。\n久しぶりね、こんなにぎわいは。%b	
906bdbcf5a	1	51	24	%b	せっかくイガ最強のシノビを\n助けにきてあげたのに。%b	
90c7ada266	1	51	24	%b	それはどうかな。\nそれを伝える者がいなくなったら？%b	
90d3dedc92	1	51	24	%z	%zじゃあ、そういうことに\nしといてあげますの、なの！	
919a5c1e64	1	51	24	%b	それで、さっきから、\nがんばってるんだけど・・・。%b	
92644593d7	1	49	24		ありがたき幸せ。\nほかに何か買うものはござろうか？	
961e9294f1	1	51	24	%b	許せないのだ～ゼー！\n俺様もつれて行くのだ～ゼー！%b	
971849e5b1	2	50	24	%n	「%nS」でござるか。\n買っていただけるのでござるな？	
978cfa8cc9	1	51	24	%b	かっこいいわよねぇー。\nわたし、あこがれちゃうわ！%b	
97c9dfdcc9	1	53	24	%b %h	それだけに、各地に\n遺跡や伝承が数多く見られます。%b%h	
9853c44b81	1	51	24	%b	自分で自分の戦いかたに\nワクをはめてしまうからさ。%b	
98ba36fa3e	1	48	24		落下地点で爆発し、周囲に操りのガスを散布します。	
9a0d794ed4	1	50	24	%b	とりあえず、この続きは製品版で楽しんでください。%b	
9ada2d1d0b	1	51	24	%b	決まってるじゃないか。\n懐かしの故郷、オルトマさ。%b	
9b11dd0b9b	1	51	24	%b	弱虫王子がどれほど成長したか、\nとくと拝見しよう。%b	
9b30eb2f9f	1	48	24		けものの皮をなめして作られた魔法使い用の服です。	
9c3d7fd0d4	1	51	24	%b	でも、それを乗り越えるからこそ\n人は強くなれるの。%b	
9cae6a9a4d	1	51	24	%b	あたしだって、\n危ない橋はいくつも渡ってきたわよ。%b	
9cea8bf314	1	51	24	%b	７人委員会によって・・・、\n・・・全ては統制され、%b	
9d2ccad166	1	48	24		放った火薬矢が落下した地点で大爆発を起こします。	
9e3a7795c7	1	48	24		身につけると坂道でも軽やかに進むことができます。	
9e46857cbb	1	52	24	%b	ん？\nもしかしてラスティはミュウのこと\n好きでしか？%b	
9ed6cbad24	1	51	24	%b	ささやかな幸せすら\n許されないのでしょうか・・・。%b	
9facd65857	1	51	24	%b	もーっ！！\n仕事場にいないから、心配だったんだよ！%b	
a0afcb70d7	1	51	24	%b	くっくっくっくっ・・・\nおもしろいゲームでしたよ。%b	
a0b694a59f	1	51	24	%b	これはこれは！\nあなたがウワサのミュウ王女ですな。%b	
a142179c48	1	51	24	%z	%z本当にそうよね。\n何度ももうダメだと思ったもんね。	
a16cdfb64e	1	51	24	%b	竜騎士の仲間になった言うのん、\nほんまですやろか？%b	
a1ebe227f2	1	53	24	%b %h	扉を押しても開かなかった。\nそこでひいてみた・・・%b%h	
a20e77f245	1	51	24	%b	今だに、それの何がすごいのか、\n分からんのですよ。%b	
a2610bdf59	1	51	24	%b	でも、全滅して、\n１からやり直しよりかはマシだよ！%b	
a44343875e	1	51	24	%b	２階にあがるのは\nあきらめるしかないようだ～ぜー！%b	
a529097f88	1	51	24	%b	これさえあれば、\n敵の幻術を避けることができ申す。%b	
a5c8ddcc1a	1	51	24	%b	たくさんの良き仲間に\n恵まれておるようですからな。%b	
a62ce124d5	1	51	24	%b	だから、ね、ア～ちゃん、\n許してあげようよ・・・。%b	
a63bf9760c	1	51	24	%b	・・・お父様、\nすぐに援軍を率いて戻って参ります！%b	
a641476552	1	51	24	%b	よし、今度は行けそうだな。\nみんな、用意はいいか？%b	
a76ad73c0b	1	51	24	%b	わしの可愛い子供達を\nどこへ連れていくつもりじゃ！%b	
a82bda16ff	1	51	24	%b	でも、ガルマンオーブがないと、\nダメなの、なのね。%b	
a87dc3edf0	1	51	24	%b	あ、ミュウ姫様！\n今日は、お忍びでデートですかい？%b	
a9ac0fa6b9	1	51	24	%b	それに敵の数も多い、\n各個撃破でいくのが常道だな。%b	
a9ed18fc46	1	51	24	%b	だって、もうカダールは\nいなくなったっていうのに、%b	
ab669e9c73	1	51	24	%b	この様子では、\n文献の調査は無理なのではないかね？%b	
ac9ef5c7ce	1	51	24	%b	このまま押しつづければ、\nいずれは開きましょうぞ。%b	
acfd12c0fe	1	51	24	%b	幻術で隠れていた出口が\n姿をあらわしたの、なのね。%b	
ad7a81b8d5	1	51	24	%b	お前が望んだ世界！\n何を拒む必要があるというのだ！%b	
adb45c7d53	1	51	24	%b	奴等の魔法にどうやって\n耐えるかで勝負は決まるぞ！%b	
ae15846d7e	1	51	24	%b	あっしは最初から\nミュウ様のことを信じてましたぜ。%b	
aea00af5b5	1	49	24		おやまぁ、やめなさるか。\nほかに何か用はあるかの？	
af744bb46b	1	51	24	%b	皆様の無事を\nカムイコタンの神々にお祈りしますわ。%b	
b05ace8c69	1	51	24	%b	みんな、がんばって！\nこっちのことは任せといてよ。%b	
b166cb02db	1	48	24		強力な刀ですが、手にした者は混乱状態になります。	
b57a4ba4ce	1	51	24	%b	お前をやっつけて、\nヤマタイに平和を取り戻すでし！%b	
b593a72f36	1	51	24	%b	でも、もし味方になってくれれば、\n心強いんでしょ？%b	
b604247db6	1	51	24	%b	つかんで滑り落ちるか\n地形を変えていくしかないね。%b	
b668d5b91e	1	51	24	%b	・・・うん。\n分かってるよ、分かってるけど・・・。%b	
b75cd9208e	1	48	24		大空に舞い上がり、一気に飛び込むダイブ攻撃です。	
b7d88a8115	1	51	24	%b	迷宮に挑戦したければ、\n迷宮協会で登録することだ。%b	
b7fe2d8691	1	51	24	%b	おお、おお、カムイ様！\nようこそお帰りくだされた。%b	
b8bf2899d9	1	51	24	%b	古代魔法文明か・・・。\nところで、弟さんの名前は？%b	
b8c6544949	1	51	24	%b	カムイと協力して、助けにきたよ！\nみんな大丈夫？！%b	
b92cfc7219	1	51	24	%b	この戦いにケリをつけるまでは、\n返事を待ってくれ。%b	
b99bbf1b98	1	51	24	%b	それじゃないのね。\nじゃあ、どれと交換するかしら？%b	
b9fe49fc23	1	51	24	%b	あ、お姉ちゃん達！\nよかった、無事だったんですね！%b	
bb9f7ede10	1	51	24	%b	クィーンズランドの王子で、\nリグロード戦役を戦った%b	
bbda55941b	1	51	24	%b	なーんてしおらしいことを\n言うわけがないであろぅ。%b	
bc50028df5	1	51	24	%b	そんなに気負ってちゃ、\n後がつづかないよ、ミュウ。%b	
bce30c4f53	1	51	24	%b	わかりました。\nでも、できるだけいそいでください。%b	
bd039218fe	1	48	24		味方キャラクターのステータス異常を回復させます。	
bd6696a83b	1	51	24	%b	カダールの残党だ！\n正面きって戦っても負けないよ！%b	
bd712755f1	1	51	24	%b	鉄よりも固く、羽よりも軽い\nと言われていましたが、%b	
bd89984fad	1	51	24	%b	イガ最強のシノビという言葉の意味を\n教えてやるよ！%b	
beeb0c8047	1	51	24	%b	だから、ボクはヤマタイに、\n援軍を頼みにいくんだ。%b	
bef79f6309	1	51	24	%b	あなた達のおかげで、\n平和に暮らすことができるよ。%b	
bff2f101ff	1	51	24	%b	それに敵の数も多い、\n固まって行動した方がいいよ！%b	
c15819a7f1	1	51	24	%b	・・・ミュウ、\n看板は正面からでないと読めないよ。%b	
c1f185ec3b	1	51	24	%b	よし、ガルザードの奴をぶっ倒したら\nここにおいで。%b	
c250bd7d08	1	48	24		風の奥義書。風と雷の融合について書かれています。	
c2db77e090	2	51	24	%b	しかし・・・、\nこれで、言われたことは終らせたぞ。%b	
c316d3b9c0	1	49	24		ありがとうございます。\nほかに何か売りますかのゥ？	
c55aaab65d	1	51	24	%b	私達は、\nどこまで痛めつけられればいいのでしょう。%b	
c5648b76ac	1	51	24	%b	ラスティの話では、\nこれがあれば古代遺跡の扉を開き%b	
c594282a00	1	51	24	%b	ありがと。\nんじゃ、ちょっくら行ってくっかんね～。%b	
c5a492993b	1	51	24	%b	僕達のやろうとしていることは\nまるで、サーガだね。%b	
c5a6fff0ea	1	51	24	%b	わかってるよ。\nちょっとのぞいてみただけじゃない。%b	
c62df289b5	1	51	24	%b	はにゃー？\nここに何かをはめるようになってるのね。%b	
c6338d0eaa	1	51	24	%b	これを止めるには、\n私を倒すしか方法はないのです。%b	
c6b52cb939	1	51	24	%b	だが、カギがない以上、\nこじあけるしかないだろう。%b	
c7adb41043	1	51	24	%b	この災害は、どうやら、\nゴジョウだけやないらしい。%b	
c851500df2	1	51	24	%b	やはり、どう考えましても、\nアレクトリア大図書館の%b	
c9a91233f9	2	51	24	%b	ううん・・・。\nちょっと、ゴミが入っただけ・・・。%b	
cb95199a29	2	50	24	%n	「%nS」を\nそれがしに売っていただけるのでござるな？	
cbfb9d35f6	1	51	24	%b	やはり、この人数では、\nまだ万全とはいいがたいな。%b	
cc1591d9ef	1	51	24	%b	私を倒せたら君たちの勝ち、\nという事にしましょう。%b	
ce4441bbf8	1	51	24	%b	ようやってくれたね。\nホンマにありがたいこっちゃ。%b	
ce57e0687d	1	51	24	%b	まだ結婚もしてないのに、\n死にたくないよぅ・・・。%b	
ceaf36af92	1	51	24	%b	そうだね。\nでも、それじゃあ、これからどうするの？%b	
cf000eaa9b	1	51	24	%b	よくもヤマタイを\nムチャクチャにしてくれたでしね！%b	
d0fd1b04da	1	51	24	%b	絶対、絶対、絶対！\n無事に帰ってきてね、約束だよ。%b	
d19e2bb456	1	48	24		他のキーは使用しません。　　　　　　　［５／５］	
d1edb3e0c1	1	51	24	%b	そちらに行ったら、\n７人委員会の塔の裏口ですわよ？%b	
d25b8e4ac0	1	51	24	%b	なに、これぐらいのこと、\n大したことではござらん。%b	
d3209bee61	2	50	24	%n	「%nS」でござるな。\n買っていただけるのでござるか？	
d3db353a79	1	49	24		ありがたき幸せ。\nほかに何か買物はござりまするか？	
d42593fad8	1	51	24	%b	いつか、\n修理する方法がみつかるかもしれないけど。%b	
d4ad508ab2	1	51	24	%b	こんなところに、\n今にも倒れそうな枯木があるでし。%b	
d4e82a3fc2	1	51	24	%b	これは、シノビ文字だ。\nしかし、ヘタクソな字だな。%b	
d517b19dbf	1	51	24	%b	何日かすれば、\n向こうからおれるに決まってますわ。%b	
d7f32f6049	1	51	24	%b	これは、ボクがヤマタイから来た\nカオスゲートだね。%b	
d8b2e256a8	1	51	24	%b	弟を捜すためにも\n越えなければならぬ場所でござる。%b	
d94937323d	1	49	24		いらっしゃいませぇ。\nどういったご要件でしょうか？	
da1b7d4be0	1	51	24	%b	おかしいじゃない、\n７人委員会は倒されたんでしょ！%b	
db238f13f6	1	51	24	%b	特定の敵を倒すと開くようになる\n仕掛けらしいわね。%b	
db6b4a8359	1	51	24	%b	みなさん、落ちないように\n気を付けてくださいまし。%b	
dbd2166e67	1	51	24	%b	男と女の間には、深くて暗い川がある、\n言いますな。%b	
dc30062621	1	51	24	%b	ドラグーン王国の竜騎士ミュウ！\nこの先に用がある。%b	
dce6e513b2	1	51	24	%b	子供達は・・・、\n子供達だけは傷つけないでおくれ。%b	
dd0ba4d8f2	1	51	24	%b	ミュウ・・・、\nそっちはイガの里じゃないと思うよ。%b	
dd4311c12c	1	51	24	%b	つかんでもらうか\n地形を変えて行くしかないなのね！%b	
dddc13dbd6	1	51	24	%b	あの、できれば、\nそういった乱暴な愛情表現よりは、%b	
df55871905	1	51	24	%b	男の子がそんな小さいことに拘ってちゃ、\nダ・メ・☆%b	
e0466939c7	1	51	24	%b	この様子じゃあ、\nリグロードへ船で渡ろうったって、%b	
e06c93725e	1	51	24	%b	「古代魔法文明」時代の\n失われた技術を復活させて、%b	
e1fe74f9cf	1	51	24	%b	お金やものを貰うために\nやったんじゃないんだから。%b	
e250c82b1d	1	51	24	%b	ルゥナに、皆がここに戻ってくると\n教えられたのだ。%b	
e54cf35f6b	1	51	24	%b	でも、これだけの規模の地震を\n起こせるのは・・・。%b	
e58cc07d75	1	51	24	%b	これは、カムイコタンの\n戦士に伝わる技の奥義書だ。%b	
e6310fced3	1	51	24	%z	%zまったく、\nこういうときだけ協力しやがって・・・。	
e672ed49a5	1	48	24		水の奥義書。水と地の融合について書かれています。	
e67f0c290a	1	51	24	%b	だけど、新しい砲の仕組みを\n思いついたとかいって、%b	
e94dc02256	1	51	24	%b	もちろん、味方かて、\n足を滑らせれば落ちますけど。%b	
e9d8885a13	1	51	24	%b	あぶないところを助けてもらって\nどうもありがとう。%b	
e9dfe11393	1	51	24	%b	ラグロスの塔では、\n突然いなくなって失礼しました。%b	
ea609a6210	1	49	24		なんや、やめんのんかい。\nほかに用はあるのんかい？	
ea62d98a77	1	51	24	%b	でも、今、壊れてて、\nとても飛べそうにないんです。%b	
eaa6ea47b4	1	51	24	%b	あんたらも大変なやっかいに\n巻き込まれたもんだね。%b	
eb32e37123	1	51	24	%b	・・・もうだれも、\n死なせちゃいけないんだ・・・！%b	
ebaaf6b58c	1	51	24	%b	だからって、それを決定する権利は、\n誰にもない！！%b	
ebd8830030	1	51	24	%b	なんでも、リグロードからきた\n竜騎士だとか・・・。%b	
ecac25d06d	1	51	24	%b	ここまで耐えるとは！\nさすがはイガ最強のシノビや。%b	
ed16576825	1	51	24	%b	カダール軍は、\nこの村の北にあるホウライ山の山頂、%b	
ed3d0c8936	1	48	24		精霊の気の力で体力を３００ポイント回復できます。	
ed46d186c1	1	51	24	%b	・・・っと、その前に、\n船をなんとかしとかなきゃ。%b	
ed50914458	1	51	24	%b	でしたら、多少の自己犠牲は\nやむを得ないことです。%b	
ed93e0dc26	1	51	24	%b	式神が人々に疎ましがられるのは、\nそれが原因でな。%b	
efd159c481	1	51	24	%b	そんなことを私に教えて\n何をさせようというのだ？！%b	
f06711cb22	1	51	24	%b	うーん・・・。\nどうも、ただの洞窟とは思えないね。%b	
f06a763911	1	51	24	%b	ゲテン城にカダール軍のお偉いさんが\nいるらしいよ。%b	
f2a4a485af	1	48	24		落下地点で爆裂し、周囲に凍結のガスを散布します。	
f2f4b5eaf1	1	51	24	%b	そんなに死にたいんなら、\nボクが手伝ってあげるよ！%b	
f420717383	1	51	24	%b	こんなところで\n時間を浪費してる場合じゃないのに。%b	
f5734c5f1a	1	51	24	%b	７人委員会のやつらが\n次元の扉に手を出したせいか？%b	
f6de5cfa0d	1	51	24	%b	でも、そんなことをしている場合では\nありませんわ。%b	
f7b3e7b576	1	51	24	%b	これからゴジョウの橋も\n修復していかなあかんしな。%b	
f84cdc23f2	1	49	24		ありがたき幸せ。\nほかに何か売るものはござろうか？	
f8c7ac0a09	1	51	24	%b	あ、でも、水晶柱っていう\n不思議な建築物があって、%b	
f92ce1ca43	1	51	24	%b	次元の扉を閉ざされたボクたちに\n逃げ道は無いんだ！%b	
fabca5dab0	3	51	24	%b	こんなところで\n足止めされるわけにはいかないでし。%b	
fbc21f99b0	1	51	24	%b	わたくし、こんな陸地の存在は\n聞いておりませんわ。%b	
fd75c8d023	1	48	24		火の奥義書。火と風の融合について書かれています。	
fe2c786f04	1	51	24	%b	【ヒヒイロカネ】って\n特別な鉱石から作るカタナだ。%b	
fe3138c8ca	1	51	24	%b	人々に親しまれてきた彫像は、\n無惨に壊されている。%b	
fe7080a9e8	1	51	24	%b	されば、力を合わせ\n彼奴らめを蹴散らしましょうぞ！%b	
ff9e4559f5	1	51	24	%b	私達は仕方なく、\n女や子供を星陵郭に送った・・・。%b	
022b1a8573	2	49	23	%b	そうかい。\nじゃ、あたしはここで待ってるからね。%b	
0414f6d45c	1	49	23	%b	古代魔法文明の技術と知識の全てが、\n今ここにっ！%b	
04c69aee21	1	49	23	%b	じゃあ、\nア～ちゃんに聞いてみようじゃないのよ！%b	
057040a76a	1	49	23	%b	【回復薬】は、\nＨＰを回復させるアイテムでしょ。%b	
05b7e696eb	5	47	23	%n	「%nS」を買い取らせていただいてよろしいですか？	
063b9d52ad	1	46	23		飛び跳ねた振動で、周囲に回復の波動を伝えます。	
0871fb4315	1	49	23	%b	で・・・では、\nもはや見る影もなしでござるか！？%b	
09923def90	1	49	23	%b	ナズナがいれば十分なのね！\nね、ね、アスカぁ～。%b	
0a16d7da69	1	46	23		隕石が落ちてきて爆発し、大きな被害を与えます。	
0caf24796d	1	49	23	%b	しかし、国民の不信の声は\n今や、天にとどくほど。%b	
0d95c01174	1	49	23	%b	思ったとおり、\nあの城は、いわくつきの場所だね。%b	
0e3f0d5f8d	1	49	23	%b	まずは、マラカイトを\n手に入れてはどうじゃろう？%b	
116b64b113	1	49	23	%b	ご自分の過ちをつぐなうなら、\n生きるべきですわ！%b	
1191290218	1	49	23	%b	何にしろ好都合よね。\nこのスキに中を調べましょ！%b	
11a258fc19	1	49	23	%b	やっぱり平和ってのは\n長く続かないもんなのかね。%b	
11ecedf4f7	1	49	23	%b	もうどこにもいかずに、\nこの村を守ってくだされ。%b	
1249a7f5eb	1	49	23	%b	じゃあ、ボク達が、\nキミの仲間の救出を手伝うよ！%b	
12ae91f08f	1	49	23	%b	ここを出たあかつきには、\nわたくしの仲間達にも、%b	
13560e6e24	2	49	23	%b	しかし、７人委員会が\nカカルクランにいることで、%b	
1420bc2993	1	49	23	%b	７人委員会のやり方には\n皆不満を抱いていたんだ。%b	
1440ef2d54	1	46	23		雷の精霊を宿し、敵に向かって電撃を放つ術です。	
1506e03c24	1	49	23	%b	それがどこにあるのかは、\n我々も詳しくは知らぬ。%b	
151a3990e6	1	49	23	%b	変更しました。\nそれでＯＫならセーブしてください%b	
15bd0af637	1	49	23	%b	魔法球も手に入れたことだし、\n海底神殿へ急ごう！%b	
15f2b1cc98	1	49	23	%b	わかった、わかった！\nわかったから、離れてくれ！%b	
161388d239	1	49	23	%b	俺っちを手伝ってくれるでしか？\nありがたいでし。%b	
164c35d0bb	1	49	23	%b	月組は、ムサシ様を祖とする\nイガ流忍術の直系よ。%b	
16fa820c62	1	49	23	%b	カオスの力は、\n人が扱うには大きすぎる力なのね。%b	
1aae85320c	2	49	23	%b	こんな突発的な戦いで\nケガをしちゃつまらないよ。%b	
1b22176afd	1	49	23	%b	あのファルコって、\nホークアイの弟さんのことだ！%b	
1ba8d674c5	1	49	23	%b	むこうには知合いも少なくないから、\n心配なんだ。%b	
1baca19269	1	49	23	%b	ここには【天邪の鏡】が\nぴったりはまるようでし。%b	
1c496928ce	1	49	23	%b	ならば、私は、私自身の良心に従い、\nお前を討つ！%b	
1dd9fd71e4	1	49	23	%b	まだ、星陵郭には子供たちが\nとらわれているんだ。%b	
1eb4b54385	1	49	23	%z	%z・・・ふゥ。\n本当にキスするとは思わなかったよ。	
1ef76cf918	1	49	23	%b	ここよりも\n先に行くべきところがあるはずですわ。%b	
1f8d4f5d70	1	49	23	%b	あなたの部下の命は、\n我々の手中にあるのですよ。%b	
22412016f6	1	49	23	%b	・・・わかった。\n好きなだけ行ってくればいいわ。%b	
236a9aa1cc	1	49	23	%b	それは、本名。\n今は、シラナミって呼ばれてるの。%b	
25e9795803	1	49	23	%b	ボクが「竜変化」で竜に変身して、\n向こうに渡る。%b	
268ed38042	1	49	23	%b	星陵郭に行って、\n人質になってる人々を助けだす。%b	
26abc8796a	1	49	23	%b	ルゥナ！\nそれに、ディアーネさんにファルコまで！%b	
2836e7fb7f	1	47	23		まぁ、いらっしゃい。\nゆっくり見てっておくれよ。	
292a4eb544	1	46	23		変わった名前ですが、攻撃力はすばらしい剣です。	
2a65db2970	1	46	23		高名な賢者が書いた書物です。賢さが上がります。	
2b12256a5f	1	47	23		やめやがりますか。\nほかに何かありやがりますか？	
2c3dc68f72	1	49	23	%b	もうみんなと一緒に暮らせるんだよね、\nカムイ様！%b	
2d1be9b133	1	49	23	%b	わたくしの思ったとおり、\n出口が出現しましてよ。%b	
2d7e22ab3f	1	49	23	%b	あ、ああ、オレは大丈夫だ。\n大丈夫か、シラナミ？%b	
303ca4438f	1	49	23	%b	もし、この溶岩の川に落ちたりしたら、\n終りだね。%b	
346c2c6e18	1	46	23		敵の魔法を、命中率・威力ともに完全に封じます。	
35ee85d5a6	1	49	23	%b	３．モンスター達は\nお金をもってないのだ～ゼー。%b	
36148c707f	1	49	23	%b	でないと、弟を捜す以前に、\n敵にやられちゃうよ！%b	
36aabd6176	1	49	23	%b	オレとしたことが、\n無駄な時間を使っちまったぜ。%b	
37b0167d63	1	49	23	%b	この焼け跡は・・・？\nここで何があったんだろう？%b	
3868d0ee7e	1	49	23	%b	親父だってそうしたんだ。\n俺にだって、できるさ。%b	
38b50e17ce	1	49	23	%b	あんた達の活躍のおかげだよ！\nとにかくめでたい！%b	
38c33356a8	1	49	23	%b	この光ぐあいは\nイクシーズで見たのにそっくりだ。%b	
39c9ffab10	1	49	23	%b	ミュウ、飛ぶか？\nいい風が吹いて来てるようだぜ？%b	
3aca0a4a8f	1	49	23	%b	命がおしくなかったら、\nかかってくるのだ～ゼー！%b	
3d4bac134a	2	47	23		金が足りないじゃないか。\n貧乏人には用はないの。	
3e0b35be33	1	49	23	%b	これが大水桶なのね？\nサッっと壊すの、なのね！！%b	
3e0f0a9e56	1	49	23	%b	ここにはめ込むような物は\n持ってないの、なのね。%b	
3e37883fc5	1	49	23	%b	ここの村人にとって、\n数少ない自慢の種なんです。%b	
3fa081d05b	1	46	23		つがえた矢に光が宿り、霊的な効力を発揮します。	
40937b96d8	1	49	23	%b	ガルマンオーブがないから、\n今は何もできないね。%b	
418550b82b	1	49	23	%b	昔、昔、大昔の船は、\n空を飛んだっていうけどね。%b	
41be8b6a8d	1	49	23	%b	カダールの連中、負けたんやて。\nええ気味やわァ。%b	
41de04c510	1	49	23	%b	おかげさんで商売の方も、\nボチボチいってますわ。%b	
41e5bfc96b	1	49	23	%b	いやァ、\nそんなおどろいた顔されると照れるなァ。%b	
42da0fa8e8	1	46	23		ウチの防具は、どれを買ってもソンはさせないよ。	
4468580cc9	1	49	23	%b	そうだよ。\nこんな状況を作ったのは、カダールだ！%b	
44c154060c	1	49	23	%b	もう、いいよ。\n別に被害があったわけじゃないし。%b	
44d90f70c4	1	49	23	%b	あんがい、滝の裏に\n通路があったりして・・・ね。%b	
45195adac1	1	46	23		あの、売れるものはないみたいですけどォ・・・？	
45457f77a5	1	49	23	%b	でも、わたくしでは、\n手におえかねるようですわ。%b	
455a959d74	1	49	23	%b	だが、オレにはまだ力が足りねぇ・・・。\nそれが？%b	
470603ef29	1	49	23	%b	裏ヤマタイ地方へ続く\n唯一の通り道だったんだが。%b	
473f5aa046	1	49	23	%b	そうかい。\nじゃ、気が向いたら、声をかけとくれ！%b	
475a57ce7d	1	49	23	%z	%zお父様、\nそろそろ、実戦をさせてもらえませんか？	
48aa91dcf8	1	49	23	%b	レジスタンス狩り以後\nしばらくさびれていました。%b	
48ee4d66b5	1	49	23	%b	せまいところでしね。\nみんな、気をつけるでしよ。%b	
4a105dc860	1	49	23	%b	さてと、もう一度ここについて\n説明しておこうか？%b	
4bbc0e14f4	1	49	23	%b	近くに村でもあれば、\n話を聞けるんでしが・・・。%b	
4cad33a9c3	1	49	23	%b	大丈夫だよ！\n年の割にしっかりした子だったもの。%b	
4db09ed269	1	51	23	%b %h	だが、それが本当かどうかを\n実証した者はいない。%b%h	
4dde7ff7d9	1	49	23	%b	どこかの誰かさんが、\nコソコソ逃げたりしなきゃ、%b	
4f3f1738aa	1	49	23	%b	下手すりゃ、\nカオスの力が解放されちまいそうだ。%b	
4fec55a7ab	1	49	23	%b	かしこく戦うんやったら、\n弱点を突かなあかんで。%b	
51e5b7da97	1	49	23	%b	この地震続きで、\n倉庫の中の荷物がすぐ崩れてね。%b	
53267d80ea	1	47	23		ありがとよ、このヤロウ。\nほかに売りやがるのか？	
53d055a67e	1	49	23	%b	ヒバリが心配でし。\n怖がってないでしかね・・・。%b	
53d3306b90	1	49	23	%b	そんなこと言ったって、\n敵は容赦してくれないぜ！%b	
5507285136	1	49	23	%b	娘よ・・・私は疲れたのだ・・・。\nさらば・・・。%b	
5625394263	1	49	23	%b	カダール軍を名乗る軍団に\n侵略を受けているんだ。%b	
566c660667	2	76	23	%H %m1 %V100 %m0 %s10 %V0 %b	%H%m1%V100［%m0%s10%m1］%V0%m0\nこれが爆発したら、\n大変なことになるでしよ。%b	
575ab2cd3f	1	49	23	%b	【ゲートキー】と、\n【古代遺跡の鍵】を見つけた。%b	
576201d8ea	1	49	23	%b	王子様が現れるのを、\n待ち続けていたの、なのね！%b	
57f2001177	1	49	23	%b	うふふふふ、なのなの。\nあなたとっても幸運なの。%b	
58972e6796	1	49	23	%b	拙者、こう見えても、\n多少、武道の心得がござる。%b	
59cc1fb041	1	49	23	%b	ふごっ！\n俺とした事が、間違えているのだ～ゼー！%b	
59e725026c	1	49	23	%b	登録して、はじめて\n試練の迷宮に入れますねんけど%b	
5a2d3b7aed	1	46	23		この刀によってキズを負わされた者を眠らせます。	
5b24adab3a	1	49	23	%b	こ、ここだな。\nここに魔法球を置くんだったよね。%b	
5bfe41abe6	1	49	23	%b	こういう状態を\nロマンチック大暴走っていうんだ。%b	
5e28db6bb0	1	49	23	%b	どうしてこんなに、\nデコボコしているのでしょう？%b	
5e9dd8547e	1	49	23	%b	困りましたわね。\nどのようにして下りましょうか。%b	
5eb4ef27dd	1	49	23	%b	・・・すまない、ミュウ。\nつい熱くなっちまって。%b	
6183ac7942	1	49	23	%b	どうだろうと、\n邪魔をする奴は叩き潰すだけだぜ。%b	
61b05bae72	1	49	23	%b	それに、こちらは、\n【古代遺跡の鍵】でござるな。%b	
61bbada42c	1	49	23	%b	・・・はぁ。\nヒバリは元気にしているでしかねぇ？%b	
61d6578e3c	1	49	23	%b	でも、なんだろ？ここ？\nなんだか関所みたいだね。%b	
62e5e57c11	1	49	23	%b	俺様がどうしゃべろうと\n俺様の勝手なのだ～ゼー！%b	
63525814a0	1	49	23	%b	ぐ・・・、\nま、まさか私が負けるなどとは・・・。%b	
63a04d0718	1	49	23	%b	お嫁しゃんになってあげないかやね！\nべーっ、だ。%b	
63c36e7a55	1	47	23		ありがとうございますゥ。\nほかに何か売りますか？	
66ded39409	1	49	23	%b	この扉には、\nなにか仕掛けがしてあるみたいだよ。%b	
68ca0e4be7	1	49	23	%b	お願いします。\nイクシーズ号を使わせてください！%b	
68d0115400	1	49	23	%b	ここには【蓬莱の珠】が\nぴったりはまるようでし。%b	
695849214a	1	49	23	%b	オレの分まで、\nやつらをぶちのめしてきてくれよ！%b	
6a14b70890	1	49	23	%b	よし、それじゃ、ミュウ、\nイクシーズ号で会おう！%b	
6b6dff765a	2	49	23	%b	７人委員会を倒せば、\n怪物共もおとなしくなるかと%b	
6d6a93bb53	1	49	23	%b	ラスティ、体の方は大丈夫なの？\nどこも痛くない？%b	
6e9e20bb93	1	49	23	%b	わたしは信じてましたよ、\nお・ひ・め・さ・ま・！%b	
6ef17292c8	1	49	23	%b	ラスティ・・・。\n・・・鼻に何かついているわよ？%b	
6f92e41b28	1	49	23	%b	まさか、アンジュの親父も\nあいつにやられたのか？%b	
700e4f8f73	1	49	23	%b	奴らめが、\n幽玄の森を守る封印を解いたでござる。%b	
7010560825	1	49	23	%b	それでは、少し道案内を\nしておきましょうかしら。%b	
704c0858f9	1	49	23	%b	仲が良かろうが悪かろうが、\nオレには関係ないし。%b	
71080c1b7b	2	49	23	%b	おめでとうございます。\n最下層に到着致しました。%b	
7110900743	1	49	23	%b	さらばだ、わが娘よ。\n私は自らの人生に幕を引く。%b	
71ef7fff49	1	49	23	%b	これで元通りみんな平和に\n暮らすことができるわ。%b	
732df576a5	1	49	23	%b	あ、ミュウ姉様だ！\nひどいこといって、ごめんね。%b	
7362afbdcf	1	49	23	%b	そいつをぶち壊せば水が流れて\n火はきえるのでし。%b	
737540a362	1	49	23	%b	だが、今は壊れてて、\nとても飛べそうにはないゼ。%b	
73d4b415c7	1	49	23	%b	お店に持っていったら\n高う買い取ってくれますえ。%b	
74493be45a	1	49	23	%b	マラカイトを入手した状態に\nフラグ補正しました。%b	
74a40d70a3	2	49	23	%b	今のボク達の敵は、\n７人委員会だって分かってる。%b	
780cc0f49a	1	43	23		3/4の確率で敵の攻撃をそのまま弾き返します。	
78eeea7496	1	49	23	%b	イクシーズ復活には、\nもう一品必要なのでござる。%b	
7aaef7113f	1	47	23		おお、やめなさるのか。\nほかに何かありますかの？	
7b00afa16e	1	49	23	%b	先のリグロード戦役で、\nムサシじっちゃんなんかと%b	
7bcbdc4a3c	1	49	23	%b	いつ、自分達のケツに火がつくか\nわかりゃしない。%b	
7c75f8b24f	1	49	23	%b	世界が本当に平和になったのか、\n確かめなくちゃ！%b	
7e979ab151	1	49	23	%b	ほほう、これが伝説に言う、\n宝の番人でござるか。%b	
7f04c3cf2f	1	49	23	%b	世界が滅びるのよ！\n世界が滅びるのに違いないわ！%b	
8028381c12	1	49	23	%b	英雄アーサー様とエリーゼ様の\n血を引いているの。%b	
8210b825de	1	49	23	%b	もし【フライサー】の魔法を\n使うことができれば、%b	
8433ecb454	1	46	23		風の精霊の力を借りて、物を押すことができます。	
8545e91720	1	46	23		風の刃を前方に打ち出して、敵を攻撃する技です。	
858b6ed534	1	49	23	%b	この祭壇にガルマンオーブを\n置けばいいんでしね。%b	
86d5c8600d	1	49	23	%b	ありがとうございました。\nおかげで助かりました。%b	
8772246da9	1	49	23	%b	宝剣はガッチリはまってて\n外れそうにないようだ。%b	
8808f8099d	1	49	23	%b	地形を気にせず、\n反対側へ渡れるんだけど・・・。%b	
8ad2a88b95	1	49	23	%b	ナズナだって、\n７人委員会には怒ってるの、なの！%b	
8afb0a6a3c	1	49	23	%b	どのような力を持っていると\nいうのでござろうか。%b	
8b73cf5495	1	46	23		大地を使って増幅した衝撃波を敵に与える技です。	
8b92b379c6	1	49	23	%b	父上・・・いえ、\n館長以外は閲覧できないのです。%b	
8ce80723c0	1	49	23	%b	まあ、怪物どもが\n住み着くことは考えられるから、%b	
8d6fe678de	1	49	23	%b	この戦場はせまい！\n落ちないように気を付けろ！！%b	
8e6d236be6	1	49	23	%b	姫って言葉は、\nちょっとばかし似合わないけどな。%b	
8f3f58dafd	1	49	23	%b	何か聞きたいことがあったら\n長老に聞くといいよ。%b	
8f5630077a	1	49	23	%b	状況を整えるという大役を、\n宿命づけられたる身。%b	
8f8a1d1242	1	49	23	%b	あなたも命が惜しければ\n近寄らないことですわね。%b	
8fbe3bfdf6	1	49	23	%b	底の見えない穴がある。\n奥の部屋は見当たらない。%b	
903168660a	1	49	23	%b	各個撃破されないように\n気をつけなきゃだめだね。%b	
9063779346	1	47	23		はて、金が足りぬようですがのゥ。\n年ですかのゥ？	
913946b64e	1	49	23	%b	どこかにこの扉を動かすしくみが\nありましょうぞ。%b	
91543ed8a0	1	49	23	%b	みんな、待ってて、\n今すぐに出してあげるからね！%b	
919fcacfcb	1	49	23	%b	いったいどこから\nそんな物がわいて出てきたんだ？%b	
91a7b5ab95	1	49	23	%b	ホウショウ院は、\nいったいいつ参拝できるんやろ。%b	
9242724070	1	49	23	%b	詳しくは知らぬが、\nリグロードの港町からならば、%b	
93318de3e9	1	49	23	%b	ゲテン城からガルザードを\n追い出したんだってよ。%b	
939c3a9017	1	49	23	%b	しかし扉は熱膨張によって\n開きにくくなっている。%b	
93a15af114	1	46	23		おぼろ谷でミズタマから手に入れたアイテムです。	
93f054dd07	1	46	23		裏切り者に売るような防具は置いてないんだがね。	
944fca65e8	1	49	23	%b	戦って、戦って・・・、\n立ったまま、死んでやる。%b	
94ea0ca655	1	49	23	%b	皆様そうおっしゃいますわ。\nこれも人徳でしょう。%b	
954c252ebb	2	49	23	%b	皆、しばらく見ない間に\n一回り成長したようだな。%b	
95c244eba1	1	49	23	%b	ねね、ミュウ、ラグロスが\nこんなもの持ってたよ！%b	
979b75073d	2	49	23	%b	こ、ここは・・・リグロード？！\nそれに、ルゥナ！%b	
99130bc3a2	1	49	23	%b	そんなことをオレに教えて\n何をさせようってんだ！%b	
99778f249f	1	49	23	%b	そうでし！\nクリカラ村の鉱炉を使えばいいんでし！%b	
99972b582c	1	46	23		ウチの防具なら、どれを買っても絶対損しないよ。	
9b42b7be41	1	49	23	%b	いややわ。\n長い物には巻かれろ、言いますやんか。%b	
9b886d3a32	1	49	23	%b	妖精ルゥナに、\nみんなが帰るって教えられたのね。%b	
9b8c6bedb7	1	49	23	%b	さ、参りましょう。\nポポロンは、東にありますわ。%b	
9bedfcb50a	1	46	23		休憩することで最大ＨＰの１０％を回復できます。	
9cbde7c44b	1	49	23	%b	このままじゃ、村が危ない！\nこのまま突っ込むよ！%b	
9daac46247	1	49	23	%b	その調子でがんばってや。\n期待してますよってに。%b	
9dc381f0cd	1	49	23	%b	世界に混乱をまきちらした報いを\nうけてもらうぞ！%b	
9dd09066fa	1	49	23	%b	年下の女の子から\nかわいいと言われてもな・・・。%b	
a1575ccb2a	1	49	23	%b	あれ・・・？\nここだけなんだか他と違うぞ・・・。%b	
a204b9d454	1	49	23	%b	私にいわせれば、\n弱いということは、それだけで、%b	
a268afe840	1	49	23	%b	魔法にどうやって耐えるかで\n勝負は決まるでしよ！%b	
a414003de8	1	49	23	%b	今はこんなところに\nかまっている場合じゃないよ。%b	
a45e9133fe	1	49	23	%b	うふふ☆\nやっとあたしに話しかけてくれたわねン。%b	
a4784b65a0	1	49	23	%b	あれはなんでしょう・・・？\n台座のようですけど。%b	
a48553dd9b	1	49	23	%b	まぁ、くれるっていうんだから、\nもらっとこうぜ。%b	
a4a52c8d4b	1	49	23	%b	敵を全滅させるか、\n「退却」をすればいいんだね！%b	
a60a046e40	1	49	23	%b	しかし、お頭、\nあっし達が臭い飯を食ってる間に、%b	
a6129ba43f	1	71	23	%H %m1 %V100 %m0 %V0 %b	%H%m1%V100［%m0門番%m1］%V0%m0\n結果、カダール兵に口止めされた・・・。%b	
a6f25fb79d	1	49	23	%b	おまえ達を倒すために、\nはるばる旅してきたんだ！%b	
a7736b31c6	1	49	23	%b	じゃあ、一足先に、\nリグロードに行くから・・・。%b	
a7cd33cc67	1	49	23	%b	こいつを倒せば、\nドラグーン城を取り戻せるでし！%b	
a844b109c3	1	49	23	%b	おっと、忘れるなよ！\nお前の相手は、このオレだ。%b	
a876be3b1a	1	49	23	%b	７人委員会は、一体、\n何をしようとしているんだ！%b	
a975edda74	1	49	23	%b	わーい、アスカお兄ちゃんだ！\nおかえりなさい！！%b	
a9d8f0dfd8	1	49	23	%b	武力に優れているんだけど、\n魔力に劣っているわ。%b	
aa51daca22	1	49	23	%b	娘だと思って甘やかしておれば、\nうぬぼれおって！%b	
ab23b1fa82	1	49	23	%b	古代魔法文明がどうの、と、\n申しておりましたが。%b	
adbb785e2a	1	49	23	%b	たとえ、罠だとしても、\n最後まであきらめないよ！%b	
aef87f85f6	1	49	23	%b	お前とは話しとうない。\n出ていってくれんかのう。%b	
afd9c2b2d6	1	49	23	%b	まぁ、それも、あと２回で\n終らせてもらいますよ。%b	
affcc3055c	1	49	23	%b	こうなったら、君たちだけでも、\n逃げるのでし！！%b	
b0b7f51000	1	47	23		売るものがないようじゃの。\n人をバカにしよって。	
b2d0c2c519	1	49	23	%b	確かに、\nある意味、この状況は手詰りに見えるな。%b	
b49949b72d	1	49	23	%b	やめてよ、二人とも。\nボクのことで喧嘩しないで。%b	
b4d2689189	1	49	23	%b	同じく将軍のラグロスは\nガルザードと反対なのよ。%b	
b5bdeb56ce	1	48	23		魔法球、すなわちガルマンオーブ\nと呼ばれるものの\n	
b696d74e5f	1	49	23	%b	今は目の前の敵を倒すことに\n集中した方がいいよ。%b	
b708178a7c	2	25	23		AA= = E・、@A@A@A@A A!A =	
b7658322d4	1	49	23	%b	北か南にむかえばカダールに\nたどりつくであろう。%b	
b935bdbe3b	1	49	23	%b	無理に通ろうとしても、\n黒焦げになるだけだろう。%b	
ba21d75575	1	49	23	%b	魔法球は、このままにして、\n元の世界に戻るでし！%b	
bb2e79aa8b	1	49	23	%b	ご尊顔を拝する栄誉にあずかり、\n鼻が高いっスよ。%b	
bc8248182e	1	49	23	%b	なら、ここについて、\nもう一度説明しておこうか？%b	
bd384fff2e	1	49	23	%b	ほんにあんた達には\nなんとお礼を言ったらよいか。%b	
be0ba8677c	2	49	23	%b	こんなところで\n無駄にするわけにゃいかねぇんだ。%b	
bf93d8c51e	1	49	23	%b	命だけは、だとぉ！？\nお前のせいで、オレ達はっ！%b	
c01a6398e3	1	49	23	%b	なにかの仕掛けがしてあって、\n開かないみたいだ。%b	
c11ef943dd	1	49	23	%b	その手紙を、ヒガタにいる、\nアケミに渡してくれ。%b	
c126ce6015	2	48	23	%b	このままこのひずみが大きくなると世界は・・・。%b	
c1c52f98d0	1	49	23	%b	なんていうか、\nこれが自由って感じなのかしらね？%b	
c1d8e7daa2	1	49	23	%b	大したことはできませんけど、\n何かお礼を・・・。%b	
c3281f95c5	1	49	23	%b	そうは言っても、\nお嬢さん方の気持ちは変らんよ。%b	
c373bddd11	1	49	23	%b	ひえええっ、\nこんなことは今まで見たこともない。%b	
c3be03cbf0	1	47	23		おやめになるのですね。\nほかに何かございますか？	
c421e91fcc	1	49	23	%b	・・・と、思ったら、\nナズナが映ってたの、なの！%b	
c4a0e31137	1	49	23	%b	コルベツアー社は、\n伝統ある旅行会社なんですよ。%b	
c50828e4e6	1	49	23	%b	ところで、\n館長様がお捜しでいらっしゃいました。%b	
c57d567467	1	49	23	%b	２．アイテムの持ち込み、\n宝物の持ち出しは自由。%b	
c817beb3ae	1	49	23	%b	ついに見つけたのだ～ゼー。\nマラカイトだ～ゼー。%b	
c95d0fbbb5	1	51	23	%b %h	北か南にむかえばカダールに\nたどりつくであろう。%b%h	
ca54faf2af	1	49	23	%b	絶対唯一の存在によって\n世界は永遠の安定を得る。%b	
caf64c09fa	1	49	23	%b	そろそろ戻ってきて、\n王座を継いじゃどうですか。%b	
cbbc5baff9	1	49	23	%b	ヒバリちゃんのことは、\nあたしにまかせといてよ！%b	
cc139182cb	1	49	23	%b	タタラ、あいつらをギャフンと\n言わせてやってよ！%b	
cc9fcd1dc5	1	49	23	%b	私たちが逃げ出してきた、\n７人委員会の塔ですわ。%b	
ccb6e649f7	1	49	23	%b	２階にあがるのは\nあきらめるしかないの、なのね。%b	
cecd0e250e	1	49	23	%b	リグロード大陸、\nドラグーン王国の竜騎士ミュウ！%b	
d0be851c3c	1	49	23	%b	どうか、リグロードの平和を\n取り戻して下さい！！%b	
d16dcc0a49	1	49	23	%b	ヘタなことをすると、\n何が起こるかわからないよ！%b	
d2ab757250	1	49	23	%b	背中を見せるのはしゃくだが\n退却するしかないな！%b	
d32f5c665f	1	49	23	%b	ミュウ・・・何があったんだい、\n君らしくもない。%b	
d41b16a5a3	1	49	23	%b	やや、これは姫様！\n首尾はどうでござりまするか？%b	
d491f22b1c	2	49	23	%b	これが爆発したら、\n大変なことになるの、なのね。%b	
d49986b259	1	49	23	%b	なんだって、俺は、\nこんな目に会う運命なんだ～？%b	
d5ca526dc0	1	46	23		霊的な力をふうじこめた魔法使いのための服です。	
d6cac050a5	1	49	23	%b	失礼しました。\nすっかり我を忘れてしまいまして。%b	
d6d08270ba	1	49	23	%b	あなた達のおかげで、\n世界は救われました・・・。%b	
d7f79616d3	1	49	23	%b	なめた口をきけるのも\nこれが最後だと思いやがれ。%b	
d912930697	1	49	23	%b	我らは、心弱きゆえ、\n傷つけあうことを選びし者。%b	
daf6198a1e	1	49	23	%b	もし、あなた方の理想が\n真に正しいのなら・・・。%b	
dcad41f9cc	1	49	23	%b	・・・確か、\nその怪力で幾多の強敵を倒したとか。%b	
dec48d5af6	1	51	23	%b %h	古代魔法文明崩壊後、\nそこは付近の住民によって、%b%h	
df4108447b	1	49	23	%b	カオスの力に関する知識を\n集めていたのでしょう？%b	
e3a3208afb	2	49	23	%b	あれが７人委員会でござるか。\n許せんでござるな。%b	
e522f3850a	1	49	23	%b	どこかに、\n何かの仕掛けがあるのかもしれないな。%b	
e53787327c	1	47	23		やだ、やめちゃうのぉ？\nじゃあ、ほかに用はある？	
e558ef582c	1	49	23	%b	そっちは塔の裏庭だよ。\n今は、行く必要はないよ。%b	
e64bba7e7b	1	47	23		ありがとうございますゥ。\nほかに何か買いますか？	
e6799c6291	1	49	23	%b	こいつを倒せば、\nドラグーン城を取り戻せるのね！%b	
e7188bfc6d	1	49	23	%b	ライトワードは、\nお役に立っていますでしょうか？%b	
ea9f523858	1	49	23	%b	よし、ヒガタに行って、\nディアーネさんに会おう！%b	
ebbcb0cbaf	1	49	23	%b	まあ、敵をブッ倒してから\n探しても遅くねぇだろ。%b	
ec544f3c8c	1	49	23	%b	長老の家は、\n町の一番奥にある立派なお屋敷だよ。%b	
ecd5a7726a	1	47	23		おっと！\n残念でやすがお金が足りないようでやす。	
ed6cd57b00	1	49	23	%b	ユーカリさんが\nどれだけ悲しむかと思って・・・。%b	
ee3d994d75	1	49	23	%b	ディアーネさん！\nあれれ、船の修理もやってるの？%b	
eea4076d65	1	49	23	%b	これだから\n脳ミソが筋肉の野蛮人は嫌なのですわ！%b	
f3370548f4	1	48	23		ウチの防具は、\nどれを買ってもソンはしないって。\n	
f3eadc121e	1	49	23	%b	空飛ぶ船ってヤツを、\nいっぺん拝んでみたいんだ。%b	
f5c3a8e929	1	49	23	%b	ガルザードの失敗で、\n竜騎士の小娘を取り逃がし、%b	
f6bd9038b3	2	47	23		おや、やめるのかね・・・。\nほかに何かあるかの？	
fab31565e3	1	49	23	%b	どうにかして、\n扉を開く方法はないのでござるか？%b	
fb0936a55a	1	49	23	%b	全くだぜ！\nラスティの努力が無駄になっちまわぁ。%b	
fbbee86164	1	49	23	%b	いま、そんな危険な賭けを\nする必要もないだろう。%b	
fc6662e985	1	49	23	%b	わかった。\nじゃあ、遠慮なく力を貸してもらうよ。%b	
fc9bde22e1	1	49	23	%b	うん。\nとにかくヤマタイに行く船をさがさなきゃ。%b	
fd66e998f0	1	49	23	%b	で、本日は、\nどういった御用件でしたでしょうか？%b	
ff0f6c5d87	1	49	23	%b	ああ。\nこれでゲテン城に乗り込むことができるぜ。%b	
0011dec350	1	47	22	%b	敵のリーダーが\n大切に持っていたくらいだから、%b	
004f959ee4	1	47	22	%b	このカタナ・・・！\nすげえ、すごすぎるゼっ！！%b	
012c437303	1	47	22	%b	奴等を倒すしかないようだね。\nじゃあ、いこう。%b	
013072e1c2	2	45	22		ありがたや、ありがたや。\nほかに何か売るかの？	
02143fd878	1	47	22	%b	この町には、試練の迷宮っつう\n場所があるズラ。%b	
023585b1cd	1	47	22	%b	全世界の書物が収められた\nまさに、知識の殿堂！%b	
0485d0232e	1	47	22	%b	賢人によって封印されたる理由は、\nそこにあり。%b	
04f0e69a1e	1	47	22	%b	後悔したくないのなら、\n行って謝ってきなさい。%b	
08e11e63a3	1	48	22	%b	結界洞を開くための道具、\n【八坂の勾玉】\nだな。%b	
096998c6bd	1	47	22	%b	では、カダールへ行くには\nどうすればいいのだ？%b	
09f347eb92	1	37	22		視点０---ほぼ真上からの視点（近）----	
0b2e9061a1	4	47	22	%b	敵の強さに応じた\nグッドな賞品をもらえるのさ。%b	
0d85c919fe	1	47	22	%b	この先は、ラグロス様のおわす\nラグロスの塔だ。%b	
10be2b3838	1	47	22	%b	世界に破壊と混乱を\nもたらそうとしているのは！%b	
115966438e	1	47	22	%b	こんなとこにいられない、\nとにかく逃げ出そう！%b	
125c7bc755	2	47	22	%b	お願い、みんな！\nドラグーンの安否が心配なの。%b	
141b5bf811	2	45	22		いらっしゃいませ。\nどういったご要件でしょう？	
15a166a37a	1	47	22	%b	しかし、この木には\nなにかがありそうだ～ゼー！%b	
15eb70d1ef	1	47	22	%b	まぁ、気がむいたら、\n声をかけておくんなさい。%b	
15fba8af6d	2	47	22	%b	あれは７人委員会？\nどうして、こんなところに？%b	
163c127d3a	2	47	22	%b	いったい、\nどういう仕組みになっているでしか？%b	
17743b8c8b	1	45	22		いらっしゃいませ。\nどういった御用件ですかの？	
18afc0d4c7	1	47	22	%b	今度通るときも、\n少々、用心しても損はねぇな。%b	
1be0e8abca	1	49	22	%b %h	「これが、父から受け継いだ奥義、\n天舞光輪斬」%b%h	
1cf6683d70	1	47	22	%b	ハレハレガッコンは\nイヤな時に使う言葉なのよ。%b	
2114a77367	1	47	22	%b	これがあれば、\nこの先へ進むことができるぞよ。%b	
251c385950	1	47	22	%b	じゃ、悪いけど、あたしゃ、\nお先に失礼するよ。%b	
2791204598	1	47	22	%b	大切な者を守ってこそ、\nカムイコタンの族長だ！%b	
279dd6418b	1	47	22	%b	いや、こんなものを\n調べている場合ではないな。%b	
27e75c9315	1	47	22	%b	八坂の勾玉なら、\nもう設置してあったんだっけ。%b	
28d6dcdf96	1	47	22	%b	ほら、特殊魔法で、\n土地を盛り上げる魔法だよ！%b	
297fe69471	1	47	22	%b	危なかったでし。\nおかげで村は助かったでしよ。%b	
29b458eb5e	1	47	22	%b	わたしの名前はヒバリ、\n兄はタタラといいます。%b	
2a03c369c7	1	47	22	%b	だったら、帰ってきて、\nまた店をやってくれよ。%b	
2b2ba6baf9	1	47	22	%b	ラスティ、こんなトコに\n寄り道してていいのか？%b	
2b554f2272	1	47	22	%b	準備ができたら、\nもう一度あたいに声をかけな。%b	
2c5f17bbf0	1	47	22	%b	なんでかねえ。\n最近地震が多いと思わないかい？%b	
2d0f9271ab	1	47	22	%b	いいじゃない、\nたまには、少し息抜きしたって！%b	
2d7df82ea4	1	47	22	%b	ヤマタイには他にも\nシノビの里なんかがあって、%b	
2db535817b	1	47	22	%b	ひいいぃぃぃ。\nど、どうか、命だけはご勘弁を！%b	
2e0888e013	1	45	22		おおきに、ありがとう。\nほかに何か売りますか？	
2e5214a75e	1	47	22	%b	その他の皆さんも、\n無事にかえってくるでしよ！%b	
30e81bca76	1	45	22		ありがとうごぜえやす。\nほかに何か買いやすか？	
324628021a	1	47	22	%b	ルゥナに、みんながここに帰るって\n言われたの。%b	
327cccd38d	1	47	22	%z	%z・・・シラナミ。\nおまえと、一生を共にしよう。	
34246f46b7	1	47	22	%b	ミュウ、あんたが飛ぶための\n風に俺達はなろう。%b	
346cf843f9	1	47	22	%b	人質がなくてもあなたに勝てるって、\n自信がね。%b	
35337f82c2	1	47	22	%b	それに、拙者でなければ\nできぬ手助けがござる。%b	
3685dda3c1	2	47	22	%b	やつらを倒すのは\n私達をおいて他にはあるまい。%b	
371db95418	1	47	22	%b	リグロード名所巡りの\n観光旅行じゃねぇんだぜ。%b	
37bfadbdc5	1	47	22	%b	闘乱って町の言い伝えを\n聞いたことはあるかい？%b	
39539ccc13	1	45	22		いらっしゃい！\n・・・なんだ、お前達か・・・。	
3996377193	1	47	22	%b	しかも、私達の城を土足で汚して！\n許せません！%b	
39a07dd669	1	47	22	%b	みんな、大丈夫？\n僕もいっしょに戦いたいなぁ。%b	
3a5f424800	1	47	22	%b	ど～して、女の子には\nそんなに優しいかなぁ～？%b	
3b0175ffee	1	47	22	%b	リグロードの東側にいる人達は\n無事かな・・・？%b	
3b85a7a12b	1	47	22	%b	この一大事に、\n父子喧嘩など関係ありませんわ！%b	
3bbff502a6	1	47	22	%b	みんな、待っててくれ、\n今すぐに出してやるぞ！%b	
3ce737574d	2	47	22	%b	この続きは、\nまた後でするの、なのね、アスカ！%b	
3f18d4d154	1	47	22	%b	こらぁ！\n人が黙ってればいい気になりやがって！%b	
3f399ea0ee	1	47	22	%b	まあ、それも、\nこれで最後にしてもらいますよ。%b	
3f60f73544	5	47	22	%b	おいでやす。\nここは栄光への近道、闘技場です。%b	
40c456fc54	1	47	22	%b	何にせよ特別な場所では\nあるのだろうが・・・、%b	
4332b51109	1	47	22	%b	登録して、はじめて\n試練の迷宮に入れるのだが、%b	
439d1103e5	1	47	22	%b	・・・そりゃあ、\nちょっとは、しょうがないよ。%b	
440bb3f39b	1	47	22	%b	そして約束してくれ、\n必ず生きて戻ると・・・。%b	
4582e40f9b	1	47	22	%b	・・・わかったわ。\n行ってらっしゃい、あなた。%b	
45fe1b354a	1	47	22	%b	早く傷をなおして、\nあいつの喜ぶ顔を見たいな。%b	
462e7f8ad7	1	47	22	%b	安心しな、ファルコ。\n傷一つついちゃいないよ。%b	
4722484909	1	46	22	%b	カダールを追い出したっていう\n新しい英雄は！ %b	
4749062b8c	1	47	22	%b	じゃあ、おいら、気をきかして、\n一人で遊ぶよ。%b	
47a2b618e1	1	47	22	%b	こんな風に何もかもが\n一度に起こることもある。%b	
4880051d98	1	47	22	%z	%zそうなのね！\nもちろん、ナズナを選ぶのなのね！	
497b3943fa	1	44	22		トラキア式と呼ばれる戦士用のヘルメットです。	
4b726dfc49	1	47	22	%b	きゃ～、恥ずかしいけど、\nあこがれちゃう～ん☆%b	
4bfda4027a	1	47	22	%b	イクシーズの修理に\n役立てばよろしいのじゃが。%b	
4c8e607ab8	1	47	22	%b	それにしても、見てみろよ、\nすごい数の敵だゼ。%b	
4d16118b58	1	47	22	%b	自国の指導者が他国に\n迷惑をかけているならば、%b	
4d31683bd3	1	47	22	%b	もっちろん、あたしも一緒よ、\nね、アーちゃん。%b	
4dd777b396	1	47	22	%b	だが、天才の俺様は\n分かっていてたのだ～ゼー！%b	
4e1d805e15	1	47	22	%b	カダールによって\n荒されているとも聞いている。%b	
4f69a35a77	1	47	22	%z	%zミュウ！\nわたくし、あなたにお礼を言いますわ。	
506380a26f	1	47	22	%b	幻術がとけて、\n出口があらわれたようでござる。%b	
5074944e93	1	47	22	%b	まさに、\nイクシーズを修理するには不可欠な品。%b	
5251e073d3	1	47	22	%b	アンジュ！\n一体どこをほっつき歩いていたのだ！%b	
5256b424a0	1	47	22	%b	沢山の命を犠牲にして、\n何が新しい秩序ですか！%b	
544a94400c	1	45	22		ウチの防具なら、\nどれを買ってもソンはないよ。	
549ea91a11	1	47	22	%b	父上が古代遺跡につけたという\n鍵じゃないかな？%b	
54d74edade	2	47	22	%b	これが爆発したら、\nすごいことになるんでしょ？%b	
5538c5e18d	1	47	22	%b	そして、ついに結婚なのね！\n文金高島田なのね！%b	
55571bf2d5	1	47	22	%b	あれ？\nハイランドはこっちじゃないみたいだね。%b	
587e889afd	1	47	22	%b	ふ、良く調べたものだ。\nだが、逃しはせぬぞ！！%b	
58e545e10b	1	47	22	%b	男だったら、ドーンと行くだ～ゼー、\nドーンと！%b	
5a6d377ad2	1	47	22	%b	７人委員会を倒して、\n世界に平和を取り戻すよ！%b	
5a71f56e22	1	47	22	%b	さっきの仕掛けは、\nこの橋をかけるためでしね！%b	
5ba7597c1c	1	47	22	%b	ふ、若さというのは\n時に無謀なものだな・・・。%b	
5cbd420707	1	47	22	%b	戦場に突入する前に、\n説明しておくことがある。%b	
5d78ceccb0	1	45	22		ありがたき幸せ。\nほかに何か買物はござろうか？	
5dcdf565ae	1	47	22	%b	されど、我ら、\n姫様が最良の状態で戦えるよう、%b	
5eecb05b6b	1	47	22	%b	あたしのカンでは、\nこの枯木に何かありそうね。%b	
5f2b2f9a75	1	47	22	%b	それはそれは、\n美しい衣だと聞いてるでちゅー。%b	
60a70b2824	1	47	22	%b	しかし、今は壊れてて、\nとても飛べそうにない。%b	
6180285179	2	45	22		ようこそおいでくだされた。\n何用でござろうか？	
62146d40ce	1	47	22	%b	魔法球は、このままにして、\n元の世界に戻ろう。%b	
624718109c	1	44	22		ありがとうございます。ほかに何か売りますか？	
63a18f540c	1	46	22		不用になった品を、\n引きとってやってもいいぜ。\n	
63f6bec248	1	44	22		聖なる力を持つ強力なブレスで敵を攻撃します。	
642f0d6c73	2	45	22		ありがとうございます。\nほかに何か売りますか？	
65e4809c67	1	47	22	%b	でも、今、壊れてて、\nとても飛べそうにないよ。%b	
67b57d4aef	3	45	22		ありがとうございます。\nほかに何か買いますか？	
687ef9e7cd	1	47	22	%b	ところで、\nイガの里っていうのはどこにあるの？%b	
688eb7d9e3	1	47	22	%b	我らは世界に\n新しい秩序をもたらさんとする者。%b	
69ad33a4f6	1	47	22	%b	先に進もうにも、\n出口が見当たらないようだが？%b	
69b7fd728e	1	47	22	%b	ＢＯＯＴ５は視点切替と仲間の\n選択ができます。%b	
6c4ca2e0d1	1	47	22	%b	魔法球は、このままにして、\n元の世界に戻ろう！%b	
6cabe97266	1	47	22	%b	わかった、ラグロスの塔だね。\nみんな、いこう！%b	
6de17c71e8	1	47	22	%b	はっはっはっはっ・・・\nわーっはっはっはっは！%b	
6e3e6ed467	1	47	22	%b	・・・やだ、\nなんか緊張してきちゃった・・・。%b	
6e8a9a4cbf	1	45	22		まいどあり！\nほかに何か売るかい、ミュウ王女？	
70b0d6e64e	1	47	22	%b	盗賊の技は、\n様々な物を盗むことが出来るんや。%b	
7150ec6a5a	1	47	22	%b	動かないってわけじゃ\nないんだろうけど・・・。%b	
719aefc6cc	1	44	22		妖しくかがやく星を宿した特別なグローブです。	
71a3495d24	1	47	22	%z	%zディアーネ殿！\n貴殿を見込んで、頼みがござる！	
7348fb5c39	1	47	22	%z	%zじゃあ、\n鍵のついた倉庫に隠しておくのなのね！	
740d3abc4a	1	47	22	%b	ボクがここにやってきたのは、\n父上に言われて、%b	
757bfdd207	1	47	22	%b	平和になったなんて、\nやっぱり嘘だったんだね。%b	
76708c9745	1	48	22	%b	わはははは！\nリグロード万歳！\nドラグーン万歳！%b	
76b00ed425	1	47	22	%b	強い者に虐げられても\n文句はいえないのですよ。%b	
7859d6d650	1	45	22		ありがたき幸せ。\nほかに何か売物はござろうか？	
788ea6a9d7	1	47	22	%b	・・・誰だ！\nこんなとこに式神を封印した奴ぁ！%b	
7956a538b0	1	47	22	%b	急な坂でしね。\nどうやって下に下りるでしかね。%b	
79f6f6dee5	1	47	22	%b	なんだこれは！\nどうやって下りるかが問題だな。%b	
7b078c0f97	1	47	22	%b	その町に行ったことのある者は\n誰もいないんだ。%b	
7ff53c5562	1	47	22	%b	枯木が倒れたおかけで、\n橋ができたの、なのね。%b	
82458ac745	1	47	22	%b	だめです！\nこの人達は私達には関係ありません！%b	
826caf2bf7	1	46	22	%b	チャンスがあったらどんどん使っていきなさい。%b	
84354fbf7e	1	47	22	%z	%zあたしは、\nこの世界の行く末を心配してないよ。	
8480b51208	1	47	22	%b	追っ手がかかる前に、\n早くここから逃げだそう。%b	
8489b90896	1	47	22	%b	それに、こちらは、\n【古代遺跡の鍵】ですわね。%b	
8557310921	1	47	22	%b	じゃあ、村を出て西にある\n火薬工場があります。%b	
864bbf577d	1	47	22	%b	ああ。\nだが、どこにいるのかは分からないんだ。%b	
86d9f4a4d1	1	47	22	%b	すみません・・・。\n面倒なこと頼んでしまって。%b	
86f80823e1	2	45	22		ありがたや、ありがたや。\nほかに何か買うかの？	
8716efc406	1	47	22	%b	お、おおきに！\nおおきにありがとうございます！%b	
8a549f60e6	1	47	22	%b	やーね、八坂の勾玉は、\nもう設置してあるわよ。%b	
8b097bdc56	1	47	22	%b	・・・気をつけよ、ミュウ。\n思念に気をつけよ。%b	
8b78daac72	1	47	22	%b	ドラグーンの国民は\nみんなそれを望んでやすよ。%b	
8c62be084e	1	47	22	%b	技と技の融合に成功した者は、\nほとんどいない。%b	
8d512d0f8c	1	47	22	%b	まず、館長さんに\nあいさつしてからにしようよ。%b	
909453f702	1	47	22	%b	弟さん・・・だよね？\n良かったね、ホークアイ！%b	
911fdae690	1	37	22		視点２---低い視点（一番接近する）----	
914d50f6a4	1	47	22	%b	・・・じゃあ、\n行ってらっしゃい、お兄ちゃん！%b	
9159676781	1	47	22	%b	じゃあ、\n館長室以外だけでも、調べておこうよ。%b	
916c345e81	1	47	22	%b	ぬおおおぉぉぉぉぉ。\n拙者、拙者感激でござる。%b	
91743133d4	1	47	22	%b	それがため、\n我らの計画に困難が生じた・・・。%b	
92d3fb1cf1	2	46	22	%n	「%nS」でございますね。\n買っていただけますの？	
945fd358df	1	47	22	%b	報告を終えたら、\nまた様子を見に参りますので。%b	
9507e0480d	1	47	22	%b	そのカギをつかえば、\n中に入ることができ申す。%b	
9540f0bb5b	1	47	22	%b	ザルマに何の用ですか、\nお・ひ・め・さ・ま・！%b	
96508b49d7	1	47	22	%b	人質にされてる女子供のことは\nどうするんだよ？%b	
9652bb3abc	1	47	22	%b	あ、どさくさにまぎれて、\nくっつくな、なのね！%b	
96bbae04a6	1	47	22	%b	うにゃ？\nイクシーズで見たのとおんなじなのね。%b	
9794f03284	1	47	22	%b	いえね、\nどうしてこんな話をするかっていうと、%b	
99d66ed0ca	1	47	22	%b	砂漠には、\nアリジゴクってモンスターがいるの。%b	
9a29ae034e	1	48	22	%b	もう一回、\n危険な場所を言う。\n良く聞いてくれ。%b	
9a80562350	1	47	22	%b	生け捕りにすると\n結構な賞金がもらえますねん。%b	
9b3ae363e6	1	47	22	%b	ケガしたらどんどん治すから\n遠慮無く言ってね！%b	
9bcdc0e59b	1	44	22		鉄砲から弾を撃ち出す技です。射程は短いです。	
9d4ecd5d13	1	47	22	%b	オレとしちゃ、\n陽動隊の方が良かったんだがな。%b	
9d71c85a57	1	47	22	%b	これは・・・枯木？\nちょっと押してみようかナ？%b	
9dcc70b033	1	47	22	%b	ディアーネさんとホークアイって\n知り合いなの？%b	
9dd3db6095	1	47	22	%b	だが、今はそのナゾを\n解明してるヒマはねぇな。%b	
9df82874ea	1	47	22	%b	痛い思いをしたくなければ、\n女を置いていきな！%b	
9f4f9ec911	1	47	22	%b	そいつを返さなけりゃ、\nオレの面子が立たない。%b	
9ff6bc9fbb	1	47	22	%b	ズギャッ？\n反対側の扉があいてしまった～ゼー！%b	
a03f001cb0	1	47	22	%b	ミュウ様、ラスティ様、\nお頭のことを頼みやす。%b	
a0695a1c26	2	44	22		ウチの防具なら、どれを買ってもソンはないよ。	
a107217917	2	47	22	%b	舞い上がっちまって、\nカッコ悪いったらないね。%b	
a1dcb8cbb1	1	37	22		視点１---ほぼ真上からの視点（遠）----	
a47dcf7f78	4	47	22	%b	水晶に七人委員会メンバー達の\n姿が写っている。%b	
a57c09c2d1	1	47	22	%b	世界は平和になったんじゃ\nなかったんですかね？%b	
a602679549	1	47	22	%b	じゃっどん、技のレベルアップは\n可能でごわす。%b	
a685acad5a	1	47	22	%b	性根を入れ替えて\nちゃんと働いてるみたいだね。%b	
a68c872906	1	47	22	%b	我々は古代魔法文明に関して\n研究をしています。%b	
a7013eb59f	1	46	22	%n	「%nS」ですねっ☆\nもち、買ってもらえますよね？	
a7b4729874	1	47	22	%b	４．迷宮内で得た経験値は\n全て無効となります。%b	
a811660d37	1	47	22	%b	さっきは不覚をとったけど、\n今度は負けないぞ！%b	
a8123bccec	1	47	22	%b	いままで生きてきて、\nこんなことは初めてだよ。%b	
a8471f70f7	1	47	22	%b	どこかに逃げのびてれば\nいいんだけどね・・・。%b	
a874d1b034	2	47	22	%b	行こうぜ、\nオレ達の戦いはまだ終っちゃいねえ。%b	
a879c53e26	1	47	22	%b	それを言うわけにはいきませんね、\nミュウ王女。%b	
aaadf9798e	1	49	22	%b %h	「何がおかしい！」\nレイスと化した男が叫んだ。%b%h	
ab54f3aecd	1	47	22	%b	さっきの仕掛けは、\nこの橋をかけるためなのね。%b	
ab9bac7925	1	47	22	%b	分かった！\n「技を使う」にある「竜の技」だね！%b	
abd32a1d64	1	47	22	%b	こいつを倒して、\nドラグーン城を取り戻すんだ！%b	
ada2f269f3	2	47	22	%b	こんな天変地異が続くのは、\n奴らのしわざだな！%b	
ae4b41c2a0	1	47	22	%b	アンジュと共に脱走した話を\n聞いていたのでね。%b	
afb0c455b1	1	47	22	%b	ディバンドソードと\nどちらが強いんでしょうね。%b	
b13c043f8d	1	47	22	%b	敵のストロング技には、\n注意せなあきまへんえ。%b	
b207a94a59	1	47	22	%b	僕、アスカ兄ちゃんみたいな\nシノビになるんだ！%b	
b42e3cc6b6	1	47	22	%b	ついでだから、\nこの町で装備を整えておこうよ。%b	
b44c41941c	1	47	22	%b	そっか・・・。\nじゃあ、港町ポポロンへ行こう。%b	
b535eb5f96	1	44	22		神をも殺す事ができるといわれる伝説の剣です。	
b536df0650	1	47	22	%z	%zファルコ、ディアーネ、ホークアイ\nありがとう！	
b55ce0f30a	1	47	22	%b	その本の題名は、\n確か・・・カオスの書でした。%b	
b55d21c63a	1	47	22	%b	防御は決しておろそかに\nできるものと違うねん。%b	
b57fe3dc76	1	47	22	%b	あとはガルマンオーブを\n捜しだすだけですわね。%b	
b5ad9bbc64	1	47	22	%b	あ・・なんだか・・・急に・・・\n眠気が・・・。%b	
b667fdf36a	1	47	22	%b	王子、我が家に伝わる\nこの書をお使いください。%b	
b6eab351ca	1	47	22	%b	しかし、残念でしが、\n量が少ないでしね・・・。%b	
b6ef8d7cff	1	47	22	%b	今、それができるのは、\nあなた達だけなのです。%b	
b981c7fec2	1	47	22	%b	あたしがいないで、\nここまで来られるもんかね。%b	
b9c46e8ead	1	47	22	%b	せめても一太刀、\n浴びせることはできるだろう。%b	
ba5aea5374	1	47	22	%b	この調子で押し続ければ、\n開くかもしれねえな。%b	
baaac58f7f	1	47	22	%b	ここからはハイランドに\n出られないのだ～ゼ～。%b	
bb0dd326ca	1	47	22	%b	特殊魔法の確率も\n高度の差で変化するみたいよ。%b	
bc90bcbc9e	1	47	22	%b	ふーむ・・・。\nなにかありそうなんだが・・・。%b	
bcb102d559	1	47	22	%b	あれは、アリジゴクという名前の\n生き物ですわ。%b	
bdbf65c1cf	1	47	22	%b	小さい者達の笑顔を守ってこそ、\n獣王カムイだ！%b	
bf4cc0700d	1	47	22	%b	みんな、とにかく無事に\n戻ってくるの、なのね！%b	
c045dffa97	1	47	22	%b	ミュウは【タカオの手紙】を\nアケミに手渡した。%b	
c062734970	1	47	22	%b	絶対に見つけ出して、\n思い知らせてやるからな！%b	
c26497b794	1	47	22	%b	こんな田舎に\nミュウ王女がいらっしゃるなんて。%b	
c2b993b138	1	44	22		風を起こして、敵一体を後方に吹き飛ばします。	
c33b0a6924	1	47	22	%b	竜騎士がカダールを\nやっつけたって聞いたけど。%b	
c33f1c4056	1	47	22	%b	あんなことがあったのが\nウソみたいに思えるわ。%b	
c517da339c	1	47	22	%b	ドラグーン城は\nカダールに占拠されちまったよ。%b	
c535c110d2	1	45	22		おおきに、ありがとう。\nほかに何か買いますか？	
c53cb3f657	1	47	22	%b	形あるものは、いつか壊れるって\n言うじゃない！%b	
c65bd710c9	1	47	22	%b	ザルマのみんなの様子も\n見ておかないと・・・。%b	
c6781a2239	1	47	22	%b	いやぁ・・・、\nそう言われると、照れるでしね。%b	
c6a75a6fa8	1	47	22	%b	となりゃ、城の中には\n手が加えられてるはずだ。%b	
c722a85c14	1	44	22		まばゆい光が周囲を貫き、大爆発を起こします。	
c894cd8d7a	1	47	22	%b	ぐずぐずしていると\n閉じ込められるのだ～ゼー。%b	
c8978a727c	1	47	22	%b	君達に助けてもらった礼を\nしたいのだが・・・。%b	
ca03a8a72d	1	45	22		ありがとうございやす。\nほかに何か売りやすか？	
ca8897e1c2	1	47	22	%b	どうやら、お仲間とは\n合流できたようですわね。%b	
cc00b4e92f	1	47	22	%b	なんでも、\nリグロードの竜騎士一行に加わって、%b	
cc14cba4dc	1	47	22	%b	こんなところでグズグズしてられない、\n行こう！%b	
cca93d3f00	1	47	22	%b	あっちへお行き！\nさあ、はやくでていっとくれ！%b	
cd0a0ce1bc	1	47	22	%b	えへへ、\nこれお父ちゃんからのウケウリやねん。%b	
cd421e88bc	1	47	22	%b	我らは、\nいまだ目的を成しておらぬというのに。%b	
cd7f9b2530	1	47	22	%b	でも、カギがないから、\nこじあけるしかないよ。%b	
cd9f410134	1	47	22	%b	それが責任であれ、悲しみであれ、\n同じことさ。%b	
cdcfb82ac1	1	47	22	%z	%zありがとう・・・。\n考えさせていただきますわ。	
cf351c8bc2	1	47	22	%b	ほら、幻術で隠れてた出口が\n姿をあらわしたわ。%b	
cf62fe5092	1	47	22	%b	アンジュさん・・・\n俺っチ・・・待ってるでし。%b	
d08d79e1a5	1	47	22	%b	ナズナはアスカに\nついていくだけなの、なのね。%b	
d0f9e50faf	1	47	22	%b	ところで、お頭。\nその連れの方達はどなたです？%b	
d25167a894	1	47	22	%b	でも、おかげで、\nア～ちゃんとまた会えたもの。%b	
d32b860ebe	1	47	22	%b	次元の扉の眠る\nリグロード大陸を攻め落とした。%b	
d34a8c316a	1	47	22	%b	それを言うわけにはいきませんな、\nミュウ王女。%b	
d37abebe17	1	47	22	%b	イガ最強のシノビが\n情けないこと言わないでよ！%b	
d4f005e727	1	47	22	%b	ナズナも・・・眠く・・・\nなったの・・・なの。%b	
d5028b469c	1	47	22	%b	サモサに渡るための手段が\n見つかるやもしれぬ。%b	
d56f66b78e	1	47	22	%b	交換しないのね。\nじゃあ、またいらしてね～ん☆%b	
d6b7f3d1f2	1	47	22	%b	ほいじゃけん、レベルアップは\nありませんがな。%b	
d6c073f5d7	1	47	22	%b	え、ええ。\nわたくしでしたら、大丈夫でしてよ。%b	
d6ccdaf7d6	1	47	22	%b	それは駄目でし。\nとっても危険な旅なんでしよ。%b	
d706e689eb	1	44	22		アケミからタカオへの、愛情あふれる手紙です。	
d7793a9911	1	47	22	%b	それだとイガから\nかなり遠くなっちまうんだよ。%b	
d7b54b0c54	1	47	22	%b	それじゃ、皆さん、\nよろしくおねがいするでし。%b	
d7d44c0c9b	1	47	22	%b	あれ？\nこっちはハイランドじゃないみたいだよ。%b	
d815d53bb6	1	47	22	%b	お父様・・・\n必ず、援軍を連れて戻ってきます！%b	
d837802578	1	47	22	%b	だから・・・、\nそれまで待っててくれますよね。%b	
d86ae3fa00	1	47	22	%b	ガルザードと７人委員会は\nここにいるはずです。%b	
d9507eacf2	1	47	22	%b	どっちに転んでも、\n奴らの得になるってわけさ。%b	
dc7a1c021c	1	47	22	%b	火を消すには、\nこの大水桶を、壊すしかない！！%b	
dd72a427ce	1	47	22	%b	でも、がんばって押しつづければ\n開きそうでし。%b	
dda17da01a	1	47	22	%b	そこには精霊の力を借りて\n獣になることができる%b	
de01d384eb	1	47	22	%b	よう、カムイ！\nウワサはこっちにも届いてるぜ。%b	
de1812fcae	1	47	22	%b	・・・と、喜んでばかりは\nおられんのでござる。%b	
df27e6efa0	1	47	22	%b	何とかして、\nここを抜けなければならなくてよ。%b	
e03d2099b0	1	45	22		まいどあり！\nほかに何か買うかい、ミュウ王女？	
e0aad7b0d3	1	47	22	%z	%zやったね！\nあたし達、本当に世界を守ったんだ！	
e115744983	1	47	22	%b	あら、\n少し気合いが足りなかったようですわね。%b	
e18c5adb19	1	47	22	%b	一体どんな力を持っていると\nいうんだろうねぇ。%b	
e29c73d9d1	1	47	22	%b	それが人の上に立つってことだと\nオレも思うぜ。%b	
e311d98b8d	5	47	22	%b	自信があるなら、\n運を天に任せてみたらどうサ？%b	
e4b4abaa11	1	47	22	%b	あのなぁ・・・。\nいいかげんにしろよ、お前ら。%b	
e4f20ea330	1	44	22		地面を揺らして地震を起こし、攻撃する術です。	
e755e4681e	1	47	22	%b	化け物が持つ技の中には、\n強力な技があるんや。%b	
e775bdeeff	1	47	22	%b	第一、ボク達がやったわけじゃないから\nいいの！%b	
e7cdc7ca15	1	47	22	%z	%zさぁ、帰ろう・・・。\nボク達の生まれた場所へ！	
e975fe1f48	1	47	22	%b	アスカまで！\nどうして、こんなのと契約するの！%b	
e9900f6759	1	47	22	%b	ラスティ様、\nカダールも追い払ったことですし、%b	
e9b38a8a56	1	47	22	%b	なんだいなんだい、\n一体、どうなってるんだい！%b	
e9e81a5391	1	49	22	%b %h	アーヤの声が、\nナイフのように夜を切り裂いた。%b%h	
e9f37d79cc	1	46	22	%b	あんた、ラスティのやったこと見てなかったの？%b	
ecf68290ea	1	47	22	%b	ふゥ～。\nいやぁ、まいった、まいっただ～ゼー！%b	
ee8082f770	1	47	22	%b	こんな変わりはてた姿に\nなってるなんて・・・。%b	
eef1c727b9	1	47	22	%b	で、でも、向こう側へ行く前に、\nお願いだから、%b	
ef04379d88	1	47	22	%b	おかえりなさいが言える様に\n準備しておくわね。%b	
ef2a46d1a0	1	47	22	%b	気をつけて！\n滑り落ちたらケガじゃすまないよ！%b	
efdcdab778	1	47	22	%b	近くに村でもあれば、\n何かわかるかもしれない。%b	
f02d87d267	1	47	22	%b	ヘンな目で見ないでよ！\nラスティのエッチ！！！%b	
f085cdc731	1	47	22	%z	%zここらでお別れを言うわ！\nさようなら、ミュウ！	
f1a2535c27	1	47	22	%b	自然にキズはふさがり、\n力がわいて来るという。%b	
f20ba603e3	1	47	22	%b	水を運ぶ途中で、\n仕事場にこもってしまったの。%b	
f2915adbb8	1	47	22	%b	もうヒバリちゃんには会った？\nきっと喜ぶわよ。%b	
f295ae73ad	1	47	22	%b	カダールに襲われて\nドラグーンから逃げ出した、%b	
f297eb9587	1	47	22	%b	ま、またのご来店を\nお待ちしておりますよって。%b	
f2e546aa19	1	47	22	%b	私も君達と知り合ってから、\nずっと考えていた。%b	
f35b9aa013	1	47	22	%b	そのために、\n私達は、こうして一緒にいるんだ。%b	
f3e29d8bae	1	47	22	%b	さすがに魔法の攻撃は\n当たっちゃうんだけどね。%b	
f5c898b8a3	1	47	22	%b	もし足を踏み外せば、\nただじゃ済まないだろう。%b	
f6011e0013	1	47	22	%b	ガルマンオーブのありかに\n目星が立たないなら、%b	
f6331d8583	1	47	22	%b	何度登っても楽じゃないね。\n星陵郭への山道は！%b	
f7051d3dd7	1	47	22	%b	ファルコにゃ力仕事は\n向いてないようだからね。%b	
f7f767703d	1	47	22	%b	イガ最強のシノビ集団\n「月組」を束ねる頭領だ。%b	
f850d7b4bb	1	47	22	%b	ありがとう、カムイ。\nありがとうみんな・・・。%b	
f9e88c9dee	1	46	22	%n	「%nS」を\n買いとらせていただけばよろしいので？	
fba7fd274c	1	47	22	%b	この調子で何度か押せば、\n開くかもしれないわ。%b	
fbd92eb9cf	2	45	22		あらン？\n残念ながらお金が足りないようですわ。	
fc4fe2fe22	1	44	22		剣を振るい、円形の衝撃波を発して攻撃します。	
fca8b608c9	1	47	22	%b	そうだ！\nよければウチに泊まっていって下さい。%b	
fce76a8d52	1	44	22		ふん、売れるものなんか持ってないじゃないか。	
fda892c275	1	47	22	%b	よし、ここから外に出て、\n村で装備を固めよう！%b	
fe03d17bfc	1	47	22	%b	ミュウ様をからかうのも、\n愛情表現なのですよ。%b	
fe92bd5eb0	1	47	22	%b	みんな、待ってて、\n今すぐに出してあげるから！%b	
ffd47fa1d1	1	47	22	%b	そーなのね。\nきっとこれが、マラカイトなのね。%b	
0076f62abb	1	43	21		当店の防具は、どれも一流品ぞろいですじゃ。\n	
00fad915a2	1	45	21	%b	ねぇねぇ、\nボクにイニシエの仕事を教えてよ！%b	
011a75f5ca	1	45	21	%b	・・・いや・・・。\n少なくとも記憶にはない。%b	
0133bf2728	2	45	21	%b	それとも、\n賭けに参加しはったらどないです。%b	
01c50dae55	1	45	21	%b	光翼船イクシーズ、\nいつでも出発できまする！%b	
03b87b1d60	1	45	21	%b	シラナミ～っ！\nアスカにくっつくな、なのッ！%b	
0480f5ab6b	1	45	21	%b	ううん、アスカったら、\n照れ屋さんなのなの☆%b	
0540bdf54e	1	43	21		これはお館様！\nして、何をお求めでござるか？	
079ca9dc32	1	45	21	%b	ついに７人委員会の連中を\n倒したのだ～ゼー！%b	
07f0f5e668	1	45	21	%b	それでも行くってんなら、\nさ、乗った乗った！%b	
083ba1250e	1	45	21	%b	そして、\n争いがいかに無意味かということも。%b	
0a2db009c5	1	45	21	%b	そうだな。\nせいぜいカタナが一振ってとこか。%b	
0a922d41dc	2	45	21	%b	ま、参加しなくても\n賭けをする事はできるよ。%b	
0b53a3026c	2	45	21	%b	たまたま、\nそれが、ドラグーンだってだけさ。%b	
0b5ec65650	1	45	21	%b	力まかせの支配に屈するほど、\n僕は弱くない！%b	
0bb02ee64a	1	45	21	%b	なんですって！\n今、何とおっしゃいまして！？%b	
0ccdd9ba47	1	45	21	%b	やっぱり眠り薬が\n入ってやがったかっ・・・！%b	
0d33a8bc21	1	45	21	%b	う、うーん・・・。\n何かが違うような・・・。%b	
0e45e62ff2	1	42	21		敵を弾き飛ばしてしまう強力な体当たりです。	
0ea2c87745	1	44	21	%b	この扉にはなにか仕掛けがしてあるみたいね。%b	
0f07e8d56d	1	45	21	%b	ミュウ様・・・！\n強くなられましたな・・・。%b	
105e4403a6	1	45	21	%b	腕に覚えがあるなら、\n試してみちゃどうだい。%b	
10a1e4f1d6	1	43	21		いらっしゃいませ。\nどういったご用でしょう？	
10c9a65026	1	44	21	%b	ガルザード様からおウワサはかねがね・・・。%b	
11016afa3e	1	45	21	%b	それに、カダール軍が、\nリグロード大陸東西の%b	
110bf2b55f	4	45	21	%b	敵の強さに応じた\nグーな賞品をもらえるのサ。%b	
15b44cafbf	1	45	21	%b	ここが結界洞かぁ・・・。\nこの足元の模様は？%b	
18ce1b4ff4	1	42	21		相手の心を奪い、操り状態にしてしまいます。	
1a5a36dd35	1	42	21		幻影を打ち消し、真実の姿を明らかにします。	
1ae1f34409	1	45	21	%b	大切な人を守りたいと思う気持ちが\n力になる。%b	
1b9fb9a802	1	45	21	%b	え・・・いや・・・、\nだって、そのぅ・・・。%b	
1c1cbaf34d	1	45	21	%b	できるものなら、\n私がかわりに行きたかった。%b	
1ce097224f	1	45	21	%b	そう言うたら、\nシラナミがリグロードから来た%b	
1d82f8694e	1	42	21		美しい真珠です。お店で売ることができます。	
1fc0b84d4a	1	45	21	%b	そうだよ！\nそれはミュウに対して失礼・・・。%b	
2192b25f5f	1	45	21	%b	これに乗るとヤマタイに\n行くんだっけ・・・。%b	
21a9cba1ae	1	42	21		戦士がかぶる、ごく一般的なヘルメットです。	
21c6115907	1	44	21	%b	魔法力そのものは大したことがないって話だ。%b	
224b341cf0	1	45	21	%b	魔力に優れているけど、\n武力に劣っているの。%b	
24507b0369	1	45	21	%b	獣王の名にかけて、\n絶対に人質を助けだすぞ！%b	
26b76ad4d8	1	45	21	%b	ちょっと待って！\n涙の対面は後でもできるわ。%b	
2926629735	2	45	21	%b	ところで、ミュウ、\nそいつは一体何なんだい？%b	
2a76d30296	1	44	21	%n	「%nS」を\n買いとればいいんだね、ミュウ王女？	
2ae69b6f0b	1	45	21	%b	ここにはめ込むような物は\n持ってないみたい。%b	
2b0c01552a	1	45	21	%b	して、その後、首尾の方は、\nいかがでござる？%b	
2b8693322a	1	45	21	%b	人間が獣になるやなんて、\n信じられへんなぁ。%b	
2c769720b3	1	45	21	%b	俺様は、\nウソと玉ねぎは大嫌いなのだ～ゼー！%b	
2c893e04b4	1	45	21	%b	なんと！\nラグロスの塔から帰ってきたですと！%b	
2e98793595	2	45	21	%b	覚えて・・・おけ！\n・・・魂は・・・不滅だ。%b	
2ed0aba8fd	1	45	21	%b	ユーカリさん・・・だっけ？\n彼女はどうだい？%b	
2fafb0a9cf	1	45	21	%b	俺様が見つけた道を\nよく見ておくのだ～ゼー！%b	
31477ded66	1	44	21	%b	どうやら、反対側の扉が開く仕掛けみたいだ。%b	
321f28e511	1	45	21	%b	入れなくなってても、\n問題ないんじゃないか？%b	
32387b3310	1	45	21	%b	どちらかを倒したからって\n油断するな・・・。%b	
32f8c99db1	1	42	21		恐怖の音波を発して、敵を混乱させる技です。	
334ffc7378	1	45	21	%b	この女も、星陵郭の人質も、\n命はないと思え！%b	
34c16903a5	1	45	21	%b	せまい所だな。\nみんな、落ちるんじゃないぞ！%b	
367d57fdec	1	45	21	%b	ナズナ、しっかりして！\nあたしがついてるわ！%b	
379f041b02	1	45	21	%b	何用あってここにきたのだ、\n竜騎士よ・・・。%b	
3978adcb2e	1	45	21	%b	そんなに持てますまい？\nムリはせんことじゃ。%b	
3a775e212f	1	45	21	%b	ダメージもある程度は\n減らしてくれるねんで。%b	
3cc6b1a046	1	42	21		魔法球。力を秘めた古代魔法文明の遺産です。	
3e2c8a491c	1	45	21	%b	俺っチは、ただ、\n仕事が好きなだけでしから。%b	
3e82b93224	1	45	21	%b	オレは、テメェを\nぶっ倒しに来たんだからな！%b	
4086e1c34f	1	45	21	%b	目の前で宮殿仕えの者達を\n痛ぶってやったら、%b	
4150ba0df4	1	44	21	%b	ふふふ。このゲームの関係者を装った者です。%b	
41c559da02	1	45	21	%b	もぅ、俺は聞かねぇぞ！\n何も聞かねぇからな！%b	
425e91d1a7	1	45	21	%b	北か南に向かえばカダールに\nたどりつくのよ。%b	
42a79f6ee0	1	42	21		カオスゲートを使用するためのアイテムです。	
43184fcf13	1	45	21	%b	蓬莱の珠なら、\nもう設置してあったんだっけ。%b	
441303b970	1	42	21		落下地点で爆発し、敵にダメージを与えます。	
450d6f8b3b	1	45	21	%b	俺様を閉じ込めたのは、\nマジシャンだったが、%b	
45bf8d4816	1	45	21	%b	これは、ミュウ様！\nようこそ、ザルマの町へ！%b	
4672fca064	1	45	21	%b	このあたしが、\nどこへでも連れてってやるさ！%b	
4c02c192b8	1	45	21	%b	そしたら、あの名刀を\n再現してみせるんだが。%b	
4c117e60e5	1	42	21		敵に向かって溶解性の強い液体を噴出します。	
4d277484a4	1	45	21	%b	アンジュさん・・・\n俺っチ、心配でし・・・。%b	
4dc4dafd83	1	45	21	%b	やーね、天邪の鏡は、\nもう設置してあるわよ。%b	
4dd7683cd5	1	45	21	%b	雲海の賢者と呼ばれた\nウィスコ様が有名だね。%b	
4edf11cdcd	1	42	21		ステータスの異常を回復することができます。	
4f39d3ffcb	1	45	21	%b	あいつらゴジョウ大橋に\nなんか細工してたで！%b	
4fe20a93fa	1	45	21	%b	御意。\nオルトマは、リグロードきっての港町。%b	
5018cd9f75	1	45	21	%b	皆さんが中に入ったら、\n次元の扉を閉じます。%b	
516a62970b	1	45	21	%b	今のところ役に立ちそうな物は\nなさそうだね。%b	
522be880dd	1	45	21	%b	残りの敵に注意しながら、\n出口へ向かおうよ。%b	
52d77baa26	3	45	21	%b	敵の強さに応じた\nイカす賞品をもらえるのさ。%b	
52e2864cfa	1	45	21	%b	俺っチの砲を使って、\n向こうまで吹き飛ばす！%b	
547cf04d5e	1	45	21	%b	私は、幽玄の森の守り人、\n森の妖精、ルゥナ。%b	
54c187cf8c	1	47	21	%b %h	貴様ごときの剣では、\n私を倒すことはできぬ」%b%h	
55fe7d5c9f	1	45	21	%b	これでお前も、\nカダールに狙われるだろうし。%b	
5741f6a6f1	1	45	21	%b	自分の命が大事だなんて\n思ったことないもの。%b	
599fb7cb3f	1	70	21	%H %m1 %V100 %m0 %s0 %V0 %b	%H%m1%V100［%m0%s0%m1］%V0%m0\nようし、ガルマンオーブは手に入れたし、%b	
59b38fe482	1	45	21	%b	おまえたち全員、\n身柄を預からせてもらうぞ！%b	
5ad4317474	1	45	21	%b	それに、こちらは、\n【古代遺跡の鍵】なのね。%b	
5b81f10875	1	45	21	%b	我らの役割は、\nガルマンオーブの守護にあり。%b	
5e3226dca2	3	45	21	%b	参加しなくたって\n賭けをする事はできるのサ。%b	
5e4c17dba4	1	45	21	%b	どうにかこうにかこの町にも\n平和が訪れたよ。%b	
5fed2f944c	1	45	21	%b	もう、後が無いですよ？\nくっくっくっ・・・。%b	
60e10592c0	1	44	21	%b	この扉には、何かの仕掛けがされていますわ。%b	
63d26451cb	1	45	21	%b	言うこと聞かないヤツは\n殴って使うものだぜ。%b	
640d357fb3	1	44	21	%b	この石には、何か仕掛けがありそうでしてよ。%b	
641089d116	1	45	21	%b	出来上がったカタナは、\nあんた達にやるから！%b	
6456eadd50	1	45	21	%b	馬鹿言うな。\nちっとばかし、油断しただけだ。%b	
6521ddb543	1	44	21	%b	７人委員会という悪い種は取りのぞかれたわ。%b	
652be2abe3	1	45	21	%b	だったら、ナズナが、\nあんたを討つの、なの！%b	
668a03f6e1	1	45	21	%b	そんなことじゃ、\nごまかされないんだからね。%b	
67eade4af2	1	44	21	%b	このまま世界は滅んでしまうのかしら・・・。%b	
6908c0ea10	1	45	21	%b	まずは、\nガルマンオーブを捜すのが先決だね。%b	
6bc7a2ae5c	1	45	21	%b	・・・う、うん。\nお父様のことも気になるし。%b	
6c9a4b34ac	1	45	21	%b	そうよ、タマモよ！\n忘れるなんてあんまりよ！%b	
6dc1110f71	1	45	21	%b	２階にあがるのは\nあきらめるしかないでしね。%b	
6e39e4e9b5	1	46	21	%b	おいタタラ！\nぼーっとしてないで\n指示をくれ！%b	
6e910d663e	1	47	21	%b %h	７人委員会は、\n共同で国家の政治だけでなく、%b%h	
6ec6bfc28c	1	45	21	%b	あ、あなたは！\nラスティ王子ではないですか！%b	
6efc25e55b	1	45	21	%z	%zああ。\n恥ずかしいから、何回も言わせるなよ。	
6ff16a96bc	1	42	21		見た目は派手ですが、効果は期待できません。	
700605d7aa	1	45	21	%z	%z・・・アンジュ・・・。\n元気を出して・・・。	
70b2fe6bd2	1	44	21		とにかく！\nせっかく通れるようになったんだ、\n	
73d860532d	1	45	21	%b	それは前から分かってただろう？\n逆だよ、逆！%b	
73f55f702c	1	45	21	%b	カダールが最初に\nヤマタイに侵攻してきた時、%b	
754bd51e97	1	45	21	%b	気がつくと、\nまるで知らない場所にいました。%b	
75db196f18	1	45	21	%b	これは、\n７人委員会を統べる長の口癖ですが。%b	
763e2928ab	1	45	21	%b	そうだ、\nシラナミちゃんなら何か分かるかも！%b	
766acafac3	1	45	21	%b	これでカダールに連れ去られた\n弟を探せ申す。%b	
770c8c34b0	1	45	21	%b	わたくしは、\nこのようなカビ臭い本と一緒に、%b	
773e3f4464	1	45	21	%b	ラスティには、\nこちらの敵の相手を任せたよ！%b	
7838604763	1	45	21	%b	みんな、大丈夫？\n僕もいっしょに戦いたいよ！%b	
7901a2c623	1	45	21	%b	ルゥナ！\nまだ７人委員会を倒していないんだ。%b	
79221b74d3	1	45	21	%b	ききわけのない子は、\nおしりペンペンよ～ん。%b	
793c7ca534	1	45	21	%b	カムイコタンの荒神よ！\n我らをお守り下さい！%b	
79e0adbccc	1	45	21	%b	重要な世界的資産として、\n認定されています。%b	
7acf4948d4	2	45	21	%b	ファルコに任せておけば\n大丈夫だよ、きっと！%b	
7ae8a439e6	1	44	21	%b	その導きが、戦えと命じているのではないか？%b	
7b51c26f5c	1	42	21		身につけると素早く動き回ることができます。	
7ca3d0ad70	1	44	21	%b	ついに我が事成れり！７人委員会を倒したり！%b	
7dfcbb4f5a	1	42	21		これを浴びたものは、縮小されてしまいます。	
7ebf1e52f1	1	44	21	%b	オレ達は、オレ達にできることをやるまでだ。%b	
80add62902	1	47	21	%b %h	２階にあがるのは\nあきらめた方がよそさうだ。%b%h	
82a49b7d4c	1	45	21	%b	そうですわね。\nその表現、気に入りましてよ。%b	
8316f9d4d6	1	45	21	%b	気がついたら\nガルザードに捕まっていたんだ。%b	
83823f5977	1	45	21	%b	天邪の鏡なら、\nもう設置してあったんだっけ。%b	
84828263b5	1	45	21	%b	でも、\n勝手に調べたりして、怒られないかな？%b	
84f767caa2	1	45	21	%b	どこにあるんだい、\nイクシーズってやつは！？%b	
87345a7bbf	1	45	21	%b	魔法球はこのままにして、\n元の世界に戻ろう。%b	
87c0a1ccee	1	45	21	%b	あらあら。\n仲がいいんだか悪いんだか・・・。%b	
8968c037ec	15	45	21	%b	対戦する敵を選んで、\n１０ターン以内に倒せば%b	
8b9c26b9d1	1	45	21	%b	２階にあがるのは\nあきらめた方がよそさうね。%b	
8c64826050	1	45	21	%b	今はまだ守りが固くて、\n突破できそうにない。%b	
8e5f2ad6a3	1	45	21	%b	じゃあな。\n２度となめたマネすんじゃねえぞ。%b	
8ea8aaa2bf	1	45	21	%b	んふ。\nあたちがお嫁しゃんになってあげゆ～。%b	
8eaf215f21	1	45	21	%b	やはり、\nあの物質はガルマンオーブですのね。%b	
8f136238f4	1	45	21	%b	聞いたところでは、\nこの奥に敵の大将がいて、%b	
8f5b1f80f2	1	42	21		飛び跳ねた振動で周囲にダメージを与えます。	
8fb9a0d387	1	45	21	%b	じゃあ、なんで、\nこんな天変地異が続くのよ！%b	
913eb12928	1	42	21		ＨＰとＭＰを完全に回復することができます。	
91b5d976c0	1	45	21	%b	まずゥ、\nあなた達がヤマタイにいるとしてェ、%b	
92b0e8261a	1	45	21	%b	でも、今壊れてて、\nとても飛べそうにないよ。%b	
938fa406d6	1	45	21	%b	他の局面でも\n必要になるかも知れまへんけど。%b	
9610f9a5d9	2	43	21		やめるのでござるな。\nほかに用はござろうか？	
9718ad26db	1	45	21	%b	開くまで何度も\n調べてみないといけないでし。%b	
97ade9a763	1	45	21	%b	ザルマの町に寄って\nこの先の様子を探ろうよ。%b	
97b40b2e8e	1	45	21	%b	はっはっはっ、\nチャンスだ～ゼー、ラスティ！%b	
9802b0686e	1	45	21	%b	近くに村があれば、\n情報収集もできるんだが。%b	
9c0b025f85	2	45	21	%b	７人委員会のクソったれ共は\n倒したってのに、%b	
9eb9d8d919	1	45	21	%b	あ、アンジュ様！\nか、館長の机の上に・・・！%b	
9ed14a9432	1	42	21		イクシーズ号を呼び出すためのアイテムです。	
9fceda6513	1	45	21	%b	じゃあ、\nミュウはラスティのこと嫌いでしか？%b	
a1909335a1	1	45	21	%b	古代遺跡にて\n我が弟の所在も確認でき申そう。%b	
a230f15a73	1	45	21	%b	お、どうしたんだ、一体？\nハラでも痛いのか？%b	
a27e780277	1	45	21	%b	さっさと帰ってきて、\n王位を継ぎゃいいのに。%b	
a3425eb6a2	1	43	21		あら？\n残念ながらおぜぜが足らんようですえ。	
a5ac2893bf	1	45	21	%b	オルトマへ向かわれては\nいかがでござろうか。%b	
a68d928729	1	45	21	%b	ようやくカダールから\n助け出したでござるよ。%b	
a741a0a7d2	1	45	21	%b	キミがヒバリちゃんの\nお兄さんのタタラさん？%b	
a846603b40	1	45	21	%b	じゃあ、\nパワーリストって、知っているかい？%b	
a9a26bde45	1	45	21	%b	アンタ一人で行ったって\n犬死にするだけだぞ。%b	
a9ac82780c	1	45	21	%b	あぁ！\n何よ、何よ、２人の世界作っちゃって！%b	
aa9f5a9a93	1	45	21	%b	ここにはめ込むような物は\n持ってないでしよ。%b	
ab9bf3c117	1	45	21	%b	マラカイトとアローストーンが\n揃いましたな。%b	
abf51e3836	1	45	21	%b	やーね、蓬莱の珠は、\nもう設置してあるわよ。%b	
ad84124a85	1	45	21	%b	これに乗るとカダールに\n行くんだっけ・・・。%b	
ae1b9ba5a2	1	45	21	%b	２度とこの館長室に\n入ることはできんと思え！%b	
af6fe7f6d4	1	45	21	%b	そして、ボク達の手で\nガルザードを倒すんだ！%b	
b1e68294b7	1	45	21	%b	いやいやそんなこと。\nでも、良かったですね。%b	
b33557e756	1	45	21	%b	ほほほ、では、さらばじゃ！\n今度は勝つぞよ！%b	
b38151da3b	1	45	21	%b	待っていてくれ、みんな。\n今、助けに行くぞ！%b	
b473e62440	1	45	21	%b	７人委員会は\n一体何を考えているのでしょう。%b	
b55f70ca4c	1	45	21	%b	平和っていいものね。\nずっと続けばいいのに。%b	
b5d2039ef5	1	45	21	%b	じゃあ、まずは\nカムイコタンの村をめざそう。%b	
b6a6c112ab	1	45	21	%b	見て！\nここに何かをはめるようになってるよ。%b	
b73324050c	1	45	21	%b	まとまって対抗するってことが\nできないのさ。%b	
b73bbdbe04	1	45	21	%b	信用して。\nラスティなら、きっと助けるから。%b	
b860e2e87b	1	42	21		本から黄泉の使者が出現し、敵を攻撃します。	
b8a0757e32	2	45	21	%b	おめでとうございます。\nランクインしました。%b	
b8c619eb99	1	45	21	%z	%zそうなのね！\nナズナ達も幸せになるのなのね！	
b934145c7a	1	45	21	%b	皆の衆、落ちないように\nお気を付けくだされ。%b	
b9ede1d085	1	45	21	%z	%zさようなら、アンジュ！\nさようなら、タタラ！	
ba2a479d8d	1	45	21	%b	やったぁ、なのね！\n７人委員会を倒したのね！%b	
ba917d4e50	1	45	21	%b	ボク達も、行こう！\n戦いは始まったばかりだ。%b	
bba41a9019	1	42	21		本から巨大な腕が出現し、敵を叩き潰します。	
bbee4489a5	1	45	21	%z	%zああ、そう！\nそれは、ようございましたわね！	
bd11ab8b29	1	45	21	%b	・・・ミュウ、\nまだ誰にも話を聞いてないよ？%b	
bfd39f41fb	1	42	21		より強力な３本の衝撃波で敵に斬りつけます。	
c144492d39	1	45	21	%b	しっかりして！\nいったい何があったんですの！%b	
c17ce126c5	1	45	21	%b	それにラグロス！\nお前達、生きていたのか！！%b	
c248a53e08	1	45	21	%b	そうだな、\n一人ほどつまらないことはないな。%b	
c311ccdba7	1	45	21	%b	まさか・・・。\nカオスの力の・・・暴走っ！？%b	
c3ad46da0b	1	45	21	%b	昔、何代目かのゲンユウサイが\n作ったもので、%b	
c4875f622d	1	45	21	%b	沢山の命とともに、\n皆さんの健闘を祈ります。%b	
c4f40b90a5	1	45	21	%b	カダールの連中は\nもうやっつけたんですから、%b	
c53e1d5dbc	1	45	21	%b	こうなったら、\n星陵郭の人質を処刑してやる！%b	
c56abe4100	1	45	21	%b	わたしには、\nちょっと重すぎるみたい・・・。%b	
c5fad1c550	1	45	21	%b	どうやらカダールに\n行ってしまったみたいで。%b	
c682a3f2f1	1	45	21	%b	じゃ、各大陸の位置関係を\n教えてあ・げ・る☆%b	
c683123f7c	1	45	21	%b	わかった、わかった。\nミュウの決めたことだ。%b	
c924dc576c	1	45	21	%b	お前は\n殺しても死なない女だって知ってたぜ。%b	
c943c73d8c	1	45	21	%b	敵はいないようだね。\nさっさと通り抜けよう！%b	
ca76a68b36	1	45	21	%b	あ、本当だ！\nミュウの胸がドキドキしてるよ！%b	
cacd958d66	1	45	21	%b	そうだね、\nみんな、がんばってきり抜けよう！%b	
cb3b4bc832	1	45	21	%b	何のための、\nアレクトリア大図書館ですかッ！%b	
cbcc7b774f	1	43	21		これは、ようこそ。\nどのような御用ですじゃ？	
cbdb795991	1	45	21	%b	きっとどこかの装置を\n制御するんだと思うよ。%b	
cc93a11a0e	3	45	21	%b	敵の強さに応じた賞品が\nもらえますのんやで。%b	
cd382acc48	1	42	21		時と共にＭＰを回復してくれる貴重な石です。	
cd539b2b9d	1	45	21	%b	時間がたって\n自然に効果がきれるのを待つか、%b	
cf5ef7cad1	1	42	21		自分の分身が敵に向かって突進攻撃をします。	
cf9d001dfa	1	45	21	%b	この分じゃ、\n２階はガレキの下ってトコだな。%b	
cff67809b5	1	45	21	%b	まぁ、あなた、\nいつの間にいらしたんですの？%b	
d113f7614b	1	45	21	%b	それから？\nそれからどうなったの、アンジュ？%b	
d1fe1e26e5	1	45	21	%b	これが大水桶だな。\nとっとと、ぶっ壊すぜ！！%b	
d51f0f8935	1	45	21	%z	%zどうせ、\n僕は、ミュウの欲求不満解消係だよ。	
d6e3bc1ba4	1	45	21	%b	積み下ろしとか、\n結構手間がかかるんだよね。%b	
d748869ec4	1	45	21	%b	２階にあがるのは\nあきらめた方がよそさうだ。%b	
d7a61a3514	1	45	21	%b	おいおい、\nオレ達は遊びに来たんじゃねぇぞ！%b	
d7e0319844	1	45	21	%b	今度はみんなで突入しよう。\n総力戦になるよ。%b	
d8b2a05406	1	45	21	%b	泉には、\nその由来を説明するプレートがある。%b	
d931c02536	1	45	21	%b	追っ手がかかる前に、\nここから逃げだそうよ。%b	
d9a0f37cb7	1	42	21		サンダードラゴンによる強力な放電攻撃です。	
da05e67e4d	1	45	21	%b	うん。\nだけど、嫌な感じが胸から取れないの。%b	
da80235ca9	1	45	21	%b	この橋を渡れば、\nハイランドに行けるわけよ。%b	
daa43ac2fd	1	45	21	%b	僕は・・・\n兄さんが・・・うらやましかった。%b	
dc4ba9bd92	1	45	21	%b	議論したところで、\n結局は、時間の無駄です。%b	
dd59d909f7	1	45	21	%b	いらっしゃいやし！\nうわさは聞いていますぜ！%b	
dd5f8ab27d	1	45	21	%b	ここにはめ込むような物は\n持ってないようだ。%b	
de985f4cfc	1	45	21	%b	敵の強さに応じた\nすごい賞品をもらえるのさ。%b	
e0223d1dfa	1	45	21	%b	なんだとっ！！\nこれが落ちついてられるかっ！%b	
e0f23785e3	1	45	21	%b	ちょっとー、\n平和になったんじゃなかったの！%b	
e20855564a	1	30	21		ＢＯＯＴ５メニュー            	
e235847609	1	45	21	%b	こっちの世界は、\n天変地異で大混乱だってのに%b	
e2cadddbe1	1	42	21		売れるものは持ってやがらんじゃろぞなもし。	
e2f874517a	1	42	21		身につけると、行動範囲が大きく広がります。	
e39b80bfc3	1	45	21	%b	でも、それって、\n敵の本拠地なんじゃないの？%b	
e3b2a89af6	2	43	21		あら？\n残念ながらお金が足りないようですわ。	
e4520e79a5	1	45	21	%b	平和になったおかげで\nもぅ、ウハウハですよ。%b	
e45e16cd4a	1	45	21	%b	うーん、今の状態で\nここを通るのは無理だよ。%b	
e5bd61f155	1	45	21	%b	さて、ラスティ、\nこういう結末だが、どうだ？%b	
e6655111f4	1	45	21	%b	うふっ☆\n結婚を前提に友達からなの、なのね。%b	
e669378e77	1	45	21	%b	カムイコタンの荒神も、\nさぞ、お喜びだろう。%b	
e72b48e54a	1	43	21		あら？\n残念ながらお金が足りないようですよ。	
e7a62e2b4a	1	45	21	%b	隣に消火用の水が詰まった樽が\nあるでしから、%b	
e9e23ae5c8	1	45	21	%b	宝剣はガッチリはまってて\n外れそうにねぇな。%b	
eafd842a72	1	45	21	%b	このあたしが、\nどこへでも連れてってやるよ！%b	
eb3592e587	1	45	21	%b	ガルザードよ。\n行って、奴らを叩き潰すのだ！%b	
ec072bb103	1	45	21	%b	これで、ゴジョウの町へ\n行くことができるゼ！%b	
ec4c1b8efb	1	42	21		あの、ミュウ様、売るものがないようですが。	
ecacdf3552	1	45	21	%b	よぅし、\n関所の向こうに仲間を捜しに行こう！%b	
ed52c94a30	1	45	21	%b	ということは、\nこの【ゲートキー】を使えば、%b	
ee55d14d95	1	45	21	%b	世界に平和が戻りました。\nよかったよかった。%b	
ef4aa1e9ea	1	45	21	%b	こんどは、\nどんな武器を考えつくのかしらね。%b	
efe0e631ee	1	45	21	%b	そこにある力、\nカオスを研究することだった。%b	
f055ed2631	1	45	21	%b	あそこには\n友達だの何だのが残ってるんでね。%b	
f12bd92524	1	45	21	%b	グラビティの先に\nイクシーズがある・・・か。%b	
f1fa97aeaa	1	45	21	%z	%zミュウ王女！\nご無事でいらっしゃいますか！！	
f216599ae1	1	45	21	%b	いっきに上に行けないから\n気をつけるのなの！%b	
f4024a644b	1	43	21		なんや、やめますのん。\nほかに何かどないだ？	
f4eba7d9e9	1	44	21	%b	念のためにもう一度繰り返させてもらうかの。%b	
f552e7af60	1	45	21	%b	いつか、平和になったら、\n試してみるでしか。%b	
f5919f4ca8	1	45	21	%b	いくつか注意があるので、\nまぁ、聞いてくれ。%b	
f67bd2bbb3	2	45	21	%b	ここをカダール軍の関所と\n知ってのことか！？%b	
f73bf347cf	1	42	21		身につけると、力が増し攻撃力が上がります。	
f915e4e6d4	1	45	21	%z	%zいいねぇ・・・！\nあたいが船を操って・・・。	
fcae816867	1	45	21	%b	アレクトリア大図書館\n武闘司書の一人として、%b	
fd11659e92	1	45	21	%b	多少強引でも、\nとにかく突破するしかないね。%b	
fde4e5f7d9	1	45	21	%b	リグロードの海の玄関\nオルトマを封鎖するは、%b	
fe54d47984	1	45	21	%z	%z皆を故郷に送り届けたいんだけど、\nいいかな？	
fffd196e49	1	45	21	%b	こんな恐ろしい時は、\n飲まずにいられないよ。%b	
0078f19946	1	42	20	%b	色々と物いりなんだから、貰っておいたら？%b	
00e9738472	1	42	20	%b	どのツラ下げてここに戻ってこれるのかね！%b	
01fac60473	1	42	20	%b	商売に関しちゃ、それなりに信用できるぜ。%b	
03140fa0b6	1	43	20	%b	ユーカリのことを、\nはなしちゃだめですよ。%b	
04544f48d4	2	43	20	%b	クセ者共め！\n拙者の刀のサビにしてくれる！%b	
04a9fa3c4f	1	42	20	%b	君にも、いつか分かる時がくると思うがね。%b	
0609ff2db4	1	41	20	%n	「%nS」を売っていただいてよろしいおすか？	
079b51a07a	1	43	20	%z	%z何か？\nクィーンズランドの王子ラスティよ。	
079c334770	1	42	20	%b	アスカ殿、もう世界は平和になったんじゃ。%b	
09148940b6	1	41	20		気に入らなかったかいっ？\nほかには何かっ？	
0985360444	1	43	20	%b	奴等を倒すしかない。\nよしっ、いこうぜっ！%b	
09d422da42	1	43	20	%b	いよいよ、決戦だね！\nみんな、準備はいい？%b	
09ff9ce08b	1	42	20	%b	ひどいなぁ、命の恩人を置いていくなんて。%b	
0b00aef17b	1	43	20	%b	・・・ここは！\nカカルクランじゃないか！！%b	
0c4cef8aac	1	42	20	%b	そんなことを気にする必要はありませんよ。%b	
0eb120e954	1	42	20	%b	それが、オレ達シノビのやりかたなんでな。%b	
0ee8369c91	1	42	20	%b	とうとう、３回目を踏んでしまいましたね。%b	
11a0cf5ab2	1	43	20	%b	ドラグーン城を占領した\n高飛車女のこと！？%b	
11c4020ce8	1	42	20	%b	俺達はイニシエといって渡来系の技術者だ。%b	
11e482e158	1	43	20	%b	ふぅむ・・・。\nこの手触り、この色・・・。%b	
122f6cdcef	1	40	20		イクシーズ号の修理に必要なアイテムです。	
12b8498378	1	42	20	%b	まずはガルマンオーブを捜しに行かなきゃ。%b	
134d1b78d4	1	43	20	%b	そんなことないよ、\n僕達がいるじゃないか！%b	
141aa9f466	1	41	20		なんだ、やめんのか。\nほかに用はあるかい？	
17d935ef09	1	43	20	%b	みんな、足元に気をつけて進もう。\nいくよ！%b	
1887fc554f	1	42	20	%b	さぁ～さ、おとなしく牢にもどりなさ～い。%b	
199c30c0b0	2	42	20	%n	「%nS」ですね。\nお買いあげいただけますか？	
1d502b659c	1	40	20		敵を貫通する弓矢を３本同時に放つ技です。	
1debd50f25	1	42	20	%b	敵の魔法に耐えるられるかどうかが問題ね。%b	
205461787d	1	43	20	%b	ガルザードは、\n７人委員会直属の将軍なの。%b	
207a89f6c8	1	40	20		味方のＨＰを３００ポイント回復できます。	
20e7c4e905	1	43	20	%b	ふごっ！！\nやっぱりやめておくのだ～ゼー！%b	
235ca65c40	1	43	20	%b	フンっ、\n今さら戻ってきたって遅いんだよ。%b	
2378dc3426	1	43	20	%b	うかがったものと\n同じもののようですわね。%b	
238beca061	1	43	20	%b	ありがと。\nキミのそういうとこ、好きだよ。%b	
257293a176	1	42	20	%b	魔法力がどんどん強まっていくのだ～ゼー！%b	
261dfa104e	2	41	20	%n	「%nS」を売っていただいてよろしいですか？	
26e50e6817	1	43	20	%b	私です・・・。\n次元の扉を守るルゥナです。%b	
2866c4a332	1	40	20		放った火薬矢が落下した地点で爆発します。	
28dfdcd790	1	43	20	%b	しっかりしろ！\n大丈夫だ、オレがついてる。%b	
28ee465482	1	43	20	%b	世界は平和になったんじゃ\nなかったのかい！%b	
2917452e27	1	43	20	%b	何とっっっ！！\nイクシーズ号復活とな！！！%b	
297559926d	1	42	20	%b	後ほど、この場所でお会いいたしましょう。%b	
29a6965c07	2	40	20		おやおや、何か売りに来てくれたんかのぅ？	
2b88582678	1	43	20	%b	ラスティ王子、いったい、\nこれは何事です？%b	
2d39038806	1	43	20	%b	あら？\nここに何かをはめるようになってる。%b	
2feecce6e2	1	43	20	%b	机の上に手紙みたいなものが\nおいてあるよ。%b	
303d7784e0	1	43	20	%b	ここが、ヤマタイ最大の都市、\nゴジョウだ。%b	
305d815248	1	43	20	%b	本当かどうか、\n調べるだけ、調べてみるか。%b	
310c1ef9e1	2	42	20	%b	この水晶柱のせいでもござるまいが・・・。%b	
32e89356eb	1	43	20	%b	待ってろよ！\nすぐに助け出してやるからな！%b	
336b2c5042	1	43	20	%b	みんな、待ってろ、\n今すぐに出してやるゼ！%b	
3444b50d4b	1	43	20	%b	でも、どうして弟さんは\n誘拐されたのかな？%b	
358c846cb5	1	43	20	%b	こうしてる間にも、\n時は過ぎていくんだぜ。%b	
35efff08ff	1	40	20		黄金色にかがやく、美しく頑丈な防具です。	
38078792dd	1	42	20	%b	ゴジョウはヤマタイの文化的中心都市どす。%b	
387f3bf1ba	1	43	20	%b	ナズナだって、\n根無しの独りぼっちなのね。%b	
3ac541b849	1	40	20		敵を貫通する巨大な鉄の弾を撃ち出します。	
3b55db74f7	1	43	20	%b	姫様！\nついに、ついに完成いたしましたぞ！%b	
3bc81b3533	1	40	20		精霊の力を借りて、姿を透明にする技です。	
3cb4cb6d07	1	42	20	%b	ドラグーン城を取り戻されたのでしょう？！%b	
3e59ec8668	1	42	20	%b	再生のために、破壊は必要不可欠なのです。%b	
3e80857783	1	43	20	%b	うん、\nそれに、にじ色の壁もなくなってる！%b	
3eb75e60cf	1	41	20		よう、姫様じゃねぇか！\n今日は何にするね？	
3eb78b47f4	1	42	20	%b	ありがとう、ディアーネさんも気をつけて！%b	
3ee40f0100	1	43	20	%b	４．迷宮内で得た経験値は\n全て無効となる。%b	
3fe6f8fb3e	1	42	20	%b	ここに人質がとらえられているってわけか。%b	
41034ed23b	1	42	20	%b	ううん。これも、人の上に立つ者の・・・。%b	
417e3a1e26	1	42	20	%b	ディアーネってのは、スゴ腕の船長らしい。%b	
41ed315fea	1	43	20	%b	ああ・・・。\n帰ってくるゼ・・・約束する。%b	
43113a2158	1	43	20	%b	どうなってんだ、こりゃ？\n女しかいないぜ。%b	
4320cc075f	1	42	20	%n	「%nS」ですかの。\n買うていただけますかの？	
447a9dd578	1	43	20	%b	復活したイクシーズ号は、\nいずこにありや！%b	
efa244adb3	1	36	18		ＨＰを１００回復することができます。	
45d51c862b	1	42	20	%b	おっと、答えていただくには及びませんや。%b	
45d894115b	1	42	20	%b	さっきから聞いてれば、なに言ってるのよ！%b	
46ac5e9a03	1	43	20	%b	もう一度カカルクランに\n乗り込みたいんだ！%b	
47ff27dbe2	1	43	20	%b	リグロード大陸では、\n戦力的に脅威となる、%b	
488271f858	1	42	20	%b	おまえ達を助けるのを手伝ってくれたんだ。%b	
48ff00d5c4	1	43	20	%b	大きなダメージを受けるから\n気を付けろよ。%b	
4a9bb25c79	1	43	20	%b	さ、姫様、\nイクシーズ号、発進のご命令を！%b	
4c745d5275	1	42	20	%b	いったい、何がどうなっておりますのやら。%b	
4ef1c734d0	1	42	20	%b	この階段から、地下に降りることができる。%b	
511caa0c11	1	40	20		売れるものなんか持ってやがらねぇクセに。	
52ea2b8857	1	43	20	%b	なにさ、仲間を売るなんて、\n見損なったわ！%b	
5302baf65f	1	42	20	%b	ボクと一緒に戦ってくれている仲間達だよ。%b	
5302e1922d	1	42	20	%b	いったいどうなってしまうんだろう・・・。%b	
531db7cec7	1	43	20	%b	これでようやく、\nイクシーズの修理に必要な%b	
53dafd7710	1	43	20	%b	子供達はきっと助ける。\n私を信用してくれ！%b	
553d0a49d3	1	42	20	%b	ここに７人委員会の連中がいるのか・・・。%b	
5578b111f6	1	43	20	%b	そして、君とミュウとを、\n我々が支えよう。%b	
56b522ed94	1	43	20	%b	おや？\n残念ながらお金が足りないようです。%b	
582e997855	1	41	20		ありがたいことじゃ。\nほかに何か買うかの？	
59349f52e0	1	43	20	%b	ききわけの無い子は\nおしりペンペンよ～ん。%b	
5a83eaa5b8	1	43	20	%b	オレがカダールと通じていると\n思い込んだ。%b	
5b8401462c	1	42	20	%n	「%nS」だな。\n買ってもらえるのかい、姫様？	
5bac35e77c	1	43	20	%b	そんな！\nいいがかりじゃないか、とほほ～。%b	
5e17bc7960	1	43	20	%b	あなた達は、\nここから進めないのですから！%b	
5e9fb4d6c2	1	43	20	%b	わかった、わかった。\n勝手にしろよ、もう。%b	
5eb79dd00f	1	43	20	%b	ボクが竜に変身して、\nキミ達を「つかむ」。%b	
5ec0cba32c	1	43	20	%b	そんなことがあったとは、\n知らなかったゼ。%b	
5f0772d2eb	1	40	20		敵の集団から一度にお金を奪い取る技です。	
5ff5572d7b	1	43	20	%b	結界洞を入った所に\n３本の柱があるんじゃ。%b	
60d6ba2e97	1	43	20	%b	ハイランドに行けなくちゃ\n意味がないのね。%b	
6161f26ca9	1	44	20	%b %h	その声には、混じり気なしの狂気があった。%b%h	
621e9bc6d4	1	42	20	%b	ゲテン城にゃカダールの連中が駐留してる。%b	
6276b89a8d	1	41	20		むかつくー。\n金持ってないのに来ないでよ！	
627c85c3d2	1	43	20	%b	あの時みたいに、\nもう、逃げるのは嫌だよ！%b	
64d5737a93	1	40	20		細身で斬れ味鋭く、あつかいやすい刀です。	
6519598b2b	1	43	20	%b	リグロード大陸中央にある\n次元の扉に向けて%b	
665f9a8650	1	40	20		美しい宝石です。真珠よりも高く売れます。	
668b740d77	1	43	20	%b	まったく、お人好しだぜ、\nオレ達の姫様は！%b	
6869efa0ef	1	43	20	%b	くそっ、\nこの上に乗っても何も起こらねえ！%b	
688d701dcc	1	42	20	%b	あたしの目に狂いはなかったってことよね。%b	
692b9b19e6	1	43	20	%b	一度村に戻って、\n装備を整えた方がいいゼ。%b	
6c32866085	1	42	20	%b	なるほど、思うたようにはまいりませぬか。%b	
6ca5deb935	1	43	20	%b	平和の大切さが、\n身にしみてわかりますね。%b	
6e4d2cd6af	1	42	20	%b	せっかくだから、もう一度調べてみようか。%b	
715f1157c8	1	43	20	%b	ここを越えれば、\n忍者屋敷なんだが・・・。%b	
727e13fc27	1	43	20	%b	そんで、あんたらが\nカダールにおるとして、%b	
72ff2abf81	1	42	20	%b	ああ、見る度に無念がこみあげてきますわ。%b	
73e69b5e06	1	42	20	%b	ちっ、ぶっ壊すってワケにゃいかねぇのか？%b	
752c4eaf3c	3	42	20	%b	次からはせいぜい気をつけることですわね。%b	
754725be59	1	43	20	%b	アスカ・・・。\nきっと帰ってきてね、なの。%b	
7643f4b8d5	1	42	20	%b	北の方向に歩いていくんだって言ってたよ。%b	
77fa46060b	1	43	20	%b	ああん、また地震～？\nもう、嫌になるわね！%b	
785e4d3efa	1	42	20	%b	ここを抜ければ、いよいよ、ゲテン城だね。%b	
7996720e7e	1	42	20	%b	他に目に付くものって、\n何かあったっけ？ %b	
7b792d5705	1	43	20	%b	ミュウ様こそが、\n俺達の王女にふさわしい。%b	
7bf0814373	1	43	20	%b	ちょっとだけなら\n手伝ってもいいんだけど。%b	
7c7b7817a9	1	43	20	%z	%z元気でね、ミュウ。\nいい女王になるんだよ！	
7e3488a7de	1	43	20	%b	それが見つかれば、\nイクシーズが直るんだ！%b	
7e7298a53b	2	43	20	%b	残念だけど、\nここに置いていくしかないよ。%b	
7e743327c2	1	42	20	%b	国民の間には不安と不満が広がっています。%b	
7e7dbe91c5	1	40	20		回復効果を持つフィールドを作り出します。	
7f72eaf881	1	43	20	%b	少しでも早く、\nここから逃げ出しましょう。%b	
835826d27e	1	42	20	%b	ミュウ、ラスティ、ナズナ飲むんじゃない！%b	
83e5426ccd	1	40	20		軽量化された剣です。素早さが上がります。	
84b4069b42	1	43	20	%b	どうやら、\n魔法で作り出した壁みたいだね。%b	
8528771cef	1	42	20	%b	また悪いヤツらが何かしよったんやろか？！%b	
8564cbadfa	1	42	20	%b	こ、こ、こ、これは失礼をいたしました！！%b	
8679e8df6e	1	40	20		うちの店では防具も扱っておりますのじゃ。	
873df0e516	1	43	20	%b	カダール兵め・・・\nひでぇことをしやがる！%b	
87b85dd3c3	1	42	20	%b	ははあ、それで、船を接収されたんでしょ？%b	
87dde80aac	1	43	20	%b	やりましたわ！\n７人委員会を倒しましたわ！%b	
885e0e67fd	1	42	20	%b	この年寄りに話かけてくれてありがとうよ。%b	
89e48d3c63	1	43	20	%b	そうですか。\nまたお越し下さいますかのゥ。%b	
8af691e1c4	1	43	20	%b	軍人として、\n指令に従ったまでのことです。%b	
8b824576bc	1	41	20		ありがたいことじゃ。\nほかに何か売るかの？	
8cf44db4aa	2	42	20	%b	・・・今のはちょっと年寄りっぽかったな。%b	
8d9c94ab18	1	41	20		不用になった品を、\n引きとらせてもらうぜ。	
8dde1959e0	1	43	20	%b	で、その特別な道具って何？\nどこにあるの？%b	
8de2d9874a	1	42	20	%b	看板の裏には「ヒバリ命」と書かれている。%b	
8e78e4842d	1	43	20	%b	ほほう。\n負け犬が舞い戻って何のようです？%b	
8e895665d5	1	43	20	%b	ラスティが、\nそれを見せてくれたじゃない！%b	
8f6aecbea1	1	43	20	%b	今度こそ、\nそのガルマンオーブをもらうよ！%b	
9006bc77c5	1	41	20		ってゆーか、ゆっくりみてけばいいじゃん。\n	
922879e72b	1	43	20	%b	開かない！？\n中からカギがかけられてる！！%b	
926dc4d4f8	2	42	20	%b	このような場所で・・・果てる・・・のか。%b	
943ed857b9	1	43	20	%b	このあたりの道は\n滑りやすいようですわね。%b	
94cbdd8896	1	43	20	%b	壊されてる！\nこれじゃ２階にはあがれない！%b	
97ae15aaa6	1	42	20	%z	%z今や平和の時は終りを告げようとしていた。	
98640f3285	1	43	20	%b	逃げるんだ！\nここで死ぬわけにはいかねぇ！%b	
990cca94e8	1	43	20	%b	残りの敵に注意しながら、\n出口へ向かおう！%b	
9a1796376b	1	43	20	%b	分かった、分かった。\n謝ればいいんだろう？%b	
9b046e4b99	1	43	20	%b	次に、あなた達が、\nカダールにいるとして、%b	
9c404ed3da	1	42	20	%b	・・・さて、どう始末つけるんだ、アンタ？%b	
9e8f737dc9	1	42	20	%b	ボク達の不安要素はそこなんだよね・・・。%b	
9fd1596845	1	43	20	%b	ぬお？\n足元の敷石がしずみこんだ～ゼー！！%b	
a0317c19cc	1	43	20	%b	見つからないうちに、\nここから離れようよ。%b	
a12c52b578	1	43	20	%b	よし。\nじゃあ、事情を説明してもらおうか？%b	
a13a9a1d4a	1	43	20	%b	違うな。\n奴らの命はオレが握っているのさ。%b	
a1451d684e	1	68	20	%H %m1 %V100 %m0 %s0 %V0 %b	%H%m1%V100［%m0%s0%m1］%V0%m0\nこんなところで・・・散るのか・・・。%b	
a1998c7bb2	1	43	20	%b	あんな奴らの言うことを\n誰が聞くものかよ。%b	
a1aad5c77f	1	43	20	%b	人に理解されないことは、\n悲しいことだね。%b	
a1b5b40165	1	44	20	%b	・・・でも、\nそういうとこも・・・\n好きッ☆%b	
a29538af68	1	43	20	%b	この先が星陵郭だ。\n気をゆるめずに行こう。%b	
a2af21f003	1	43	20	%b	それに、こちらは、\n【古代遺跡の鍵】でし。%b	
a401d026c8	1	43	20	%b	恐怖で支配するより、\nよっぽど簡単なこと。%b	
a43f1f4df2	1	43	20	%b	イガのシノビのとこに\n修行に行ってんねん。%b	
a48e24f578	1	42	20	%b	今はまだ、城を再建している場合じゃない。%b	
a4fcd435f9	1	43	20	%b	アスカと一緒なら\nどこだって行くの、なの！%b	
a534a9e76d	1	42	20	%b	ユーカリ様は、カムイ様の婚約者ですじゃ。%b	
a554be7092	1	42	20	%b	一度見たら、忘れることなど絶対ないです。%b	
a580b0d04d	1	43	20	%b	そんなに持てねぇクセに。\n欲張りやがって。%b	
a6cfc2fc6b	1	40	20		魔法をお使いになる方のための軽装服です。	
a6e429a5b4	1	43	20	%b	ステータス異常は\n２から３ターンの間続く。%b	
a7766035f4	1	43	20	%b	くっ・・・、\n数が違いすぎる、圧倒的だよ。%b	
a7cac51ceb	1	42	20	%b	どうやら子供達は別の部屋にいるらしいな。%b	
a967f6f525	1	43	20	%b	お願い、\nあの人にどうかその手紙を渡して。%b	
a9c87c282e	1	42	20	%b	この前は負けたが、今度こそは勝つぞえ～！%b	
ab97bc8f3e	1	42	20	%b	反対側の扉が開く仕掛けのようでござるな。%b	
ab9d8e81ed	1	42	20	%b	竜騎士の誇りにかけて誓ってもらえるかの？%b	
aba8a980d4	1	42	20	%b	まあ、オレにはまだそんな縁はないけどな。%b	
abdb86f30e	1	43	20	%b	・・・イガの里は、\nこっちじゃないのかな？%b	
ad065c446f	1	43	20	%z	%zけっこう、面白かったぜ！\nまたな、ミュウ！	
ae19f8c262	1	43	20	%b	今度だって、やれるよ！\n行こう、ラスティ！%b	
af26529aab	1	42	20	%b	ふぉっふぉっふぉっ、それはなによりじゃ。%b	
b0823d3e7f	1	40	20		暗黒の力を打ちくだく聖なるグローブです。	
b083503a8b	1	43	20	%b	この人達のおかげで\nみんな助かったでしよ。%b	
b2650ca2b6	1	42	20	%b	うん、まず、ガルザードとの決着をつける。%b	
b2c729bc43	1	43	20	%b	アンジュ、\nこの砂漠はどこまで続いてるの？%b	
b39d4d55c0	1	43	20	%b	弟と共に、\n世界を守ってみせるでござるよ。%b	
b47893445a	1	43	20	%b	これって、\nリグロードにある水晶柱のこと？%b	
b4f606415c	1	42	20	%b	将来を誓いあった女のことを忘れるなんて！%b	
b5de936014	1	43	20	%b	へっへっへっ！\nたまんねぇな、この緊張感！%b	
b5ed208fa7	1	43	20	%b	ありがと。\nそう言ってくれると思ってたよ。%b	
b7c3a46d29	1	42	20	%b	なんでもいいから、早く陸地に上がろうよ。%b	
b8d5d0f363	1	43	20	%b	これを持っていけば\n必ずと役に立つだろう。%b	
b9eb1da970	1	43	20	%b	な、なに！？\nいくつもの声が、響いてくる！%b	
ba690b799c	1	42	20	%b	ポポロン・・・でしたね、その街の名前は。%b	
baac5a6e4f	1	41	20	%n	「%nS」ですね。お買いあげいただけますか？	
bbe5af64aa	1	43	20	%b	おや？\nここに何かをはめるようになってる。%b	
bef5c1df9c	1	44	20	%b %h	この階段から、地下に降りることができる。%b%h	
bf59ca79f2	1	42	20	%b	俺様のイカす肉体が映っているのだ～ゼー！%b	
c090d8c448	1	42	20	%z	%zほんと、誰に似たんだかわがままで・・・。	
c1def2202c	1	42	20	%b	しかし、どうして、こんな場所に魔物達が？%b	
c3556c9006	1	43	20	%b	何だよ、ナズナ！\nしけた面すんじゃねぇよ。%b	
c3a3556bd0	1	42	20	%b	できたカタナをくれるって件、忘れんなよ！%b	
c3d1807895	1	42	20	%n	「%nS」ですの。\n買っていただけますかのぅ？	
c429d886c4	1	43	20	%b	八坂の勾玉は、\nもう設置してあるの、なの。%b	
c46c896989	1	43	20	%b	ここを取り返したら\n一緒に捜してあげるよ。%b	
c7a47f8ffc	1	43	20	%b	うぷっ。\nき゛、気゛持゛ち゛悪゛ぅ゛い゛。%b	
c8c44c089a	1	43	20	%b	隠し金山ってのがあるって話、\n本当かねぇ。%b	
c96760b60d	1	42	20		不用になった品を、\n引きとらせてもらうぜ。\n	
cb4b377841	1	43	20	%b	じゃあ、ここを逃げ出すために\n協力しない？%b	
cc1e844901	1	43	20	%b	理解できましたね？\nでは、お死になさいな！%b	
cc87bfa871	1	41	20	%n	「%nS」を買い取らせてもらっていいんだな？	
cce13f9b14	1	43	20	%b	よくもまぁ、\nこの町に帰ってこれたものだ。%b	
cd23fad34c	1	43	20	%b	ここを抜ければ、\nこの場所を出られますわ。%b	
cf9f8f3970	1	43	20	%b	・・・って、おい。\n顔が笑ってるぞ・・・。%b	
cfde6bbd02	1	43	20	%b	一命にかえましても、\n修理つかまつる所存。%b	
cfea8787dd	1	42	20	%b	さすれば、弟の所在も確かめられましょう。%b	
d11976abc4	1	42	20	%b	よし、じゃあ、港町ヒガタに行ってみよう。%b	
d28d8de962	1	43	20	%b	ミュウ姉様、\nうらぎってなんかいないよね？%b	
d370bc8750	1	43	20	%b	ここでもガルマンオーブが\n見つかったの！？%b	
d3d27b8763	1	42	20	%b	まったく、あのボケナスぶりは、血筋だね。%b	
d499dbc037	1	43	20	%b	もはやお前達に\nそれを防ぐことはできまい。%b	
d584437570	1	42	20	%b	それがこんなことになってしもうて・・・。%b	
d629fc8eaf	1	43	20	%b	生きてはおらぬ。\nこれは我らの思念・・・。%b	
d6ba2dfee1	1	42	20	%b	いったいどうなっちまうのかね、この国は。%b	
d718b6921d	1	43	20	%b	俺っチには、\n全てが終ったと思えないでし。%b	
d726870a0c	1	43	20	%b	こんなところだが、\n今じゃ、我が家同然さ。%b	
d853176edb	1	42	20	%b	また友達と遊べるようになってうれしいよ。%b	
d8e1f39429	1	42	20	%b	７人委員会が世界征服に乗り出したのです。%b	
db428eec6b	1	43	20	%b	そうかな？\nけっこう、かわいいと思うけど。%b	
db87423800	1	42	20	%b	ふぅん、アスカって、式神に詳しいんだね。%b	
dc1b5af9cd	1	43	20	%b	敵の見せた幻覚に\n惑わされたのでござるよ。%b	
ddea1af173	1	43	20	%b	そのために、\nいにしえの魔法球を使用する。%b	
dedd007191	1	43	20	%b	ここが次元の道か・・・。\n皆、気をつけて！%b	
df9270e641	1	43	20	%b	この様子じゃ\n２階に行くのは無理そうだね。%b	
e2fc43cc59	2	42	20	%b	てめえら、家族が大事なら邪魔をするな！！%b	
e3519a8946	1	40	20		木霊の力で、強烈な眠気を催させる術です。	
e36f5a4920	1	42	20	%b	なんて、ちょっと、お説教っぽかったわね。%b	
e39fa146b5	2	43	20	%b	ミュウは、\n【風のメダリオン】を入手した。%b	
e4d82827b1	1	42	20	%b	やっぱり、ミュウもラスティのこと・・・。%b	
e51fd9bb60	1	43	20	%b	クィーンズハートを\n占領したカダール軍は、%b	
e53c048cda	1	43	20	%b	【アイテム名】ね。\nこれでよかったかしら？%b	
e758ab21a8	1	42	20	%b	ひょっとして弟もここにいるのでは・・・？%b	
e783983ebf	1	43	20	%b	役に立ちそうなのは\nないみたいに見えるね。%b	
e82630f126	1	43	20	%b	なな・・・・は・・・き・・・\nおか・・・・%b	
e8a16b9ac3	1	42	20	%b	そうすれば寂しいなんて思わないの、なの！%b	
e958ee1669	1	43	20	%b	これは、また、\nズイブンと硬い鉱物でしね。%b	
e99b6acb63	1	42	20	%b	７人委員会様に逆らうレジスタンス達めっ！%b	
ea68140ea4	1	40	20		鳥の姿を型どった炎が敵に襲いかかります。	
eadb129c4f	1	43	20	%b	否。\nガルマンオーブを渡すこと、あたわじ。%b	
ec1803bb89	1	43	20	%b	あ・・・うん・・・\nそうか・・・そうだね。%b	
ece54c5885	1	43	20	%b	にゃにゃにゃっ！\n橋がかかったの、なのね！%b	
eda2336c21	1	43	20	%b	おお！\nイクシーズはその後どうなったかの？%b	
ee319f5f71	1	43	20	%b	こんな閉ざされた町には\nいい男もいないし、%b	
ef8e29a860	1	43	20	%b	妖精のルゥナが\n教えてくれたたのだ～ゼー！%b	
f003bed7ad	1	43	20	%b	故郷のことは心配するな。\n私に任せてくれ。%b	
f03cb78ab4	1	42	20	%b	いったい、どういうことなんですかしらね。%b	
f08310f26c	1	43	20	%b	お父様の魂を、\n解放してさしあげなければ！%b	
f1f24cc940	1	43	20	%b	リグロードが\nどうなったのか確かめなきゃ！%b	
f2750a30d0	1	43	20	%b	あらぁ、\nどうやって下りればいいのかなぁ。%b	
f2f34d0dc8	2	41	20		やめるのか。\nじゃあ、ほかに何かあるかい？	
f38105b0bb	1	43	20	%b	うん。\n本当にヤマタイまで来たんだ・・・。%b	
f3867740ce	1	43	20	%b	強すぎる力ゆえに、\nそれを手中にした人間が%b	
f390523093	1	42	20	%b	７人委員会と関係なければ良いけど・・・。%b	
f49c32e0d9	2	42	20	%b	こっちはリグロード行きのゲートだったね。%b	
f4a08f0c39	1	43	20	%b	おいおい、\nアンタが言い出したことだろう？%b	
f5778adf51	1	43	20	%b	これでは、\nコルベの村に連絡がつかないぜ。%b	
f7ef223185	1	43	20	%b	他国への援軍要請を\n封じるためでござろう。%b	
f9f7de4110	1	42	20	%b	本当かどうか、調べるだけ、調べてみるか。%b	
fc87a00ac4	1	43	20	%b	おや、ミュウ、\nそれにラスティじゃないか！%b	
fde8e885bf	1	43	20	%z	%z怖いんだったら、\n一人で「退却」すれば！？	
ff17168a00	1	43	20	%b	それを調べもせずに、\n突っ込もうってのか？%b	
ff9c6b135d	1	42	20	%b	もう、お兄ちゃんなんか心配してあげない！%b	
02a70533e8	1	41	19	%b	まるで女の子みたいに\n感傷的じゃないか？%b	
033ffb71a2	1	40	19	%b	今のオレは、奴らを助けるのに手一杯だ。%b	
04b76171d5	1	40	19	%b	ああ、足元がおぼつかない場所だったぜ。%b	
0515b1bfb6	1	41	19	%b	じゃあアスカ、気を付けてね。\n頼んだよ！%b	
056ff2330b	2	39	19		そんなに持てねぇだろ。\n無理するなって。	
067c76ab55	2	39	19		いらっしゃい。\nゆるりと見てっておくれ。	
07023bec9b	1	41	19	%b	ぬおおおお～。\n枯木が橋になった～ゼー！%b	
088697cdca	1	41	19	%b	あ、あんたの持っている、\nそれは・・・！%b	
0952aaabc0	1	38	19		頭に装着し、頭部を完全にガードします。	
09965bb917	1	40	19	%b	毎日聞こえてくるのは嫌なうわさばかり。%b	
0a4f3d5594	1	40	19	%b	よぉし、いっちょハデにぶちかますかぁ！%b	
0c3081e3e1	1	41	19	%b	よし…じゃあみんな！\n気をつけていくよ！%b	
0cdccd8c80	1	41	19	%b	あのな。\nそういうことを言うのはやめろ。%b	
0da5140f48	1	41	19	%b	なんだろう？\nとりあえずしまっておこう。%b	
0e99afcb4b	1	41	19	%b	そうか？\n中から物音が聞こえるようだが。%b	
0f49eb8f2a	1	40	19	%b	ミュウ様、その前に周りをご覧くだされ。%b	
0f4baaf570	1	40	19	%b	ボクも、たくさん友達できるといいなー。%b	
0fb4e588fb	1	40	19	%b	カムイは、そっと、ミュウを抱きしめた。%b	
10f52033fe	1	40	19	%b	おおおおぉぉぉぉぉぉぉぉッッ！！！！！%b	
1116c251ff	1	40	19	%b	ここは一旦村に戻って、準備を整えよう！%b	
117e05ef4e	1	40	19	%b	まったく開かないわけじゃねえみたいだ。%b	
119579351e	1	39	19		\nどれを売ってくれるんだい、ミュウ王女？	
12671866e1	1	39	19		\nどれを買ってくれるんだい、ミュウ王女？	
12db19bdfe	1	40	19	%b	自然発生したってわけじゃなさそうだゼ。%b	
1354ebc288	1	40	19	%b	俺は、以前、カタナ職人をしていたんだ。%b	
14a7e656b6	1	41	19	%b	・・・わかりました。\nじゃあ、頼みます。%b	
154585fb9d	1	41	19	%b	くそっ・・・、\nまだ開かねぇのか・・・！%b	
15903ef60e	1	41	19	%b	では、後のことを頼んだぞ、\nガルザード。%b	
15916a30f2	1	40	19	%b	北か南に向えば、カダールへたどりつく。%b	
15da6ec7ce	1	41	19	%b	八坂の勾玉は、\nもう設置してあるでしよ。%b	
15e51110b7	1	40	19	%b	伝説に名を残すであろう英雄達よ・・・。%b	
16b82e2689	1	41	19	%b	ほほほほほ！\n負け犬が帰ってきよったえ！%b	
172cf66ebe	1	40	19	%b	ここを登ると星陵郭に出るんだったよね？%b	
182ed88e89	1	41	19	%b	浮かれている場合ではないぞ。\n見てくれ。%b	
187ba48285	1	41	19	%b	お願いです。\n子供達を助け出して下さい！%b	
1aabef0969	1	41	19	%b	ふむ、\n反対側の扉が開く仕掛けらしいな。%b	
1ad201dbcf	1	40	19	%b	一体、ドラグーンに何が起こってるんだ？%b	
1bcfab3655	1	40	19	%b	いったい、世界はどうなっちまうのかね。%b	
1da385600f	1	41	19	%b	司書武闘法って・・・\nす、すごいんだね。%b	
1df0247da7	1	40	19	%b	ボクは誰にもラスティの邪魔をさせない。%b	
1e1a94b88f	1	40	19	%b	みんな、あなたの帰りを待っているのよ。%b	
1eeb01b944	1	41	19	%b	みんな、\n怪我しないように気をつけてよ！%b	
209a5b2b3b	1	41	19	%b	ヤマタイでやすね。\nさ、乗ってくだせぇ。%b	
21ccf0a7c9	1	40	19	%b	母親と子供を別々にするなんてひどいッ！%b	
2216a7e780	1	41	19	%b	えっ！\nお兄ちゃん、どっか行っちゃうの？%b	
250b175119	1	41	19	%b	７人委員会の長であることを、\n告白する。%b	
254e44113b	1	40	19	%b	ここは専門家に意見を聞くべきですわね。%b	
25ec38a26c	1	40	19	%b	私は、これからカダール本国へ戻ります。%b	
26c39d5046	1	40	19	%b	今は店主をからかってる場合じゃないゼ。%b	
29e58391ac	1	40	19	%n	「%nS」ですな。\n買っていただけますんで？	
2a0be827ac	1	38	19		忍者が使用するために工夫された刀です。	
2a74e95c4c	2	41	19	%b	やったの、なの！\nこれでいいの、なのね！%b	
2a7b9f9343	1	41	19	%b	この町には、試練の迷宮って\n場所がある。%b	
2cf019c900	1	41	19	%b	まず、\nこの扉をどうやって開けるかだな。%b	
2d614e14ac	1	40	19	%b	アレクトリア大図書館の武闘司書・・・。%b	
2e5945cfe1	1	39	19		へい、まいどっ。\n何を捜してるんだいっ？	
2ea83c2c5a	1	41	19	%b	ちっ！\n多勢に無勢たぁ、このことかっ！？%b	
2f324f9a15	1	40	19	%b	ようこそ、忘れられた街、グラビティへ。%b	
2f69ee92f5	1	40	19	%b	ばーか、元通りになるに決まってるだろ！%b	
31264a717a	2	39	19	%n	「%nS」を買い取らせてもらっていいかい？	
313f232deb	1	39	19		ありがとよ、姫様。\nほかに何か売るかい？	
316b74950d	1	40	19	%b	これで、関所はいつでも自由に通れるね！%b	
319346a3c6	1	41	19	%b	来たれかし、我らが主よ。\n来たれかし！！%b	
32205c6215	1	40	19	%b	あたし、ちょっとイイモノもってるのよ。%b	
3338cdb291	1	41	19	%b	そいつがあれば\n空飛ぶ船が直るんだろう？%b	
33be0bca51	1	40	19	%b	今こそ獣王カムイの力をみせつけてやる！%b	
34382d5aa2	2	40	19	%b	ミュウ、お願いがあるんだけどさ・・・。%b	
34d986b6ac	1	41	19	%b	どうせ、\n何となく来てみただけなんだろ。%b	
34f085b28b	1	41	19	%b	ぐらぐらして、\n今にも倒れそうな枯木だ。%b	
3553020560	2	40	19	%n	「%nS」を\n売っていただけるのでござるか？	
355cdbfd1b	1	40	19	%b	みんな、できるだけ固まって行動しよう！%b	
36357ef936	1	40	19	%b	リグロードを救えるのは王女様だけです。%b	
36f57c7a35	1	41	19	%b	ヒガタに戻るんだな。\nなら、出発するぜ。%b	
393b64b6aa	1	41	19	%b	すばらしいっ！\n拙者感激いたしましたぞ！%b	
397242aa1d	1	40	19	%b	ヒバリ・・・兄ちゃんはがんばるでしよ。%b	
3a1f9fbc95	1	41	19	%b	八坂の勾玉は、\nもう設置してあるようだ。%b	
3c3775eb39	1	41	19	%b	カダールって国を、\nまだ見たことないの。%b	
3d38ccb690	1	40	19	%b	重い扉だが、押しつづければ開きそうだ。%b	
3d591da491	1	41	19	%b	ゴジョウ大橋は\n現在封鎖されてますねん。%b	
3d5ef66a20	1	41	19	%b	わたくし達の逃避行が\n露見したのですわ。%b	
3e6c44b684	1	40	19	%b	そして、そこでは、槍が飛び出してくる。%b	
3f3c2d210c	1	40	19	%b	シラナミなら分かるかもしれませんわね。%b	
3fcec783c5	1	40	19	%b	ラスティは【八坂の勾玉】をはめ込んだ。%b	
4034428b00	1	41	19	%b	ここは、このタタラに\nまかせておくでし！%b	
404e18539c	1	40	19	%b	じゃあ、クイーンズランドにあるんだね。%b	
40f07f9424	1	41	19	%b	バカね。\nそれが分かれば苦労しないわよ。%b	
417083400d	1	41	19	%b	それで、イクシーズ号は\nどこにござるか！%b	
433fafa5ea	1	40	19	%b	イクシーズは元々この地で作られたもの。%b	
4384727b9a	1	40	19	%b	ひとつ聞くが、強くなりたいか、アスカ？%b	
4577f2dd06	1	40	19	%b	シラナミは【八坂の勾玉】をはめ込んだ。%b	
4651171fff	1	38	19		モンスターの持ち物や持ち金を調べます。	
468bbec4c5	1	41	19	%b	いったい\nどうなっているんでしょうかね。%b	
472f192f81	1	41	19	%b	世界は平和になったって\nウソだったのか？%b	
47cd33cf9a	1	40	19	%b	でもこの町は、港と船で栄えてきた町よ。%b	
4961adce27	1	41	19	%b	大歓迎だよ！\n一緒に７人委員会を倒そう！%b	
4994dbf7f4	1	41	19	%b	・・・ミュウ。\n僕・・・助けたよ・・・。%b	
4a18046210	1	41	19	%b	ぬお～！\nこれは仕掛け扉なのだ～ゼー！！%b	
4a3910d51b	1	38	19		ダッシュしながら突きを繰りだす技です。	
4d84e6c5fb	1	40	19	%b	今日はこのぐらいにしといてやるぞえ～！%b	
4d91f00586	1	41	19	%b	ナズナ、寂しいの、なの。\nだから・・・。%b	
4d94268ea6	1	40	19	%n	「%nS」を\n買いとればよろしいんですかの？	
4d992d7f74	1	40	19	%b	昔からそういういわくつきの場所なのさ。%b	
4da3fe2482	3	38	19		売れるものなんか持ってないじゃないか。	
4e6b150f39	1	41	19	%b	何故だ！\n何故それほどまで意地を張る！？%b	
4ea91dadd6	1	40	19	%b	おお、これはマラカイトではござらんか！%b	
4eb4b08274	1	41	19	%b	間違いないでし、\nこれがマラカイトでし。%b	
4faaf1016b	1	41	19	%b	蓬莱の珠は、\nもう設置してあるの、なの。%b	
4ff77f82b5	1	40	19	%b	これは、姫様、わがあばら屋へようこそ。%b	
501183d19e	1	40	19	%b	この扉にはなにか仕掛けがしてあるのね。%b	
5084575a06	1	40	19	%b	この里の東にナズナ洞って場所があるの。%b	
50d2db6196	1	41	19	%b	わははははははっ！\n死ね、死んでしまえ！%b	
5204eef174	1	38	19		本から稲妻が飛び出し、敵を攻撃します。	
5242f03224	3	39	19		なんだ、やめちまうのかい。\nほかに何か？	
53ea3c709f	1	40	19	%b	これは砲と言って、砲術で使う武器でし。%b	
545ce64039	1	40	19	%b	伝説の魔導士と呼ばれた最新の例ですね。%b	
560d69e6d6	1	41	19	%b	今度もそうだと、\n奴らは信じているのさ。%b	
5889eafc3d	1	40	19	%b	父子喧嘩は犬も食わねぇって言うからな。%b	
597308fa9e	1	41	19	%z	%zやったぁ！！\nさ、お父様に報告に行こう。	
5a03f372fe	1	41	19	%b	ようこそ、カカルクランへ！\nミュウ王女。%b	
5b6aeaf0e4	1	40	19	%b	さあ、雌雄を決しようではありませんか。%b	
5c99e2dae6	1	40	19	%z	%zそれがし、船の修理を受け持つでござる。	
5e71760469	1	40	19	%b	アスカ、シラナミがいじめるの、なの～☆%b	
5eb123ec4c	1	39	19		\n何をお買いあげいただきましょうかのゥ？	
602ecb2bad	1	41	19	%b	ひどい！\nボクだって女の子なんだからね！%b	
60bfca5797	2	40	19	%b	へたしたら命を落とすかもしれまへんな。%b	
60da8557b3	1	43	19	%b %h	かつてリグロード戦役の\n英雄の像として、%b%h	
6323a59d65	1	40	19	%b	ちえっ、ア～ちゃんと一緒が良かったな。%b	
638dcdd75e	1	41	19	%b	たくさんの命にかわって\nお礼を言います。%b	
6459d93f79	1	41	19	%b	計画・・・？\n何の計画のことなの、なの？%b	
6766baa8b3	1	40	19	%b	どこかに眠る神秘の宝、パワーアンクル。%b	
677d8cc071	1	42	19	%b %h	カダールは世界の南に位置する大陸です。%b%h	
679b3cdcae	1	41	19	%b	今でも、\n館長室以外なら見て回れますわ。%b	
6996a41a1b	1	40	19	%b	それとも、体調の方が優れないのですか？%b	
6a38844597	1	40	19	%b	手紙には、ケガの様子が書いてあったわ。%b	
6a6edd2946	1	40	19	%n	「%nS」ですわね。\n買っていただけまして？	
6bec4a450a	1	40	19	%b	あたしがリグロードまで運んであげるよ。%b	
6cf9948b4d	1	41	19	%b	なぁに、遠慮はいらないよ。\nとっときな！%b	
6d4138edcf	1	42	19	%b	また来て？\n何か買ってって？\nみたいなァ。%b	
6da50485c9	1	41	19	%b	やれやれ。\nこんなことになると思ったぜ。%b	
6debe70eef	1	41	19	%b	うわぁぁぁぁっ！\nやめろ、やめるんだっ！%b	
6f45c18cab	1	40	19	%b	それに、こちらは、【古代遺跡の鍵】だ。%b	
6f9c525525	1	40	19	%b	・・・何やら脅迫めいて聞こえるんだが？%b	
7072451cb1	1	41	19	%b	うそでしょう！\n冗談がお好きなんですね。%b	
716de3d271	1	41	19	%b	出直してこないと\nこの扉はひらかないね。%b	
740d8b01ba	1	41	19	%b	ああ。\nきっと、これが捜してたものだな。%b	
7418a8a9ce	1	39	19		おや？\n売るものはないようですが・・・。	
75bf41c2b0	1	40	19	%b	態勢を整えてから、もう一度挑戦しよう。%b	
788ea464df	2	40	19	%b	あんなに苦労して手に入れた船ですのに。%b	
789d9f9955	1	40	19	%n	「%nS」でやすね。\n買っていただけやすか？	
792147740e	1	38	19		ホウショウ院で手に入れたアイテムです。	
7a47d824c8	1	40	19	%b	どうしましょう、迷ってしまうの、なの。%b	
7a54f38b83	1	40	19	%b	カオスゲートとやらを利用できますのね！%b	
7b94f87a24	1	40	19	%b	ごめんなさい、ひどいこと言って・・・。%b	
7d4821475d	1	40	19	%b	こっちはカダール行きのゲートだったね。%b	
7dde288dc0	1	40	19	%b	しかし、あなたは手を出せないはずでは？%b	
7eb12085da	1	40	19	%b	それに、こっちは、【古代遺跡の鍵】か。%b	
80a6ce6c29	2	38	19		はて、売れるものはないようでござるが。	
8236b01e6d	1	41	19	%b	それを知ってたら\n苦労はしてないでしょ！%b	
833990d277	1	41	19	%b	ちょっと！\nア～ちゃん、どういうことよ！%b	
83fa5a134a	1	40	19	%b	こっちはヤマタイ行きのゲートだったね。%b	
84811b3312	1	41	19	%b	アンジュさん！\nケガに気をつけるでしよ！%b	
85f7f2dac3	1	38	19		売れるものは見あたらぬようですがのゥ。	
86642326be	1	40	19	%n	「%nS」を\nお譲りいただいてよろしいので？	
89096714d2	1	41	19	%b	約束通り、そいつは、\nあんた達のモンだ。%b	
890f1e7129	1	40	19	%b	カムイ、お願い、みんなを助けて・・・。%b	
8962bac2c8	1	40	19	%b	ドラグーンはそっちじゃないよ、ミュウ。%b	
898234ce44	1	40	19	%b	ハイランドは、ホンの目と鼻の先ですわ。%b	
89edb75a27	1	41	19	%b	そうかね。\nじゃあ、またよっておくれよ。%b	
8c7d989aba	1	41	19	%b	天邪の鏡は、\nもう設置してあるの、なの。%b	
8ca1bb612d	1	40	19	%b	この石には何か仕掛けがあるみたいだゼ。%b	
8dd9d003d5	1	40	19	%b	ドラグーン城・・・ボクの生まれた場所。%b	
8f16f6dac5	1	41	19	%b	ゲートキーは、\nこなごなにくだけちった。%b	
8f626e6324	1	40	19	%b	よし、もっと近くに行って調べてみよう。%b	
916611f2f7	1	41	19	%b	おおっ、\nアローストーンではござらんか！%b	
918896e3ec	1	40	19	%b	火薬工場の消火を手伝いにいかなくちゃ！%b	
92bc81f8e7	1	40	19	%b	お父様の残した本にも記述がありますわ！%b	
9308b79718	1	40	19	%b	それじゃ、ラスティがかわいそうなのね。%b	
9342a8116d	1	38	19		獣人に対して特に有効な、伝説の剣です。	
938077ce16	1	41	19	%b	わしの・・・\n可愛い・・・子供達・・・。%b	
9515cd5ae2	1	41	19	%b	くそっ！\n思ったより火のまわりが早いぜ！%b	
95ab259e3e	1	41	19	%b	幻術がとけて、\n出口があらわれたようだ。%b	
95d4e448e7	1	41	19	%b	仕方ありませんわ、\n本気をだしましょう。%b	
96198eef65	1	41	19	%b	ゴジョウ大橋は\n現在利用できませんねん。%b	
963f2b9e65	1	40	19	%b	一体、何がおこっているんだろう・・・？%b	
9696758a25	1	40	19	%b	とは言っても、雲をつかむような話よね。%b	
988756fea6	1	41	19	%b	弟よ、\n本当にこれを直せるのであろうな？%b	
9c9c3fddeb	1	38	19		全てを滅ぼすといわれる強力な術法です。	
9fbd344ddf	1	40	19	%b	おまえ達を倒すために仲間を集めてきた！%b	
a030b3b346	1	40	19	%b	あなた達は、空飛ぶ船を持っていますね？%b	
a06c0670ae	1	40	19	%b	こんな世界などなくなってしまえばいい！%b	
a360491667	3	41	19	%b	ご自分の実力を試してみたら\nどないです？%b	
a37a91dc8f	2	40	19	%b	これが爆発したら、すごいことになるね。%b	
a49cd8a3e9	1	40	19	%b	それに、こっちは、【古代遺跡の鍵】だ。%b	
a5b3111966	1	40	19	%b	おっと、俺が弱気になってどうするんだ。%b	
a75f3a3877	1	41	19	%b	そうか。\nまた来てくれよな、ミュウ王女。%b	
a7e2cda9cb	1	39	19		いらっしゃいませ。\n何にいたしましょう？	
a8c6427c44	1	40	19	%b	そして、ある文献の解読をさせたのです。%b	
a8edaa5867	1	41	19	%b	うわーん、怖いよー。\nおかーちゃーん！！%b	
aa386f8fcc	1	41	19	%b	相手にとって不足はなし！\nいくでざるよ！%b	
aa82ffa1e3	1	41	19	%b	そうだぜ、\n緊張と弛緩を使いわけるんだ。%b	
acd5a007bc	1	41	19	%b	よっしゃ！\n枯木が橋がわりになったゼ！！%b	
af05f04791	1	40	19	%b	ねぇ、ちょっと、鍵開いてるみたいだよ？%b	
af79b1ce90	1	38	19		円形の盾です。敵の武器を受け流します。	
b0ae2e2f60	1	40	19	%b	お父様に連れられてきたんだっけ・・・。%b	
b113b56ca5	1	41	19	%z	%zヤマタイへ行くわよ！\n目指すはイガの里！	
b1425e2911	1	40	19	%b	それは、カオスゲートと呼ばれるものだ。%b	
b17f0707ea	1	41	19	%b	ありがとうよ！\nあんた達は村の救世主だ！%b	
b2baa269d3	1	40	19	%b	ラグロスの塔にカオス・ゲートがござる。%b	
b3241f0408	1	38	19		この店の防具は、どれも一級品ですばい。	
b327fa6e20	1	41	19	%b	そいつがあれば、\n俺の夢がかなう・・・。%b	
b3bdc75169	1	41	19	%b	オルトマに帰りたいなら、\nいっておくれ。%b	
b4862d08e7	1	41	19	%b	おい、どうした？\n錯乱しちまったのかな？%b	
b4c088157e	2	41	19	%b	７人委員会め！\n僕がこの手で倒してやる！%b	
b4c20c6dd3	1	41	19	%b	うちの兄ちゃんは\nごっつい頭ええねんで。%b	
b56e42dab0	1	41	19	%b	許さない・・・\n許さないぞ、ラグロス！！%b	
b5ddc204df	1	41	19	%b	このルゥナって妖精から\n話は聞いてるよ！%b	
b6800eccc9	1	38	19		口から強力な炎をふきつけて攻撃します。	
b7303339c0	1	41	19	%b	ど、どうして僕ばっかり！\nトホホ・・・。%b	
b75b3f9ef8	1	40	19	%b	ゲートキーがなければ、働かないのだよ。%b	
b798aabb09	3	41	19	%b	へ、口ほどにもねぇ。\nよし、先へ進むぜ。%b	
ba71c1993b	1	41	19	%b	・・・え？\n何を・・・言っている・・・？%b	
bad4030ab4	1	39	19		\nさて、どれをお買いあげいただきますか？	
bc219eb7a9	1	41	19	%b	え？\nでも、どの石も金には見えないけど？%b	
bc25a66806	1	40	19	%b	もう、ずっと、ここにいられるんでしょ？%b	
bde0585b7f	1	40	19	%b	ミュウ、シラナミなら大丈夫だと思うぜ。%b	
be4160feaa	1	40	19	%b	これでイクシーズを直すことができるね。%b	
be50c30749	1	38	19		地面を陥没させる威力を持つ迫撃砲です。	
be5ada8f11	1	41	19	%b	ん～？\n橋も何もないみたいだけど・・・。%b	
be6314fbca	1	40	19	%b	７人委員会の塔のすぐそばにありますわ。%b	
beb9f87dcd	1	41	19	%b	ボクでよければ、\n手紙を運んであげるよ！%b	
bf2d329a88	1	41	19	%b	よし、行くよ！\nここの敵を全部倒すんだ！%b	
c03b6807b9	1	39	19	%n	「%nS」ですわね。買っていただけまして？	
c0ba1970a4	1	41	19	%b	どのような力を\n持っているのでしょうか。%b	
c1857ff0c8	1	40	19	%b	それこそが、イクシーズを成している物。%b	
c5af23e4cb	1	40	19	%b	おお、これぞまさしく、ガルマンオーブ！%b	
c71f15297c	1	41	19	%b	ここを仕切ってる怪物は、\n２匹いるんだ。%b	
c7b086bdb4	1	40	19	%b	正義はどこにいっちまったのかね・・・。%b	
c84d1807fb	1	40	19	%b	あ、ここに何か仕掛けがあるみたいだゾ！%b	
c896dbfda2	1	39	19		やめなさるか。\nほかに用はありますかの？	
c9ee218b66	1	40	19	%b	これを入手しておるとなれば、話は早い。%b	
cbe80559be	1	39	19		ありがとよ、姫様。\nほかに何か買うかい？	
cc2e1252c3	1	40	19	%b	忍者屋敷はイガの里の西にありますじゃ。%b	
cce9d93dfc	1	40	19	%b	いやぁ、王子、ご立派になられて・・・。%b	
cd0875e542	1	37	19		視点３-２２度の視点ややクォータビュー	
cd30eeed03	1	40	19	%n	「%nS」だな。\n買ってもらえるってのかい？	
cfb7cff188	1	40	19	%b	出口がいつのまにかあらわれているでし！%b	
cfe5ec75ed	1	41	19	%b	いけませんな。\n何事も押しが大切ですぞ！%b	
d03753ce08	1	38	19		敵を貫通する鉄の弾を撃ち出す砲筒です。	
d2f380ca2c	1	41	19	%b	クリカラ村に\n帰ってきてくれるんだよね？%b	
d381d67979	1	41	19	%b	そうかい。\n旅はうまくいってるようだね。%b	
d43262820a	1	40	19	%b	今は時間を浪費している場合じゃないよ！%b	
d4774a86c8	1	41	19	%b	大変！\n火薬工場で火事が起こったみたい！%b	
d64b9aeb1e	1	41	19	%b	今は目の前の敵を倒すことに\n集中しよう。%b	
d7fc9d6da2	1	40	19	%b	・・・いったい、何のことなのだ～ゼー？%b	
d8e5e8c1f7	1	41	19	%b	にゃ？\nなんだか不思議な感じがするのね。%b	
da08484444	1	39	19		らっしゃい！\nどういったご要件でやしょ？	
db7e391987	1	38	19		敵の思考を乱すことで混乱をさそいます。	
ddf6ea469e	1	40	19	%b	かつては古代魔法文明の遺産が眠ってた。%b	
deb39d42a5	1	40	19	%b	シラナミがおらんようになって寂しいわ。%b	
df75dced1b	1	40	19	%b	この先に、目指すガルザードがいるはず。%b	
dfd1ca9c3d	1	40	19	%b	本当に、これで世界がもと通りになるの？%b	
e03d9e0c09	1	41	19	%b	屈辱と苦痛を、\n１０倍にして返してやる！%b	
e1537c9ab3	1	41	19	%b	あ？\nああ、それはせっちんって言うんだ。%b	
e2decedb40	1	41	19	%b	喧嘩するほど仲がいいって\n本当みたいね。%b	
e415f200f7	1	40	19	%b	ディアーネさんは海賊の子孫って話だぜ。%b	
e4f9446845	1	40	19	%b	つらい決断だったな・・・ミュウ・・・。%b	
e5f14364ca	1	41	19	%b	ひえー！\nこれじゃ旅行どころじゃないよ！%b	
e70276c0e1	1	38	19		魔を防ぐと伝えられる銀を用いた盾です。	
e80e097dd0	1	41	19	%b	大丈夫だった？\nひどいことされなかった？%b	
e8a56652c0	1	41	19	%b	カダールの残党だ！\n正面からつっきるよ！%b	
e954489d4c	1	40	19	%b	でも、問題はそれだけじゃないんでしょ？%b	
e9e962af0c	1	40	19	%n	「%nS」を買ってもいいの？\nマジでいいの？	
eb570f43f2	1	40	19	%b	ラグロスの塔の中を知る者はおりません。%b	
eb67a00072	1	40	19	%b	あら～ん、分かってるじゃないの、なの！%b	
ecbf998c63	1	40	19	%b	ここにガルマンオーブを置くのだ～ゼー！%b	
ece84243ec	1	40	19	%b	ここは昔から怪物のたまり場になってる。%b	
ed48276027	1	41	19	%b	まずいな、\n先へ進む道がみあたらねぇゼ。%b	
eec6431ded	1	40	19	%b	うちの船を使ってくれるお得意さんだよ。%b	
eee9f7288b	1	40	19	%z	%zファルコさん達が迎えに来てくれたんだ。	
ef12e47dc0	1	42	19	%b %h	北か南に向えば、カダールへたどりつく。%b%h	
f0f3d0d065	1	38	19		本から隕石が飛び出し、敵を攻撃します。	
f3252d586a	1	40	19	%b	ちょっと押せば、きっとたおれるでしね。%b	
f46c8f2afb	1	40	19	%b	それに、こっちは、【古代遺跡の鍵】ね。%b	
f6aa7b5ed9	1	38	19		売れるものはお持ちでないようですじゃ。	
f83008ee8e	1	41	19	%b	妖精のルゥナが\n教えてくれたのだ～ゼー！%b	
f8f6e14be3	1	41	19	%b	カダールの残党だよ！\nみんな、慎重にね！%b	
f981e1d9d0	1	41	19	%b	安心して働けるってのは、\nいいもんだね。%b	
fb47462df6	1	40	19	%b	実はイクシーズ号を復活させた時・・・。%b	
fe6c11bb47	1	40	19	%b	人間、やれば何でもできるもんなんだな。%b	
feb05969d4	1	41	19	%b	ようし、\nじゃあ、ミュウを助けに出発だ！%b	
ffd96562c7	1	40	19	%b	けれど、それでは、お父様の魂が・・・！%b	
01bd41f566	1	39	18	%b	ア～ちゃん？\n随分久しぶりに聞いたな。%b	
01fa1734b9	1	38	18	%b	イガ最強と言われる月組の頭領やねん。%b	
050cc0de42	1	36	18		売れるものは持っておらんようじゃが。	
065a8f28d1	1	39	18	%b	へえ、アスカって\n子供に優しいんだね。%b	
091fbab233	1	38	18	%b	おお、ドラグーンの姫君でござったか！%b	
0ab328d3f0	1	38	18	%b	はやる気持ちは分かるけどな、ミュウ。%b	
0ab6645ea8	1	36	18		敵の眠気を誘い、眠らせてしまいます。	
0b3c554b5b	1	39	18	%b	魔法の力が\n自然に回復するらしいです。%b	
0c4c466c09	1	38	18	%b	ドラグーン城に何か起こったのかしら。%b	
0e8425ee1b	1	38	18	%b	シラナミの言うことも、もっともだな。%b	
0f032f48cf	1	37	18		\n売れるものをお持ちでないようですが。	
0f15421efa	1	39	18	%b	【荒魂の宝剣】を\n仕掛けにはめこんだ。%b	
10bb47ed1c	1	36	18		それでは、どれを売っていただけます？	
114c573beb	1	38	18	%b	地形を変えてもらうしか無いようだな。%b	
127b3a67a3	1	38	18	%b	ラスティは【天邪の鏡】をはめ込んだ。%b	
132be7758e	1	37	18	%n	「%nS」を売ってもらってもいいんだね？	
134489531e	1	38	18	%b	後悔することになりましてよ、お父様？%b	
14d00362c7	1	38	18	%b	いつか、ぜったい、元通りにするんだ。%b	
1587dd2e53	1	37	18		おや？\n売るものがないようでやんすよ。	
15d5e94654	1	36	18		普通の弓よりも強力な矢を放つ弓です。	
165c042a9b	1	39	18	%b	カダール万歳！\n７人委員会に栄光あれ！%b	
16761ef43c	1	36	18		暗黒の力をよせつけない聖なる盾です。	
188a38d999	1	38	18	%b	ナズナは【八坂の勾玉】をはめ込んだ。%b	
188dd9fb98	1	38	18	%b	お客さんらどこから来なすったアルか？%b	
1928f45dc8	1	39	18	%z	%zうん・・・。\n長い、旅だったね・・・。	
19c02cb7df	1	38	18	%b	奴らは代々毒に強い体質らしいからな。%b	
19ecbcb60e	1	38	18	%b	ヒバリとの約束をはたす時がきたでし！%b	
1aa3270e2f	2	38	18	%b	この水晶柱に何か原因があるでしかね？%b	
1d0b40ff49	1	39	18	%b	いくよ、\n７人委員会の思念を倒すんだ！%b	
1e5e018066	1	38	18	%b	どこかに、こいつの相棒がいるのかな？%b	
1eaf147553	1	39	18	%b	なんだろう、\nこの霧みたいなの・・・？%b	
1fa1f0f6cd	1	38	18	%b	ところで、町の者には会われましたか？%b	
2470dc5af8	1	36	18		ＭＰを２００回復することができます。	
2477e4f700	1	38	18	%b	ズバリ、これが、マラカイトですわね。%b	
2567810c7d	1	39	18	%b	カムイ様、\nユーカリが待っていますわ。%b	
2693406dcd	1	39	18	%b	どうも、はじめまして。\nよ、よろしく。%b	
27958286d3	1	38	18	%b	世界に新たなる安定をもたらす者なり。%b	
287d3dbb87	1	38	18	%b	アスカは【八坂の勾玉】をはめ込んだ。%b	
28b7253ba6	1	39	18	%b	きゃー！\nアスカさーん、かっこいいー！%b	
29b9f6c212	1	39	18	%b	やったでし！\n７人委員会を倒したでし！%b	
2ba6fbaaf2	1	39	18	%b	いよいよ決戦ってわけだな。\n燃えるぜ！%b	
2d1af98001	1	39	18	%b	またここを通るの？\n嫌だなあ・・・・。%b	
2d2be3e3e5	1	39	18	%b	よろしいでしょう。\nかかってきなさい！%b	
2e5e226bf6	1	38	18	%b	純白のウェディングドレスもステキよ？%b	
2ecdc6b80f	1	38	18	%b	魔法球はいかがいたしたものか・・・。%b	
2ee80097a3	1	38	18	%b	この扉には、何か仕掛けがありますぞ。%b	
2f2f72ba3f	1	38	18	%n	「%nS」ですな。\n買うていただけますか？	
2feb1ba6f5	1	38	18	%b	ずっと、ずっと、待ってるから・・・。%b	
2feb54ecef	2	38	18	%b	オレ達がやってんのは、戦争なんだぜ！%b	
30488da06b	1	38	18	%b	ナズナも、アスカと同じ気持ちなのね！%b	
30879e4b7e	1	38	18	%b	俺様は俺様のために戦うだけだ～ゼー！%b	
30c5a8b93f	1	39	18	%b	何はともあれ、\nご無事でなによりです！%b	
30c6640cd2	1	36	18		これ以上はお持ちになれないようです。	
31fd597db8	1	38	18	%b	どこにも行くことはできないのですよ。%b	
33591f5a56	1	39	18	%b	見ろよ！\n水の力で石を浮かばせてるぜ！%b	
34ac51f6b7	1	39	18	%b	その前に\nポポロンの様子が心配ですわ！%b	
34db3b1787	1	38	18	%b	もう一度出直さなけりゃだめだ～ゼー！%b	
35b04dbd3b	1	39	18	%z	%zすごいね！\n世界の海を駆けめぐるんだ！	
35fa45fca7	1	38	18	%b	・・・まだあきらめるのは早いですわ。%b	
36100608d7	1	37	18		\n何を売っていただけるのでござろうか？	
3750926dbd	1	39	18	%b	どうしたの？\n何か思い当たることでも？%b	
3755929884	1	38	18	%b	・・・いったい、何のことでござろう？%b	
377882384c	1	38	18	%b	ようこそきやがったな、隠れ里闘乱へ。%b	
37aae9dd40	1	38	18	%b	私も実物は、みたことがありませんわ。%b	
37f1f61448	1	39	18	%b	おっと、\nこれはしゃべり過ぎましたね。%b	
38880abfdf	1	36	18		ＨＰを５００回復することができます。	
3a0ae67334	1	38	18	%b	なんとか橋が落ちる前に脱出できたね。%b	
3a2664bd9e	1	38	18	%b	軍人として、指令に従ったまでのこと。%b	
3b14107abb	1	38	18	%b	で、その船は、いまどこにあるんだい？%b	
3b9bd3aaf2	2	38	18	%b	あん、もう皆帰ってきちゃったのなの！%b	
3c049a3cb7	1	39	18	%b	くっ・・・、\nまだ開かないのか・・・！%b	
3cc481a29a	1	39	18	%b	そりゃ、もぅ、\n大変な美少女でしたよ。%b	
3cf2f8e3ed	1	38	18	%b	ただ、人よりも我慢をしているだけだ。%b	
3ddd09517b	1	38	18	%b	火事の時も、わたしを助けてくれたし。%b	
3ef24d3411	1	37	18		\nどれをお買いもとめですか、ミュウ様？	
3fa16fa211	1	36	18		本から氷が飛び出し、敵を攻撃します。	
3fe2b45760	1	38	18	%b	シラナミは【天邪の鏡】をはめ込んだ。%b	
4025a434d3	1	38	18	%b	さては、恋でもしてらっしゃるのかの。%b	
41a67e04f0	1	39	18	%b	リグロード万歳！\nドラグーン王家万歳！%b	
42f3498400	1	38	18	%b	とにかく、ご覧になって下さい・・・！%b	
430f4ccb47	2	38	18	%b	７人委員会のクソったれ共じゃねぇか。%b	
43188ad71a	1	39	18	%b	ああ。\n良くできた幻は現実と変らねぇ。%b	
4479e17b65	1	38	18	%b	今はまだ、城を再建する時期じゃない。%b	
468ede9042	1	36	18		いままでのことを記録しておきますか？	
48aac17886	1	38	18	%b	ここは・・・オボロ谷の前じゃないの！%b	
4908e1c13c	1	39	18	%b	へへへ、\nアニキって呼んでもいいかい？%b	
4a6391510d	1	39	18	%b	おかしいな・・・。\n何も見あたらない。%b	
4b514f2555	1	36	18		敵を焼きつくす３本の炎を発射します。	
4d281336ad	1	39	18	%b	ちょっとしたコツよ。\nたとえば・・・。%b	
4e583a8548	1	36	18		あらまぁ、そんなに持てないでしょう。	
4e9badd6ff	1	38	18	%b	もっと仲間が必要ってことなの、なの？%b	
4fa397de99	1	39	18	%b	宿命・・・、\nあるいは運命ってヤツか。%b	
4fb38f0db5	1	39	18	%b	それがあれば、\nカオスゲートを使って、%b	
523908feae	1	39	18	%b	で、そっちはこれから\nどうするんだい？%b	
55740a58fe	1	38	18	%b	うん、それが不思議なんだけど・・・。%b	
5601b995de	1	38	18	%b	・・・誰だろうとかまわん、叩き潰せ。%b	
58282090d4	1	38	18	%b	正確なところ、何があったってんだい？%b	
592db0da55	1	38	18	%b	わたくしのことはわたくしが決めます。%b	
5a4152eaf4	1	38	18	%b	次に、ゲームのむずかしさを決めてね。%b	
5a675b355a	1	38	18	%b	タタラは【八坂の勾玉】をはめ込んだ。%b	
5bea7ffdf3	1	39	18	%b	あ、ミュウ様！\nハナシは聞いてますぜ。%b	
5c40c04f06	1	38	18	%b	全リグロード大陸と全ヤマタイ・・・。%b	
5cc23fa8c0	1	38	18	%b	いったい、何がおこってるんでしょう？%b	
5d5532462b	1	38	18	%b	どのような力を持っているのだろうか。%b	
5dbe07d191	1	38	18	%b	反対側の扉が開く仕掛けみたいでしね。%b	
5e72bb639b	1	36	18		売れるものは持ってないようですがの。	
5ef2504dfb	2	38	18	%b	水晶柱が原因とも思えませんし・・・。%b	
5f9e57bac1	1	38	18	%b	なんだよ、二人して口ごもって・・・。%b	
601311a24a	1	38	18	%b	シラナミなら何か分かるかもしれない。%b	
603cf241b1	1	38	18	%b	では、しばらく待つといたしましょう。%b	
61a3fe0f32	1	39	18	%b	この空の色、\nそして、風の香り・・・。%b	
626e0295b7	2	39	18	%b	うん。\nお願いします、ディアーネさん！%b	
6284f839bc	1	37	18		なんだ、やめるのか。\nで、ほかに何か？	
62b7d71eb6	1	38	18	%b	ここが話に聞いた海底神殿ってワケね。%b	
64afc26abc	1	39	18	%b	アンジュ、ダメだ！\n行っちゃいけない！%b	
651add25ce	1	38	18	%b	この空の色、そして、風の香り・・・。%b	
6549a1ca38	1	37	18		ありがとさん。\nほかに何か買いまっか？	
657bc5460e	1	39	18	%b	うん。\nちゃんと渡したから、安心して。%b	
65bc3d6935	1	37	18		\n何を買っていただけるのでござろうか？	
662a864b16	1	38	18	%b	皆さん・・・どうか、ご無事で・・・。%b	
66c645eb83	2	37	18		まぁ、残念だわ。\nほかに用はあります？	
66fab6ae49	1	38	18	%b	久しぶりの二人っきりね、なの・・・。%b	
673b88fd9f	1	38	18	%z	%zこれで、世界に平和が戻ったの、なの！	
686e04f1ae	1	38	18	%b	あそこには何か仕掛けがありそうだよ！%b	
696e5c1d7a	1	38	18	%b	長老は何でも知ってらっしゃるのだよ。%b	
69f5ecfb87	1	37	18		あら？\nお荷物がいっぱいのようですよ？	
6ad8dc90af	1	38	18	%b	まったく、感心なヤツもいたもんだね。%b	
6eff7f2a52	1	38	18	%b	どうか、命だけは、命だけはぁぁぁぁ。%b	
6f4f804750	1	39	18	%b	・・・気をつけよ。\n思念に気をつけよ。%b	
6f7c030f1f	1	38	18	%b	おい、あんた、謝るなら今のうちだぜ。%b	
71b91e3267	1	38	18	%b	あんなに真剣なラスティは初めて見た。%b	
71dd83567c	2	38	18	%b	【風のメダリオン】と申す品でござる。%b	
723b772498	1	38	18	%b	悪が栄えることはできないってことさ。%b	
72fc26e69a	1	38	18	%b	これで世界はもと通りなのかな・・・？%b	
730c9b3794	1	38	18	%b	掛け軸には「邪道我道」と書いてある。%b	
74422b7303	2	39	18	%b	ふ、たわいのない。\nさあ、先を急ごう。%b	
750f80a4fb	1	38	18	%b	カムイは【八坂の勾玉】をはめ込んだ。%b	
753e7fbc6c	1	36	18		ＨＰを完全に回復することができます。	
757a24b4dd	1	39	18	%b	・・・なにこれ？\nあたし、わかんない。%b	
77da17a161	1	39	18	%b	おいおい。\n縁起でもねえ事言うなよな。%b	
7887e2a6d4	1	39	18	%b	勝手に調べたりして、\n怒られないかな？%b	
795517e684	1	38	18	%b	カカルクランは、強き思念が残る場所。%b	
797925ae30	1	36	18		ＭＰを５００回復することができます。	
79895c1ea9	1	39	18	%b	はっきり言って、\n役に立つのだ～ゼー！%b	
7aeb4af6fc	1	39	18	%z	%z笑止！！\n我が魔法力を見せてくれる！！	
7b5d2b174b	1	38	18	%b	きゃ～、恥ずかしい～ン、なのなのォ☆%b	
7d0e607261	1	39	18	%b	こっちの事は\n俺っチに任しておくでし！%b	
7d509db3f2	1	38	18	%b	でも、こんなことをしたのは失敗だね。%b	
7e1a6e4d42	1	39	18	%b	カムイ！\n・・・一体どうなっているの？%b	
7f42e7ac0c	1	39	18	%b	何だ、お前達は！\nここで何をしている！%b	
7ff38506aa	1	39	18	%b	じゃ、いくよ！！\nみんな、気を付けて！%b	
804da56f64	1	38	18	%b	ミュウ殿には、感謝してもしつくせぬ。%b	
811f8fa98e	1	38	18	%b	これがマラカイトに間違いなさそうね。%b	
81ed6a68cd	1	38	18	%b	・・・第２の魔法文明を築くのですよ。%b	
82d1d4093f	1	38	18	%b	いつまでもフラフラしてちゃダメだよ！%b	
85ed6aeed6	1	38	18	%b	きっと何かの仕掛けがされているでし。%b	
86021f3f86	1	39	18	%b	ぬおお～っ。\nこれが祭壇なのだ～ゼー。%b	
862861abff	1	36	18		ピラミッドの神秘の扉を開くカギです。	
87260f9a83	1	38	18	%n	「%nS」だね。\n買ってもらえるのかいっ？	
8737e13403	1	36	18		雷のごとき一撃を敵にあたえる刀です。	
887d33cd70	1	38	18	%b	彼女は自分の世界に入っているようだ。%b	
891a09c736	1	38	18	%b	このまま世界は滅びてしまうのかしら？%b	
8a513b0a34	1	38	18	%b	ここにはおもしろい仕掛けがあってね。%b	
8b65720998	1	38	18	%b	何か気になることでもあるの、ミュウ？%b	
8e9cc7725a	1	36	18		あらン？　売るものがないようですわ☆	
8f8add72a2	1	38	18	%b	もう、家族がいなくなるなんてヤだよ！%b	
91017b9da8	1	38	18	%b	イクシーズで見たのと同じでござるな。%b	
911b232bc7	1	38	18	%b	地下閲覧室が本当かどうかはともかく、%b	
915711ec9f	2	37	18		ウチの防具は、あんたらには合わんよ。\n	
917fe5a8af	1	38	18	%b	それが愛だとおっしゃりたいんですの？%b	
93922896a4	1	39	18	%b	弟さんと一緒に、\n戻ってきて下さいよ。%b	
93983983f7	1	38	18	%b	ここにキミの部下が捕まってるんだね？%b	
94198548ab	1	38	18	%z	%z本当、この子は、心配させてくれるよ。	
94f5459700	1	38	18	%b	よくぞぬれぎぬをはらされましたじゃ！%b	
94f6c4a872	2	37	18	%n	「%nS」ですね。買っていただけますか？	
95863a3ea4	2	37	18		おや？\n残念だがお金が足りないようだ。	
975aaf1feb	1	38	18	%b	いやぁ、アスカさまさまやわァ・・・。%b	
97a08d14fe	1	38	18	%b	そりゃ悪いこと聞いちまったね・・・。%b	
985f637461	1	39	18	%b	蓬莱の珠は、\nもう設置してあるようだ。%b	
996423277c	1	38	18	%b	だけど、キミのことは見たことないな。%b	
9a2ea0cca7	1	38	18	%b	カオスの力を使ってどうするつもりだ！%b	
9b58ef6a8c	1	37	18		むかつきー？\n売るものないじゃんよォ。	
9b92ace7d8	1	38	18	%b	我ながら、すばらしい思い付きですわ！%b	
9bbefeb166	1	38	18	%b	チェンジするカードを選んでくださる？%b	
9dea02589a	1	38	18	%b	ところでこんなウワサをご存じですか？%b	
9ed3cca4fb	1	38	18	%b	我々に安息は許されないのでしょうか。%b	
9f058aa6ff	1	38	18	%b	・・・決着をつけてやるぞ、ラグロス！%b	
a03a4bd936	1	39	18	%b	あ、熱い！\nここは一旦引くしかないの？%b	
a295043e0f	1	38	18	%b	カオスの力の波動が強まっているんだ！%b	
a303ad8036	1	38	18	%b	とりあえず、今はやめておくか・・・。%b	
a308161a23	1	38	18	%b	その中で新しい技を生み出すのんどす。%b	
a59dea039a	1	36	18		あらまぁ、そんなに持てないでしょう？	
a5ca7ecf8d	3	38	18	%b	ズギャっとやっつけてやるのだ～ゼー！%b	
a5fdab7c2c	1	37	18		あら、やめるの。\nほかに用はあるかい？	
a898286dd7	1	39	18	%b	ん・・・？\nそこにいるのは、だれだ！！%b	
aa12ae7f44	1	38	18	%b	人間や化け物には、弱点があんねんて。%b	
ab128677ed	1	39	18	%b	ア～ちゃん・・・、\nがんばってきてね！%b	
ab192d3cde	1	39	18	%b	７人委員会が倒され、\n平和が戻ったよ！%b	
ab769574bc	1	38	18	%b	これがマラカイトに違いありますまい。%b	
acb77f04a8	1	39	18	%b	み、みんな！\nどうし・・・た・・・・。%b	
af0b6a7fa8	1	39	18	%b	八坂の勾玉は、\nすでに設置されている。%b	
b16bba761a	1	38	18	%b	若いってのは、うらやましいですなァ。%b	
b1fde0bddd	1	38	18	%b	少し、おしゃべりがすぎたようですね。%b	
b2c4517324	1	39	18	%b	カムイ様だ！\nカムイ様がかえってきた！%b	
b40d9917bc	1	39	18	%b	大きなったら、\n立派な盗人になんねん！%b	
b4b008e992	1	38	18	%b	ああ、異界から召喚した精霊の一種だ。%b	
b4f729a539	1	39	18	%b	うん。\n態勢を整えて、もう一度進もう！%b	
b620a2cdd0	1	38	18	%b	それで、いつ王座を継がれるのですか？%b	
b672227f56	1	38	18	%b	世界はなくなっちゃうのかなァ・・・？%b	
b94900aed5	1	38	18	%b	俺っチ、カタナなんて作れないでしよ。%b	
b9c58afe0f	1	38	18	%b	ありていに申すと、そうなりましてよ。%b	
b9e1e6e261	1	38	18	%b	もう済んだことだから、いいじゃない。%b	
babefc4c4f	1	38	18	%b	この先、部外者は立ち入り禁止である。%b	
bb30549c2e	1	38	18	%b	特に、用事があったわけじゃないけど。%b	
bbeb3b4ed6	1	38	18	%b	あんた達には、世話になったな・・・。%b	
bccd5836c4	1	38	18	%b	まず、あなた達がヤマタイにいるとき、%b	
bd49e85ecd	1	39	18	%b	天邪の鏡は、\nもう設置してあるようだ。%b	
bd663e23a2	1	39	18	%b	八坂の勾玉なら、\nもう設置してあるぜ。%b	
bec1c017d9	1	36	18		敵を貫通する弓矢を放って攻撃します。	
bf21e4ff3e	1	39	18	%b	ありがとうみんな。\n心配かけてごめん。%b	
bff0acbad4	1	38	18	%b	あなたに話すことなんて、何もないわ。%b	
c20d962cf1	1	39	18	%b	早いとこ、\nイクシーズを直さなきゃな。%b	
c25a1639c9	1	37	18		\nして、何を売っていただけましょうか？	
c277185fea	1	39	18	%b	・・・あ！\n浮かれてる場合じゃないよ！%b	
c28b5d2991	1	38	18	%b	今ここで、ヤケになってどうするのさ！%b	
c2990964bc	1	36	18		見えない敵を見える状態にする術です。	
c2d9c0a071	1	36	18		本から炎が吹き出し、敵を攻撃します。	
c44d0c916c	1	39	18	%b	アンジュ、ごめん、\nきついこと言って。%b	
c47fc2bdad	1	38	18	%b	おいてけぼりたぁ、寂しいじゃねぇか！%b	
c49025f428	2	39	18	%b	よし、\nどこに行くか、確かめてみよう。%b	
c5bd47827a	1	39	18	%b	ナズナも、\nここを気に入ったの、なの。%b	
c600c856d7	2	37	18		よ、いらっしゃい。\n何が必要なんだね？	
c7fa170245	2	37	18		いらっしゃいませ。\n何にするのかしら？	
c8231e1355	2	39	18	%b	準備はいいかい？\nよければ出航するよ？%b	
c8ef163ce9	1	38	18	%b	司書が言っていたのは、あれのことだ。%b	
c90b2a05e3	1	38	18	%b	これは、古代魔法文明の遺跡ですわね。%b	
cbc94ca38e	1	38	18	%b	その無念、われが晴らしてくれようぞ！%b	
cc332f92b0	1	38	18	%b	これを・・・ここに置いて・・・っと。%b	
cc4c69d752	1	38	18	%b	神秘の力でみるみる力が付くらしいよ。%b	
cccb8c023a	1	64	18	%H %m1 %V100 %m0 %s6 %V0 %b	%H%m1%V100［%m0%s6%m1］%V0%m0\nだったら、こうしたらどうだろう？%b	
cd663fec78	1	38	18	%b	結界洞の先には、ゲテン城があるのよ。%b	
cdd156fdde	2	38	18	%b	こんな所にまで、７人委員会の影響が。%b	
ce5ee00c12	1	39	18	%z	%zくす☆\nアスカ、二人のこと、頼んだよ！	
cf89460580	1	38	18	%b	ほら、目の輝きがさっきまでとは違う。%b	
cfe77642c5	1	38	18	%b	どうか、この場は私にお任せください。%b	
d0430eae6b	1	39	18	%b	そうどすか。\nほなまた来やがれですわ。%b	
d0ca500c40	1	39	18	%b	ってことは、\nここに手がかりは無いな。%b	
d1e99e5d22	1	39	18	%z	%zアスカ！\n本当に、その女でいいわけ！？	
d22ef07b26	1	38	18	%b	あんまり行きたくないな・・・なんて。%b	
d28cbf52f0	1	38	18	%b	きれいさっぱり消えちまったらしいぜ。%b	
d2a73b1518	1	38	18	%z	%z私は、この幽玄の森を再び封印します。	
d3cdbcac4b	1	39	18	%b	３．モンスター達は\nお金をもってない。%b	
d3f2b0347d	1	37	18		うじゃうじゃ。\nほかに何か売りまっか？	
d42dde3a1e	1	38	18	%z	%z悔しくなんか、ないの、なのね・・・。	
d4a1f6e5ce	1	38	18	%b	女子供の人質は、反乱防止のためだろ？%b	
d507d34c2b	1	38	18	%b	ナズナ、ちょっと黙っててくれないか？%b	
d533388ab1	1	39	18	%b	ファルコ著\n「オーバーテクノロジーズ」%b	
d54e0a07aa	1	38	18	%b	この魔力の揺らぎは、何なのだ～ゼー？%b	
d6e0d1c651	2	38	18	%b	待ってろよ、決着をつけてやるからな！%b	
d7c25c9def	1	38	18	%b	シラナミは【蓬莱の珠】をはめ込んだ。%b	
d8842936f5	1	36	18		特に水に対しての守りを高める盾です。	
d8f433adf6	1	38	18	%b	村の自慢は、なんといってもタタラね。%b	
d995b8bd51	1	38	18	%b	ふむ、若いということは素晴らしいね。%b	
d99c9fcc45	1	39	18	%b	蓬莱の珠は、\nもう設置してあるでしよ。%b	
d9d5232b5b	1	38	18	%b	きっと何かいわれのある場所なのなの。%b	
da57efb655	1	39	18	%b	うにゃ？\n思ったより人数が少ないのね？%b	
dad84a7136	1	38	18	%n	「%nS」ですね。\n買っていただけますか？	
dbdf77f126	1	39	18	%b	無理しないで、\n危なくなったら逃げて！%b	
dd05aa4fda	1	39	18	%b	数は多くないけど、\n油断せずにいこう！%b	
dd3e81b514	1	38	18	%b	ここはナズナが眠っていた洞窟なのね。%b	
de3ed4ecfa	1	38	18	%b	数は多くないけど、みんな、慎重にね！%b	
de50271aa7	1	38	18	%b	ラグロスの奴、いい気になりやがって！%b	
debf5a28d6	1	36	18		遠距離まで届く弓矢で敵を射抜きます。	
df71bcf3e9	1	36	18		身につけると、行動範囲が広がります。	
e025a1e83b	1	38	18	%b	せちがらい世の中に、ええ話ですなぁ。%b	
e177cf16b5	1	38	18	%b	ズギャっとやっつけちまうのだ～ゼー！%b	
e2341b12c7	1	38	18	%b	７人委員会が、レジスタンス狩りを！？%b	
e3154ed496	1	38	18	%b	おっと、こっちはただの倉庫みたいだ。%b	
e3186eeace	1	38	18	%b	イガを越えたところに西の関所がある。%b	
e34bece89c	1	38	18	%b	何か、良くないことの前触れだろうか？%b	
e350fd85c7	1	39	18	%b	へへへ、\n俺が言っても説得力がないな。%b	
e3689217b5	1	38	18	%b	カダールのヤツら、本当に許せないわ！%b	
e39444c970	1	38	18	%b	ミュウは【八坂の勾玉】をはめ込んだ。%b	
e45601a6bd	1	39	18	%b	けっ！\nことなかれ主義の腰抜けどもめ。%b	
e4a55273ef	1	39	18	%b	みんな何やってんの！\nさぁ、行こうよ！%b	
e5493f5241	1	37	18		まいどありっ！\nほかに何か買うかいっ？	
e594cfddf8	1	38	18	%b	そんなに持てないじゃあーりませんか。%b	
e5d42a2c25	1	38	18	%b	用意ができたら、さんばしに来とくれ。%b	
e7f61bbdd4	1	37	18		\nミュウ様、どれをお売りいただくので？	
e83a3d7d28	1	38	18	%b	ラスティは【蓬莱の珠】をはめ込んだ。%b	
e86c3ea347	1	38	18	%b	ヒバリは元気にしてるでしかね・・・。%b	
e8a182c627	1	38	18	%b	よし、じゃあ、このメンバーでいこう。%b	
e8a19a56c6	1	38	18	%b	あの階段の上にはなにかありそうだな。%b	
e9dd3fd28b	2	38	18	%b	つまらぬものを切ってしまった・・・。%b	
ea106d4b7e	1	38	18	%b	魔法球はガルマンオーブともよばれる。%b	
ea617c963f	1	39	18	%b	ドラグーンだね！\n一足先に行ってるよ！%b	
ea6282a536	2	40	18	%S %b	やるやおまへんか。\nほな、賞品の%SGや。%b	
eab1ebd338	1	37	18		来やがりましたか。\n何の用じゃらほい？	
eae2d86a9e	1	36	18		売れるものは持ってないようだけどっ？	
eafd0c07cd	1	39	18	%b	ほうら、また踏んだ。\nあと２回ですよ。%b	
eb13a393ad	1	37	18		まいどありっ！\nほかに何か売るかいっ？	
ebabab9b02	1	38	18	%b	当然、逮捕・投獄・拷問・死刑ですわ。%b	
ec39d54d80	1	38	18	%b	なにかの前触れで無ければよいですが。%b	
ec45a5056e	1	39	18	%b	うむう～。\nシラナミ～、ジャマなのね。%b	
ecd180dfd1	1	39	18	%b	お？\nこの枯木は、今にも倒れそうだゼ。%b	
ed40f2fce5	1	39	18	%b	天邪の鏡は、\nもう設置してあるでしよ。%b	
edf8774800	1	40	18	%b %h	しかし、これは想像の域を出ていない。%b%h	
ee6d9b88db	1	38	18		そうじゃ！\n売りに来なさったんじゃな。\n	
f05ed83a44	1	38	18	%b	へぇ、なんだか、神秘的なところだな。%b	
f33c74a5bd	1	38	18	%n	「%nS」を\n買いとってやればいいんだろ？	
f5d54ff74e	1	38	18	%b	だいじょうぶだよ・・・きっと・・・。%b	
f5ffdb7f44	1	39	18	%b	来年オープン！\nただいま開店準備中！！%b	
f8104146a0	1	38	18	%b	集中攻撃されないように気を付けよう。%b	
fa69711ad3	1	38	18	%b	さあ、アスカの仲間を助けに行こうよ！%b	
fbaad99067	1	36	18		忍びの技で鋭く斬り付けて攻撃します。	
fbcd8de53e	1	38	18	%b	リグロードは一体どうしてしまったの！%b	
fc2571d199	1	38	18	%b	・・・ま、でも、話のタネにはなるか。%b	
fcaad05cb5	1	37	18		おや、やめるのかい。\nほかに何かある？	
fd7e6e8b09	1	39	18	%b	この泉の前で\nくちづけを交わすのです。%b	
fda8b23c10	1	38	18	%b	それが、アレクトリア大図書館ですわ！%b	
02b26f7028	1	36	17	%z	%zおお、ミュウ、見事な戦いだったぞ！	
04012ab630	1	37	17	%b	は！\n成功をお祈りいたしております。%b	
0633f33989	1	36	17	%b	そこには落し穴がしかけられている。%b	
0767d945d9	1	37	17	%b	便所だよ、便所。\n臭いでわかるだろ？%b	
076b27caa6	1	37	17	%b	ディアーネさん・・・。\nありがとう！%b	
087b434bcd	1	37	17	%b	やっぱりカダールのせいだったのね。%b\n	
08e9eb9f55	1	36	17	%b	だったら、力ずくで取り返すまでだ！%b	
095401ba99	1	36	17	%b	くわしくは知らないんだけど・・・。%b	
09d3ff61a1	1	36	17	%b	言い伝えなんかじゃないの、なのね！%b	
09fc4a6f6c	1	36	17	%b	お心づかいいただき、かたじけない。%b	
0a1462579e	1	37	17	%b	いつでもいいぜ！\n叩きのめしてやる！%b	
0b59b385f4	1	36	17	%b	世界が滅びる前ぶれってことかしら？%b	
0c12316c6b	1	36	17	%b	だが、これで、心残りはなくなった。%b	
0e23ed1500	1	36	17	%b	言い伝えとして、聞いたところでは、%b	
0ea7d17781	1	36	17	%b	ウチはこう見えても、武道家の娘や。%b	
0f08776ad1	1	36	17	%b	そんな生ぬるいことでは困りますわ。%b	
0fbd8a89ff	1	36	17	%b	最期に、我らの目的を教えてやろう。%b	
1030a65fd9	1	36	17	%b	すべては、光なす翼を守らんがため。%b	
1166836584	1	37	17	%b	いやーん、\nまだ開かないの、なのね。%b	
116af5a4ee	1	36	17	%b	竜騎士の誇りと名誉にかけて誓うよ。%b	
11cfa998b4	1	37	17	%b	カダールのために戦う？\n馬鹿言うな。%b	
12e20204ec	2	37	17	%b	うん、分かった。\nどうもありがとう。%b	
17a5fecff5	1	37	17	%b	そうだね・・・。\nさあ、先を急ごう。%b	
1c4e41438d	1	36	17	%b	これが光なす翼の起動装置ですのね。%b	
1ca071d13d	1	37	17	%b	きっとこれが、\nマラカイトなのだな。%b	
1cce071c02	1	36	17	%b	それは、可愛いナズナのことなのね！%b	
1cd029f67e	1	36	17	%b	これで世界も平和になるの、なのね。%b	
1d38196d58	1	37	17	%b	うん。\nありがとう、ディアーネさん。%b	
1dfcc4cae0	1	37	17	%b	そうですわ！\nそうに違いないですわ！%b	
1e64bde942	1	34	17		金属片をはり合わせたグローブです。	
1f1729e6be	1	37	17	%b	居心地はどうですかな？\nミュウ王女。%b	
1f2e09c473	1	36	17	%b	たぶん結界洞を開くための道具だね。%b	
1fee2e7413	1	37	17	%b	見てみろよ！\nこりゃいったいなんだ？%b	
21192d6b64	1	36	17	%n	「%nS」を\n売ってもらっていいんだね？	
21d3eff0f5	1	36	17	%b	我らが世界を支配するのだあああぁ！%b	
22fe508705	1	36	17	%b	オレはミュウ様のことを信じてたぜ！%b	
24608123e7	1	37	17	%b	学者？\n一体、何の研究をしていたの？%b	
24fa5b0dc1	1	36	17	%b	カオスの満ちる世界、カカルクラン。%b	
2657af44e3	1	36	17	%b	世界はこのまま崩壊してしまうかね？%b	
2668b615ba	1	36	17	%b	タタラは再び工場へと入っていった。%b	
2745251e43	1	36	17	%b	イガの里はこの先じゃないみたいね。%b	
27627a2c0c	1	36	17	%b	ふぅむ、これが、水晶柱でござるか。%b	
27811e73e2	1	36	17	%b	男の子がめそめそ泣くんじゃないよ！%b	
27afe06e7c	1	37	17	%b	そうかい・・・。\nまた来ておくれよ。%b	
2926acfa3a	8	38	17	%S %b	やるじゃないか。\nそら、賞品の%SGだ。%b	
29c761ccd2	1	36	17	%b	何にしても、平和が戻ってよかった。%b	
2a8cb3aa1c	1	37	17	%b	ごめん、みんな。\nもう大丈夫だから。%b	
2c5b14514e	1	36	17	%n	「%nS」を\n売ってくれるのかい、姫様？	
2c64d5d0da	1	36	17	%b	なんだって、奴らがこんなところに！%b	
2d38204d72	1	36	17	%b	どうも、この枯木が気になるな・・・%b	
2d39f625d9	1	36	17	%b	カダールの連中はやっつけたんだろ？%b	
2dabfb9f36	1	37	17	%b	すまない。\nここを出してくれないか？%b	
2e76d208e9	1	36	17	%b	ミュウは【天邪の鏡】をはめ込んだ。%b	
2ef6b92344	1	35	17		\n何を売っていただけるのでござるか？	
2f1052b3a3	1	36	17	%b	アスカは仕掛けをけとばした・・・。%b	
302d8afd8c	1	36	17	%b	カムイは【天邪の鏡】をはめ込んだ。%b	
332e47a65f	1	37	17	%b	ボクはミュウ。\nドラグーンの竜騎士。%b	
33fb0e12c5	1	36	17	%b	・・・若さとは、まぶしいものだな。%b	
38af75c973	1	36	17	%b	生きて行く上で、大切なこと・・・？%b	
395b29cc41	1	36	17	%b	私は、自分を止めることができない。%b	
3aa831f6b9	1	36	17	%b	イクシーズについてもっと調べよう。%b	
3abc5eaf94	1	36	17	%b	そんな夢みたいな話があるわけねぇ。%b	
3d6c3348ea	1	34	17		相手の力を奪い、弱くさせる技です。	
3dcc67faf3	1	37	17	%b	・・・えっ？\n失礼するって、どこへ？%b	
3e3a69e0b6	1	36	17	%b	計画・・・？一体、何の計画でしか？%b	
3e51929e9f	1	36	17	%b	空中戦なら、拙者におまかせ下され！%b	
3f60b71d5a	1	36	17	%b	魔法球は壊さないほうがいいわよね。%b	
4009b0f615	1	36	17	%b	僕だって、あいつらだけは許せない！%b	
4029c67839	1	34	17		手にはめて手を守るための防具です。	
4068fa6b50	1	36	17	%b	でしたら、多少の無理も必要ですわ。%b	
408d151a31	1	36	17	%b	ど、どうしたらいいんだろう・・・。%b	
4131606c12	1	37	17	%b	う～ん・・\n気にはなるんだけど・・・%b	
419b1faad4	1	36	17	%b	ジャマするものはつぶしてくれるわ！%b	
449e095168	1	37	17	%b	決戦に備えて\n一旦ここで休憩しよう！%b	
460459d008	1	37	17	%b	まさかぁ！\n冗談がお好きなんですね。%b	
46e87a84ba	1	36	17	%b	確かに、ボクも聞いたことがあるよ。%b	
4875e81f93	1	36	17	%b	おまえ達は、どっちの味方だ～ゼー？%b	
498d7633f8	1	36	17	%b	ガルマンオーブを捜しているのです。%b	
4bb7b20254	1	34	17		敵から、敵の持つ技を盗み取ります。	
4e0377dc36	1	36	17	%b	リグロードでは見られない風景だね。%b	
4e3fd71d68	1	37	17	%b	うふ。\nイガのアスカって知ってはる？%b	
4e95ca0bab	1	36	17	%b	今はどうなっておることやら・・・。%b	
4ecffbae07	1	37	17	%b	用もないことだし、\nこのまま帰ろう。%b	
4ee12757b8	1	37	17	%b	蓬莱の珠なら、\nもう設置してあるぜ。%b	
4f683d5229	1	36	17	%b	ところで、こんな噂を御存知ですか？%b	
4fc007abcb	1	37	17	%z	%zいいね、それ。\nいい考えだと思うよ！	
4fea38060f	1	36	17	%b	その世界で何をするつもりですの！？%b	
50ab2dd997	1	37	17	%b	お兄ちゃんが\nこの水を運んできたの。%b	
50d527b934	1	36	17	%b	あなたたちに話すような事はないわ！%b	
51b35266c7	1	34	17		全身を守るのに適した大型の盾です。	
53845ce35b	1	36	17	%b	どんな力を持っているというのなの？%b	
53a442792c	2	37	17	%b	よし、倒したぞ。\nさあ、先を急ごう。%b	
53b671f0a3	1	36	17	%b	愚かな人類を粛正せんがため・・・。%b	
54ac91a6d5	1	36	17	%b	ナズナは【蓬莱の珠】をはめ込んだ。%b	
55624af8b2	1	36	17	%b	クィーンズランドへの街道が・・・。%b	
5591553d70	1	35	17		\nして、何を売っていただけましょう？	
55c7fd1d31	1	37	17	%b	そうなの、なの！\n危険なのよ、なの！%b	
567c7b7f0c	1	36	17	%b	わたくしを誰だと思っているのです！%b	
56fdd4ec1c	1	36	17	%b	どうか、ひらに、ひらにご容赦をっ！%b	
5763060cb4	1	36	17	%b	でも、なにかが気にかかりましてよ。%b	
581f913890	1	36	17	%b	そこんとこ注意せんとあきませんえ。%b	
581fe93ada	1	37	17	%b	魅了の技は、\n異性にはよく効くのよ。%b	
5846f18fc3	1	36	17	%b	ヒガタに戻りたいなら、言ってくれ。%b	
591e019fb1	1	36	17	%b	実際のはなし、すごいと思うだろ？！%b	
5985f5ff2a	1	36	17	%b	ア～ちゃんとなら、どこでも行くよ！%b	
59a92b7ac8	1	36	17	%b	・・・お父様は、地下通路にいます！%b	
5b5b3347a6	1	37	17	%b	蓬莱の珠は、\nすでに設置されている。%b	
5b7c2acb7e	1	34	17		身につけると、防御力が上がります。	
5c8fff9663	1	36	17	%b	こんなことにはならなかったのにな。%b	
5e483f9813	1	37	17	%b	失礼しました。\nどうぞお通り下さい。%b	
5ee9d55a1e	1	36	17	%b	きゃー、アシュカじゃないのよのさ。%b	
6055a87901	1	36	17	%b	ミュウは【蓬莱の珠】をはめ込んだ。%b	
611faaa494	1	36	17	%b	アスカぁ、ナズナが意地悪言うのぉ。%b	
614de8d27a	1	36	17	%b	ふふふ、わたしの負けですか・・・。%b	
61eff495af	1	37	17	%b	ご高説をたまわり・・・\nいたみいる。%b	
629c3f6fb8	1	37	17	%b	天邪の鏡は、\nすでに設置されている。%b	
62db5a8340	1	36	17	%b	世の中ってのは分からないもんだね。%b	
63f5225531	1	37	17	%b	あたしのこと、\n覚えてないですって！%b	
64732d2d18	1	34	17		忍者屋敷で手に入れたアイテムです。	
64da5dd7f6	1	36	17	%b	向こう側に、飛んでいって敵を倒す。%b	
6501c5978b	1	35	17		\n何を買っていただけるのでござるか？	
6519c716f2	1	36	17	%b	それを求めるもまた、よろしかろう。%b	
654658a876	1	37	17	%b	図書整理中につき\n立ち入り禁止です。%b	
65ee3f75ad	1	34	17		売りに来やがっちゃったワケですね？	
679ee42f7d	1	36	17	%b	ううん、それができた人はいないよ。%b	
6961f18713	1	37	17	%b	みんな！\nあそこに、出口がみえるよ。%b	
69c5e1b92a	1	36	17	%z	%z心から礼を言いますぞ、ミュウ姫様。	
6a3dc5d13f	1	36	17	%b	ナズナも怪しいと思ってたの、なの！%b	
6a5edf4e15	1	36	17	%n	「%nS」だね。\n買ってもらえるのかい？	
6a70b8662c	1	36	17	%b	われとてこの地方を任されたオトコ。%b	
6b7af5f908	3	35	17		ありがとうよ。\nほかに何か買うかい？	
6c3d327330	2	36	17	%n	「%nS」を\n売っていただけるんですの？	
6c697c077c	1	37	17	%b	だが、戦いはもう終った、\nそうだろ？%b	
6ce224b222	1	35	17		いらっしゃいませ。\n何にしますかの？	
6d48381db6	1	62	17	%H %m1 %V100 %m0 %s5 %V0 %b	%H%m1%V100［%m0%s5%m1］%V0%m0\nあたしもア～ちゃんに賛成だよ。%b	
6dafb41303	1	36	17	%b	足手まといにはならぬ自信がござる。%b	
6de5cddb7b	1	36	17	%b	ここはもう捨てられた場所なのかな？%b	
6e8b338a5a	2	35	17		あら？\n売るものがないようですわよ。	
6f08336df9	1	36	17	%b	アスカは尻に敷かれるタイプだねぇ。%b	
6f2bcf34d3	2	34	17		持ち合わせが足りぬようでござるが？	
6f6a6d1cf4	1	36	17	%b	友というのは、ありがたいものだな。%b	
707720bd1c	1	38	17	%b	ようやく\nこちら側に渡れたでござる。%b\n	
708a3ab5da	1	36	17	%b	アスカは【天邪の鏡】をはめ込んだ。%b	
70d04131d9	1	35	17		ウチの防具は、どれも一級品だよっ。\n	
71433e4e0c	1	36	17	%b	でも、こんな沢山の水を何に使うの？%b	
722ea0e065	1	37	17	%b	だけど・・・\nあいつだけは許さない！%b	
7258966045	13	37	17	%b	みんな！\nイクシーズの修理を急ごう！%b	
732eea11d9	1	38	17	%b %h	「確かに、あの時、私の手で・・・」%b%h	
737dd1db2b	1	36	17	%b	だから、思う存分暴れてらっしゃい！%b	
75d109158f	1	36	17	%b	これでハイランドにいけるの、なの。%b	
7820f9760a	1	36	17	%b	それで、これからどういたしますの？%b	
7884783db8	1	36	17	%b	さすがは、イガ最強のシノビだよね！%b	
79dc037866	1	36	17	%b	カムイは【蓬莱の珠】をはめ込んだ。%b	
7a44bdcc1d	1	37	17	%b	・・・助かるかどうか、\nじゃないよ。%b	
7ae22ec661	1	34	17		敵を貫通する炎の弓矢で攻撃します。	
7bdb96254f	1	36	17	%b	わしはどうなってもいいから・・・。%b	
7c15a7aab9	2	35	17		来ちまったのかい。\nで、何にするね？	
7ce1375431	1	36	17	%b	俺は港町ポポロンで、捕まったんだ。%b	
80576c2e73	1	36	17	%b	タタラは【蓬莱の珠】をはめ込んだ。%b	
80ba8ea90d	1	36	17	%b	カダールのアレクトリア大図書館へ？%b	
8194c8924f	1	36	17	%b	ウソついたら針千本のませるからね！%b	
82108b43ae	1	36	17	%b	このままでは、お父様の魂は・・・。%b	
83781be81f	1	36	17	%b	だから、使いようによっては便利だ。%b	
84b3baff0c	3	35	17		ありがとうよ。\nほかに何か売るかい？	
85d137871b	1	36	17	%b	ここにいても時間の無駄ってワケだ。%b	
87cb92e6b0	2	36	17	%b	ここに水を入れるってぇ、ワケだな。%b	
8b879757e8	1	37	17	%b	あんた達も、\n一度立ち寄ってみなよ。%b	
8bfbc349bb	1	36	17	%b	だが、両側にいる兵がやっかいだな。%b	
8cb1691a49	1	36	17	%b	それで、カムイ、その後どうしたの？%b	
8cc1c8b85a	1	36	17	%b	死の砂漠には出口がふたつあるんだ。%b	
8d24aadd12	1	36	17	%b	一体どんな力を持っているのでしか？%b	
8d5b2673be	1	36	17	%b	あ、ありがとうございますぅぅぅぅ。%b	
8dd1c6cf8c	1	36	17	%b	ようし、いっちょ、ハデに暴れるか！%b	
8fa22819bc	1	34	17		球状の火炎が敵に襲いかかる術です。	
904b9a2ac0	1	36	17	%b	それは、キミがラスティだからだよ。%b	
9092cd0b2f	1	34	17		雷の力をもつ弓矢で敵を射抜きます。	
90ba466a4f	1	36	17	%b	こんなところに何か意味があるのか？%b	
914cba5fff	1	36	17	%b	行こうぜ、仲間を早く助けたいんだ。%b	
9357187a9e	1	34	17		おや、何も売るものがないようだね？	
93b94b8727	1	36	17	%b	もう、この世も終りなんですかね！？%b	
94eee1532c	1	36	17	%b	すべては「大事の前の小事」ですよ。%b	
955aa7d5bc	1	36	17	%b	いったい、何が起こってるの・・・。%b	
95e2a65a50	1	36	17	%b	・・・ってワケにはいかないでしね。%b	
97c9679087	1	37	17	%b	八坂の勾玉は、\nもう設置してあるよ。%b	
9819c49119	1	35	17		はい、いらっしゃい。\nどんな用だい？	
985f345b80	1	36	17	%b	いいわ、忘れてたのは許してあげる。%b	
9a861ed8f8	2	34	17		売りにいらっしゃったのでござるか？	
9bc42ad6f7	1	37	17	%b	とにかく時間がないでし！\n急ぐでし！%b	
9c7b9806eb	1	36	17	%b	まぁ確かに、平和にはなったけどよ。%b	
9df282f504	1	36	17	%b	ああ・・・確かに、あの人の字だわ。%b	
9eaf0efc22	1	36	17	%b	それこそどういうことよ、ラスティ！%b	
9ed51a5241	1	36	17	%b	これは一体誰のしわざなんでしょう？%b	
9f30fe90ba	2	36	17	%b	もし爆発したりしたら、一大事だな。%b	
a01911ecab	1	36	17	%b	結界洞を開く【蓬莱の珠】か・・・。%b	
a3b5ce5e66	1	37	17	%b	これだよ！\nファルコの言ってたのは！%b	
a3f68b7824	1	37	17	%b	それには、\nまず、ここをどう渡るかを%b	
a45d13760d	1	37	17	%b	天邪の鏡なら、\nもう設置してあるぜ。%b	
a4a728de09	1	39	17	%b %h	「忘れるな、我が名は\n雷光のアーヤ。%b%h	
a581ec0c9a	1	36	17	%b	あそこは山道になっていて坂が急だ。%b	
a672b30324	1	36	17	%b	となりゃ、問題は、弓を使う敵だな。%b	
a7ed0f6b57	1	36	17	%z	%z自然だけは沢山あるところですのね。	
a8a0ca3a9c	1	37	17	%b	看板は正面からでないと\n読めないよ。%b	
aba8e989dd	1	38	17	%b	なにを！\nこい！\n叩きのめしてくれる！%b	
aca9e0bd6c	1	36	17	%b	とりあえず悲鳴をあげておきましょ。%b	
ad3a5e539d	1	36	17	%b	不潔なベッドはもうこりごりですわ。%b	
b32b4556cd	1	37	17	%b	もうしゃべらないで。\nじっとしてて。%b	
b410e9c015	1	36	17	%b	ちょっとどころじゃないと思うけど。%b	
b5b36352d9	1	36	17	%b	友を失うということは悲しいことだ。%b	
b7772cc9a2	1	36	17	%b	反対側の扉が開いちゃったの、なの。%b	
b80718ca9c	1	37	17	%b	分かった！\nでも、一旦、外へ出よう。%b	
b9888429b1	1	36	17	%b	・・・けして、不可能ではないのだ。%b	
ba63cade60	1	37	17	%b	カダールの思うようには\nさせないゾ！%b	
be18fcd857	1	36	17	%b	村に戻って装備を整えるの、なのね。%b	
bf25d2c109	1	36	17	%b	じゃあここはひとまずおあずけだね。%b	
c03a7d0e43	1	36	17	%b	決心がついたら、登録するぞなもし。%b	
c070c80aea	1	37	17	%b	うん。\n僕も同じ気持ちだよ、ミュウ！%b	
c17c5f8db8	1	37	17	%b	そうだ！\nボク達が手伝ってあげるよ。%b	
c292535a85	1	37	17	%b	あれは！\nカカルクランで見た魔法球！%b	
c29616770d	1	36	17	%b	精霊の働きを強く感じるの、なのね。%b	
c325fa7df5	1	34	17		ＭＰを５０回復することができます。	
c3fa5fd5ae	1	36	17	%b	おほめにあずかり、恐縮でござるよ。%b	
c47d650454	1	37	17	%b	ここを抜ければ、\n外に出られますわ。%b	
c4b58f6c02	1	36	17	%b	くっつくなって言ってるだろうがっ！%b	
c5f9ec4cdc	1	36	17	%b	７人委員会様よりおよびがかかった。%b	
c7f010206c	1	37	17	%b	しかし、技のレベルアップは\n可能だ。%b	
ca18713acf	1	34	17		売れるものを持ってないようだけど？	
ca99a7d6d1	1	34	17		聖なる竜の力を宿した最強の刀です。	
cb15396ab6	1	36	17	%b	じゃあ、港町ヒガタに行ってみよう。%b	
cc15310942	2	36	17	%b	一体、どこにつながっているんだろ？%b	
d045c35673	1	37	17	%b	子供達は？\n子供達はどこにいるんだ？%b	
d1283b71ea	1	34	17		なんだ。売るものがないじゃないか。	
d1b0ae0f4e	1	34	17		クィーンズハートの町に入りますか？	
d381782b88	1	37	17	%b	・・・いや。\nそう言われても・・・。%b	
d3a7d66751	1	36	17	%b	あなた、ラスティ王子に似てますね。%b	
d3d3459e15	1	36	17	%b	ア～ちゃん・・・元気だった・・・？%b	
d47ebf86ff	1	36	17	%b	一体どんな力を持っているのかしら。%b	
d612ea3c3e	1	36	17	%b	決心がついたら、登録してってくれ。%b	
d8c90f85e4	1	37	17	%b	見たこともないような\n敵ばかりだな。%b	
db5f1e6071	1	36	17	%b	強さいうのんは、何なんですやろな。%b	
dcfc5bcf28	1	37	17	%b	みんな、無事だね。\n・・・よかった。%b	
dd9ad95e26	1	36	17	%b	弟は一体どこにいるのでござろうか？%b	
de23b02e29	1	37	17	%b	賛成！\nお買物って、楽しいんだよね。%b	
dffc456376	1	35	17		あらン？\n売るものがないようですわ☆	
e0e0fd53ce	1	34	17		それで、どれを売っていただけます？	
e1c3c35253	1	36	17	%b	それ以上近寄らない方がいいでしよ。%b	
e25c5d23d2	1	37	17	%b	お願いです！\n子供達を助けて下さい！%b	
e28b29befe	1	36	17	%b	そうだ、我々は世界を支配するのだ！%b	
e2fd47e303	1	36	17	%b	みんな、各個撃破されちゃだめだよ！%b	
e355b3f218	1	36	17	%b	まず、彼を助けるべきじゃないかな？%b	
e4b2565cc6	1	36	17	%b	そんなあなたには餓鬼玉をあげるね。%b	
e525beba66	1	36	17	%b	タタラは【天邪の鏡】をはめ込んだ。%b	
e6c7c791e7	1	36	17	%b	手紙は、手紙は渡してもらえたかい？%b	
e7652a85d3	2	36	17	%b	ここに水を入れればいいの、なのね。%b	
e77e786bbd	1	37	17	%b	とくにあいつは強敵だ。\n注意しろよ。%b	
e83c55c698	1	37	17	%b	なんだ？\nヒョットコみてぇな顔して。%b	
e898393bee	1	36	17	%b	ナズナは【天邪の鏡】をはめ込んだ。%b	
eadee7fc4e	1	36	17	%b	そう言ってくれると思っていました。%b	
eb95d58f58	1	36	17	%b	ったく、ハレハレガッコンだよなぁ。%b	
eb994d849a	1	36	17	%b	ミュウ姉様は友達が沢山いていいね。%b	
ecbde40cee	1	36	17	%b	いよいよ、この先が星陵郭、なのね。%b	
ed0c1946e5	1	37	17	%b	年上でも何でも、\n嘘をつく人は嫌い。%b	
ed11789f6b	1	37	17	%b	見て！\nなんて、大きな山なの・・・！%b	
ee72d862a7	1	34	17		大地震を起こして敵を巻き込みます。	
ef45da9395	1	37	17	%b	うん。\n・・・なんか照れるな・・・。%b	
f106d37bdf	1	36	17	%b	そんなに持てないんじゃないですか？%b	
f13664eed6	1	37	17	%b	困ったねぇ。\nどうやって下りようか。%b	
f14ea7c200	1	36	17	%b	船体の補修、出力装置の調整・・・。%b	
f2ca1ccf9e	1	37	17	%z	%zさよなら、ミュウ！\n幸せになってね！	
f40985cbac	1	35	17		むっ、カダールの生き残りだ～ゼー！\n	
f5752e2452	1	36	17	%b	そんなこと、物理的に不可能ですわ！%b	
f87fcd30ef	1	36	17	%b	しかも、小娘だっていうじゃねぇか。%b	
f8ebae4ccb	1	36	17	%b	何回も、「調べる」するしかないね。%b	
fa37e77e70	1	36	17	%b	しかし、貴殿の命も明朝まで・・・。%b	
fa7d7ce63d	1	34	17		売れるものなんか持ってぇへんやん。	
fab58615f0	1	36	17	%b	アスカは【蓬莱の珠】をはめ込んだ。%b	
fc1d5f4050	1	36	17	%b	確か、弟は学者をしているって話だ。%b	
fc21832673	1	35	17		\nさて、どれをお売りいただけますか？	
fce1fee1f8	1	36	17	%b	しかし、こりゃ、いよいよヤバいな。%b	
fd08b7bf5c	1	34	17		一般的に使われている短めの剣です。	
fddbe015e2	1	36	17	%b	じゃあ、これ、間違いなく渡したよ！%b	
fe50937d6b	1	35	17		そんなに持てねぇだろ。\nやめときな。	
ff6585e49b	1	36	17	%z	%zここが、俺っチの故郷クリカラでし。	
ffed1f307d	1	37	17	%b	そんなことはありえませんわ。\n館長！%b	
02809abb32	1	35	16	%b	残念ですじゃ。\nまたおいで下され。%b	
030c296adc	1	33	16		ありがとよ。\nほかに何か買うかい？	
0422280b54	1	34	16	%b	・・・いったい、何のことだろう。%b	
04d10dbe0b	1	35	16	%b	ミュウ、見て！\nあの扉の向こうだ！%b	
050a284f90	1	35	16	%b	あれ？\nへ～んな、枯木があるのね。%b	
0553f4b93e	1	34	16	%b	・・・ガルマンオーブがあれば！！%b	
0619a51abf	1	34	16	%b	ミュウよ、われらの思いに答えよ。%b	
07abb53ce7	1	34	16	%b	今はやめておいたほうがいいかな？%b	
07e2c010e1	1	34	16	%b	上陸したら、北の方角に向かいな。%b	
086739336b	1	34	16	%b	今は、クィーンズランドへ急ごう！%b	
096e8ceea0	1	34	16	%b	そこのところどうなんだ、オイっ！%b	
0975402256	1	34	16	%b	ウチはこう見えても、武道家の娘。%b	
0c2662d45b	1	35	16	%b	う～ん。\nやっぱり重たいな・・・。%b	
0e4fe15b9e	1	34	16	%n	「%nS」を\n売ってくれるってのかい？	
0f1fc38bb3	1	35	16	%b	分かった・・・。\n行こう、みんな！%b	
0f28a52f79	1	32	16		敵からアイテムを盗み出す技です。	
0f6cdab537	1	34	16	%b	ナズナの運命を決めた場所なのね。%b	
10c7b14a99	1	34	16	%b	ア～ちゃんの背中はあたしが守る！%b	
10fa629037	1	34	16	%b	だが、それと家族ってのは別だぜ。%b	
115d420964	1	34	16	%b	これが平和っちゅうことやねんな！%b	
11a2f3a951	1	34	16	%b	ホウライ山に巣食う化け物どもだ！%b	
11bf9c6a53	1	34	16	%b	さっきからいたんですケド・・・。%b	
121d9e8138	1	34	16	%b	思ったより足場が悪いようですわ。%b	
126bd9c8ac	1	33	16		鳥になって仲間をつかんで下りるか\n	
139925dd0c	1	34	16	%n	「%nS」を\n売ってくださるのですか？	
16d5bb31bb	1	32	16		売れるもんなんか持ってまへんで。	
18315616d0	1	34	16	%b	いやぁ、ここだけのはなしですよ。%b	
184d2e012c	1	34	16	%b	お兄ちゃん、無事に帰ってきてね。%b	
19d65c047b	1	34	16	%b	また牢に逆戻りなんてゴメンだよ。%b	
1ac85d7596	1	34	16	%b	ま、イクシーズを手に入れたんだ。%b	
1aed250187	1	35	16	%b	どこへ逃げた！！\nガルザード！！！%b	
1afd472468	1	34	16	%b	結界がとければよろしいのになァ。%b	
1ca62f9fc4	1	34	16	%b	アンジュ、あれがガルマンオーブ？%b	
1ce5db05b7	1	32	16		じゃあ、何を売ってもらえますぅ？	
1e20ffcd48	1	34	16	%b	まさか、これも７人委員会の仕業？%b	
1e4500ff59	1	34	16	%b	ここは、通れそうにないの、なの。%b	
1fbc2289d0	1	34	16	%b	見たことの無いな敵ばかりでしね。%b	
2055e40627	1	33	16		まぁ？\n売るものがあれしまへんえ。	
20d413182d	1	34	16	%b	キスしたり、抱きついたり・・・？%b	
2105be506c	1	33	16		ありがとよ。\nほかに何か売るかい？	
21c9f1053a	1	34	16	%b	反対側の扉が開く仕掛けらしいな。%b	
2204129615	1	35	16	%b	かくなる上は、\n正々堂々と勝負ぞ！%b	
235c8847e2	1	34	16	%b	このごろは、客足もさっぱりだよ。%b	
24581ed5c0	1	32	16		売りに来ていただいたのですかの。	
248b2d132d	1	34	16	%b	聞いてるこっちがイライラするぜ。%b	
24b4320f00	1	35	16	%b	はなして！\nタタラを助けるんだ！！%b	
26a745b18d	1	34	16	%b	いい性格してるヨ、ほんと・・・。%b	
273da94d4d	1	35	16	%b	カダール万歳！\nガルザード様万歳！%b	
28580c3320	1	33	16		なんだ、やめんのか。\nほかに何か？	
28e6bfef6c	1	34	16	%n	「%nS」を\n買いとればいいんだねっ？	
29e27aeb99	1	35	16	%b	お願いです、\n私達を助けて下さい。%b	
2abb2233ee	1	34	16	%b	ね、ね、あたしの方がいいわよね？%b	
2d8d6c7675	1	35	16	%b	・・・ヒバリ・・・。\nスマンでし。%b	
2de4bbbb22	1	34	16	%b	アンジュが仲間からはずれました。%b	
2efc4d01e5	1	34	16	%b	鍵をかけ忘れる方が悪いのですわ。%b	
2f17f973d7	1	34	16	%b	・・・いったい、何のことですの？%b	
2fdc5d27c4	1	34	16	%b	これはすでに入手済みじゃったな。%b	
304a67aaee	1	34	16	%b	よし、じゃあ、気をつけていこう！%b	
317a26d7b4	1	34	16	%b	いわゆる、芸術作品ってワケでし。%b	
31dc5667a6	1	34	16	%b	「いい夢、旅気分～カダール編」３%b	
31eccf815b	1	35	16	%b	ええ？\nあなた・・・まさか・・・？%b	
327f11c631	1	34	16	%b	ディアーネさんは大丈夫でしたか？%b	
34048000e0	1	34	16	%b	・・・いったい、何のことだろう？%b	
3441c534c0	1	35	16	%b	うん？\n囲まれてるのは、誰だろう？%b	
34eee53f36	1	35	16	%b	じ・・・じつは・・。\n王は・・・。%b	
35ec6378c2	1	35	16	%b	うん。\n心配してくれてありがとう。%b	
37ecf97a60	1	35	16	%b	あら、\n反対側の扉が開きましたわ。%b	
380a6f08b0	1	34	16	%b	じゃ、せいぜい気をつけて行こう。%b	
39e3e7e171	1	34	16	%b	野望を実現しようとしてるらしい。%b	
3b0657495e	1	34	16	%b	ボクの精神力に余裕があったらね！%b	
3bd916f9fa	1	34	16	%b	こんなところに陸地ができてるぜ！%b	
3c4bab9f7d	1	35	16	%b	落ちついて！\n指示に従って下さい！%b	
3ce495de66	1	34	16	%b	カオスゲートは魔法の転移装置だ。%b	
3d92f2fa1f	1	34	16	%b	大丈夫、僕がついてるよ、ミュウ。%b	
3e2359a753	1	34	16	%b	デバックモードを使うなんて・・・%b	
3e5d4c3948	1	35	16	%b	うにゃ？\nここは、どこなの、なの？%b	
3e99d6348b	1	34	16	%b	お前の両親には失望させられたよ。%b	
3ed5b6c5ea	1	34	16	%b	この近くにヒガタって港町がある。%b	
412eb76fda	1	34	16	%b	生きてるってすばらしいわ・・・。%b	
425a881053	1	33	16		まいどありっ。\nほかに何か買うか？	
432f874712	1	32	16		とても攻撃力の高い大型の剣です。	
4351a5f369	1	34	16	%b	ホレ、お前ェらも、一緒にどうだ？%b	
444e42f7c3	2	35	16	%b	わはははははは、\n残念でしたなぁ。%b	
447f4c7a14	1	35	16	%b	こちらの鍵は\nどこの鍵ですかしら？%b	
44af6a0e14	1	34	16	%b	町にも活気がもどってきましたね。%b	
451401dec4	1	34	16	%b	おい、大丈夫なのか、ラスティは？%b	
45ac04c435	1	34	16	%b	なんだ、この異常な暑さは・・・？%b	
477868f1bc	1	35	16	%b	シラナミ！\nアスカにくっつくな～！%b	
48809002d3	1	35	16	%b	確かに、な。\nどうするよ、ミュウ？%b	
48c7b44edb	1	34	16	%b	・・・お父様、待っていて下さい。%b	
4a98807dd2	1	34	16	%b	おや、もうオルトマに戻るのかい？%b	
4b3b958dfc	1	35	16	%b	ちぇっ。\nもぅ、気付かれちゃった。%b	
4c1913e756	1	34	16	%b	さきほど聞こえしわが相棒の悲鳴。%b	
4c7856a51c	1	33	16	%n	「%nS」かい。こいつでいいのかい？	
4c8fe6ea4e	1	34	16	%b	大地が怒りにふるえている・・・。%b	
4da0dfe587	1	34	16	%b	アスカ、はっきり言っておくけど。%b	
4e8eca96fe	1	35	16	%b	承知しました。\nお茶でよろしいか？%b	
4f966b257b	3	34	16	%b	ズギャっとやっつけたのだ～ゼー！%b	
4faa6268cc	1	34	16	%b	みんなには申し訳ないと思ってる。%b	
4fc363224c	2	32	16		持ち合わせが足りぬようでござる。	
50ad4d4b2a	1	34	16	%b	ゆくえは、我々も詳しくは知らぬ。%b	
512cb90ee4	1	34	16	%b	どこにも、出口が見当たらねぇぜ。%b	
518565afc0	1	34	16	%b	金鉱脈を掘り出していたらしいな。%b	
51aae0d119	1	34	16	%b	でも、これからは、自由なんだね！%b	
5268d9dcbd	5	35	16	%b	ここは栄光への近道、\n闘技場だよ。%b	
527e053989	1	34	16	%b	この崖、どうやって向こうへ渡る？%b	
52b86d8124	1	34	16	%b	このほかに２つ必要ってことだね。%b	
5409998f71	1	34	16	%b	意中の人がいらっしゃるのですか？%b	
547a270c05	1	33	16		すると・・・売りに来たんだねっ？\n	
550a71db74	1	34	16	%b	パニックをふせぐためには・・・。%b	
56a33e97b3	1	34	16	%z	%zずっと、いてもらってもいいでし。	
5a30d9d1ae	1	29	16	%b	BOOT4のメニューなの、なの？%b	
5a579507d4	1	34	16	%b	ならば確かめさせてもらいますよ！%b	
5add1c844f	1	34	16	%b	さっそく、この大水桶を壊すでし！%b	
5d96571cb9	1	34	16	%b	さぁ、俺にかまわず、行ってくれ！%b	
5de2ac9413	1	34	16	%b	だとしたら、注意した方がいいよ。%b	
5e377ee6a5	1	35	16	%b	これはアンジュ様！\nささ、どうぞ！%b	
5edfac0aac	1	34	16	%b	港にも活気がもどりはじめている。%b	
5f67f6b103	1	35	16	%b	許せないゾ！\nカダールのヤツらめ！%b	
5fde466431	1	34	16	%b	そうすれば、答えはでるはずだよ。%b	
60a148917a	1	34	16	%b	痛いの痛いのとんでけー、なのね！%b	
64707551d9	1	34	16	%b	じゃあ、このリストから選んでね。%b	
674d346cd9	1	35	16	%b	みんな！\nもう一回入ってみようよ。%b	
676114dc5a	1	34	16	%b	知合いの船乗りにあずけておくか。%b	
6863393064	1	34	16	%b	みんな、そのために、力を貸して！%b	
69e547f578	2	34	16	%b	私達は、お前についていくだけだ。%b	
6a32a067f9	1	34	16	%b	ラグロスの塔、とか言うらしいよ。%b	
6a5528d897	1	34	16	%b	その後、イクシーズの調子はどう？%b	
6abf52f39c	1	34	16	%b	・・・いったい、何のことなのよ？%b	
6be0c261f8	1	34	16	%b	そこんとこ、分かってんだろうな？%b	
6c52c6e9ad	1	34	16	%b	これでカムイコタンにも行けるぜ。%b	
6d36d64f09	1	32	16		武器を買ってくれんのかい、姫様。	
6d83dadba8	1	35	16	%b	下らないわよ。\n時間の無駄ですわ。%b	
6e4d41f249	1	34	16	%b	ボク達のために働いてくれたのに。%b	
6ef0526792	1	34	16	%b	それが・・・どうだというのです？%b	
6f10ebc07a	1	34	16	%b	神聖な武器か魔法で攻撃するんだ。%b	
6f7ae746bb	1	24	16		剣剣剣椥椥椥阜阜mkmmlkjj	
6fe78edb43	1	35	16	%b	なんだろう、これ。\n・・・霧かな？%b	
7040674444	4	32	16		売れるものは持ってないようだが。	
70df71bb11	1	34	16	%b	命が惜しかったら、この場を去れ！%b	
7297ead399	1	34	16	%b	これはきっと７人委員会の呪いだ！%b	
72fd502710	1	34	16	%b	ドラグーン王国の竜騎士、ミュウ。%b	
7442f018a6	1	32	16		光の衝撃波で、敵を切り裂きます。	
74a063faf4	1	35	16	%b	ラスティ！\nそれに・・・みんな！！%b	
76ceae021d	1	35	16	%b	ぐわっ・・・\nだ～・・・ゼー・・・%b	
782ffe449e	1	35	16	%b	ふんっ！\n恋なんて下らないですわ。%b	
78fa69266e	1	34	16	%b	氷の封印が解けようとしてるんだ！%b	
7a19cf60d9	1	34	16	%b	く・・・傷にひびきやがる・・・。%b	
7a91f31a84	1	34	16	%b	ズバリそれは、俺のことだ～ゼー！%b	
7aa8855abf	1	34	16	%b	平和っちゅうのんは、よろしいな。%b	
7b51bd8b4d	1	33	16		そうか！\n売りに来てくれたんだね。	
7c1057396b	1	34	16	%b	あー、とりあえず、お茶でいいや。%b	
7caa1b0c08	1	35	16	%b	馬鹿め！\nこれはお前が望んだ結末。%b	
7d17292ece	2	34	16	%b	この水晶柱が原因とも思えないが。%b	
7e78697a88	1	35	16	%b	そうか。\nならもう少しまってるぜ。%b	
7ffa648466	1	35	16	%b	む・・・、\nクスリ・・・か・・・。%b	
80b8f1570c	1	34	16	%b	俺は、カタナ職人をしていたんだ。%b	
80e2b29f9f	1	35	16	%b	アスカ。\n死んじゃだめ、なのね～。%b	
815299e48f	1	35	16	%b	天邪の鏡は、\nもう設置してあるよ。%b	
8179883bed	1	32	16		↓↓↓↓ＢＯＯＴ４のアレ↓↓↓↓	
81c7edccc0	1	34	16	%b	クィーンズランドパレスが・・・。%b	
81e638c97e	1	34	16	%b	お前達、生きていたでござるか！！%b	
81fa545b16	1	34	16	%b	私の命も、もはやここまで・・・。%b	
8275330a48	1	32	16		味方のステータスを回復できます。	
82d66a3087	3	35	16	%b	参加しないまでも\n賭けはできるぜ。%b	
84829c39f5	1	34	16	%b	こんなにもらっちゃっていいの？！%b	
849ad07baf	1	32	16		ごゆっくりごらんくださいませ～☆	
85565568c9	1	33	16		そうや！\n売りに来はったんですな。	
85b70e7ad9	1	32	16		火に対しての守りを高める盾です。	
88f0ad7985	1	34	16	%b	・・・その方も大変よのぅ・・・。%b	
8a590e95c1	1	35	16	%b	あ、そうか！\nさっそく案内します。%b	
8bd8918cba	1	33	16		へい、毎度。\nどんな用でっしゃろ？	
8ce95e468e	1	34	16	%b	ウィスコって奴もうかばれねえぜ。%b	
8d74f4d606	1	34	16	%b	じゃあ、まずはオルトマへ行こう。%b	
8deab36bf6	1	34	16	%b	したがって、レベルアップはない。%b	
8e4308f18c	1	32	16		自分のＭＰを仲間に受け渡します。	
8ec854c331	1	35	16	%b	そうでっか。\nまた来ておくれよし。%b	
8f77f044bc	1	34	16	%b	えっ、他に何か知らないのかって？%b	
9008da41c7	1	34	16	%b	「いい夢、旅気分～カダール編」２%b	
9396ec79a4	1	33	16		\nどれをお売りくださるのでしょう？	
93f248fa9a	1	34	16	%b	今すぐに出してあげるの、なのね！%b	
948ea35484	1	20	16		#2UU鮱皜UuU硤皛W-2""	
94b21ddef1	2	34	16	%b	カダールの兵士とはちあわせた！！%b	
9562f378b2	2	33	16		まいどあり！\nほかに何か売るかい？	
95f42cb32f	1	35	16	%b	７人委員会・・・\n許せない・・・。%b	
96e8dfbe2f	1	35	16	%b	あっ！\n枯木が倒れて橋になったよ。%b	
9818937cd7	1	34	16	%b	カダールのアレクトリア大図書館？%b	
9a5142ee84	2	34	16	%b	この世界を、ボクたちで守るんだ！%b	
9acb2e31e3	1	35	16	%b	・・・あ、ああ。\nそれもそうだな。%b	
9af61b0990	1	35	16	%b	タタラじゃない！\nおかえりなさい！%b	
9c00c53ac2	1	34	16	%b	反対側の扉が開く仕掛けのようね。%b	
9e27af5381	1	34	16	%b	いや・・・実はそうでもないのさ。%b	
9e7034d716	1	32	16		ドリームラビリンスに入りますか？	
a0a64660e0	1	34	16	%b	うん・・・でも、僕、心配なんだ。%b	
a0ec6b9b88	1	34	16	%b	そんな知識を一体どこから・・・？%b	
a13482333b	2	33	16		ふん、来やがったか。\n何の用じゃ？	
a149c64082	2	34	16	%n	「%nS」を\n買いとれというのじゃな？	
a279a51a16	1	34	16	%b	いえ、わたくしには分かりますわ。%b	
a2b0300377	1	34	16	%b	あいつを倒すことだけを考えよう。%b	
a2b85c20cd	1	34	16	%b	１．パーティは８名までぞなもし！%b	
a381275633	1	35	16	%b	ぬおっ！\n橋がかかったのだ～ゼー！%b	
a4b688dcd1	1	34	16	%b	故郷のオルトマに帰ってるのかね？%b	
a6380612a9	1	34	16	%b	この石はなにかのスイッチでしか？%b	
a8de104e16	1	32	16		星陵郭で手に入れたアイテムです。	
a8e1da304a	1	32	16		自分のＨＰを仲間に受け渡します。	
aabf9012d1	1	35	16	%b	誰だか知らねえが、\n恩にきるぜっ！%b	
aae12645b6	1	32	16		聖なる力を持つ弓矢を放つ技です。	
ab3f2bc859	1	34	16	%z	%zもちろん、アスカとナズナなのね！	
ab7b3758a7	1	34	16	%b	そういえば、あなたは一体・・・？%b	
ab7c8223ac	1	35	16	%b	おやおや・・・\nまた来たんですか。%b	
acd15ab0b6	1	34	16	%b	ナズナは町より草原が好きなのね。%b	
ad341bfe2c	1	32	16		売れるものを持ってないようだが？	
ae7db95880	1	32	16		敵を操り人形のように操る術です。	
afbff8b05c	1	34	16	%b	仕掛けの方も反応が無いの、なの。%b	
affa983a29	1	34	16	%b	きっと無事に帰ってきて下さいね。%b	
b0ddc9da09	1	34	16	%b	アスカとは別なのね、なの・・・。%b	
b1cdb19c06	1	34	16	%b	きっと、カダール軍の仕業ですわ！%b	
b25b01a6f9	1	35	16	%b	どうもありがとう！\nタマモちゃん！%b	
b3428c93c0	1	35	16	%b	ええ。\nわたくしもそう思いますわ。%b	
b3a7507147	1	35	16	%b	ミュウ！\nカダールの兵隊がいるよ！%b	
b4aa0f2f1c	1	32	16		雷に対しての守りを高める盾です。	
b4e8b6018b	1	34	16	%b	もう陽動なんていってられないな。%b	
b61adaef6b	1	32	16		仟仟仟箱箱丐悛丐愨憫愨悛悛悛丐箱	
b6aa70550b	1	34	16	%b	・・・枯木はビクともしなかった！%b	
b7c20791fe	1	34	16	%b	どうして、そんなこと知ってるの？%b	
b925d9f70e	1	34	16	%b	・・・カムイ・・・戦って・・・。%b	
b97597a167	1	34	16	%b	すべては大事の前の小事にすぎん。%b	
b97a20027f	1	34	16	%b	ちょっと、あんた、聞いたかい！？%b	
b98b0b956e	1	32	16		そして、拙者が、商いをする、と。	
b9f9d17a8a	1	34	16	%b	・・・いったい、何のことでしか？%b	
ba25ce5c5a	1	34	16	%b	おお、ヒバリ、無事だったでしか？%b	
bc05ec4273	1	35	16	%b	蓬莱の珠は、\nもう設置してあるよ。%b	
bc164958d0	1	34	16	%b	ボクは自分の直感を信じてるんだ。%b	
bce38b59c6	1	34	16	%b	平和になって良かったのう・・・。%b	
bf8e278d6e	1	35	16	%b	だまれ！\nいいから出ていくのだ！！%b	
bf99172af6	1	34	16	%b	このままでは、通れそうにないね。%b	
c02e5797a2	1	34	16	%b	どっちにしろ僕じゃわからないや。%b	
c1d370b988	1	34	16	%b	これでこの国もひと段落付いたわ。%b	
c3d47b63a4	1	34	16	%b	大地の精霊が嘆き悲しんでいます。%b	
c43eb2df2b	1	34	16	%b	そのためにもオルトマへ急ごう！！%b	
c57669241a	2	34	16	%b	姫様、どうかこれをお受取下さい。%b	
c71d828c65	1	34	16	%b	時には退却する勇気も必要どすえ。%b	
ca4980687a	1	34	16	%b	どうやってリグロードに戻るんだ？%b	
ca901d4bb4	1	34	16	%b	確かに、その節は、失礼しました。%b	
cab7c10281	1	34	16	%b	世界はどうなってしまうのだろう。%b	
caf1a98e6e	1	34	16	%b	それを言うなら、夫婦喧嘩でしょ？%b	
cb8e82b6c0	1	35	16	%b	ここを進めば、\n奥の部屋があるぜ。%b	
cbb0d3ddda	1	33	16		あら？\n売るものがないようですよ。	
cbd83ad5bb	1	35	16	%b	どうしたらいいの？\n早く、教えて。%b	
ccafc2ec04	1	32	16		イシスのピラミッドに入りますか？	
cd51715237	1	35	16	%b	そして・・・\n・・・世界は永遠に、%b	
cf2c2cfb04	1	34	16	%b	あ、看板の裏に何か書いてあるよ？%b	
cf81680d14	2	33	16		まいどあり。\nほかに何か買うかい？	
d01b1e230c	1	34	16	%b	ねぇ、悪者はやっつけたんでしょ？%b	
d0426cab14	1	34	16	%b	あー、平和はよろしいなぁ・・・。%b	
d1a2be9661	1	32	16		巨大な剣です。攻撃力も高いです。	
d20b74826e	2	34	16	%b	我らを呼び出すための品でござる。%b	
d307f22364	1	34	16	%b	一体、何がどうなってやがるんだ！%b	
d36726e94b	1	34	16	%b	どこかにカギがあるってことかぁ。%b	
d417d24894	1	34	16	%z	%zじゃあ、ボク達は、これで・・・。	
d5f1b933ed	1	34	16	%b	世界はどうなってるのでしょうか。%b	
d6c67ddc4d	1	35	16	%b	７人委員会の計画を\n阻止しなきゃ！%b	
d6cb17c84c	1	34	16	%b	あ、待って、あたしも一緒に行く！%b	
d79692af79	1	35	16	%b	おひさしぶりですな、\nミュウ王女。%b	
d8054afec4	1	24	16		獄獄獄洽洽洽獄獄sqssrqpp	
d80d8f16c5	1	35	16	%b	ふーん、だ。\nア～ちゃんの意地悪！%b	
d81356c407	1	34	16	%b	で、どちらまで船を出しますかね？%b	
d889f5fd08	1	32	16		丐仟丐箱箱丐悛丐愨憫愨悛悛悛丐箱	
dbc0d16d03	1	34	16	%b	押しつづければ開きそうだ～ゼー！%b	
dbfb1316f8	1	34	16	%b	ほら、手拭。使うといいの、なの。%b	
dc1fa8fd71	1	34	16	%b	お前達の思い通りにはさせないゾ！%b	
dcd4fdc4b7	1	34	16	%b	イクシーズで見たのと同じでしね。%b	
dd39e9b763	1	33	16		おお！\n売っていただけるのですな。	
dd45a99c61	1	34	16	%b	・・・いったい、何のことなんだ？%b	
dd534303cb	153	39	16	%b %V0	　\n　\n　　　扉は開きませんでした。%b%V0	
dd7c43d059	1	34	16	%b	もしかして、子供達はもう・・・？%b	
ddb604d2fd	1	35	16	%b	そうだね。\nよく考えなきゃ・・・。%b	
ddf16ccf63	1	34	16	%z	%z年とともにシワも増えるの、なの！	
dfe26271c4	1	34	16	%n	「%nS」でいいの？\nマジで買うワケ？	
e1104025fd	1	34	16	%b	おじいちゃん、元気かなァ・・・。%b	
e11ca5d707	1	34	16	%b	いったい、どうしちまったのかね。%b	
e1280043e5	1	34	16	%b	体勢を立て直してもう一度いくよ！%b	
e1841a15ab	1	34	16	%b	もしかしたら、宝石だったりして！%b	
e2b1457520	1	34	16	%b	隠し金山のウワサを知ってるかい？%b	
e2f0dbb42c	1	34	16	%b	おやおや、たいそうな自信ですな。%b	
e2f9f80798	1	35	16	%b	ミュウ！\n待ちくたびれましたわよ。%b	
e3acc6eca8	2	33	16		まいどあり！\nほかに何か買うかい？	
e5720ebc27	1	34	16	%b	我らの野望を邪魔する者は許さん！%b	
e70651ac7e	1	34	16	%b	そんな・・・ことのために・・・？%b	
e738072c0a	1	34	16	%b	やることはぎょうさんありますわ。%b	
e81ee34f61	1	34	16	%n	「%nS」を\n売っていただけるのかの？	
e86ec66f21	1	34	16	%b	ここには何か仕掛けがありそうだ。%b	
e9e8b291f0	1	33	16		まいどありっ。\nほかに何か売るか？	
ea164f8280	1	34	16	%b	ミュウ・・・気をつけてね・・・。%b	
ec6cf36adb	1	34	16	%b	ミュウ、ラスティ飲むんじゃない！%b	
eca923c1cc	9	35	16	%b	わっはっはっはっ、\n残念だったな。%b	
ece788a070	1	34	16	%b	クィーンズランドのラスティです。%b	
ed0acca85c	1	34	16	%b	獣人って、一体、どんな種族なの？%b	
ed95d28a58	1	35	16	%b	ありがとう。\n世界は救われました。%b	
edaf40b80d	1	34	16	%b	「いい夢、旅気分～カダール編」１%b	
ee37bb70a5	3	33	16		まいどあり。\nほかに何か売るかい？	
ee6ce973b0	1	34	16	%z	%z・・・よ、よかったわね、ナズナ。	
ee9c374678	1	34	16	%b	７人委員会は建国以来の制度です。%b	
eed5a2d029	1	34	16	%b	あんたには分かるのかよ、カムイ？%b	
ef631acfb0	1	34	16	%b	「いい夢、旅気分～カダール編」４%b	
f01cd9f1ff	1	34	16	%b	・・・うん、ラスティ・・・うん。%b	
f152fd0db6	1	34	16	%b	そんな気をつかわなくてもいいよ。%b	
f1e408d4b2	1	34	16	%b	これは、あたしでも通れないわね。%b	
f2abc8c55a	2	33	16		よう、いらっしゃい。\n何にするね？	
f3231d8783	1	32	16		円を描く太刀筋で敵を斬る技です。	
f4026c7359	1	33	16		ああ、その金属で武器をつくりゃ、\n	
f5c3391945	1	34	16	%b	アローストーンを、入手しました。%b	
f78f4ddb53	1	34	16	%b	・・・それにしても、気になるな。%b	
f7ba827f47	1	34	16	%b	存分に光なす翼をお使いなされよ。%b	
fa7d86a09c	1	35	16	%b	不老長寿の宝、\n神仙の玉を持てば、%b	
faea8b9d49	1	34	16	%n	「%nS」を\n売ってくれるんですねっ？	
fafe72a9a0	1	34	16	%b	皆さんもありがとうございました！%b	
fc263263ac	1	32	16		どれを売っていただけますのじゃ？	
fca21910a8	1	35	16	%b	へい！\nどこへなりとも参りますぜ！%b	
fed854fb23	1	34	16	%b	よう、また会ったな、クソったれ！%b	
fee66082ba	1	35	16	%b	鳥は風に乗る。\n天の高みを目指す。%b	
ff1ca44210	1	35	16	%b	感動～！\nミュウが珍しく優しいっ！%b	
ff7b5117f6	1	33	16		ごゆっくりごらんくださいませ～☆\n	
0014adcae3	1	32	15	%b	この町には、闘技場があんねん。%b	
007edf13b7	1	33	15	%b	くッ！\nラ・・・ラスティ・・・！%b	
01fbd00691	1	32	15	%b	どうしてあんな風に言われるの？%b	
022bdcf90e	1	32	15	%b	７人委員会が倒されたそうだよ。%b	
044649533b	1	32	15	%b	世界が平和になって良かったよ。%b	
05f4e77ae4	1	32	15	%z	%zアスカ、さよなら、なの・・・。	
0761c5fd65	1	33	15	%b	よう、\nさっきは世話になったな。%b	
08d2c887e8	1	32	15	%b	カードのチェンジはするかしら？%b	
0ab4221512	1	32	15	%b	地震ってのは、いやなもんだな。%b	
0b2c66d962	1	32	15	%b	ハイランドに行き着くためには、%b	
0c30d94004	1	32	15	%b	亡くなったようですわね・・・。%b	
0cbf99ee73	1	32	15	%b	そ、それだけは勘弁してたもれ。%b	
0da6a029fb	1	33	15	%b	ははァ！\n一命にかえましても！！%b	
0df6fdc2ac	1	31	15		らっしゃい！\nどういった要件で？	
0e65e97b44	1	33	15	%b	わかった。\n頼んだよ、ファルコ。%b	
0ef693d329	1	30	15		何をお売りくださるのでしょう？	
0fee06f654	1	32	15	%b	ヒバリは元気にしてるでしかね。%b	
1077a4d03c	1	33	15	%b	くっ・・・、\nまだ開かないのか！%b	
10e87c29ac	1	31	15		どーも。\nほかに何か売るのかね？	
1103f95be4	1	33	15	%b	・・・ほっ。\n女の子かぁ・・・。%b	
12205962ae	1	31	15		\n何を売っていただけますかのゥ？	
13c83fc73f	1	32	15	%b	ここで諸君を徹底的に粉砕する！%b	
146ffdc03a	1	30	15		ごゆっくりごらんくださいませ。	
176879f380	1	31	15		やめるのね、ハイハイ。\nほかに？	
17e790fbdb	1	32	15	%b	で、こっちにいるのがラスティ。%b	
18336a879d	3	31	15		へい、まいどっ！\nどんな用だね？	
191421fd84	1	31	15		まいど！\nほかに何か売りまっか？	
1944efe665	1	32	15	%b	ディアーネさん、ありがとう！！%b	
197811df9b	1	32	15	%b	裏切り・・・者・・・め・・・！%b	
19e6f8c347	1	33	15	%b	へぇ、おこしやす・・・。\nあっ！%b	
19f69d76d3	1	32	15	%b	ミュウ、無事でいてくれ・・・。%b	
1d7435a04f	1	33	15	%b	ウワサではないぞ。\n本当にいる。%b	
1db26efc8d	1	32	15	%b	リグロードに帰ってきたんだ！！%b	
1ea9e0ccbe	1	32	15	%b	ミュウは、マラカイトを見せた。%b	
1fbff11698	1	32	15	%b	さ、はやく脱出するのだ～ゼー。%b	
1fe6872d32	1	32	15	%b	いざって時は頼りにしてますよ。%b	
21e01404b1	1	32	15	%b	悪は自らを滅ぼすと言われます。%b	
2293041e63	1	33	15	%b	いらっしゃい！\nあんたたちだろ？%b	
2326b1dafa	1	30	15		下降して、低空飛行に移ります。	
242737560e	1	32	15	%b	・・・そうか、苦労したんだな。%b	
247f92eb7e	2	32	15	%b	あれは、７人委員会なの、なの！%b	
24c9067f86	1	32	15	%z	%zラスティのくせに、生意気だゾ☆	
2767728961	1	32	15	%b	本当に・・・それでよろしくて？%b	
27cfc93d59	1	32	15	%b	ラスティ・・・その手はなぁに？%b	
2842573d6e	1	32	15	%b	おやまぁ、そいつぁ残念だねえ。%b	
294f0e2754	1	31	15		まいど！\nほかに何か買いまっか？	
2a73bd6ffa	2	32	15	%b	またいらっしゃってくださいね。%b	
2bc27678ef	1	32	15	%b	アスカはあたしのモンなのよ！！%b	
2d1487fa6b	1	30	15		何を売っていただけるのかしら？	
2d1b6d8161	1	33	15	%b	あれ？\n他にも何か書いてあるゾ。%b	
2e85653f2d	2	32	15	%b	あれが７人委員会なのだ～ゼー！%b	
2ee790ff9e	1	32	15	%b	そんなことより、消火が先だよ！%b	
30dcfca885	1	32	15	%b	君達のおかげだよ、ありがとう。%b	
319a7b4c7c	1	33	15	%b	さっ！\n帰りましょ、ア～ちゃん。%b	
31ec015368	1	32	15	%b	・・・こわしてしまいましょう。%b	
325dec2900	1	32	15	%b	へぇ、おっちゃん、物知りだね！%b	
32bce8b28b	1	32	15	%b	まずはこの敵を何とかしようよ。%b	
32f22d1aca	1	32	15	%b	へへへ、愛されちゃってるねぇ。%b	
332378bf94	1	32	15	%b	ここが、ドラグーン城か・・・。%b	
338f19b6e3	1	32	15	%b	一体、どうすれば開くんだろう？%b	
33ec47d4da	1	33	15	%z	%zどうしたの？\n忘れ物でもしたの？	
344b987084	1	32	15	%b	ならば、力ずくで聞き出すまで！%b	
35250e84cd	1	32	15	%b	アンジュは、とりあえず諦めた。%b	
3b0a481c88	1	32	15	%b	俺っちは火を消しにいくでし！！%b	
3b878ed3ac	1	32	15	%b	いくら両替してくれるのかしら？%b	
3cd8840f96	1	32	15	%b	アスカはナズナのものなのねっ！%b	
3eba993ad2	1	33	15	%b	うん。\n見てるだけで楽しいよね。%b	
3f153c2fd5	1	32	15	%b	コルベツアー社を知ってるかい？%b	
3f9f7d695b	1	33	15	%b	皆さん！\n大変な事になりました。%b	
407ba9b7b7	1	32	15	%b	我らの幻術の霧をうち破るとは！%b	
4083bca710	2	30	15		何も売るものがないようじゃが？	
413b489e55	1	32	15	%b	あ、ああ、そうか・・・すまん。%b	
420ed659f4	1	32	15	%b	どうもありがとうございました。%b	
42b52453aa	1	32	15	%b	兄ともどもお礼を申し上げます。%b	
42ede8cefe	1	32	15	%b	多少の流血はやむをえませんよ。%b	
439568cf3c	1	32	15	%b	それよりも、今後のことだがな。%b	
457b2375d3	1	30	15		売れるものなんか持ってないぜ。	
470d0f164e	1	32	15	%b	いいじゃない、許してあげれば。%b	
492c828d47	1	32	15	%b	・・・がやっぱり開かなかった。%b	
49982b7f55	1	32	15	%b	世界が平和になってよかったよ。%b	
49a1b8bf1b	1	32	15	%b	確かに、めったにない機会だぜ！%b	
4a3c2bf393	1	33	15	%b	うん・・・。\n行こう、ラスティ！%b	
4a3f2c1f21	1	33	15	%b	ええ。\n光翼船イクシーズ・・・。%b	
4be81f5f92	1	32	15	%b	何ワケのわからんことを・・・。%b	
4c748673c9	1	30	15		小さな竜巻を発生させる技です。	
4e2deb47b1	1	32	15	%b	水を運んでいるんだけど・・・。%b	
4e41c910ba	1	32	15	%b	命中率がずいぶん上がるからな。%b	
4f1e002a55	1	32	15	%b	弟さんの行方はわかりましたか？%b	
4f6f760bca	1	33	15	%b	ホント、\nハレハレガッコンよね。%b	
522d149a7d	2	32	15	%b	どうか、お持ちになって下され。%b	
52be2a62cd	1	32	15	%b	いや、な、何でもないのですよ。%b	
534f81be18	1	32	15	%b	後のことは僕たちにまかせてよ。%b	
53f14bf7df	1	32	15	%b	愛情のなせるワザってとこかな？%b	
54ec5654cf	2	32	15	%b	ザコはひっこんでればいいのに。%b	
55184b0751	1	32	15	%z	%zリグロード大陸、ドラグーン城。	
57244f1cdf	1	32	15	%b	それがまぁ、名前の由来なんだ。%b	
5746326a2f	1	32	15	%b	我らの計画は最終段階に入った。%b	
57a6a7b846	1	32	15	%b	きっと、これがマラカイトだね！%b	
582fc43338	1	32	15	%b	魔法は精神力を奪っていくんだ。%b	
5a2941aa5b	1	32	15	%b	なんだよ、ただの壁じゃねぇか。%b	
5b5be98ea3	1	32	15	%b	これで、ハイランドに行けるゼ！%b	
5bb96e7361	1	33	15	%b	・・・あ、あれ？\nここは・・・？%b	
5c37ca6f11	2	33	15	%b	そうかい。\nまた、よっておくれ。%b	
5ce8806859	1	32	15	%b	一体どうなるんだ、ラスティは？%b	
5d7b193a8a	1	30	15		上昇して、上空飛行に移ります。	
5ed4ad7338	1	32	15	%b	なんせ、そのための１本道だゼ。%b	
5f3312d63f	1	33	15	%b	む～！！\nアスカにくっつくな～。%b	
5f77c0c6a9	1	32	15	%b	カダール兵め・・・許さないぞ！%b	
5f7c59a93f	8	33	15	%b	わはははははは、\n残念だったな。%b	
603bc5de76	1	32	15	%b	そこんところが問題なのよねェ。%b	
625987de5f	1	32	15	%b	この大水桶を壊せばいいのだな。%b	
6299961999	1	32	15	%b	・・・なんだか、かわいそうだ。%b	
6541df1f9c	2	31	15		残念だよ。\nほかに用はあるかい？	
6589cdc105	1	32	15	%z	%zそういうこと言う口は、こうだ！	
670e4f1a8e	1	32	15	%b	じゃあ、僕も書いておこうかな。%b	
692d1036bc	1	32	15	%b	何回も、「調べる」の、なのね！%b	
69c2234149	1	32	15	%b	お父様、見守って下さい・・・。%b	
6a8d354f98	1	31	15		まいどあり～。\nほかに何か買う？	
6ac8295999	1	32	15	%b	枯木で谷に橋がかかりましたわ。%b	
6c14e5bd6b	1	31	15		よう、らっしゃい。\n何にするね？	
6c46e5cdcd	1	32	15	%b	あそこから奥に行けそうですわ。%b	
6d0a3125a0	1	32	15	%b	念のために説明をしておこうか？%b	
6fa948e426	1	33	15	%b	おい、ユーカリ！\nしっかりしろ！%b	
70cc173930	1	32	15	%b	何故、そのような些末なことを？%b	
71d8cebf1d	1	31	15		４回目を踏んでしまいましたよ。\n	
73fed5b7a4	1	32	15	%b	アレクトリア図書館にようこそ。%b	
746776ca58	1	33	15	%b	これが大水桶ね！？\n壊すわよ！！%b	
748f9234c1	1	32	15	%b	馬鹿とは言ってないけど・・・。%b	
76aaf520c4	1	32	15	%b	ナズナだって、ナズナだってっ！%b	
772bc6e480	1	32	15	%b	ミュウ・・・大丈夫かな・・・。%b	
78214e038c	1	30	15		ゆっくり見ていっておくれよし。	
788a681127	1	32	15	%b	思わぬ大怪我をすることになる。%b	
78c43a410c	1	33	15	%b	そ、その声は・・・\nガルザード！%b	
7a12f7b993	1	32	15	%b	それがどうしたとおっしゃるの？%b	
7aa64ca806	1	33	15	%b	じゃあ、出航するよ。\n出航用意！%b	
7ab7c8aaf8	1	32	15	%b	【荒魂の宝剣】を入手しました。%b	
7c7f4dc402	1	33	15	%b	きゃー、\n超ハレハレガッコン！！%b	
7cb8849d71	1	31	15		まいどあり！\nほかに何か売るか？	
7d94617f8c	1	32	15	%b	このままだと、大変な事になる！%b	
7e16ab2aa0	1	32	15	%b	でも、浮気だけは許さないわよ！%b	
7ed69162d7	1	32	15	%b	俺様の名前は、キングだ～ゼー！%b	
7f3eda4cee	2	32	15	%b	ア～ちゃんってば照れやさんっ☆%b	
80c7603bbf	1	31	15		まいどあり～。\nほかに何か売る？	
814dd77c0c	1	32	15	%b	これも村のためだ、堪えてくれ。%b	
8249a2ab03	1	32	15	%b	何回も、「調べる」しかないよ。%b	
829f1cfbbe	1	31	15		\nどれを売っていただけますかの？	
82d48c0f7b	1	32	15	%b	よし、堂々と胸を張って行くか！%b	
859fa919aa	1	33	15	%b	何だ・・・！\nああ、あんた達か。%b	
8689b7090b	1	32	15	%b	どこか行きたいとこはあるかい？%b	
86b3afca63	1	32	15	%n	「%nS」でっしゃろ。\n買うアルか？	
86f920fbb3	1	32	15	%b	どうやら特に害はないみたいだ。%b	
879c83d699	1	32	15	%b	人生って苦労の連続よね・・・。%b	
87be53be5d	1	33	15	%z	%zナズナ。\nおまえと離れたくない。	
88297c4629	1	32	15	%b	人が心配してるのに・・・何よ！%b	
89425127f1	1	31	15		不用になった物を、引きとるぜ。\n	
8990e3aab1	1	32	15	%b	カダールの海の玄関口ですもの。%b	
89f59a5a93	1	32	15	%b	正面きって戦っても負けないよ！%b	
8a799bfb87	1	32	15	%b	そうなんでしょ、そうなんスね？%b	
8a8c119dca	1	32	15	%b	これじゃ仕事になりゃしないよ！%b	
8ba63b27c7	2	30	15		売れるものはないようですけど？	
8e52d29367	1	32	15	%b	まぁ、何にしろ無事でよかった。%b	
8e99f5803d	1	33	15	%b	ありがてぇ！\n・・・こ、これは！%b	
8e9aef1e8f	1	32	15	%b	悪いが、そいつは無理な相談だ。%b	
8ea2ec414a	1	33	15	%b	くっ・・・、\nまだ開かないの？！%b	
8ef27fbef1	1	32	15	%b	あんた、ミュウに惚れてんだろ？%b	
8f228194c6	1	31	15		\nどれを買うていただけますかの？	
91ec1a0708	1	33	15	%b	え？\nゆ、許していただけるので？%b	
948431abc6	1	32	15	%b	思念は、時を越えて生き続ける。%b	
94f7d0b656	1	32	15	%b	思ったよりも手ごわいですわね。%b	
9537d65bb7	1	32	15	%b	・・・いったい、何のことなの？%b	
95ce8a7427	1	32	15	%b	ようやく、この先が星陵郭よね。%b	
98398fe26a	1	33	15	%b	で、\nこれからどうするつもりだ？%b	
98ceb59dd9	1	32	15	%b	なんだとは、ご挨拶じゃないの。%b	
98e2b2c0f0	1	32	15	%b	なんでも、流派は我流ですとか。%b	
995f45f61f	1	32	15	%b	宝剣は外れないみたい、なのね。%b	
99eedb3051	1	32	15	%b	我らの眠りを覚ますのは何者だ！%b	
9ab19af9c1	1	32	15	%b	その時一陣の風が、吹き抜けた！%b	
9aceddb6a8	1	32	15	%b	さっきのおかえしをしてやるぜ！%b	
9c8390e5d2	1	32	15	%b	では、この森を再び封印します。%b	
9e6dcef2cb	1	32	15	%b	へぇ、これが飲み屋かぁ・・・。%b	
9eb42e2345	1	32	15	%b	そんなわけにはいかない・・・。%b	
9ef699dbf5	1	31	15		どーも。\nほかに何か買うのかね？	
9f83bc922c	1	30	15		影共々に敵を斬る暗黒剣技です。	
9fe514f9d3	1	33	15	%z	%zさぁ、アスカ！\nどっちを選ぶの！	
a2b8c3d4e9	1	32	15	%b	じゃあ、一体どうすればいいの？%b	
a2d180aba6	1	32	15	%b	あそこで探りを入れちゃどうだ？%b	
a2e5bd5efa	1	32	15	%b	まぁ、たった一人の妹だからな。%b	
a35bb92030	1	32	15	%b	怪物にも情ってあるのんやろか？%b	
a4c0222203	1	32	15	%b	入ってみないとわからない、か。%b	
a4d34fa84b	1	32	15	%b	いや、オレ達は別に何も・・・。%b	
a5f23ada03	1	32	15	%b	・・・どーしてだまってるのさ！%b	
a6b1e6e103	1	32	15	%b	あなた達こそ、本当の英雄です！%b	
a9b4327568	1	32	15	%b	わかった、あたしに任せときな！%b	
aca30ca9a5	1	32	15	%b	敵を倒したら、訓練は終りだよ。%b	
ad35cadf1c	1	32	15	%b	アローストーンとマラカイトか。%b	
ad453fcae4	1	32	15	%z	%zラスティのくせに生意気・・・。	
ad48b70c0d	1	32	15	%b	もう、いつでもお嫁にいけるわ。%b	
af0cf2b1f7	1	30	15		高確率で敵の攻撃を回避します。	
b01054ebe9	1	32	15	%b	ここは、私一人で行くとしよう。%b	
b07a9df310	1	34	15	%b %h	男は何も言わずその場に倒れた。%b%h	
b0e5275230	1	32	15	%b	あの娘にかわってお礼を言うよ。%b	
b171e4eab2	1	32	15	%b	ディアーネ殿、いかがなされた？%b	
b366de347b	1	32	15	%b	ぜひともお仲間に入れて下され。%b	
b5a5b73f36	1	32	15	%b	蒼のパールという宝石があるわ。%b	
b74b53105d	4	32	15	%n	「%nS」を\n買いとればいいんだね？	
b788bf36e7	1	33	15	%b	計画・・・？\n何を言ってるんだ？%b	
b8420de45c	1	32	15	%b	ふゥ・・・。やっとついたでし。%b	
b8484aa25d	1	32	15	%b	ずーっとこの村にいるんでしょ？%b	
b852f89a0d	1	32	15	%b	ミュウはいきさつを話しました。%b	
b944c7c7bc	1	32	15	%b	コインを景品に交換するかしら？%b	
b96be77d4f	1	32	15	%b	あの事、まだ気にかけてたんだ。%b	
ba33b91211	1	32	15	%b	もうアンタなんか用なしなのさ。%b	
ba936296ac	1	33	15	%b	なにこれ？\nあたし、わかんない。%b	
bb7e1ca755	1	32	15	%b	・・・怖い考えになっちゃった。%b	
bb9bde19d4	1	32	15	%b	イクシーズは無事でござるか！？%b	
bdc555a258	1	32	15	%b	本は、道具屋に売っていますよ。%b	
bdc82d7da1	1	32	15	%b	・・・ば、馬鹿、何言ってんだ。%b	
be283dd1af	1	32	15	%b	これが水晶柱・・・きれいねぇ。%b	
be7c6de6a5	2	30	15		売れるものはないようでござる。	
c11e2bb793	1	32	15	%b	カダールに行くとか言ってたよ？%b	
c5300b2a96	1	32	15	%b	どうにかたどりついたようだな。%b	
c5e5fa1ed5	1	33	15	%b	平気。\nア～ちゃんが一緒だから。%b	
c76228740b	1	33	15	%z	%zい、いえ。\nなんでもありません。	
c79092e26a	1	32	15	%b	世界はどうなっているんだろう。%b	
c9a637b5a9	2	31	15		ごゆっくりごらんくださいませ。\n	
ca13768219	1	32	15	%b	・・・だが、どうも、ヘンだな。%b	
cb2958bf18	1	32	15	%b	わからないことばっかりなのね。%b	
cbe20d8d3b	1	31	15		まいどあり！\nほかに何か買うか？	
cce2e7d469	1	32	15	%b	それが結界洞と呼ばれる由縁さ。%b	
cce9bcd54f	8	32	15	%b	ここは栄光への近道、闘技場サ。%b	
cfa7f54b0e	1	32	15	%b	絶対、無事に戻ってきてやるぅ！%b	
d0b7a9a62e	1	32	15	%b	おいおい、そんなに持てねぇぜ。%b	
d108e20757	1	32	15	%b	・・・ああ・・・兄さん・・・。%b	
d135840dc7	1	32	15	%b	ヤマタイ・・・ば、万歳・・・。%b	
d216979fbd	1	32	15	%b	さすがは兄上、ご明察でござる。%b	
d29e5c8ab7	1	32	15	%b	平たく言えばそうなりましてよ。%b	
d463a2f8ea	1	30	15		敵を焼き払う炎を吹き出します。	
d557524ac4	1	32	15	%b	カムイ様、おかえりなさいませ。%b	
d719db526f	1	32	15	%b	【八坂の勾玉】を入手しました。%b	
d7285f271e	1	32	15	%b	ドラグーンの竜騎士ミュウです。%b	
d72f4a980c	1	32	15	%b	わたくしは「アンジュ」ですわ。%b	
d7b8ee2de0	1	33	15	%b	【真実の指輪】を\n入手しました。%b	
d8b9e017cd	1	32	15	%b	このまま世界は滅ぶのか・・・。%b	
da0b23121c	1	32	15	%b	しかし、それでは人質が・・・。%b	
da3c0f45c8	1	32	15	%b	わー、大変じゃ、大変じゃーっ！%b	
da4d6e7534	1	32	15	%b	一人の方が気楽なんだが・・・。%b	
da9e1842a3	1	32	15	%b	・・・まずは一安心でござるな。%b	
dd60228f5e	1	32	15	%b	ここに７人委員会の連中がいる。%b	
dd828f51af	1	32	15	%b	だめだ、今からでは間に合わん！%b	
ddb7343d4d	1	33	15	%b	そうですか。\nまた来てくだされ。%b	
e1719a052d	1	32	15	%b	これは仕掛け扉なのだ～ゼー！！%b	
e1e2a2fda9	1	31	15		へい、らっしゃい。\nどんな用で？	
e232551849	1	32	15	%b	それがすごくイヤな感じなんだ。%b	
e248a098cc	1	32	15	%b	シラナミが仲間に加わりました。%b	
e47fa0831c	1	32	15	%b	それが、会うなり言うことなの！%b	
e4b92ff4b0	1	33	15	%b	しまった！\n橋が落されてやがる！%b	
e53e6affe4	1	32	15	%b	ユーカリ姉様が、心配してたよ。%b	
e598f41ed1	1	30	15		たっぷりと水の入った水桶です。	
e5dfd805ca	1	32	15	%b	本当、まるで眠ってるみたいだ。%b	
e633207177	1	32	15	%b	私がふがいないばかりに・・・。%b	
e715390025	1	32	15	%b	そこも滑りやすくなっているぞ。%b	
e735d69a9d	1	32	15	%b	これが魔法球なのかなぁ・・・。%b	
e822034dc4	1	31	15		\n何を売っていただけるのかしら？	
e83a3f6a31	2	32	15	%n	「%nS」か。\nさっそく、買うかい？	
e9fd682eb3	1	32	15	%b	もちろん、お代はタダでいいさ。%b	
eabc8b1f94	1	32	15	%b	くそ・・・どうすればいいんだ。%b	
eb8c062492	1	32	15	%b	もうカダーユは倒したのよのさ。%b	
ed474bdedd	1	32	15	%b	よし、いっちょ押してみるか！！%b	
ed5114784f	1	32	15	%b	少しずつなら動くようですわね。%b	
ed68a63f1a	1	33	15	%b	あ、タタラだ！\nおかえりなさい！%b	
ed8a5bf493	1	33	15	%b	ここは・・・\nリグロード大陸だ！%b	
ee5f5c24a6	1	32	15	%b	・・・で、それはどこにあるの？%b	
f00cc6702c	1	31	15		やめちまうのかい。\nほかに何か？	
f17e11a6d0	1	32	15	%b	うふ、悪くない勝負だったわよ。%b	
f1c0427350	1	32	15	%b	そう簡単にはいかねぇらしいな。%b	
f29efb9247	1	31	15	%n	「%nS」を買い取っていいんだな？	
f3bcb7c7cd	1	32	15	%b	お、おい、何で黙ってるんだよ。%b	
f77ded8cc6	1	32	15	%b	一体、何が起こってるんだろう？%b	
f79d0fbe9b	1	33	15	%b	判ってる！\n判ってるけど・・・。%b	
f921cfb008	1	33	15	%b	まさか・・・。\n奴等の仕業か！！%b	
f9f3c3b3d0	1	30	15		ごゆっくりごらんくだせぇやし。	
fb05890f82	1	32	15	%b	何回も、「調べる」しかないね。%b	
fb0d9fdc12	1	32	15	%b	ヒバリちゃんを安心させてやれ。%b	
fb36a749bc	1	32	15	%b	もちろん、助けに行くんだろ？！%b	
fc2f6a6620	2	31	15		おや？\n売るものがないようだぜ。	
fc3494df56	1	32	15	%b	お前達、死んだはずだ～ゼー！！%b	
fe09890d75	1	32	15	%b	おい、ラスティ、しっかりしろ！%b	
fef725bb54	1	33	15	%b	そんなっ、\n君はどうするのっ！？%b	
ff170a3fcb	1	32	15	%b	よし、ここから外にでられるぞ！%b	
ffaecac979	2	31	15	%n	「%nS」を売ってもいいんじゃね？	
00958362b0	1	30	14	%b	なにかやばそうな雰囲気だな。%b	
00c79fb88f	1	31	14	%b	あら、本気よ。\nうふふ・・・☆%b	
01a2c9c9fa	1	30	14	%b	あら、コインが足りないわよ。%b	
0247af05a2	1	30	14	%b	そして、お父様の意思を継ぐ！%b	
02df55ba0c	1	30	14	%b	僕に手助けさせてもらえない？%b	
0307c49e4e	1	30	14	%b	安心してママごともできへん。%b	
031a958d45	1	30	14	%b	さて、どうしたものか・・・。%b	
04bb9a2c8c	1	31	14	%b	うん。\n気をひきしめて行こう！%b	
05312af4c6	2	29	14		あら、やめるの。\nほかに何か？	
054aae3ea5	1	30	14	%b	さあ、ミュウ、乗った乗った！%b	
08c231a99d	1	30	14	%b	・・・なるほど・・・それで？%b	
08c8da2386	3	29	14	%b	ま、また揺れたでござるな！ %b	
0945360802	1	30	14	%b	アスカが仲間に加わりました。%b	
0b2b0450a6	1	30	14	%b	橋でもあればいいのに・・・。%b	
0c0eed3eea	1	30	14	%z	%zオレはカボチャかなんかか？！	
0daa32ebd7	1	30	14	%b	では汝らに光なす翼を託そう。%b	
0dff5b9d05	1	28	14		熊に変化することができます。	
10055c4ca8	1	30	14	%b	アスカ、お願い、落ちついて。%b	
105eee3ab7	1	29	14		売りに来ていただけましたの？\n	
1114b6f43e	1	30	14	%b	みんな仲が良くていいでしね。%b	
125f9e62ae	1	31	14	%b	見ろ！\nあんなところに通路が！%b	
1289556329	1	30	14	%b	それと式神と何か関係あるの？%b	
1352cc6986	1	29	14		どーも。\nほかに何か売るのか？	
139d2f9a77	1	28	14		そうか！　売りに来たんだな。	
13b42d5b4e	1	30	14	%b	頭使ってナンボのもんですわ。%b	
150f15b0dc	1	30	14	%n	「%nS」を\n買えばよろしいんで？	
15a055aa35	1	30	14	%b	じゃあ、もうしばらく待つよ。%b	
15d72c4520	1	30	14	%b	オレの名は、飛ぶ鳥のアスカ。%b	
17556eb274	1	30	14	%z	%zねぇ、お父様、いいでしょう？	
18a2d4b1da	1	33	14	%b %h	警告！\nここから先、試練の迷宮%b%h	
19c7286411	1	29	14		\nどれをお売りくださりやすか？	
1a021ec694	1	30	14	%b	なんだか他人に思えねぇんだ。%b	
1a23d38049	1	30	14	%b	これが魔法球のようですわね。%b	
1c0690620d	1	28	14		↓↓↓セーブデータ補正↓↓↓	
1da4405264	1	30	14	%b	なぁ、教えてくれよ、カムイ。%b	
1f04dfb38c	2	30	14	%n	「%nS」だな。\nそれにするかい？	
1f5b088f9e	1	30	14	%b	胸を張っていこうぜ、ミュウ！%b	
1f83e54a37	1	30	14	%b	ちょ、ちょっと、ラスティ！？%b	
22706ff6f2	1	30	14	%b	ナズナ洞って知ってるかしら？%b	
22e842952e	1	29	14		武器を買っていただけますの？\n	
23118ce963	1	30	14	%b	そうよ、責任者出てきなさい！%b	
24ce596e77	1	30	14	%b	これ、憶えておくといいわよ。%b	
24da2b05f6	1	30	14	%b	ミュウは、とりあえず諦めた。%b	
272a9ee1be	2	31	14	%b	できた！\nこれでいいんだよね。%b	
274763e54a	1	30	14	%n	「%nS」ですな。\n買わはります？	
286fccc444	1	30	14	%z	%z・・・竜騎士は・・・退かぬ！	
288cd2ddbf	1	30	14	%b	今、ちょっとバカにしたやろ？%b	
2bb4f6354a	1	30	14	%b	向こう側の敵はボクに任せて。%b	
2bebfe3018	1	32	14	%b %h	ヤマタイにおるとするならば、%b%h	
2d77a8f85d	1	30	14	%b	いったい、どうなってやがる！%b	
2dccc2f3b0	3	30	14	%n	「%nS」を\n売ってくれるのかね？	
2dd0372426	1	30	14	%b	イベントを試したいってワケ？%b	
2e4e90962f	1	30	14	%b	これでハイランドに行けるね！%b	
2e77b4a999	1	30	14	%b	【天邪の鏡】を入手しました。%b	
2fdbcd365c	1	30	14	%b	ずっと待ってたんだからァん。%b	
2fe94206a2	1	30	14	%z	%zああ、俺達が、勝ったんだ！！	
3022e97673	1	30	14	%b	わたくしも言いすぎましたわ。%b	
30610602a2	1	31	14	%b	お前は！\n７人委員会はどこだ！%b	
316565c829	1	31	14	%b	ウィスコ著、\n「魔法科学入門」%b	
325a050ffc	1	30	14	%b	そうか・・・残念だな・・・。%b	
3293e91d76	1	31	14	%b	バッチリだよ！\n見てよ、これ！%b	
32f4e301c9	1	31	14	%b	・・・うん。\nそれもそうだね。%b	
3375d29a6f	1	30	14	%b	そして・・・もうすぐ・・・。%b	
33d3da8d4f	1	31	14	%b	アンジュ様！\nご無事でしたか！%b	
33eb9621e4	1	30	14	%b	どうやって下まで下りるかな。%b	
343be9b1c8	1	30	14	%b	ここから外に出るの、なのね。%b	
349cfb50de	1	30	14	%b	ミュウのことはどうする気だ？%b	
358eb63e41	1	30	14	%b	・・・いったい、何のことだ？%b	
36df1d38ad	1	30	14	%b	ちえっ、ひでえ言いぐさだな！%b	
3717442212	1	31	14	%b	とにかく！\n行くよ、みんな！！%b	
374c44148c	1	28	14		何を買ってくれるんですかの？	
37d3f5abf0	1	30	14	%b	って、言われてもなァ・・・。%b	
37ebc0c71c	1	30	14	%b	どうもありがとうございます。%b	
383fc6998f	1	29	14		まいど。\nほかに何か買うかい？	
387c5dec6f	1	30	14	%b	して、その方はなんといたす？%b	
395ead2efa	1	30	14	%b	ガルマンオーブを手に入れた。%b	
39faa1fe0f	1	30	14	%b	港町オルトマの前でござるよ。%b	
3a51ef7356	1	30	14	%b	魔法球は壊すには及ばねぇな。%b	
3aa84527c7	1	30	14	%b	小さくなる必要なんかねぇよ。%b	
3e2601a8ed	1	30	14	%b	思い・・・何のことだ～ゼー？%b	
3e401276ba	1	30	14	%b	それはそうでござるが・・・。%b	
3ecf021f87	1	31	14	%b	おお、助かった！\n助かったぞ！%b	
41d7889129	1	30	14	%b	考えられないことじゃないね。%b	
422f9952af	1	30	14	%b	ナズナも、力を貸すの、なの！%b	
4257235b1a	1	30	14	%b	俺っチどうすればいいでしか？%b	
42803e3241	1	31	14	%b	なんだ！\n何が起こってるんだ！%b	
42a15dc52c	1	30	14	%b	まあ、繁盛してるみたいだな。%b	
44b79a6cbd	1	30	14	%b	アンジュは枯木を押してみた。%b	
44e9190c6f	1	30	14	%b	なるほど、うまいこと言うぜ！%b	
46e9baa2a3	1	30	14	%b	何度見ても、いやな風景だね。%b	
4926de3185	1	30	14	%b	おい、ミュウ、大丈夫なのか？%b	
4b4855612d	2	30	14	%b	この水晶柱のせい、なのなの？%b	
4ca7d35b18	1	30	14	%b	アンジュさん大丈夫でしか！？%b	
4d93008938	2	29	14		\nして、何をお求めでござるか？	
4dcdcb1163	1	28	14		地下図書閲覧室に入りますか？	
4f93c354e9	1	28	14		古代遺跡の扉を開くカギです。	
5081c0dc22	1	30	14	%b	ひとつだけ、聞いていいかな？%b	
541973c15a	1	30	14	%b	確かに持ってはいるが・・・。%b	
565ab184ec	1	30	14	%b	何回も、「調べる」しかねぇ。%b	
568028bcc4	1	31	14	%b	片方はドリームラビリンスに、%b\n	
56e7990fda	1	28	14		売りに来ていただけましたの？	
56fe57e17c	1	30	14	%b	わたくし、服が見たいですわ。%b	
5734da9036	1	30	14	%b	どうしてこんなことを・・・。%b	
588ef37b97	1	28	14		電撃を宿した爪で攻撃します。	
590433d51f	1	30	14	%b	あんた達だけでも戻れるだろ。%b	
597a9abc8a	1	30	14	%b	カムイが仲間に加わりました。%b	
5a5d9a8815	1	29	14		どーも。\nほかに何か買うのか？	
5a69c9b85c	1	30	14	%b	負け犬の遠吠え・・・ですか。%b	
5aab843519	1	30	14	%b	リグロードが、世界が危ない！%b	
5d17387335	1	30	14	%b	ドラグーン王国を知ってるの？%b	
5f71f62cb7	1	31	14	%b	まぁ！\n伝説の魔導士ですって！%b	
613883260d	1	30	14	%b	やっぱり誰もいないみたいだ。%b	
61e6a3c0fa	1	28	14		お？　売るものは無ぇようだ。	
61eac6d26d	1	31	14	%b	皆さん、\n忘れないでください。%b	
6296b31e9d	1	30	14	%b	まったく、ありがたいこった！%b	
62ffc2c942	1	30	14	%b	ヨモギちゃんがかわいそうよ。%b	
63570fac31	2	28	14		売りに来られたと申されるか。	
643c62ed96	1	30	14	%b	僕も空を飛べたらなぁ・・・。%b	
6529a8477e	2	29	14		まいどあり！\nほかに何か売る？	
6549065b68	1	28	14		グラビティの町に入りますか？	
65dfa165ae	1	30	14	%b	そこは、炎が吹き出してくる。%b	
666bf57ce4	1	30	14	%b	よし、オレの部下達はどこだ？%b	
66b3a708ca	1	29	14	%b	こ、この地震はいったい？！ %b	
66d78d7ba3	1	30	14	%b	ナズナが仲間に加わりました。%b	
66e243630d	1	30	14	%b	・・・わかってないでしょう？%b	
691c7e7297	1	30	14	%b	・・・恥ずかしいじゃないか。%b	
69c98d4915	1	30	14	%z	%zでは、もう一度挑戦するのだ！	
6b807ce7ce	1	30	14	%b	何回も、「調べる」しかない。%b	
6bcc30e1ad	1	30	14	%b	なんとしても、止めなければ！%b	
6d01a766e2	1	31	14	%b	だめ！\n水汲みさせるんだから！%b	
6d14fc515f	2	29	14		まいどあり！\nほかに何か買う？	
6e94d74fa3	1	31	14	%b	ミュウ姫様！\nそして、皆の衆！%b	
6f67070c7e	1	30	14	%b	また来てくれよ、頼むぜ姫様。%b	
6fc9a1a209	1	30	14	%b	ここまで引いて正解だったな。%b	
70f7d722a0	1	30	14	%b	まだ、奥に子供たちが．．．。%b	
7327ffa8f1	1	30	14	%b	コルベあたりもヤバイかもな。%b	
749bb1cf92	1	30	14	%b	もちろん俺様も一緒だ～ゼ～！%b	
74ab532b0e	1	31	14	%b	許せない！\n７人委員会・・・！%b	
74e4bd3f86	1	30	14	%b	【蓬莱の珠】を入手しました。%b	
7545c57839	1	30	14	%b	アスカ！ボク達も、手伝うよ！%b	
756957cb96	1	30	14	%b	ルゥナに教えてもらったのね。%b	
788ca18a6b	1	30	14	%b	軍隊ってのはそういうもんさ。%b	
78a2e569a3	1	30	14	%b	よぅし、じゃ、入ってみよう！%b	
78f98e7be2	1	30	14	%b	許していただけるのですね！！%b	
7907469b1b	2	16	14		DDD妊DIDDDDDI粕H	
7b0dc29eb8	1	31	14	%b	そうですわね。\n行きましょう！%b	
7b970aec31	1	30	14	%b	悪かったなぁ、脳ミソ筋肉で。%b	
7bcea5fc07	1	30	14	%b	いらっしゃいませ、ミュウ様。%b	
7c9354006f	1	30	14	%b	押せば、倒れるかもしれんな。%b	
7cd0d5cfaa	1	30	14	%b	どうか子供達も助けて下さい。%b	
7e7f18cb0b	1	30	14	%b	私よりも、子供たちを．．．。%b	
7e94d98a89	1	30	14	%b	ありがとうございますぅぅぅ。%b	
80a6120029	1	30	14	%b	よし、あの女の人を助けるよ！%b	
80d540c57e	1	30	14	%b	ためしに押してみるの、なの。%b	
81811ad752	1	30	14	%b	あれは、ダイガンじゃないか！%b	
82dd3ae70b	1	30	14	%b	どうやらカギが必要みたいよ。%b	
8309e50b45	1	28	14		名人長船がきたえた名刀です。	
83cd8e0603	1	30	14	%b	今やそれが一番の楽しみじゃ。%b	
849dcad438	1	30	14	%b	これも、７人委員会の仕業か！%b	
851ed56cf4	1	31	14	%b	そうかい。\nまた来てくれよっ。%b	
85a9213f2f	1	30	14	%b	・・・みんな、行こう・・・。%b	
8909755b89	1	30	14	%b	ここが７人委員会の塔ですわ。%b	
891cd7ee50	1	30	14	%b	弟さん見つかったんですって？%b	
89a28532cb	1	30	14	%b	村の人達はどうしたんだろう？%b	
89befd52c1	2	30	14	%b	手早くカタをつけてしまおう。%b	
89cf097668	1	30	14	%b	・・・アレクトリア大図書館。%b	
8b38ca8ebb	1	28	14		敵からお金を盗み出す技です。	
8ca3a41dcb	1	30	14	%b	ボク達でやるしかないんだよ！%b	
8d6fed3aec	1	31	14	%b	ん？\nそれは、どういうことよ？%b	
8d8e37a04d	1	30	14	%b	一行はお互いに自己紹介した。%b	
8e719b2ee1	1	30	14	%b	頼む、そいつをゆずってくれ。%b	
8e74220b19	1	30	14	%b	あらかじめ言っておきますが、%b	
8ee048aa15	1	31	14	%b	ありがとう。\nディアーネさん！%b	
8f6f7e17af	1	30	14	%b	・・・ふむ、なるほど・・・。%b	
90a12d8566	1	30	14	%b	一人で行くと思ったの、なの！%b	
921524d38a	2	16	14		DDDDDDDN泗舛""23	
92657855fe	1	30	14	%b	やっぱり彼が、アスカなんだ！%b	
9287f8eab0	1	30	14	%b	ア～ちゃん・・・元気だった？%b	
93bc632e29	1	30	14	%b	後のことはあたし達に任せて。%b	
9622785b27	1	30	14	%b	何もおこらないみたいだけど？%b	
99ae8fd1a7	1	30	14	%b	ふぁはっはっはっはっ・・・！%b	
9a3393b53d	1	30	14	%b	絶対に阻止せねばなりません。%b	
9ab43c58e7	1	30	14	%b	そんなこと、絶対に許さない！%b	
9ca291e223	1	30	14	%b	おっと、このことは内緒だぜ。%b	
9e9d2d76a0	1	30	14	%b	【真実の指輪】のおかげだね！%b	
9eb790c64b	1	30	14	%b	あたし、待ってるから・・・。%b	
9edfa6d408	1	30	14	%b	死んじゃったみたいね・・・。%b	
9ef3cd0139	1	31	14	%b	うん。\nさぁ、行くよ、みんな！%b	
a18799ce36	1	30	14	%b	化け物には弱点と耐性がある。%b	
a1d85f4fc7	1	30	14	%b	いいだろう・・・教えてやる。%b	
a25ccba1f4	1	30	14	%b	死んでしまったでしね・・・。%b	
a4a411ebec	1	30	14	%b	余裕ぶっこいてんじゃねぇぞ！%b	
a53e9adc28	2	30	14	%b	俺様を連れて行くのだ～ゼー！%b	
a53fca010f	1	29	14		おお、売りに来なさったんで？\n	
a57adc4d88	1	31	14	%b	ごめんね。\nイクシーズ・・・。%b	
a5c8168d02	1	56	14	%H %m1 %V100 %m0 %s0 %V0 %b	%H%m1%V100［%m0%s0%m1］%V0%m0\nびくともしない・・・か。%b	
a730f68217	1	31	14	%b	まいどあり！\nまた来てくれよ。%b	
a8575bd0d8	1	30	14	%b	あたし達、仲間なんですもの。%b	
a8955a5564	4	16	14		DDDDDDDDD劔剩DDD	
aacf38d8e4	1	30	14	%b	ラスティは不意に眠り込んだ。%b	
ac68f0c910	1	28	14		７人委員会の塔に入りますか？	
ac7cd24603	1	31	14	%b	ふぅ。\nどうやら無事なようね。%b	
aec7edd5df	1	30	14	%b	まぁ、話すと長くなるんだが、%b	
afdea01729	1	31	14	%b	どこでござる！\nどこにござる！%b	
b30128bea8	1	30	14	%b	立派なこころがけじゃないか！%b	
b313603c21	2	28	14		そんなに持てないでござろう。	
b316ec7494	1	30	14	%b	どこからか声が聞こえてくる。%b	
b479461248	1	30	14	%b	最初は疑っていたけど・・・。%b	
b4c68011a2	1	30	14	%z	%zそんな、ボク達はただ・・・。	
b7898b779f	1	30	14	%b	いや、そう言われても・・・。%b	
b83d685cfd	2	30	14	%b	帰り道もお気を付けください。%b	
b840613feb	1	30	14	%b	なんでも、やつらはそのために%b	
b86cf9025e	1	30	14	%b	でも何だか気になるの、なの。%b	
b9351c3c75	1	30	14	%b	これで、コルベにもいけるぜ。%b	
bbb897521a	2	30	14	%b	もうここに用はないんだけど。%b	
bbba391299	1	28	14		おや、何か売りに来たのかい？	
bbf41777a6	1	28	14		強力な火炎で敵を攻撃します。	
bca2497137	1	28	14		敵の心を虜にし、操る術です。	
bd05edabd9	1	30	14	%b	タタラが仲間に加わりました。%b	
befe6af5f2	1	30	14	%b	どこへつながってるんだろう？%b	
bf100d7611	1	29	14		まいどっ。\nほかに何か買うけ？	
bf24768dbf	1	30	14	%b	・・・いや、不可能ではない。%b	
bf969fbc23	1	30	14	%b	あんたはん、知ってはります？%b	
c10474b759	1	30	14	%b	ありがとう、ディアーネさん。%b	
c14bd36d62	2	30	14	%b	再教育の必要がありましてよ。%b	
c2b7396990	1	30	14	%z	%zどっちでも、一緒でしょうが。	
c360939fa0	1	30	14	%b	うん、よろしくお願いします。%b	
c681d74adc	1	30	14	%b	そいつぁよかったじゃないか！%b	
c6ebc73a66	1	30	14	%b	そうか・・・そうだな・・・。%b	
c746c64c9c	1	30	14	%b	おっと、忘れるところだった。%b	
c77e63c1d7	1	30	14	%b	女義賊かぁ、かっこいい～っ！%b	
c7b167859d	1	30	14	%b	この声には聞き覚えがあるゼ！%b	
c966a20f8b	1	28	14		ハイランドの町に入りますか？	
c9a158df75	1	31	14	%b	うん。\n行こう、ドラグーンへ！%b	
ca57212002	1	28	14		カオスの祭壇に向かいますか？	
ca5a627685	1	31	14	%b	行こう、ミュウ！\n王を助けに！%b	
ca769bcffa	1	29	14		まいどっ。\nほかに何か売るけ？	
ca76a1b4ea	1	30	14	%b	おや、これは一体何でしかね？%b	
cae8da0b16	1	30	14	%b	見たことない敵ばかりなのね。%b	
cb507da0b1	1	30	14	%b	この世界は滅ぶんでしょうか。%b	
cbb2779220	1	28	14		それでは、どれになさいます？	
cbd58304f1	1	31	14	%b	わっ！\nイクシーズ号が落ちる！%b	
cc2d853ca5	1	31	14	%b	え？\nあんたたちが、そうなん？%b	
cc367ee3ac	1	31	14	%b	お？\n金が足りねぇみたいだぜ。%b	
ccd1ca77b1	1	31	14	%b	ふごっ、\n急な坂なのだ～ゼー！%b	
cd0734caca	1	30	14	%b	ついたぞ、ここが、星陵郭だ。%b	
cf245c218d	153	35	14	%b %V0	　\n　\n宝箱は開きませんでした。%b%V0	
cf41bf4ef5	1	29	14		\nどれをお買いもとめでやすか？	
d1b60275f3	1	30	14	%b	粛正させていただきましたよ。%b	
d421939bb8	1	31	14	%b	ガルザード！\nそれにラグロス！%b	
d42eb75ae4	1	30	14	%b	あんた達、外から来たんだろ？%b	
d5a6d8f3ff	1	30	14	%b	姫様・・・申し訳ありません！%b	
d61eb9cbe3	1	30	14	%b	とてもめずらしい宝石なのよ。%b	
d62201ed3d	2	30	14	%b	突然、爆発したりしないよね？%b	
d62ab38c34	1	30	14	%b	奥義書は役にたってるかしら？%b	
d64ab24d04	1	30	14	%b	いったんリグロードに戻ろう！%b	
d681b0d32c	1	30	14	%b	ご、ご、ご、ご冗談でしょう？%b	
d6e51ee766	1	30	14	%b	マラカイトと申す品でござる。%b	
d7495f921c	1	30	14	%b	あんた達の活躍のおかげだよ！%b	
db1982b60b	1	30	14	%b	では、宴をはじめましょうぞ！%b	
dc451103b7	1	30	14	%b	終りだ、世界は滅びるんだよ！%b	
dcbb2e751c	1	30	14	%b	世界は僕達で守ってみせるよ。%b	
dd2394f4c4	1	30	14	%b	計画・・・一体、何の計画よ？%b	
dd4a22c738	1	31	14	%b	カムイ！\n旅は終ったの・・・？%b	
de0bc2e6b8	1	30	14	%b	船乗りも船もありゃしねぇぜ？%b	
de80d28e6b	1	32	14	%b %h	骨と皮ばかりの顔がのぞいた。%b%h	
df6ff986d4	1	31	14	%b	そうだね。\nまずは先を急ごう！%b	
e06f77efff	1	31	14	%b	ええっ？\nミュウ一人だけかい？%b	
e0c984f440	1	30	14	%b	おや、ホークアイじゃないか！%b	
e1fff70e16	1	30	14	%b	あ、ありがとう・・・タタラ。%b	
e26df25c17	1	30	14	%b	ちょ～っと、待ちなさいよっ！%b	
e2720cd9e5	1	30	14	%b	遠慮することはありませんや。%b	
e2751a77e0	1	30	14	%b	ヤマタイにおるとするならば、%b	
e59e9aac07	1	30	14	%b	きっとこれがマラカイトだよ！%b	
e5c66f163c	1	28	14		弓矢を３本同時に放つ技です。	
e666f56810	2	30	14	%b	この水晶柱のせいかな・・・？%b	
e66e2ddeff	1	28	14		何を売ってくれるんですかの？	
e794ffd99f	1	30	14	%b	ひいいいいい、怖いよおおお。%b	
e92a68e6f8	1	31	14	%b	お兄ちゃん！\n無事だったのね！%b	
e93e757081	1	30	14	%b	神聖なる我が王国に栄光あれ！%b	
ec188e4978	1	31	14	%b	ぐおっ！\nい、痛いのだ～ゼー。%b	
f04f2d0255	1	30	14	%b	そうだな、それがよさそうだ。%b	
f0d7d587a5	1	28	14		えーっと、何を買いますかぁ？	
f23b236a1f	1	28	14		武器を買っていただけますの？	
f25862967b	1	31	14	%b	計画・・・？\n一体何のことだ！%b	
f38b6c14df	1	30	14	%b	人は生まれた以上死ぬが定め。%b	
f411fabe32	1	30	14	%b	みんな、ちょっと待ってくれ。%b	
f4e87c570d	1	30	14	%b	まあ、ゆっくりしてってくれ。%b	
f5abfb5009	1	30	14	%b	見たことがない敵ばかりだね。%b	
f692e585ad	1	28	14		鳥に変化することができます。	
f72b64e930	1	30	14	%b	じゃあ、その時にまた来よう。%b	
f7cc938126	1	31	14	%b	う・・・。\nここは一体・・・？%b	
f9c50080a0	2	31	14	%b	なに？\nボクにできることかな？%b	
fb6a900321	1	29	14		来やがったな。\nで、何にする？	
fd5ea8744a	1	30	14	%b	その心意気は見事だが・・・。%b	
fe45e4a051	1	30	14	%b	もう、反応はないみたいだね。%b	
ff64b7ab66	1	28	14		どれが御入り用ですじゃろう？	
01de3b762a	1	28	13	%b	これが魔法球みたいなのね。%b	
022ac3c740	1	28	13	%b	やっぱり、やめておこうか。%b	
0240a0fdfd	1	27	13		\n何をお買いもとめですのん？	
03637c2229	1	29	13	%b	ふっ・・・。\n・・・神、か。%b	
03cb6cabe0	1	26	13		実戦用にきたえた長剣です。	
043b66cadc	1	28	13	%b	そういうことは先に言えよ！%b	
07220336c6	1	28	13	%b	いいでし、力を貸すでしよ。%b	
07a1c90791	1	54	13	%H %m1 %V100 %m0 %s0 %V0 %b	%H%m1%V100［%m0%s0%m1］%V0%m0\n明るい活動・・・ねぇ。%b	
0904056add	1	28	13	%b	これでどうだろう、ミュウ？%b	
0919e2a4dc	1	28	13	%b	ここから外にでられるわよ。%b	
0942ac682a	1	27	13		\nどれを売ってくれるんだね？	
0a344fd8a4	1	27	13		いらっしゃい。\n何にするね？	
0b2202bdea	1	29	13	%b	わっ！\n吸い込まれる・・・！%b	
0b2cf74df8	1	28	13	%b	ざっと、こんなものですわ。%b	
0b6e266361	1	26	13		イクシーズに近寄りますか？	
0d15426926	1	28	13	%b	すまんな、役に立てなくて。%b	
0e33186c37	1	28	13	%b	考えなくてはなりませんわ。%b	
0f2996841a	1	28	13	%b	俺様の天才的頭脳によれば、%b	
0f9803d409	1	28	13	%b	扉を開けるのを手伝って！！%b	
0fd1dbb73b	1	28	13	%b	結界洞と関係があるのかな？%b	
0ff42a5670	1	28	13	%b	何か分かると思うんだけど。%b	
10af9a38c1	1	28	13	%b	さて、私の目的は果たした。%b	
11b83d5195	1	29	13	%b	腕がなるわね。\nア～ちゃん。%b	
11fd343edb	1	28	13	%b	情けないこと言わないでよ。%b	
1244a67060	1	28	13	%b	こうして、戻ってきたのさ。%b	
134b5a4f96	2	28	13	%b	どういうことだろう・・・。%b	
1569c5ee4b	1	29	13	%b	みんな・・・、\nありがとう！%b	
1768be9d40	1	29	13	%b	ありがとう。\nごくろうさま。%b	
17de440db6	1	28	13	%b	カムイが仲間になりました。%b	
18602c0899	1	28	13	%b	おや、ラスティじゃないか！%b	
1cdb664ab6	1	27	13		\nどれを売ってくれるんだい？	
1e33530e46	1	27	13		\n何を売ってくらはるんです？	
1fcdef479b	2	28	13	%b	ここに、入れればいいのね。%b	
203d4820eb	1	28	13	%b	これがガルマンオーブかぁ。%b	
210bf91543	1	28	13	%b	きてはアアアァァァァ～ッ！%b	
211436716a	1	28	13	%b	そんな・・・まさか・・・。%b	
2364b9fdf1	1	28	13	%b	ここは一体・・・何だろう？%b	
23dca2fb86	1	28	13	%b	周りの反応も消えているな。%b	
243aac03c4	1	26	13		ドラグーン城に入りますか？	
24e18e0e09	1	28	13	%b	よし、ここから外に出るよ。%b	
25ddc2592d	1	28	13	%b	大変だ大変だ大変だ大変だ。%b	
2819cbbac1	1	28	13	%b	実際、分かりやすい人よね。%b	
28b9efba20	1	28	13	%b	ここから、外に出られるゼ！%b	
298ca92659	1	27	13		\nさて、姫様、どれを買うね？	
2ac1668e2f	1	28	13	%b	ところで、あれは何だろう？%b	
2c221f7bf3	1	28	13	%b	お帰りなさい、お兄ちゃん。%b	
2c81646ebf	1	28	13	%b	やっぱり思ったとおりだね。%b	
2d483435d6	1	27	13		どーも。\nほかに何か買うの？	
2d6a43359f	1	29	13	%b	アヤヒメ？\n・・・誰だっけ？%b	
30a9e3e2d9	2	28	13	%b	適当なところから当ろうぜ。%b	
319c3dad5e	1	28	13	%b	それが、さっぱりでござる。%b	
31be48992f	1	28	13	%b	ありがとう、皆さん・・・。%b	
336d0fedb0	1	28	13	%b	・・・わかったの、なのね。%b	
34439ff7ac	1	28	13	%b	そ、その声は、確か・・・。%b	
34b60fc333	1	26	13		お売りいただけるのですか。	
369d0f931b	1	29	13	%b	私が？\n馬鹿なことを言うな。%b	
3709da3d12	1	28	13	%b	ああ、そうだったな・・・。%b	
373b96afec	1	27	13		\nで、どれを買いやがるんだ？	
38124b988b	1	28	13	%b	お礼なんて、そんな・・・。%b	
38a574d9ad	1	28	13	%b	もう何も起こらないようだ。%b	
38f18f80b8	1	16	13		oxhqhqzホホドqhq	
3a3c4b454e	2	28	13	%b	カダール兵の残党がいた！！%b	
3a3d2c134b	1	29	13	%b	ううん。\n無かったと思うよ。%b	
3a857955be	1	28	13	%b	これでゲテン城に行けるね。%b	
3ad388eef7	1	28	13	%b	もう誰にも止められないよ。%b	
3b07c0082d	1	28	13	%b	入った時もそう言ってたね。%b	
3b158b7a67	1	28	13	%b	魔法球はどうするでしかね？%b	
3c6fad9948	1	28	13	%b	やっぱり、つらくて・・・。%b	
3dd9ab485e	1	28	13	%z	%zなんだい、やぶからぼうに？	
3dfe6e0e32	1	26	13		武器を買うてくれんのかい。	
3e13afcf1c	1	28	13	%b	光翼船イクシーズ、発進！！%b	
3e31488051	1	28	13	%b	目が醒めたようでござるな。%b	
3f9d0aba94	1	22	13		どこへ行きますか？    	
4172baff86	1	26	13		港町オルトマに入りますか？	
4193a3ec8d	1	26	13		カムイコタンに入りますか？	
42054d85c6	1	26	13		ホウショウ院に入りますか？	
421449b6b5	1	28	13	%b	何だか特別な場所のようだ。%b	
4278fe7fbc	1	28	13	%b	ここから外に出られますわ。%b	
434790d202	1	28	13	%b	あ、う、うん、まだ・・・。%b	
448b548f9f	1	28	13	%b	ここが海底神殿かぁ・・・。%b	
44f146e368	2	28	13	%b	おい、人が近付いてくるぜ。%b	
45c083aa65	1	16	13		封仏仏enenenS\\S\\	
463b943e3a	1	28	13	%n	「%nS」を\n売ってくれるのか？	
47c38c520c	1	29	13	%b	あ、そうか！\nよし、行くよ！%b	
47d3308ede	1	29	13	%b	ミュウ・・・\nしかし・・・。%b	
47fa06cb2b	1	28	13	%b	あっと、忘れるとこだった。%b	
481a3a3cb0	1	28	13	%b	・・・ミュウは悪くないよ。%b	
486956b36c	1	28	13	%b	急いで忍者屋敷へ向かおう。%b	
4b0d7e8b1e	1	26	13		イクシーズから離れますか？	
4bbecd7b2c	1	28	13	%b	ここは危険だ、外に出よう！%b	
4c09669f00	1	28	13	%z	%zでは、皆さん、さようなら。	
4c664ed147	1	28	13	%b	町に笑い声が戻りましたわ。%b	
4c8cbb217f	1	26	13		なにを売ってくれんのよぉ？	
4ca1972169	1	28	13	%b	ここが、海底神殿ですのね。%b	
4ddc9df9ac	1	16	13		Q餬\nbmblfmbKU鑁l	
50fa399499	1	16	13		luhqhqzホホドqhq	
531527e663	1	28	13	%b	だったら、一緒にこないか？%b	
548e93ad58	1	28	13	%b	生きていたのですか・・・？%b	
54a13b2965	1	28	13	%b	ご理解いただけましたかな？%b	
5598fa9d8c	1	26	13		ゴジョウの町に入りますか？	
56496a79da	2	26	13		金が足りないようですわね。	
572b322b3e	1	28	13	%b	許すまじ、死の安息・・・。%b	
5782b86eb2	1	28	13	%b	確かに敵を倒したハズだぜ！%b	
584730ce6b	1	28	13	%b	ユーカリ・・・今、戻るよ。%b	
58cc5c99d0	1	28	13	%b	おめでとう！よくやったね。%b	
59c94737bc	1	28	13	%b	ありがとよ、また来てくれ。%b	
5a0cf51263	1	28	13	%b	これがシノビの家なのかな？%b	
5a67a2bfc2	1	28	13	%b	みんなで力をあわせるんだ！%b	
5daa38037c	1	28	13	%b	ほんと、失礼しちゃうわよ！%b	
5db47a137c	1	26	13		イクシーズまで戻りますか？	
5df42acc38	1	28	13	%b	あそこを抜ければ星陵郭だ。%b	
601e651941	1	28	13	%b	どうかお気になさらぬよう。%b	
61b5c4927d	2	29	13	%b	あれ？！\nどうしてここに！？%b	
61b5d55e94	1	28	13	%b	式神が契約の押し売りかぁ？%b	
61d512c308	1	27	13		\nどれを買いやがるとですか？	
6255a84d64	1	26	13		ゴジョウ大橋を通りますか？	
62df576abf	1	28	13	%b	ありがとう、私は決心した。%b	
64e6d22f99	1	27	13		\nで、どれを売りやがるんだ？	
65167d7be2	1	28	13	%b	怖いよ～、怖いよ～・・・。%b	
656264a9a4	1	28	13	%b	・・・お～い、もしもーし？%b	
65a610af65	1	28	13	%b	少しずつなら動くみたいね。%b	
65cb962bba	1	28	13	%b	ほぅ、これはラスティ王子。%b	
66170c87dd	1	27	13		\nどれをお買いもとめですか？	
663d26fefd	1	28	13	%b	だとよ、ミュウ、どうする？%b	
696030811f	1	28	13	%b	ナズナも見直したの、なの。%b	
69ca312b76	1	28	13	%b	もう一回調べてみようかな。%b	
69ffa79231	2	16	13		胼U薀E珉DNTTDB$$	
6a02e1d95e	1	27	13		\nどれをお買いもとめですの？	
6ac370417d	1	29	13	%b	はっ！\n・・・まさか・・・！%b	
6b19a34a88	1	28	13	%b	気を付けたほうがいいわよ。%b	
6b2c28ef7b	1	28	13	%b	・・・いや、なんでもない。%b	
6c28527a14	1	28	13	%b	ボクは逃げてなんかいない！%b	
6c96bcf727	1	28	13	%b	平和はいいわよね、平和は！%b	
6f7fdef95d	18	29	13	%b	残念だったな。\n時間切れだ。%b	
70ddcab47d	1	28	13	%b	拙者も同じ気持ちでござる。%b	
70e727e23d	1	28	13	%b	あたし、見直しちゃったな。%b	
7199d9ea14	1	28	13	%b	うん！さっそく案内するよ。%b	
71ea770603	1	28	13	%b	７人委員会のやつら・・・。%b	
722b973e92	1	28	13	%b	なるほど、これはアレよね、%b	
7469d07736	1	29	13	%b	おおっ、\n間に合ったでし！！%b	
7577f77fea	2	29	13	%b	残念でんなぁ。\n時間切れや。%b	
7843233add	1	28	13	%b	この地形のせいじゃないか？%b	
794ce2a186	1	28	13	%b	古代魔法文明だって・・・？%b	
797ecd28a7	1	28	13	%b	ご武運をお祈りしてますぞ！%b	
79f0ea34bf	1	28	13	%z	%zラスティ・・・ありがとう。	
7a6fc7c7f7	1	28	13	%b	計画・・・一体何のことだ！%b	
7a92d88302	2	28	13	%b	サクサクと片付けちゃおっ。%b	
7b0bc874ba	1	29	13	%b	あれ？\n押せば倒れそうだよ！%b	
7c1cba4b40	1	28	13	%b	ごめんよ、アスカ兄ちゃん。%b	
7c2a1b7ce6	1	28	13	%b	あの山は、ホウライ山だな。%b	
7d8a5a4cc4	2	26	13		どれを売ってくれるんだい？	
7daff87d7f	1	28	13	%b	あ、ううん、なんでもない。%b	
7df8a2bea5	1	29	13	%b	みんな準備はいい？\nいくよ！%b	
7ed6973bdc	1	28	13	%b	でも、無理してるじゃない？%b	
7f33b596fe	2	28	13	%b	えーっと、水桶は何処かな？%b	
80c2120ea0	1	27	13		どーも。\nほかに何か買うか？	
829f44170d	1	28	13	%b	すごいでしょ、長老ってば。%b	
82b73211a5	1	28	13	%b	どういうことよ、アスカっ！%b	
83cc056ce5	1	28	13	%b	先に進む道がないみたいだ。%b	
84caf6f08e	1	28	13	%b	父ちゃんに聞いたんだけど、%b	
866bd06768	1	26	13		ゆっくり見てっておくれよ。	
8800c647a1	1	28	13	%b	隠れ里クリカラのイニシエ。%b	
893592ea5e	1	29	13	%b	・・・え？\n・・・あ、うん。%b	
8b2c1bc075	1	28	13	%b	怒った顔も素敵なの、なの。%b	
8bc94d9576	1	29	13	%b	アスカ様！\nごぶじでしたか！%b	
8c860ccfd9	1	28	13	%b	諸君と遊ぶのもここまでだ。%b	
8ce2abc120	1	16	13		末蜜蜜enenenS\\S\\	
8d03ec20a9	1	29	13	%b	わーい！\n開いたの、なのね！%b	
8eeb5ac3c4	1	28	13	%b	ミュウは枯木を押してみた。%b	
90b7248dcf	3	26	13		カオスゲートを使いますか？	
937f5a111b	1	28	13	%b	命あってのものだねでしよ！%b	
94022f4b92	2	16	13		qzqzqzレレレqzqz	
955a47d986	1	27	13		\nどれを買ってくれるんだい？	
961272691c	1	51	13	%H %m1 %V100 %m0 %V0 %b	%H%m1%V100［%m0ファルコ%m1］%V0%m0\nどうか、姫様。%b	
9625b18eca	1	29	13	%b	やれやれ。\nやっと着いたぁ。%b	
96e3609b54	1	29	13	%b	はっ！\n一命にかえましても！%b	
970b7d3bb4	1	16	13		女zホテnenenS\\S\\	
989965ba48	1	28	13	%b	で、中の様子はどうだった？%b	
9a8b58ae22	1	28	13	%b	ここが海底神殿ってワケか。%b	
9aa7ae8c75	1	26	13		ホークアイを仲間に入れる？	
9acf4cde57	1	26	13		オルトマの町に入りますか？	
9b33e55b02	1	26	13		そんなに持てないじゃろう？	
9b4fe5b8e1	1	28	13	%n	「%nS」を\n売ってくれるんけ？	
9b6d6d8db3	1	28	13	%b	一旦退却して正解だったな。%b	
9cdf265b79	1	28	13	%b	・・・これからどうするの？%b	
9f7fc025aa	3	27	13		そうか！\n売りに来たんだな。	
9fb79feab8	1	28	13	%b	特に反応も無いみてぇだし。%b	
a01431d950	1	27	13		\nさて、姫様、どれを売るね？	
a01c19c6f4	1	28	13	%b	アンジュが仲間に加わった。%b	
a066d1b27e	1	28	13	%b	ナズナ、うれしい～、なの！%b	
a088c12353	1	28	13	%b	一人ぼっち・・・か・・・。%b	
a0b5022cd6	2	26	13		そんなに持てんじゃろうが。	
a134657c0c	1	27	13		へい、毎度。\n何にしまひょ？	
a2270bcb41	1	28	13	%b	本当、無事でよかったでし。%b	
a54d2d48e4	1	28	13	%b	アレクトリア大図書館には、%b	
a62bf9ac99	1	28	13	%b	だから、金には価値がある。%b	
a757fb52b8	1	28	13	%b	注意せなあきませんわなぁ。%b	
a81db3a793	1	28	13	%b	だけど、まいったな・・・。%b	
a9fda66b41	1	28	13	%b	何も見あたらないじゃない。%b	
aa6cbb004c	1	28	13	%b	ぬおおおおおおおおおおっ！%b	
abda0ba6c3	1	28	13	%b	ここはいっきに突破するよ！%b	
adf307ab3c	1	28	13	%b	また来てくれなきゃいやよ。%b	
ae2196d824	1	28	13	%b	わたくしも、大丈夫ですわ。%b	
ae67728b59	1	28	13	%b	この大水桶を、壊さなきゃ！%b	
af6c804517	1	28	13	%b	ゲームのランクを決めてね。%b	
af82d34fe2	1	28	13	%b	えらいことになってますわ。%b	
af951ecac1	1	28	13	%b	は、はぁ・・・そうですか。%b	
afbe7fa54b	1	28	13		そうか！\n売りに来たんだね。\n	
afd5ba1776	1	28	13	%b	ミュウ・・・ミュウ・・・。%b	
b1639d1ca9	1	28	13	%b	水晶柱から声がしましたわ！%b	
b168c078df	1	28	13	%b	キャーキャーキャーキャー！%b	
b26eb2b250	1	28	13	%b	そ、そんな、そんな・・・。%b	
b2b25f9f86	1	16	13		粕幡幡enenenS\\S\\	
b2ec4ceb7c	1	28	13	%b	じゃあ、カードを配るわよ。%b	
b54bf639a9	1	28	13	%b	ボクが竜に変身するでしょ。%b	
b5a7acfd50	2	26	13		ごゆっくりごらんください。	
b667138232	1	28	13	%b	宛名がかいてあるようだが？%b	
b7beead3a8	1	28	13	%b	おかえりなさい、カムイ様。%b	
b869665c9f	1	28	13	%b	ドラグーンの竜騎士ミュウ。%b	
b8698dc07b	1	28	13	%b	よし、みんな、聞いてくれ。%b	
b884b18632	1	28	13	%b	仕掛けの方も反応が無いね。%b	
b886f9a8f8	1	26	13		バトラムの町に入りますか？	
b8cdf380e4	1	29	13	%b	死んだ者のこと。\n捨ておけ。%b	
b8f2d34576	1	26	13		離れた敵を鋭く突く技です。	
b9394d05b5	1	28	13	%b	本当に、火事なのか・・・？%b	
b96bcf0db1	1	29	13	%b	ねぇ・・・アスカ？\n起きて！%b	
b97dbc2194	3	26	13		武器を買ってくれるのかい。	
b9b8c2c593	1	28	13	%b	お願いです、やめて下さい！%b	
bb07938613	1	28	13	%b	どこへなりと失せるがよい！%b	
bb9bb6d94d	1	28	13	%b	裏側から看板は読めません。%b	
bbc82700f6	1	28	13	%b	そんなもの、跡形も無いぜ？%b	
bdbabdcbc5	1	28	13	%b	とりあえずもっておこうか。%b	
bdc406db28	1	28	13	%b	一体それは何のためだろう？%b	
be669fcdc4	3	28	13	%b	よしっ！敵を全部倒したぞ！%b	
bf082ff803	1	26	13		どれをお買いもとめですの？	
bf7bb48790	1	28	13	%b	あー、おいしかった・・・。%b	
bffad71277	1	26	13		枯木の幹を押してみますか？	
c00e0d6b13	1	28	13	%b	お前達、生きていたのか！！%b	
c3604b549a	1	28	13	%b	何も見あたらないの、なの。%b	
c3f161eb86	1	29	13	%b	う、うん。\nそうだね・・・。%b	
c4157f6852	1	27	13		\nどれを買ってくれるんだね？	
c4d5f3e0e1	1	29	13	%b	ウィスコ著\n「魔法科学入門」%b	
c5423a1408	1	28	13	%b	そうだろう、そうだろうよ。%b	
c58ec46450	1	28	13	%b	マインドワードを見つけた！%b	
c87688d7c3	1	28	13	%b	一体、何がおこってるんだ？%b	
ca416e87ed	1	28	13	%b	では、次元の扉を閉めます。%b	
caa7dcd980	1	28	13	%b	・・・ミュウも、ね・・・。%b	
cb88c41aaf	1	28	13	%b	子供達はどこに行ったんだ？%b	
cd32c1c9d2	1	28	13	%b	・・・愛してるって・・・。%b	
cd6514e7bf	1	28	13	%b	・・・うん、やっぱり壁だ。%b	
cd76eda4d9	1	28	13	%b	わかった、わかった・・・。%b	
ce05a815d9	1	28	13	%n	「%nS」かよ。\n本当だろうな？	
d03e0f0aa8	1	27	13		その金属で武器をつくりゃ、\n	
d13a17d138	1	28	13	%z	%zまさに適材適所でござるな！	
d2ccf31160	1	28	13	%b	え、あなた達がラグロスを！%b	
d326092af3	1	28	13	%b	・・・はい、お父様・・・。%b	
d4e299b531	2	28	13	%b	ここに水を入れるんだよね。%b	
d5a979f370	1	28	13	%b	中には誰もいないようだね。%b	
d77876ae61	1	28	13	%b	まったく、ついてませんね。%b	
d86aeddfc5	1	28	13	%b	・・・私・・・助かったの？%b	
d89afaa185	1	26	13		グラビティの町を出ますか？	
d99b6ce61b	1	26	13		それで、どれになさいます？	
d9a65d2e42	2	28	13	%n	「%nS」じゃな。\n買うのかね？	
d9c09f61f0	1	28	13	%b	私は、心底がっかりきたよ。%b	
da4eb208d2	1	29	13	%b	よし。\n中に入ってみようよ！%b	
db0d578807	1	28	13	%b	みんな、ミュウを頼んだよ！%b	
db1964e4d6	1	28	13	%b	当店特製の味付けですがな。%b	
db5d85a2b3	1	26	13		敵の集団を弱体化させます。	
dbac8fea2b	1	26	13		力任せに殴り付ける技です。	
e0ba018762	1	28	13	%b	何の・・・つもり・・・だ！%b	
e0ba7226bd	1	28	13	%b	いったいどこへ消えたんだ？%b	
e0e238d0bb	1	27	13		どーも。\nほかに何か売るの？	
e1c9250bf9	1	28	13	%b	ガルザードォォォォッッ！！%b	
e21b80df52	1	28	13	%b	カギがかかっているようだ。%b	
e2b32eef7e	1	28	13	%b	見覚えの無い敵ばかりだな。%b	
e2b9ad4141	1	28	13	%b	逃がさないと言ったはずだ！%b	
e3f3673e5d	1	28	13	%b	まったくおまえという娘は！%b	
e40dbfd555	1	16	13		r{hqhqzホホドqhq	
e4eeb3e46d	1	28	13	%b	みんな！もう一度いくよっ！%b	
e5074a454a	1	28	13	%b	ここから奥に進めそうだよ。%b	
e64fc6e6ed	1	26	13		港町ポポロンに入りますか？	
e6cac41dfd	1	28	13	%b	気をつけてまいりましょう。%b	
e7179e17d6	1	28	13	%b	忍者屋敷へと通じる山道さ。%b	
e7912955a1	1	28	13	%b	えーん、えーん、怖いよー。%b	
e81c4ebb4a	1	28	13	%b	だが、油断するな、ミュウ！%b	
e88aa8d8b0	1	26	13		ラグロスの塔に入りますか？	
e92106caf5	1	28	13	%b	そうと決まれば、シラナミ！%b	
eaf8cf419c	1	28	13	%b	ファルコも喜びましょうぞ！%b	
ec3d188871	2	26	13		もう一度説明を聞きますか？	
ec4771e1b2	1	28	13	%b	じゃあ、どうすればいいの。%b	
ecc64d6452	1	27	13		どーも。\nほかに何か売るか？	
ecf892a62c	1	29	13	%b	う～ん．．．\n重い扉でしね。%b	
ed24bafa92	1	26	13		敵を投げ攻撃をする技です。	
edb429024e	1	26	13		↓↓↓イベントのアレ↓↓↓	
ee05a1bdd8	1	28	13	%b	どや、タメになったやろう？%b	
ee42b8d1f2	1	28	13	%b	誰がおとなしく従うもんか！%b	
ef127c545c	1	28	13	%b	あれは一体、何でしょうか？%b	
ef737588c1	1	28	13	%b	本当にあったなんて・・・。%b	
efd4710786	1	28	13	%b	しょうがない、他を探そう。%b	
f168ab5699	1	28	13	%b	ここがカカルクラン・・・。%b	
f19fe67141	2	26	13		カカルクランに行きますか？	
f261c25bf5	1	28	13	%b	ええい、ジャマをするな！！%b	
f266bdb301	1	28	13	%z	%zもったいないお言葉・・・。	
f288f6db0d	1	28	13	%b	では、次元の扉をあけます。%b	
f28c948a5a	1	28	13	%b	扉にせこい細工しやがって。%b	
f2b8c10c9a	2	28	13	%b	おいおい、そんな大げさな。%b	
f2bc489e8e	3	28	13	%b	運試ししてみちゃどうだい？%b	
f2ca6cc376	1	28	13	%b	できたぜ、俺の最高傑作が！%b	
f38e327945	1	28	13	%b	もうどこにもいかないよね？%b	
f499a85c47	1	26	13		何をお買いもとめでしょう？	
f88cc66c0c	1	27	13		今こそ、我ら委員会の計画を\n	
fb7861a91c	1	28	13	%b	ここは滑りやすくなってる。%b	
fb86219208	1	28	13	%b	じゃあ、皆で行くとしよう。%b	
fbf7b651c3	1	26	13		電撃を敵にぶつける術です。	
fd24aaac0c	1	28	13	%b	それが皆目見当つきませぬ。%b	
fee140a3ab	1	28	13	%b	礼に従い、名乗りをあげい！%b	
ffb98d4e10	1	28	13	%b	ちょっと探検してみようよ。%b	
00f975636f	1	26	12	%b	変らぬ愛を、君に・・・。%b	
02cf91411e	1	26	12	%b	そうだ、あそこしかない！%b	
0317fc6642	1	26	12	%b	・・・というわけなのね。%b	
047a3bf5c6	1	26	12	%b	カムイさん、だったっけ？%b	
05d98b3d6e	2	25	12		\nどれを買ってくれるんだ？	
08e342529d	1	26	12	%b	シラナミ・・・元気でな。%b	
090320a653	1	25	12		どーも。\nほかに何か買う？	
09ab0a013e	1	26	12	%b	父・・・国王はどちらに？%b	
09d1e3d147	1	27	12	%b	分かった。\n私が悪かった。%b	
0ac0e0ec26	1	26	12	%b	これが都会のお茶なのか？%b	
0ce89833b6	1	26	12	%b	拙者、ホークアイと申す。%b	
0dc363e166	1	26	12	%b	ここは、なくなるらしいぞ%b	
0e792b3137	1	24	12		武器をお求めでしょうか。	
0f4dce5024	1	26	12	%b	なんだろう・・・ここは？%b	
10b8935510	1	24	12		アンジュを仲間に入れる？	
11194299c8	1	26	12	%b	ふう、この先が星陵郭だ。%b	
11f2ce2d05	1	26	12	%b	よう、ミュウじゃないか！%b	
12b114dbd4	1	24	12		強力な牙による攻撃です。	
13d8a88733	1	26	12	%b	・・・待ちかねましたよ。%b	
1482befaa1	1	26	12	%b	わたしってば、不幸だわ。%b	
1582114759	1	26	12	%b	行こう、港町ポポロンへ！%b	
161a3b4b3f	1	26	12	%b	ようこそ、グラビティへ。%b	
164c81d68d	3	26	12	%b	みんな、ケガはないかい？%b	
17c827989a	1	26	12	%b	気を付けてくださいまし。%b	
19f21a497c	1	26	12	%b	ボクをどうするつもり？！%b	
1b7413cb42	1	26	12	%b	これが、水晶柱か・・・。%b	
1b85461898	1	24	12		大地の叫びに入りますか？	
1b86f7b984	1	26	12	%b	港は活気にあふれている。%b	
1bfd8cd882	1	25	12		\nどれをお売りくださるの？	
1d8ef443c6	1	26	12	%b	それで、そちらの方々は？%b	
1eade2f861	1	27	12	%b	ミュウ！\nしっかりしてよ！%b	
1f56abd09d	2	26	12	%n	「%nS」を\n売ってくれるの？	
2049803b5d	1	26	12	%b	古代のカギを手に入れた。%b	
238f64f78f	1	26	12	%b	オレの方が恥ずかしいゼ。%b	
2390df186e	1	26	12	%b	ちょっと待つのだ～ゼー！%b	
23c3e1a917	1	26	12	%b	そんなに素直になっ・・・%b	
260e0a1fa4	2	26	12	%b	この水晶柱のせいなのか？%b	
2676c5f3d9	1	26	12	%b	は、はあ、運命でやすか？%b	
27a103c58d	1	26	12	%b	ここがゲテン城か・・・。%b	
27b92f5543	1	26	12	%b	見たことない敵みたいね。%b	
287a8bfec4	1	24	12		水運びを手伝ってあげる？	
28e6e776f5	1	26	12	%b	アン・ドゥ・トロワ～ッ！%b	
28ea408e75	1	26	12	%b	アンジュ、何か知ってる？%b	
28ec22751e	2	24	12		ザルマの町に入りますか？	
2923ab14df	1	26	12	%b	鳥が飛ぶには風が必要だ。%b	
293506b72c	1	26	12	%b	おまえがガルザードか！！%b	
293b88b2cd	2	26	12	%b	あの世で後悔するがいい！%b	
29b98b3e76	1	26	12	%b	あ、うん、それは大丈夫。%b	
2a1dfbf8dc	1	26	12	%b	・・・まだ、皆目・・・。%b	
2a25f8e1ac	1	26	12	%b	裏切り者・・・か・・・。%b	
2aaebef2a5	1	26	12	%b	おかしいですわね・・・。%b	
2aea2068ff	1	26	12	%b	ミュウは・・・僕が守る！%b	
2b193a5d1a	1	26	12	%b	古代のカギを使いました。%b	
2bdfe8b424	1	26	12	%b	やめたほうがいいでしね。%b	
2cf964cd66	1	26	12	%b	我々は、仲間なのだから。%b	
2d8b41b7bd	2	26	12	%b	ルゥナさんに聞いたでし。%b	
2e941c27a3	1	24	12		港町ヒガタに入りますか？	
2e95eec46e	2	26	12	%b	ここに水を入れるわけか。%b	
2f1ece88a5	1	26	12	%b	最近、噂を聞きませんが。%b	
2f6e4c1fcd	1	26	12	%b	・・・この先には・・・。%b	
2f76b68936	1	26	12	%b	えらいことになってるな。%b	
2f8ca62650	1	26	12	%b	うん。じゃあ、また後で！%b	
2fe8ed363b	1	26	12	%b	最初は居眠りかと思った。%b	
30466fb17a	1	26	12	%b	いったいどうなってんだ？%b	
30d6902974	1	26	12	%b	さぁ、さっさと出て行け！%b	
310b93b698	1	26	12	%b	館長室にお寄りください。%b	
340a1c7173	1	26	12	%b	まだ続きが書いてあるよ。%b	
34db7fafc7	1	26	12	%b	・・・うん、分かってる。%b	
351f4ca769	1	26	12	%b	神に・・・なるつもり？！%b	
36c001e60b	1	24	12		竜の姿から人に戻ります。	
38cbb1597e	1	26	12	%b	あ、危ないとこだったね。%b	
38d0f9a16f	1	26	12	%b	一体、どうなってるんだ？%b	
3938491b61	1	24	12		荷物がいっぱいのようだ。	
3aa7a00064	1	26	12	%b	許さねぇぞ、あの店主め！%b	
3bf0eca615	1	26	12	%b	そんなことないですよね？%b	
3bf6fb1931	1	26	12	%b	へぇ、詳しいね、アスカ。%b	
3c0274f00f	1	26	12	%b	アドバイス一筋に３５年。%b	
3eb108230c	1	26	12	%b	あら、タタラじゃないの。%b	
3f3cffb87c	1	26	12	%b	止めておいた方がいいな。%b	
3f6a400fed	1	24	12		敵のＭＰを奪い取ります。	
3f6e0abab1	1	26	12	%b	そういう噂がありますわ。%b	
3fc0ec1f30	1	26	12	%b	なんだかドキドキするね。%b	
40f3220f81	1	26	12	%b	ユーカリ・・・大丈夫か？%b	
43f902d22c	1	26	12	%b	金が足りんようですじゃ。%b	
44f475402f	1	26	12	%b	ただの玉に見えるけどな。%b	
462a47d633	1	26	12	%b	うーん、どうしようかな？%b	
47b9ba3715	1	26	12	%b	話はまとまったようだね。%b	
488d3ada2f	1	26	12	%b	じゃ、みんな、行くよっ！%b	
48c4281d54	1	26	12	%b	化けて出てこんといてや。%b	
4af021f7c8	1	27	12	%b	うん！\nその風に、乗った！%b	
4b89ac51f9	1	26	12	%n	「%nS」だね。\n買うっての？	
4b9316821a	1	26	12	%b	いよいよ、で、ござるな！%b	
4c77f711b8	1	26	12	%b	やっぱり止めておくのね。%b	
4ec3471851	1	24	12		リグロードに戻りますか？	
50383848c9	1	26	12	%b	【アースモール】・・・？%b	
51467bf930	1	26	12	%b	どうする、ミュウ・・・？%b	
51622bb726	1	26	12	%b	もう少し時間を置こうよ。%b	
517fa29998	1	26	12	%b	そういうワケだ、ナズナ。%b	
51cd063821	1	26	12	%b	ようし、やっつけてやる！%b	
527a409914	1	26	12	%b	長老様から聞いてますよ、%b	
538cd45d97	1	27	12	%b	ははっ！\nおおせの通りに！%b	
541f1a01e5	1	26	12	%b	みんなどうしたの、なの？%b	
54e9a9f9b3	1	26	12	%b	まさか、次元の扉・・・？%b	
560cf05950	1	26	12	%b	月組は、しばらく休業だ。%b	
56facb7230	1	24	12		鳥の姿から人に戻ります。	
57e5ed6ee9	1	26	12	%b	急がば回れ、とも言うし。%b	
580a9343ec	1	26	12	%b	ア～ちゃん、イカすわぁ。%b	
58d1bd3dc2	1	26	12	%b	一体、どうしたってんだ？%b	
59225d28cd	1	24	12		売りに来たのかい、姫様。	
5cbc0250a7	1	26	12	%b	気をつけて下さいませね！%b	
5dd2bcaf56	1	26	12	%b	これが魔法球でござるか。%b	
5e16aeab8a	1	26	12	%b	これが・・・思念・・・？%b	
5e9e402102	2	24	12		ゆるりと見てっておくれ。	
60e0ed0117	1	26	12	%b	やっぱり、そう思います？%b	
61557a4ac0	1	26	12	%b	持ってるの、なの・・・。%b	
6237cd53e8	3	24	12		どれを売ってくれるんだ？	
63105d6f18	1	26	12	%n	「%nS」を\n売りやがるのか？	
6381fb4de2	2	26	12	%b	美しさは罪なのだ～ゼー！%b	
64eb8134fc	2	26	12	%b	あれが７人委員会でしか。%b	
64f9d83e27	1	26	12	%b	ここはあたしに任せてよ！%b	
64fe5a7732	1	26	12	%b	じゃあ、始めるよ・・・。%b	
651176e787	1	26	12	%b	小細工なしの正面突破だ！%b	
665bcf4ee7	1	26	12	%b	ここは魔導王国カダール。%b	
68c35d8d7a	1	26	12	%b	そうだよ、ボク達が行く！%b	
69487b2232	1	26	12	%b	ねえ、あなた信じられる？%b	
699ed4c2eb	1	26	12	%b	１．パーティは８名まで。%b	
6a76672f76	1	27	12	%b	アンジュ？\nそれって、誰？%b	
6ab7afb05a	1	24	12		敵のＨＰを奪い取ります。	
6e51216081	1	26	12	%b	仲間を選択してください。%b	
6f197206db	1	26	12	%b	本当は羨ましいんでしょ？%b	
707bbd6f92	1	26	12	%b	それまで持っていようよ。%b	
70d3df0b48	1	26	12	%b	ねね、アスカ、これなに？%b	
711cb06fe1	1	26	12	%b	はい・・・仰せのままに。%b	
711fbb1226	1	26	12	%b	ドラグーンのミュウです。%b	
72dcf1f6d4	1	26	12	%b	あ、うん、お願いします。%b	
7327503c9a	1	26	12	%b	中には誰もいないようだ。%b	
7487cf4ed7	1	27	12	%b	・・・あ！\n・・・ごめん。%b	
7525aec25b	1	26	12	%b	死んだの、なのね・・・。%b	
779605d213	1	26	12	%b	・・・ラグロスめ・・・。%b	
7808486e80	1	26	12	%b	ナズナも一緒なの、なの！%b	
79481184d6	1	26	12	%b	お前がガルザードなのね！%b	
7983edf243	1	24	12		イガの山道に入りますか？	
7b50c3f27c	1	26	12	%b	ぬおーっ、こ、これはっ！%b	
7ce24200ab	1	26	12	%b	私にも使ってほしいな～。%b	
7d2c98d33f	1	26	12	%b	そんなことわかってるよ。%b	
7dacf958c6	1	26	12	%b	仕掛けの方も反応が無い。%b	
7e406f4012	2	25	12		ゆっくり見てってくれよ。\n	
7e564bf063	1	26	12	%b	まぁ、ドラグーン王国の？%b	
7f0d8fb8af	1	24	12		ホウライ山に入りますか？	
7f42bfb338	2	24	12		試練の迷宮に入りますか？	
801f6ab2b5	1	26	12	%b	ラスティ、落ち着くんだ。%b	
806f923693	1	26	12	%b	ったく、グズなんだから。%b	
818c28a20f	1	26	12	%b	ルゥナは突然消えさった。%b	
820fc76dc3	1	26	12	%b	ええーい、名をなのれ！！%b	
83943b7ebc	1	27	12	%b	・・・うん。\nありがとう。%b	
846563d840	1	26	12	%b	まさにドラグーンの華さ。%b	
86466cfdb2	2	25	12		\n何を買ってくれるんかの？	
86f83d9977	1	49	12	%H %m1 %V100 %m0 %V0 %b	%H%m1%V100［%m0門番%m1］%V0%m0\nあ、アンジュ様！%b	
8868c0e46c	1	26	12	%z	%zさよならなのね、ミュウ！	
88bd8e38ef	1	27	12	%b	ヤマタイはイガのシノビ。\n%b	
8a5bc7636e	2	25	12		ひやかしか。\nほかに何か？	
8b081a7821	1	26	12	%b	まかせておくのだ～ゼー！%b	
8bad231c99	1	26	12	%b	おのれ、カダール軍めっ！%b	
8c7dd00c36	1	27	12	%b	カムイ！\nおかえりなさい！%b	
8d000a0ee3	1	24	12		弓矢で敵を射抜く技です。	
8d7d40053a	2	26	12	%b	あれが７人委員会なのね。%b	
8d92989f50	1	26	12	%b	砂の穴の中に何かいるよ？%b	
8dbf1a4312	1	26	12	%b	オルトマを守らなくちゃ！%b	
8dcd3666d7	1	26	12	%b	とにかくめでたいことだ！%b	
8faf6e34c8	1	24	12		リグロードイベントテスト	
9038276c91	1	26	12	%b	・・・どう見ても壁だよ。%b	
922451420c	1	26	12	%b	あんた達、生きてたの？！%b	
926cc34f4f	1	26	12	%b	一体何が起こっているの？%b	
928fc1bb7f	2	26	12	%b	それはそうだけど・・・。%b	
9352ed36f3	1	26	12	%b	よう、ミュウじゃないか。%b	
9369e7934b	1	26	12	%b	かならず役に立つからね。%b	
939d11dcbc	1	26	12	%b	やっぱり思ったとおりだ。%b	
9481c20d6f	1	26	12	%b	じゃ、これにて一件落着！%b	
948fa809fe	1	25	12		武器を買ってくれんのか。\n	
94fa1a2742	1	26	12	%b	おめでとう！よくやった！%b	
966dfaae1b	1	26	12	%b	そんなことは、させない！%b	
96bda3615a	1	26	12	%b	夢の迷宮って知ってます？%b	
97f48437a6	1	25	12		よう。\n今日は何の用だい？	
989cf9195d	1	26	12	%b	押してみましょうかしら？%b	
9a22aa2e53	1	26	12	%b	かんにんしておくれやす。%b	
9b42050401	1	26	12	%b	ユーカリ、しっかりしろ！%b	
9b57486e54	1	25	12		やめやがった。\nほかには？	
9b89ecb39a	1	27	12	%b	そんな！\n時間がないのに！%b	
9de7a61399	1	26	12	%b	カダール軍の残党でしね。%b	
9f9f6b7149	1	26	12	%b	おおおおお、わが相棒よ！%b	
a00a2a8a9d	1	26	12	%b	あれ・・・ここは・・・？%b	
a0f6aaf740	1	26	12	%b	思い・・・どういうこと？%b	
a1c6710e46	1	27	12	%b	・・・あっ！\nおまえはっ！%b	
a206f2eec2	2	25	12		\nどれを売ってくれるんだ？	
a255c8d6f7	1	27	12	%z	%zもぅ・・・。\n・・・ばか☆	
a3add9540e	1	26	12	%b	どうか、御決断くだされ。%b	
a50af4e109	1	26	12	%b	なんだザコばっかりだな。%b	
a6cedfa37c	1	26	12	%b	みんな・・・ありがとう。%b	
a71d858376	1	26	12	%b	運命の出会いなの、なの。%b	
a73ded85cf	1	26	12	%b	ちっ、この坂が厄介だな。%b	
a93b6b180e	1	24	12		どれをお売りくださるの？	
a99209a659	1	26	12	%b	いや、これは私の戦いだ。%b	
aaa598eb14	1	26	12	%b	キングが仲間に加わった。%b	
ab1fd622f5	1	27	12	%b	あれれ？\n扉が開かないよ？%b	
ab908d2de0	1	26	12	%b	・・・そう、逃げるのね。%b	
ac71a26206	1	26	12	%b	馬鹿言ってんじゃねぇぜ！%b	
ae5066fc18	1	26	12	%b	これはこれは、ミュウ様！%b	
aeb7412470	1	26	12	%b	子供達を返してもらおう。%b	
b21cbd7b72	1	26	12	%b	こいつが魔法球か・・・。%b	
b4924309bb	1	26	12	%b	ここが海底神殿ですのね。%b	
b63fbd0565	1	26	12	%b	思う存分暴れてやるぜっ！%b	
b6a36bc2c5	1	26	12	%b	彼女も、今は眠っている。%b	
b73b065782	1	25	12		どーも。\nほかに何か売る？	
b87e7b084c	1	26	12	%b	何だろうこれ、鉄かなぁ？%b	
ba3a875302	1	26	12	%b	・・・そんなわけないか。%b	
bb4c444ed9	1	26	12	%b	お前がガルザードでしね！%b	
bc24cdad10	1	26	12	%b	アスカ、どうなの、なの？%b	
bce2dd2afb	1	24	12		ゆっくり見てってくれよ。	
be313496e1	1	27	12	%b	ルゥナ？！\nどうしたの？！%b	
bf11e2b0a5	1	26	12	%b	ア・・・アンジュ・・・！%b	
bf3bf99a14	1	26	12	%b	ただいま倉庫番募集中！！%b	
c0bbf243a1	1	24	12		熊の姿から人に戻ります。	
c173cad073	2	26	12	%b	あれは７人委員会・・・。%b	
c1b00e4ff5	2	24	12		どれを買ってくれるんだ？	
c1c582b73a	1	26	12	%b	どういう理屈だ、そりゃ？%b	
c1f7a6e67b	1	25	12		ああ。オレも正直言って、\n	
c2e66702d9	1	26	12	%b	・・・それはできません。%b	
c397673512	1	26	12	%b	ほんま、ええ気味やわぁ。%b	
c4835caf9b	1	26	12	%b	教えてさしあげましょう。%b	
c4ce8c2184	1	26	12	%b	よし、アスカを助けよう！%b	
c52fd28381	1	26	12	%b	町人は立ち去っていった。%b	
c764d65713	1	26	12	%b	ライトワードを手に入れた%b	
c7f413d666	2	26	12	%b	・・・これでいいんだろ。%b	
c92f9319c5	1	26	12	%b	だいじょうぶか、ナズナ！%b	
c9fc8749a0	1	16	12		駁hqhqzホホドqhq	
caa9e21623	1	26	12	%b	もう一度説明しておこう。%b	
cbc710db48	1	26	12	%b	ふふふ、知っていますか？%b	
cc89e50816	1	24	12		剣沺椌惧悖悛悖沺據沾撩惧	
cd2309e7b8	1	26	12	%b	これで終りにしちまいな！%b	
cdb16caf23	1	26	12	%b	あらあら、随分賑やかね。%b	
ce0c577499	2	24	12		武器をお求めでござるか？	
d1501e2a55	1	26	12	%b	金が足りないじゃないか。%b	
d156d629d0	1	26	12	%b	でも、どうすれば・・・？%b	
d3798de041	1	26	12	%b	お心遣い、かたじけない。%b	
d3ffffda7e	1	25	12		武器を捜してるってのか？\n	
d80dce040f	1	26	12	%b	伝説のカタナ【桜吹雪】。%b	
d81d231b49	1	27	12	%b	もう！\nこれよ、この金属！%b	
d8cf818b70	1	27	12	%b	う。\nい、いいじゃないか。%b	
db96e9f77f	2	26	12	%b	あれは７人委員会の姿だ！%b	
ddbf066662	1	26	12	%b	あそこが出口みたいだね。%b	
df3fbcfbf7	1	26	12	%b	地下への階段を見つけた！%b	
e0d07ac13e	1	26	12	%n	「%nS」だね。\n買いますか？	
e0ef3f4d75	1	27	12	%z	%z見て！\nイクシーズ号だよ！	
e1a53e17f9	4	27	12	%b	そうか。\nまた来てくれよ。%b	
e3344724d2	1	26	12	%b	皆さんの健闘を祈ります。%b	
e376fe2cd7	1	26	12	%b	思ったより元気そうだね。%b	
e64a5adff3	2	26	12	%b	またおこしくだされたし。%b	
e709902366	1	26	12	%b	・・・反対は、ないよね？%b	
e795c697a7	1	26	12	%b	ち、父上と母上が・・・！%b	
e91691995c	2	26	12	%b	ここに水を入れるんだね。%b	
ead84c9d30	2	25	12		\n何を売ってくれるんかの？	
ec6d13f55a	1	26	12	%b	む・・・その声は・・・！%b	
edd6a3abc3	1	26	12	%b	研究は、困難をきわめた。%b	
ede8c0f6d6	1	24	12		シラナミを仲間に入れる？	
ee35a012d0	1	27	12	%b	御意にござります。\n姫様。%b	
f0d8285340	1	26	12	%b	誰かいないかしら・・・。%b	
f22808e65d	1	16	12		兆hqhqzホホドqhq	
f281a5e050	1	26	12	%b	ちょ、ちょっとまってよ、%b	
f30bad5b8a	1	24	12		コルベの村に入りますか？	
f468be7a3e	1	26	12	%z	%zそりゃそうだけど・・・。	
f4e01ae809	1	26	12	%b	わーい、わーい、わーい。%b	
f4f887dedf	1	26	12	%b	気にはなるんだけど・・・%b	
f509dfa9e1	1	26	12	%b	ご心配をおかけいたした。%b	
f5a04b0e8d	1	16	12		糖hqhqzホホドqhq	
f5e58bd457	1	15	12		 @魵啅35UUUU3船	
f61981ad21	2	26	12	%b	おかえりなさい、皆さん。%b	
f65666210c	1	26	12	%b	アスカ、ラスティ・・・。%b	
f722e9f48a	1	26	12	%b	遊びに行くんじゃねぇぞ！%b	
f948a0b767	1	25	12		武器を買ってくれるのね？\n	
faf26b1dee	1	24	12		ラスティを仲間に入れる？	
fb1f9a82b8	1	26	12	%b	公開の予定はありません。%b	
fc978a5f43	1	26	12	%b	全てが済んだとき・・・。%b	
fdfe332794	1	26	12	%b	いまさら裏切るつもりか！%b	
fe8622fa61	1	27	12	%z	%zは、はい。\nドラグーン王。	
00b4dda9ff	1	24	11	%b	何かおっしゃいました？%b	
01f84377f7	1	22	11		ほかになにか売るのか？	
02546a6dc7	1	22	11		世界に覇をとなうべし！	
028c42ff38	1	24	11	%b	まぁ、乗ってくだせぇ。%b	
032b2af61a	1	24	11	%b	大丈夫、しっかりして！%b	
0392c06b2c	1	24	11	%b	アドバイス一筋３５年。%b	
0454f5da42	1	24	11	%b	よいしょっと・・・・。%b	
068359ffc2	1	24	11	%b	ようこそ、我が迷宮へ。%b	
070834e34c	2	23	11	%n	「%nS」でよろしいかの？	
07e2381f34	1	24	11	%b	・・・うん・・・平気。%b	
08153b88bf	1	24	11	%b	ラグロスゥゥゥッ！！！%b	
08376c2ea0	1	24	11	%b	何をする、やめるんだ！%b	
0840077c34	1	24	11	%b	・・・行ったか・・・。%b	
0aecfd7ddb	1	24	11	%b	枯木が橋になったでし。%b	
0b078e18bb	1	24	11	%b	・・・ラスティ・・・。%b	
0b1d32c8b5	2	24	11	%b	いきさつを話しました。%b	
0b97473eb2	1	24	11	%b	皆、期待してるんスよ。%b	
0bc777d86b	1	24	11	%b	な、７人委員会が・・・%b	
0e0d3cd5fa	1	22	11		ゲテン城に入りますか？	
10239611a2	1	16	11		()*+*)麹試麹血給	
10328bf273	1	24	11	%b	え、あんたがそうなの？%b	
1137c49966	1	24	11	%b	ここが、ポポロンかぁ。%b	
12c9bdaf49	1	24	11	%b	・・・ときにミュウ様。%b	
12cbfd2283	1	25	11	%b	ラスティ！！\nアスカ！！%b	
14c3022065	1	24	11	%b	では、始めましょうか。%b	
1502f1e8e8	1	24	11	%b	とはいうものの・・・。%b	
16c01cd532	1	16	11		234543麹試麹血給	
18f2482436	1	25	11	%b	アンジュ！\nためらうな！%b	
196ca4dabc	1	24	11	%b	またお会いしましょう！%b	
1a0d3b6f19	1	22	11		ナズナ洞に入りますか？	
1a15805df6	1	24	11	%b	カムイの力は、神の力。%b	
1af60ed923	1	24	11	%b	星陵郭にいますのじゃ。%b	
1bd069a8db	1	24	11	%b	・・・・それにしても、%b	
1d28d9bf78	1	16	11		<=>?>=麹試麹血給	
1d8696b2be	1	24	11	%b	感謝には及びませんわ。%b	
1d90ea8abc	1	24	11	%b	カダールの残党なのね。%b	
1e8af924df	1	22	11		どれを買おうってんだ？	
1ed541cb0f	1	24	11	%b	「伸びゆくカダール」１%b	
1f35cfe150	1	24	11	%b	そうは言っても・・・。%b	
1fba6720e0	1	24	11	%b	これが魔法球の様だな。%b	
2054c4ada1	1	24	11	%b	え、この人がそうなの？%b	
20a716daa5	1	24	11	%b	一体どうなってんのよ？%b	
2102fe8b8b	1	24	11	%b	さぁ、皆、早く逃げて！%b	
2132427c9d	1	24	11	%b	な、なんだ君たちは！？%b	
2479e43bef	1	24	11	%b	はは、ありがたき幸せ。%b	
252de307ca	1	22	11		ＢＯＯＴ３メニュー　　	
25dda96f3d	1	24	11	%b	じゃ、こっちは・・・？%b	
25fbfe6ec8	1	24	11	%b	カカルクランですって！%b	
263cab1b62	1	24	11	%b	・・・は、はぁ・・・。%b	
271b76aae5	1	23	11		ここから行くしかない。\n	
27390f23c6	1	24	11	%b	７人委員会でござるよ。%b	
275ca06559	1	24	11	%b	一体、何事でしょう！？%b	
27fdaf6ac4	1	24	11	%b	だめ、思い出せないわ。%b	
28a1f68092	1	22	11		イガの里に入りますか？	
2ab2604529	1	24	11	%b	じゃじゃ～ん、なのね！%b	
2b39cd554c	2	24	11	%b	大水桶に水を入れた！！%b	
2c52e1b0cd	1	24	11	%b	お・ひ・め・さ・ま・！%b	
2d12089632	1	24	11	%b	どうか、我らに導きを！%b	
2d54bf3651	1	22	11		おぼろ谷に入りますか？	
2db8972c8d	1	24	11	%b	ああ、それは知ってる。%b	
2de6e2b98b	1	23	11		売りに来たってのかい。\n	
2dfefd65df	1	24	11	%b	死んでおしまいなさい！%b	
2f02991634	2	24	11	%b	遠慮することないわよ。%b	
3077a0507d	1	24	11	%b	「伸びゆくカダール」２%b	
31010726af	1	25	11	%b	君達！\nどうして・・・？%b	
31a1f630a7	1	24	11	%b	７人委員会は憎いです。%b	
337d9a7b66	1	24	11	%b	よし、じゃあ、行くよ！%b	
35a50851b7	1	24	11	%z	%zナズナ・・・すまない。	
35d505c752	1	16	11		FGHIHG麹試麹血給	
35ef9ec77e	1	25	11	%b	え？\nじゃないでしょっ！%b	
37638a962b	1	25	11	%b	おや？\nこの石は動くぞ。%b	
390eaf7971	1	24	11	%b	それはどうですかしら？%b	
39f33d3e55	1	24	11	%b	なんだよ、カムイまで！%b	
3bc1c3f320	1	24	11	%z	%z本当に、僕達が・・・？	
3bcdfe48d9	1	22	11		海底神殿に入りますか？	
3c15366c6c	1	24	11	%b	押してみようか・・・？%b	
3d6891fa6c	1	24	11	%b	あ、アスカ兄ちゃんだ！%b	
3d9d33b2f7	1	22	11		イクシーズ墜落しただけ	
3e66fa081d	1	25	11	%b	あれ？\n誰かいる・・・？%b	
3f04ae93a8	1	24	11	%b	もう用はすんだのかい？%b	
3fe5a88e1f	1	24	11	%b	ミュウのために・・・。%b	
404f22e8fb	1	24	11	%b	さぁ、帰った、帰った！%b	
40509d1d24	1	22	11		ナズナを仲間に入れる？	
4112d7bdbf	1	22	11		試練の迷宮を出ますか？	
41dab86a89	1	24	11	%b	ここから外に出ようよ。%b	
4282727bb5	1	24	11	%b	あっ、これなんだろう！%b	
43641bc132	1	24	11	%b	ここが海底神殿なのね。%b	
437a7e8129	2	24	11	%b	できれば、来んでくれ。%b	
4393f8416f	1	22	11		準備はよろしいですか？	
4550878dc8	1	24	11	%b	カダールの兵隊がいる！%b	
45f40cf4d8	1	25	11	%b	出航用意！\n帆をあげろ！%b	
478c9c3d29	1	24	11	%b	これは、７人委員会様！%b	
4a3d3b51c4	1	24	11	%b	では、参りましょうか。%b	
4b4c63250c	1	25	11	%b	ふう。\nやっと着いたね。%b	
4be6e5876d	1	24	11	%b	「武闘司書就職読本」２%b	
4c4d8e1805	1	24	11	%b	ともかく、先を聞こう。%b	
4c680fea84	1	24	11	%b	何回も言わせないでよ。%b	
4ca42d53da	1	22	11		次元の扉に入りますか？	
4e30e80562	1	24	11	%b	アシュカなんか嫌いよ。%b	
4e47d04513	1	24	11	%b	町人は立ち去っていた。%b	
4e9f121f68	1	24	11	%b	アローストーン・・・。%b	
4f17c08d49	1	23	11		\n・・・どれを売るって？	
50c870f80e	1	24	11	%b	「武闘司書就職読本」３%b	
5147c3e478	1	24	11	%b	・・・ということじゃ。%b	
52a56977f8	1	24	11	%b	ありがたいことやわァ。%b	
52e943670f	1	25	11	%b	え？\nどこかって、どこ？%b	
531f86adb5	1	25	11	%b	うん。\nいつでもいいよ。%b	
5577c841a3	1	24	11	%b	カムイ・・・さよなら。%b	
56b701ef4f	1	24	11	%b	おっ、橋がかかったゼ！%b	
574b8ae60c	1	22	11		アスカを仲間に入れる？	
57726047b6	1	24	11	%b	で、その原因ってのは？%b	
580acc293f	1	24	11	%z	%zさらば、なのだ～ゼー！	
58231eaaf9	1	24	11	%b	あの怪しい霧のせいだ！%b	
59f1007480	1	24	11	%b	淑女のたしなみですわ。%b	
5a14f80019	1	25	11	%b	うむ。\n頼んだぞ・・・。%b	
5c0aff6fbb	1	24	11	%b	天才の俺様だからして、%b	
5c13f11ba9	1	47	11	%H %m1 %V100 %m0 %V0 %b	%H%m1%V100［%m0長老%m1］%V0%m0\n・・・とある。%b	
5e5afb1d90	1	24	11	%b	さぁ、行った、行った！%b	
5e5c669944	1	24	11	%b	ついにできたでしよ！！%b	
5ec2900a39	1	24	11	%b	うむ、無事で何よりだ。%b	
5ecb627fc8	1	22	11		ミュウ幻影の前に倒れる	
60cd781c5e	1	25	11	%b	強い！\n強いのだ～ゼー！%b	
61c9ee62df	1	24	11	%b	坂道が邪魔でござるな。%b	
61f06d3c4f	1	25	11	%z	%zもちろん！\nね、ナズナ☆	
62aafc3ca4	1	23	11	%b	ま、また地震ですわ！ %b	
639c16fa68	1	24	11	%b	鳥は飛ぶと言ってるぜ。%b	
648fa93beb	1	24	11	%b	ひえーっ、お助けーっ。%b	
6525e5a987	1	22	11		カムイを仲間に入れる？	
65bd35bc41	1	24	11	%b	お前達、無事だったか！%b	
65eaaae9bb	1	24	11	%b	なんで寄ってくるんだ？%b	
66984396ca	1	25	11	%z	%zミュウ！\nさよならでし！	
6721effd71	1	22	11		火薬工場に入りますか？	
68cd1f52e7	1	24	11	%b	俺達がいるじゃないか！%b	
692ade9290	1	24	11	%b	ここからが正念場だね。%b	
6a3127d149	1	25	11	%b	ああ。\n慎重に行こうぜ。%b	
6cb902a669	1	24	11	%b	オルトマに戻るんだね。%b	
6cc8adf85b	1	24	11	%b	この村の自慢の一つさ！%b	
6dbca82dda	1	24	11	%b	お別れのちゅー、なの。%b	
6e837331ec	1	14	11		3U甁%齋U#3訶n3	
6f96ecc329	1	22	11		ミュウを仲間に入れる？	
6fdbd8ab9d	4	24	11	%n	「%nS」だね。\n買うかい？	
7057074c5b	1	24	11	%b	持ってるでしよ・・・。%b	
70d48c4662	1	24	11	%b	ミュウは大丈夫かなぁ？%b	
7132414b9f	2	24	11	%b	この水晶柱のせいかな？%b	
71898b3b57	1	16	11		#$%&%$麹試麹血給	
7523b08478	1	24	11	%b	まぁ、どうしてですの？%b	
767a298187	1	24	11	%b	でも気にせんとってや。%b	
77771896fb	1	25	11	%b	で、\nございますわ～ッ！%b	
78f46d823e	1	24	11	%b	これが魔法球みたいね。%b	
7a75ca4f3d	1	22	11		【七人委員会の塔裏口】	
7aad964747	1	24	11	%b	これが、式神か・・・。%b	
7c623d8dbd	1	24	11	%b	話すことなんかないよ！%b	
7d891781e0	1	24	11	%b	破壊・・・混乱・・・？%b	
8088246211	1	24	11	%b	・・・お願い、アスカ。%b	
825b5c90b4	1	24	11	%b	思い・・・でござるか？%b	
82855efb0a	1	22	11		西方の森に入りますか？	
83a1590703	1	24	11	%b	ミュウ、それにみんな！%b	
865960dded	1	25	11	%b	くっ！\nまた揺れやがる！%b	
87c5f94ce3	1	24	11	%b	われらの思いに応えよ。%b	
87c9e923f9	1	24	11	%b	む、その方たちかっ！？%b	
899cecd097	1	23	11		武器を買いやがるのか？\n	
89bd27d1d4	1	25	11	%b	うん。\n行こう、みんな！%b	
89c74a12c5	1	22	11		キングを仲間に入れる？	
8a832cced7	1	24	11	%b	お待ちしておりました。%b	
8c49e94779	1	23	11		\nさて、どれを買うって？	
8e0d6f9cd8	1	25	11	%b	ふふふ、\n待ちかねたぞ！%b	
8fa68b29be	1	16	11		-./0/.麹試麹血給	
91421fcddc	1	24	11	%b	ありがとう助かったわ。%b	
949c75de4c	1	23	11		\nどれを買うておくれで？	
952eafd2cf	1	24	11	%b	これは何ですの、なの？%b	
95371f26d5	1	24	11	%b	・・・まぁ、あれだな。%b	
95f7da79c8	1	23	11		売りに来てくれたのね？\n	
993bd4af17	1	24	11	%b	カカルクランへ・・・。%b	
9a1e55dc28	1	24	11	%b	ユーカリ、ユーカリ！！%b	
9ac904232c	1	24	11	%b	みんな、大丈夫だった？%b	
9ba9eecf96	2	24	11	%b	あら、弱いの、なのね。%b	
9bd7c149f3	1	16	11		789:98麹試麹血給	
9ec9f439e7	1	16	11		ABCDCB麹試麹血給	
9f4d464ad7	1	25	11	%b	へ？\nなんのことでしか？%b	
9fb35e5659	1	24	11	%b	「武闘司書就職読本」１%b	
a2ff8fa9f4	1	24	11	%b	一体、なんだってんだ！%b	
a3094ba013	1	24	11	%b	ラスティ、大丈夫なの？%b	
a51f29ff82	1	24	11	%b	カムイさんって・・・。%b	
a5459bc75a	1	22	11		戦いにおもむきますか？	
a5cf79b4a2	2	22	11		地下通路を通りますか？	
a6ed0d1aa4	1	24	11	%b	謹んで拝命するように。%b	
a86a0de4cd	1	24	11	%b	せまい所でござるなぁ。%b	
a8f1b2ce7f	1	25	11	%z	%zなのね！\nね、シラナミ☆	
a957099007	1	24	11	%b	うん、もぅ、意地悪ッ！%b	
a9c218bb21	1	24	11	%b	皆で手分けして捜そう！%b	
a9cd15b8c6	1	24	11	%b	あ、ああ、そう・・・。%b	
ab7a98cfe2	1	24	11	%b	ちょっとかわってるね！%b	
abcb4437a9	1	25	11	%b	うん。\nラスティ・・・。%b	
ac109550e1	1	24	11	%b	・・・空を飛ぶ船かぁ。%b	
adf97b7c14	1	24	11	%b	ありがとうございます。%b	
ae5abf51da	1	24	11	%b	知識は世を照らす光だ！%b	
afb0036241	1	24	11	%b	じゃあみんな！いくよ！%b	
afea0cf385	1	22	11		どれを買ってくれるっ？	
b0076c42f9	1	24	11	%b	じゃあ、直せるんだね！%b	
b2661a0507	1	24	11	%b	そうだといいんでしが。%b	
b282fbf282	1	24	11	%b	一体どうなってんだ！？%b	
b4a3938725	1	24	11	%b	「伸びゆくカダール」３%b	
b686bc655a	1	24	11	%b	さっさと出てってくれ。%b	
b6aac430bb	1	24	11	%b	ミュウ！いよいよだぜ！%b	
b72732c19b	1	24	11	%b	どうやら、この町には、%b	
b8176323e7	2	22	11		どれを買うつもりじゃ？	
b843b820cd	1	24	11	%b	そうじゃないみたいだ。%b	
b9824efd5c	1	24	11	%b	ようこそ、ゲテン城へ。%b	
bb4a9e5f7f	1	25	11	%b	くっ！\nさっきより熱い！%b	
bd0538674a	1	24	11	%b	オレの失敗の一つだぜ。%b	
bd0ef6ff92	1	25	11	%b	ラスティ。\n早く行こう！%b	
bdca8f6e44	2	24	11	%b	そいつぁ、すまねぇな。%b	
bff0056834	1	24	11	%b	お、おどかさないでよ。%b	
c35fbb0c33	1	22	11		売りに来やがったのか？	
c36962e961	1	24	11	%b	不思議なシロモノだぜ。%b	
c46aac960a	1	24	11	%b	ここが、ザルマの町だ。%b	
c493f55358	1	24	11	%b	ボクの名前は、ミュウ。%b	
c4f5a4a24b	1	24	11	%b	だから、今度は私の番。%b	
c5aa1a50c3	1	22	11		忍者屋敷に入りますか？	
c5ac222d2d	1	45	11	%H %m1 %V100 %m0 %V0	%H%m1%V100［%m0７人委員会リーダー%m1］%V0%m0\n	
c5d53f1859	1	24	11	%z	%z・・・お待ちになって！	
c627edb088	2	22	11		オルトマへ戻りますか？	
c6ef27d65b	1	24	11	%b	・・・あ、あれ・・・？%b	
c777dff964	1	24	11	%b	ユーカリ・・・すまん。%b	
c7974a2317	1	24	11	%b	せま苦しい所ですわね。%b	
c81c362f27	1	24	11	%b	こ、これは一体・・・？%b	
c84c457ac6	1	24	11	%b	神々の怒りを感じます。%b	
cb2396d6e3	2	24	11	%b	オレは何もしてねぇぞ！%b	
cbb36ead0f	1	24	11	%b	おいおいおい、正気か？%b	
cd7fd8cc6b	1	24	11	%b	あ、うん、でも・・・。%b	
cee2ff6696	1	24	11	%b	落とされちゃうからね！%b	
d0351f7721	1	24	11	%b	開かないでしね・・・。%b	
d2b41d292a	1	24	11	%b	ここは私にお任せあれ！%b	
d2ff6a6059	1	24	11	%b	あ～らまた来たのね～？%b	
d4aa92c09c	1	24	11	%b	今度だって、やれるよ！%b	
d4ae9669cd	1	25	11	%b	者共！\nやっておしまい！%b	
d4ca6bc2cf	1	22	11		古代遺跡に入りますか？	
d530bc0393	1	24	11	%b	あなたも一緒に戦おう！%b	
d62fe25f51	1	24	11	%b	異世界の扉、か・・・。%b	
d6619891a2	1	22	11		次元の道をぬけますか？	
d70d5bfab3	1	24	11	%b	とまぁ、こんなとこだ。%b	
d82f414064	2	24	11	%b	大水桶と書かれている。%b	
d86d7a3210	1	24	11	%b	世界は美しいですよね。%b	
d8c6c63ac6	1	24	11	%b	リグロード大陸・・・？%b	
d940247b53	1	24	11	%b	またお越し下さいませ。%b	
d9cdaefe68	1	25	11	%b	うん。\n行くよ、みんな！%b	
da151c49b6	1	24	11	%b	ああ、かなりやばいぜ。%b	
da978d98d2	1	24	11	%b	他のみんなは、大丈夫？%b	
dab084d4a9	1	24	11	%b	実は・・・消えたんだ。%b	
dae79c4144	1	24	11	%b	ま、待って下さいまし！%b	
db6b64545d	1	24	11	%b	彼らの考えは邪悪です。%b	
dd7853cde7	1	24	11	%b	だといいんだが・・・。%b	
de2663fabd	1	22	11		闘乱の町に入りますか？	
e029ff948e	1	22	11		どれを売ってくれるっ？	
e046e98944	1	24	11	%b	持っているのだ～ゼー！%b	
e162144183	1	24	11	%b	死んでござるな・・・。%b	
e2d1307701	1	24	11	%b	ちょっと、聞いたかい！%b	
e310691e23	1	24	11	%b	・・・死んだか・・・。%b	
e4b565d38b	1	24	11	%b	えい、やぁ、たあーっ！%b	
e52d22e435	1	24	11	%b	うむ、頼んだぞ・・・。%b	
e630b4fcdc	1	22	11		クリカラに入りますか？	
e63d817c39	1	24	11	%b	そう願いたいもんだな。%b	
ebb3f67a74	1	24	11	%b	いいわ、出してあげる。%b	
ec1f4bbfcb	1	23	11		\nさて、どれを売るって？	
ed32a31538	1	24	11	%b	もう一つよろしいかな。%b	
ed490926ba	1	24	11	%b	もう、来ないでおくれ。%b	
edba17fa66	1	24	11	%z	%zよし、今度こそ勝つぞ！	
edff5c7011	1	25	11	%b	くそっ！\nなんてこった！%b	
eef4c43707	1	24	11	%b	そうでござるが・・・。%b	
ef1ea2978e	1	23	11		\nどれを売っておくれで？	
f152f0802d	1	22	11		ごく一般的な帽子です。	
f1c02d87c6	1	24	11	%b	お、どうした、ミュウ？%b	
f1ca59f1a2	1	22	11		東方の森に入りますか？	
f3d3e002a6	1	24	11	%b	金が足りないようだな。%b	
f44aa841cf	1	24	11	%b	ユーカリィィィィ！！！%b	
f5ec99ff9a	1	24	11	%b	拙者には分かり申さん。%b	
f89933b17e	1	24	11	%b	おや、橋がかかったぞ。%b	
f964aab23f	1	24	11	%z	%zさようなら、シラナミ！	
f99891a9c0	1	23	11		\n・・・どれを買うって？	
fac121275c	2	24	11	%b	ンなことしてねぇだろ！%b	
fe82817dd9	1	24	11	%b	どう解決するつもりだ？%b	
ff78634073	1	22	11		タタラを仲間に入れる？	
ffceb14e40	1	22	11		鋭い爪による攻撃です。	
0022f17ec1	1	22	10	%b	結界が張られている。%b	
00aea65ee0	1	22	10	%b	・・・しかし・・・。%b	
02f925ba48	1	22	10	%b	しっかりしてるなあ。%b	
04f751e5b6	1	22	10	%b	だって、そうだろう？%b	
0615410d20	1	22	10	%b	・・・分かり申した。%b	
066fd58c12	1	20	10		何か売りに来たんか？	
076bf6bc0c	1	43	10	%H %m1 %V100 %m0 %V0	%H%m1%V100［%m0７人委員会の思念%m1］%V0%m0\n	
0952b401de	1	22	10	%b	消えた・・・だって？%b	
0a54c82366	1	23	10	%b	うん？\nこれは・・・！%b	
0c484ccbca	1	22	10	%b	あなたは誰でしか！？%b	
0d36ad4a60	1	22	10	%b	ここが海底神殿だね。%b	
0d4557c936	2	22	10	%b	あれは、７人委員会！%b	
0dbf4a3152	1	22	10	%b	ここが、忍者屋敷だ。%b	
0e44d52304	1	22	10	%b	おおきにありがとう。%b	
0fe76283be	1	22	10	%b	絶対に助けてみせる！%b	
1025fd392f	1	20	10		どれを売るってんだ？	
10fa4c9687	1	22	10	%b	橋がかかりましたわ！%b	
14560d22c0	1	22	10	%b	ありがたきしあわせ！%b	
152cd6e3e5	1	22	10	%b	ドラグーンの・・・。%b	
18c350b736	1	22	10	%b	へぇ、そうなんだァ。%b	
1aab89654a	1	22	10	%b	ガルザードよ・・・。%b	
1bd363032f	1	22	10	%b	しかたありませんわ。%b	
1e17da2c4e	1	22	10	%b	本棚が・・・動く！？%b	
1f40384d6d	1	22	10	%b	私の魂は汚れている。%b	
1fbe57931a	1	22	10	%b	・・・かっこいい～！%b	
21c93bbb9d	1	22	10	%b	まぁ、どうしましょ。%b	
21d8d93a28	1	23	10	%b	俺だ！\n俺がタカオだ！%b	
23911e8268	1	22	10	%b	さぁ、乗った乗った！%b	
23c264888d	1	22	10	%b	・・・助かるのか！？%b	
252d69a987	2	22	10	%n	「%nS」だな。\n買うか？	
25bf8aa6f4	2	22	10	%b	先へ進むでござるよ。%b	
26a2bc81f2	1	20	10		サモサに入りますか？	
2821b7aa8e	1	22	10	%b	礼なんかいらないよ。%b	
286d10278f	1	22	10	%b	みんな、怪我はない？%b	
29ad96172b	1	22	10	%b	さよう、我らの思い。%b	
2ce32fb1f1	1	17	10	%b	BOOT3へようこそ%b	
2f9bdb7c35	1	22	10	%b	橋がかかったでしよ！%b	
355c4aa1f0	1	22	10	%b	よくやってくれたね。%b	
355e636967	1	22	10	%b	ナズナ怖い～、なの。%b	
357d20c6b8	1	22	10	%b	ア～ちゃん、待って！%b	
35b47a4326	1	22	10	%b	なぜそんな事をする！%b	
36fa1f0088	1	20	10		監禁室に戻りますか？	
378ff87fc6	1	22	10	%b	どういうことですか？%b	
3892210edd	1	20	10		ヒガタへ戻りますか？	
39c955e0c3	1	22	10	%b	御意にござりますな。%b	
39d1752a30	1	22	10	%b	さぁ、いきますわよ！%b	
3aac4c66fe	1	22	10	%b	気をつけてね・・・。%b	
3ad6e2d3ce	1	22	10	%b	・・・死んだ・・・。%b	
3b8e246b90	1	20	10		ほかに何か買うのか？	
3c40bb63e0	2	22	10	%b	あれが７人委員会か、%b	
3c78fc2750	1	12	10		u鮱UUTEUU^羽	
3dce8fba07	1	22	10	%b	もう用はすんだのか？%b	
3f7583a84e	1	22	10	%b	で、式神って何なの？%b	
3fa591c06c	1	22	10	%z	%zさようなら、なのね！	
3fb0005fc3	1	22	10	%b	な、なんでしょう！？%b	
429d025613	1	22	10	%b	少し動いた～ゼー！！%b	
43351e3d89	1	22	10	%b	礼なんかいいんだよ。%b	
4426c0d166	1	22	10	%b	ひとつはマラカイト。%b	
4647c144bd	1	22	10	%b	おお、これでござる！%b	
49305b3473	1	20	10		僧侶のための服です。	
497fcb6283	1	22	10	%b	じゃあ、出航するよ。%b	
4c4df85521	1	22	10	%b	・・・そうだったね。%b	
4c6adeb30c	1	22	10	%b	・・・カムイ・・・。%b	
4cdd45dd8e	2	22	10	%b	これからどうするの？%b	
4d170ca2c3	1	22	10	%b	そうか、裏切るのか。%b	
4d2fade28c	1	22	10	%b	ナズナは眠り込んだ。%b	
4e17a211aa	1	22	10	%b	あんた知ってるかい？%b	
4eaa2a4bdd	1	22	10	%b	だいじょうぶですか！%b	
50f39f46f8	2	20	10		階段を上がりますか？	
536ee865d4	1	22	10	%b	どこに運べばいいの？%b	
5420175083	1	22	10	%b	ガルザードか・・・。%b	
54550125fa	1	22	10	%b	ミュウは眠り込んだ。%b	
556316dc7f	2	22	10	%n	「%nS」だね。\n本当に？	
588d5103d1	1	22	10	%z	%z・・・お父様・・・。	
58d8bfed74	1	22	10	%b	高低差に気をつけろ。%b	
59e17aadde	2	22	10	%b	・・・泣いてるのか？%b	
5bb3835d84	1	22	10	%b	星陵郭は、この先だ。%b	
5c2d18908f	1	22	10	%b	ううん、いいんだよ。%b	
5e14cb8688	1	21	10		ひどい、ひどいわっ！\n	
5e5fa236ce	1	23	10	%b	あれ？\n床が沈んだぞ。%b	
5efb5143b4	1	22	10	%b	確かにそうでござる。%b	
61c723fb4a	1	22	10	%b	・・・関所か・・・。%b	
63fa92085f	1	22	10	%b	料金はいりませんぜ。%b	
64ea0b69fd	1	22	10	%b	分かった、分かった。%b	
652104f314	1	23	10	%b	あ、うん。\n平気だよ。%b	
67acebef99	1	20	10		結界洞に入りますか？	
689a5889ce	1	22	10	%b	坂道があるじゃない。%b	
6a1da3ce63	1	22	10	%b	バーカ、バーカぞよ。%b	
6aafa11e2c	1	22	10	%b	じゃあ、船にのりな！%b	
6cdb66982c	1	22	10	%b	そう・・・よかった。%b	
6de8cda7a7	1	22	10	%b	これはひどい・・・。%b	
70ea199842	1	22	10	%b	・・・アスカ・・・。%b	
70ed50cb96	1	23	10	%b	あっ！\nタマモかっ！！%b	
7213297110	1	22	10	%b	これが水晶柱ですの？%b	
72e41cda61	1	22	10	%b	オレの名前はアスカ。%b	
7356b1abed	1	22	10	%b	おまえ達のしわざか！%b	
73d2c3c832	1	22	10	%z	%zアスカ、大好きなの！	
73f41fbd43	1	22	10	%b	これが魔法球・・・。%b	
7439f2e123	1	23	10	%b	ミュウ！\n誰かいるよ！%b	
762e99e4b6	1	22	10	%b	思い・・・ですって？%b	
7702949744	2	22	10	%b	ミュウ・・・辛いの？%b	
77ee7fe799	1	23	10	%b	うん。\nそう聞いてる。%b	
7b5e31441f	1	22	10	%b	ここは、おぼろ谷だ。%b	
7be532af32	1	22	10	%b	ほんま、また来てや。%b	
7cb1053983	1	22	10	%b	敵の数が多いでしね、%b	
7f48543b60	1	22	10	%b	それでござる、兄上。%b	
801db6481f	1	22	10	%b	その方がいいかもな。%b	
81e249f34b	1	22	10	%b	ごめんなさい・・・。%b	
8255c8c473	1	22	10	%b	星陵郭はこの先よね。%b	
828f5eadf6	1	22	10	%b	すまねぇ、頼んだぜ！%b	
82b972f1c8	1	22	10	%b	その通りでござるよ。%b	
838b9248eb	1	22	10	%b	どいて、ア～ちゃん！%b	
83c3ee67d8	2	22	10	%b	・・・ミュウ・・・。%b	
84cbbe63ea	1	22	10	%b	誰もいないみたいだ。%b	
84fd9e5a01	1	22	10	%b	ガルザードが・・・？%b	
851aaa2ca0	1	22	10	%b	カムイは眠り込んだ。%b	
8538260d37	1	22	10	%b	わかった、わかった。%b	
859c816ca1	1	22	10	%b	ゲートキーか・・・。%b	
85cfd55b42	1	22	10	%b	開かないようでしね。%b	
861c815d60	2	20	10		図書館に入りますか？	
87f3bf4334	2	22	10	%b	うん、すごくいいよ！%b	
8838eb4b8b	1	22	10	%b	世界は滅びてしまう！%b	
883c72e5f1	1	22	10	%b	ナズナも平気なのね。%b	
88c14a9e9f	1	22	10	%b	これがイクシーズか！%b	
88eb8ba76e	1	22	10	%b	これが水晶柱なのね。%b	
8a1d959786	1	22	10	%b	・・・そうか・・・。%b	
8b6363f61d	1	22	10	%b	ヒガタはすぐそこだ！%b	
8b74be67ae	1	22	10	%b	みて、霧が晴れたよ！%b	
8d8871cc66	1	22	10	%b	俺っチも大丈夫でし。%b	
8df2f627cb	1	20	10		ごく一般的な弓です。	
8e130290c4	1	22	10	%b	港は殺気だっている。%b	
8e4b2d2488	1	22	10	%b	あれはきれいだよぉ？%b	
8f6ca0bd32	1	22	10	%b	お、あいつらの声だ？%b	
90025ab210	1	23	10	%b	へえ～！\n空を飛んで！%b	
913f685937	1	20	10		どうしますか？　　　	
929287d636	1	22	10	%b	ちょっと、大丈夫？！%b	
94f81720da	1	22	10	%b	無差別・・・殺・・・%b	
9534932c19	3	12	10		峽[UU儷3Yiff	
9686fc71fb	1	22	10	%b	ここから外に出よう。%b	
970db340ad	1	22	10	%b	あーら、あんた何よ？%b	
9ab262d102	1	22	10	%b	これは何なの、なの？%b	
9d6d863624	1	22	10	%b	もらっとくか・・・。%b	
9e97b666a7	1	20	10		何を捜してんのよぉ？	
9f27bb4c3a	1	22	10	%b	そんな乱暴な・・・！%b	
a23c3d6c81	1	22	10	%b	すまんでし、ヒバリ。%b	
a4520c737e	1	22	10	%b	ヒヒイロカネ・・・？%b	
a497b97b37	1	22	10	%b	これは心外な・・・。%b	
a4b997aac2	1	23	10	%b	うん！\nまかせといて！%b	
a51ef2e342	1	22	10	%b	お、お待っとうさん。%b	
a57b397e5e	1	22	10	%b	一刻も早いお越しを！%b	
a72d4d0bd3	1	20	10		古代遺跡を出ますか？	
a87c57d3bb	1	22	10	%b	どうするよ、ミュウ？%b	
ab02165196	1	22	10	%b	アスカは眠り込んだ。%b	
acf6ca44e0	1	22	10	%z	%z・・・勝った・・・！	
b1819a74e7	1	22	10	%b	さらばだ、わが娘よ。%b	
b1a1fdbd12	1	22	10	%b	こりゃなんだ・・・？%b	
b36735330f	1	21	10		\nどれを買うつもりさ？	
b4495a19c4	1	22	10	%b	そ、その声は・・・！%b	
b4553be680	1	22	10	%b	かなわんなぁ・・・。%b	
b467a97f44	1	22	10	%b	早く済ましとくれよ。%b	
b538024f81	1	22	10	%b	それが、実は・・・。%b	
b6237ba24c	1	22	10	%b	ありがとう、ナズナ。%b	
b82aaac132	1	20	10		哲学を扱った本です。	
b8d7facc3e	1	22	10	%b	平和はよろしいなァ。%b	
b93b72c719	1	22	10	%b	そんなことできるの？%b	
ba3b456751	1	22	10	%b	カムイコタンの獣人。%b	
ba4722dcc3	1	22	10	%b	さあ、始めましょう。%b	
bb9c7fa458	1	22	10	%z	%zガルザードよ・・・。	
bbd3fae38e	1	22	10	%b	グラビティに急ごう！%b	
bedd0dca5a	1	22	10	%b	ここが古代遺跡だよ。%b	
bf986e58db	1	22	10	%b	しゅうん・・・なの。%b	
bfbbb23008	1	20	10		星陵郭に入りますか？	
c0661c04fe	1	22	10	%b	次こそは勝つぞよ～。%b	
c12ae2470c	1	22	10	%b	へぇ、よくわかるね。%b	
c170f23c79	1	22	10	%b	ここは古代遺跡だよ。%b	
c19c79d041	1	22	10	%z	%zじゃ、だまっててよ！	
c1c83e4d60	1	12	10		3筒UTC曠$D" 	
c1cd00a6e9	1	22	10	%b	そうするのね、なの。%b	
c6bf0ef4ab	1	22	10	%b	俺っチもいるでしよ！%b	
c7dcd63583	1	22	10	%b	終った・・・のかな？%b	
ca028e5739	1	22	10	%b	死んだようだ～ゼー。%b	
ca3b5d00ef	1	22	10	%b	ううう、負けたぞよ。%b	
cad7b75f9e	1	22	10	%b	か、かわいい・・・？%b	
cb177eed21	2	22	10	%b	あれは７人委員会！？%b	
cc766e578c	1	12	10		U鮱UUWUuU^皜	
d14704757c	1	20	10		ほかに何か売るのか？	
d1b69a8a91	1	23	10	%b	ははは！\nやっぱりな！%b	
d2c20a9492	2	21	10		売りに来たんじゃな。\n	
d3624b56c0	1	22	10	%b	それにそちらは式神？%b	
d5fffcec23	3	22	10	%b	さぁ、先へ進むでし。%b	
d8b6e70e27	1	22	10	%b	・・・ここは・・・。%b	
d8c64cfa7e	1	20	10		どれを買うってんだ？	
d9a736f38e	1	22	10	%b	この奥でござろうか？%b	
dc4224895d	1	22	10	%b	あれをご覧くだされ！%b	
dc8f437aa9	2	22	10	%b	ありがとう、みんな！%b	
de825699d1	1	22	10	%b	う・・・うん・・・。%b	
dee5900a74	2	21	10		売りに来たってワケ？\n	
df831f07b4	1	20	10		竜に変化する技です。	
e0fc6ae690	1	22	10	%b	この先が、星陵郭だ。%b	
e151cf3eea	1	22	10	%b	おい、命拾いしたな！%b	
e1fbc6284f	1	22	10	%b	危険はないだろうか？%b	
e247179651	1	22	10	%b	ディアーネさんまで！%b	
e86f5c9384	1	22	10	%b	これが魔法球でしか。%b	
e9e76e75bf	1	12	10		 5R薀>N粽""C	
ec13492b1f	1	22	10	%b	あー、ごまかしたー！%b	
edb170e45a	1	13	10		]S"\rU靏U^衲NP	
eeba38c7da	1	22	10	%b	それは存じませんわ。%b	
eebe7edf8c	1	22	10	%b	待て、なのだ～ゼー！%b	
efc91669a8	2	22	10	%b	どうでござる、姫様！%b	
f1a3702a65	1	22	10	%b	へぇ、大したもんや！%b	
f29dd99bc4	1	21	10	%n	「%nS」でいいのかい？	
f4a3978586	1	22	10	%b	お頭、分かりやした。%b	
f4c5e57e95	2	22	10	%b	ここは、ナズナ洞だ。%b	
f6cffa1df0	2	22	10	%b	ここが、西の森だよ。%b	
f70a3b8982	1	22	10	%b	謝るって、お父様に？%b	
f7e73eb5e2	1	22	10	%b	一度行ってみたいわ。%b	
f7fae6012b	1	22	10	%b	コインに両替をする？%b	
f8a3d7855b	3	12	10		D妊DДDDDDD@	
f8de170fea	1	22	10	%b	かなわんわァ・・・。%b	
f9a50c5e81	1	21	10	%n	「%nS」を売るだって？	
fbb8c6769d	1	22	10	%b	お父様、いえ、館長。%b	
fc822fc58a	1	21	10		\nどれを売るつもりさ？	
fcbe7922fd	1	22	10	%b	そうだろうか・・・？%b	
ffc5e02330	1	22	10	%b	鳥ってすごいよねぇ。%b	
00be4521e4	1	20	9	%b	け、可愛くねぇ奴。%b	
01104ef49a	1	20	9	%b	わーん、怖いよー。%b	
0157a8511a	1	20	9	%b	逃がさないぞ！！！%b	
021ec53253	2	18	9		で、どれを売るの？	
0314b0a493	1	21	9	%b	お？\n枯木だ～ゼー。%b	
037c1657f7	1	20	9	%b	おかえり、タタラ。%b	
041cd22da4	1	20	9	%b	残念、私の負けね。%b	
06936da346	1	20	9	%b	うん、悪くないね。%b	
06ceb62533	1	19	9		\nさて、何を買うね？	
0723110e8d	1	20	9	%b	これで、よし、と。%b	
079473d1e0	2	20	9	%b	どっこらしょっと！%b	
089be5d9f7	1	20	9	%b	ありがたいこった。%b	
0b4af795d2	1	20	9	%b	・・・うん・・・。%b	
0f1d9bc0b2	1	20	9	%b	みんな、大丈夫！？%b	
107bfacf4d	1	20	9	%b	ええい、うるさい！%b	
127527ed2f	2	11	9		A EbIウア`9	
1425217cf8	1	20	9	%b	えらいことですわ。%b	
146e9fa5fb	1	20	9	%b	これは・・・思念！%b	
14ee2bca02	1	20	9	%b	・・・かまわんさ。%b	
184bcab05f	1	18	9		山道を通りますか？	
19f6692eda	1	20	9	%b	分かってるったら！%b	
1aea57c4e9	1	20	9	%b	あ・・・あ、うん。%b	
1d40ecf992	1	20	9	%b	・・・ミュウ王女。%b	
1d8a13b2b0	1	20	9	%b	やった、開いたゼ！%b	
1db67aa194	1	20	9	%b	それは良かったね。%b	
1eabc134b1	1	18	9		さて、どれを買う？	
1f1711f5a4	1	20	9	%b	どうもありがとう。%b	
206a5b108c	1	21	9	%b	え、何？\n鼻に何が？%b	
20a18725ea	1	20	9	%b	何が書いてあるの？%b	
2133835863	2	18	9		どれを売るんじゃ？	
24f370a744	1	20	9	%b	だが、気をつけろ！%b	
250ffc85ed	1	20	9	%b	だが、今はだめだ。%b	
2622a0620c	1	41	9	%H %m1 %V100 %m0 %V0	%H%m1%V100［%m0アスカの婚約者%m1］%V0%m0\n	
2700ca2044	1	20	9	%b	少し動きましたぞ。%b	
27cf42c018	1	20	9	%b	どうするつもりだ？%b	
2c9deeb16e	1	20	9	%b	感謝いたしますわ。%b	
2e64656ebf	1	20	9	%b	とはいっても・・・%b	
306971f531	1	20	9	%b	やぁ、あんた達か。%b	
31dcc9e3c0	1	20	9	%b	でも待てよ・・・。%b	
33454ed55c	1	20	9	%b	ナズナなの、なの。%b	
336bff33f0	1	20	9	%b	アスカ、知りあい？%b	
3a1f357cd4	1	20	9	%n	「%nS」け。\n買うけ？	
3a4ab62174	1	20	9	%b	助かった．．．．。%b	
3a6a551214	1	20	9	%b	何も感じなかった？%b	
3e41124a89	2	20	9	%b	いいんじゃねぇか？%b	
3e618cfa70	1	20	9	%b	手厳しいな・・・。%b	
3f9d953578	1	20	9	%b	一度、引き返そう。%b	
4127c15ec8	1	21	9	%b	え・・・？\nあっ！！%b	
43e9b52ba5	1	19	9		\nさて、どれを売る？	
445afb5988	1	20	9	%b	しかたありません。%b	
456e079379	1	20	9	%b	いいっていいって。%b	
464d8d8f26	1	20	9	%b	噴水みたいだけど？%b	
4a5d0232ac	1	20	9	%b	どうか、御無事で！%b	
4ea150b64a	1	20	9	%z	%zええ、そうですわ。	
52b6bcab0f	1	20	9	%b	助力は無用ですわ！%b	
5377a33a18	1	20	9	%b	お言葉に甘えよう。%b	
547fbb5648	1	20	9	%b	では、おさらばっ！%b	
5581e65775	1	20	9	%b	拙者にお任せあれ。%b	
55bccea2e6	1	18	9		何をお求めですの？	
58c7e6faf7	1	20	9	%b	あ、ミュウ姉様だ！%b	
5b3375098c	1	20	9	%b	ああ、人数分頼む。%b	
5d151b624e	1	19	9		\nほたら、どれ売る？	
5d754df182	1	18	9		国境を通りますか？	
5e53859a5f	1	20	9	%b	キミはどうするの？%b	
614f70ee52	1	19	9		\nどれを売りはるん？	
629a525530	1	20	9	%b	こまったな・・・。%b	
635be7c08f	2	18	9		階段を降りますか？	
6598426a12	1	20	9	%b	なんだろう、コレ？%b	
6695738f9f	2	19	9		武器を買うつもり？\n	
66c86bac87	1	20	9	%b	それはそうとして。%b	
66e660439c	1	18	9		何にするってのよ？	
682e9be7c8	2	20	9	%b	先へ進むのなのね。%b	
6b841d2ab7	1	20	9	%b	この声は・・・！？%b	
6bbacd1a60	1	20	9	%b	イクシーズ・・・？%b	
6c1101d8e2	2	20	9	%b	油断せず、いこう！%b	
6c877d2f53	1	20	9	%b	きっと大丈夫だよ。%b	
6d718958d4	1	20	9	%b	やや、これは姫様！%b	
76a730dc33	1	20	9	%b	やった、開いたぞ！%b	
76cb40746e	1	20	9	%b	オレも力を貸すぜ！%b	
7789f580db	1	20	9	%b	思ったとおりだわ。%b	
7abd707f91	1	20	9	%b	・・・７人委員会？%b	
7c210952f2	1	20	9	%b	・・・ア～ちゃん。%b	
7c3a47473c	1	20	9	%b	押しちゃおっかな？%b	
7cf33e02a4	1	18	9		売りに来たんかい。	
7d2d1f0125	1	41	9	%H %m1 %V100 %m0 %V0	%H%m1%V100［%m0助けてくれる人%m1］%V0%m0\n	
7dfdfc1f91	1	20	9	%b	ありがとうルゥナ！%b	
7e77ac34d6	1	20	9	%b	そ、それは・・・。%b	
800125e628	3	11	9		#&F巫愰db2!	
8620125ebb	1	20	9	%b	どうする、ミュウ？%b	
86b01ed5fc	1	18	9		山道を抜けますか？	
87ef3e559c	1	20	9	%b	ちっ！\nまたかよ！ %b	
88345026ed	1	18	9		監禁室を出ますか？	
884e440825	1	20	9	%b	待ってて、みんな。%b	
8886573851	1	18	9		どこへ行きますか？	
88bc5b1039	1	19	9		\nさて、何を売るね？	
88d7060e7e	1	18	9		【ハイランドの町】	
895df23cbf	1	18	9		さて、どれを売る？	
8af01453b9	1	20	9	%b	また来てくだされ。%b	
8c20272db9	2	18	9		で、どれを買うの？	
8c41806e08	1	20	9	%b	俺っチも行くでし。%b	
8d6282af82	1	18	9		武器を買うだって？	
8e3c2e4192	1	20	9	%b	ファルコでござる。%b	
8ff5b9d118	1	21	9	%b	むっ！\nまた地震か。%b	
90104aa533	1	20	9	%b	たとえば、そこだ。%b	
9103b93137	1	20	9	%b	僕の故郷が・・・。%b	
91db5a3655	1	20	9	%b	やだ、涙が・・・。%b	
93b33c8932	1	20	9	%b	・・・どうしたの？%b	
978fbf18b1	1	21	9	%z	%zううん。\nうれしい。	
98074dd534	1	20	9	%b	何、言ってるのよ！%b	
998918f45d	1	20	9	%b	・・・アンジュへ。%b	
9a56caabc9	1	20	9	%b	邪道我道ねぇ・・。%b	
9e9ef036dd	1	20	9	%b	火は消え去った！！%b	
a0ca5eed79	1	20	9	%b	それがその・・・。%b	
a1ed357ce5	1	18	9		砂漠を通りますか？	
a31567ba28	1	20	9	%b	みんな気をつけて！%b	
a50c7b2e43	1	18	9		牢屋へ行きますか？	
a646f046b0	1	20	9	%z	%z恐しゅくでござる。	
a6c43c156d	1	20	9	%b	これは、ミュウ様。%b	
a74b19432b	8	18	9		町の外へ出ますか？	
a80c53b0a0	1	18	9		洞窟に入りますか？	
a91e8ce4f1	1	20	9	%b	ここが東の森だよ。%b	
ab35493b9c	1	18	9		売りに来ただって？	
ab3c38482d	1	20	9	%z	%zさよなら、ナズナ。	
b07da66754	1	21	9	%b	ゴジョウの女義賊。\n%b	
b129bb0d78	1	19	9		\nさて、どれを買う？	
b210d07590	1	20	9	%b	どうするってんだ？%b	
b279b32e2d	2	20	9	%b	扉は開かなかった。%b	
b34488b8e5	1	20	9	%b	やったな、カムイ！%b	
b3acadffda	1	18	9		砂漠から出ますか？	
b3feac3d75	1	20	9	%b	分からない・・・。%b	
b6cdab4ea7	1	20	9	%b	これはミュウ王女！%b	
b826323fa0	1	20	9	%b	悪いな、ダイガン。%b	
bb2fa2112d	1	20	9	%b	今すぐ、来るのだ。%b	
bbbb7400bc	1	20	9	%z	%zラグロスよ・・・。	
bc56b367c3	1	20	9	%b	もちろんでしてよ。%b	
bc9e9dc77e	1	18	9		空っぽの水桶です。	
bd5b4ec5fe	2	20	9	%b	みんな、慎重にね！%b	
be21b2d22e	1	20	9	%b	お、おい、ミュウ！%b	
bf3a2c8c20	1	20	9	%b	行こう、ラスティ！%b	
c009911c25	1	20	9	%b	平和はいいですね。%b	
c028e9239c	1	20	9	%b	思い・・・でしか？%b	
c0962f69b7	1	20	9	%b	きゃぁぁぁぁぁぁ。%b	
c0fda22cca	1	20	9	%b	聞こえないのかな？%b	
c1678e4c04	1	20	9	%n	「%nS」を\n買えとな？	
c670776c5c	1	20	9	%b	町人があらわれた。%b	
c6da31b3b5	1	18	9		どれが欲しいんだ？	
c8499f88d9	2	20	9	%b	またおいで下され。%b	
c97b230fb5	1	20	9	%b	あんた聞いたかい？%b	
cb8f690ee7	1	20	9	%b	それに、橋・・・？%b	
cec2e678aa	1	20	9	%b	だが、我々は違う。%b	
d293118c55	1	20	9	%b	・・・わかってる。%b	
d2b1c15466	1	21	9	%b	頼む！\nこの通りだ！%b	
d4c3899505	1	20	9	%b	皆さん、よろしく。%b	
d4c5725f54	1	20	9	%b	ちょろいもんだぜ！%b	
d56ecd2fb6	1	20	9	%b	ほら、結界洞だよ！%b	
d5abbdac19	1	20	9	%b	申し訳ありません。%b	
d7281ff49e	1	20	9	%b	そ、その声は・・・%b	
d8ae6ecfd7	1	20	9	%b	誰もいない・・・。%b	
da6054f293	1	20	9	%b	なんですの・・・？%b	
dba769762d	1	20	9	%b	どういうことだよ？%b	
dc6dba7713	1	21	9	%b	くっ！\n一旦引くよ！%b	
dcef01ca36	1	20	9	%b	・・・・・・は！？%b	
de652d58c8	1	20	9	%b	無事だったんだね。%b	
e1da73ec5c	2	11	9		= AbEウア`9	
e3259eaf53	1	18	9		関所を通りますか？	
e3272df8c5	2	18	9		売りに来たのかね。	
e4acaefdd4	2	20	9	%b	うん、これでよし。%b	
e52e6db3e4	2	20	9	%b	水晶柱のせいなの？%b	
e58712dbe0	1	19	9		\n何をお求めですの？	
e5ccbc4de4	1	20	9	%b	こっちに抜けても、%b	
e6b10f930c	1	20	9	%b	・・・頼んだぞえ。%b	
e80d5517ec	2	20	9	%b	あれは７人委員会！%b	
e924928a94	1	20	9	%b	覚悟はよろしくて？%b	
e94a012b65	1	20	9	%b	死んだみたいだね。%b	
e96f914a92	1	20	9	%b	空が青いですわね。%b	
e9b9840599	1	20	9	%b	・・・天変地異だ。%b	
e9cc95a944	2	20	9	%b	わかってる・・・。%b	
eab47ca3a1	1	20	9	%b	大丈夫・・・です。%b	
eb4488f24d	1	20	9	%b	ミュウ、どうする？%b	
ee95be50bd	1	20	9	%b	ほ、ほほ、ほほほ。%b	
f00412f0be	1	18	9		売りに来たのかい。	
f0dc749083	1	20	9	%b	おやおや残念です。%b	
f0e2995542	1	20	9	%b	だとよ、シラナミ。%b	
f0fb007837	1	20	9	%b	みんなは・・・？！%b	
f2ea0307c4	1	20	9	%b	そういうことです。%b	
f35154dd41	2	20	9	%b	そんなことないよ！%b	
f4421d57a3	1	20	9	%b	ミ、ミュウ・・・。%b	
f47006c7d3	1	19	9		\nほたら、どれ買う？	
f784c29cd9	1	20	9	%b	お、おい大丈夫か！%b	
f854e54c66	1	20	9	%b	シラナミちゃんが？%b	
f94da24ba4	1	20	9	%b	やった、開いたよ！%b	
fa4b744e59	1	20	9	%b	ねっ、ア～ちゃん！%b	
fbe4c46aef	1	20	9	%b	な、なんですって！%b	
fe565e432f	1	20	9	%b	おや、御存知ない？%b	
025aa9e2f9	1	18	8	%b	ま、いいけどな。%b	
0431521ddc	1	18	8	%b	調べてみようよ。%b	
05ae13d122	1	18	8	%b	しゃっきりしな！%b	
05d79794dc	1	18	8	%b	まぁ、見てなよ。%b	
0750a6d5f1	1	18	8	%b	う、うん・・・。%b	
0e6faab812	1	39	8	%H %m1 %V100 %m0 %V0	%H%m1%V100［%m0プロフィット%m1］%V0%m0\n	
0f2e508283	1	18	8	%z	%z・・・やれやれ。	
1156eff814	1	16	8		ここを出ますか？	
120630c4ac	3	11	8		D腑肓厰PDD`	
131ec0a0ea	1	16	8		金が足りないぜ。	
13bfd3f0bf	1	18	8	%b	私は諦めが悪い。%b	
142c183f01	1	16	8		対決！ガルザード	
1572f71648	1	18	8	%z	%zな、なんでしか？	
16e5f0828e	1	39	8	%H %m1 %V100 %m0 %V0	%H%m1%V100［%m0ドラグーン王%m1］%V0%m0\n	
196407a7f3	1	18	8	%b	あたしも大丈夫。%b	
19988ade51	1	18	8	%b	お死になさいな！%b	
1d5de32e08	1	18	8	%b	金がねぇクセに。%b	
1e00a905c3	1	18	8	%b	ちょっと待った！%b	
1eb6d1033c	1	18	8	%b	ね、ア～ちゃん。%b	
1edae0b15d	3	18	8	%b	やっつけるのね！%b	
1efd56d509	1	18	8	%b	なんでもないよ。%b	
1f37e0c15d	1	18	8	%z	%zお父様あぁぁぁ！	
20ae72de72	1	19	8	%b	見て！\n大地がっ！%b	
20f5d2e1c3	1	18	8	%b	さようでござる。%b	
22b0b7b246	1	18	8	%b	思い・・・だと？%b	
23c49e5612	1	18	8	%b	へえおこしやす。%b	
249f0d9e67	1	18	8	%b	息災であったか！%b	
25f2740709	1	18	8	%b	責任者でてこい！%b	
26b874d6c0	1	39	8	%H %m1 %V100 %m0 %V0	%H%m1%V100［%m0館長善の思念%m1］%V0%m0\n	
271b60202a	1	16	8		イクシーズ墜落後	
28ada7ef37	1	16	8		ほかに何か売る？	
28d0d7f40d	1	18	8	%b	いたたた・・・。%b	
2a4ab9596a	7	18	8	%b	ここは闘技場だ。%b	
2b7587cd43	1	18	8	%b	それもそうだね。%b	
2e1154d5f9	4	18	8	%b	また来てくれよ。%b	
2fe72e6ba8	1	18	8	%b	・・・何ですと？%b	
3097d70839	1	18	8	%b	何なのだ～ゼー？%b	
316aafb137	1	18	8	%b	いくよ、みんな！%b	
32dc08fe40	1	18	8	%b	あぶないでしよ！%b	
34cdc4fbbd	1	18	8	%b	ちょっと聞いた？%b	
3652121bbc	1	18	8	%b	・・・逆でしか？%b	
36be408205	1	18	8	%b	わかりますか～？%b	
3750c07ab5	1	18	8	%b	うん、分かった。%b	
39e3e8ebec	1	18	8	%b	なんだ、お前は？%b	
3e8c60f953	1	16	8		ほかに何か買う？	
3f460f7f4f	1	18	8	%b	あなた達ですね！%b	
41e13e18ea	1	18	8	%z	%zね、早く、早く！	
447e6697e2	1	16	8		触ってみますか？	
474432655c	1	17	8		実行に移すとき。\n	
48d8dd33d9	1	18	8	%b	邪道我道か・・・%b	
495525730b	1	18	8	%b	うん、おいしい。%b	
49803f930f	1	18	8	%b	おかえりなさい。%b	
4b584baae7	1	19	8	%b	ああ。\nで、何だ？%b	
4db366f47c	1	18	8	%b	言わせておけば！%b	
4dff00a01e	1	18	8	%b	諸君らは・・・？%b	
4fe46daf8f	2	18	8	%b	良かった・・・。%b	
577801b0b6	1	18	8	%b	そうだな・・・。%b	
57ab39a537	1	18	8	%z	%zお、おー・・・。	
57dd9c0c86	1	16	8		【ポポロンの町】	
581632f5d3	8	16	8		奥に進みますか？	
5822906cff	1	18	8	%b	のぞむところだ！%b	
58781c8e08	1	11	8		i鍠餓胞QU1!	
597da1220b	1	18	8	%b	なんだお前達は？%b	
5aa506dcd7	1	18	8	%b	どういう意味！？%b	
5c4693e58a	1	18	8	%b	ううん、いいの。%b	
5d3dc1325d	1	16	8		引き受けますか？	
5e6189b62f	1	18	8	%b	光なす翼・・・？%b	
5f881e4f25	1	18	8	%b	お手伝いします。%b	
6025475b47	1	18	8	%b	・・・くくくく。%b	
610a168571	1	16	8		ラストバトル起動	
62ab8f207b	1	18	8	%b	必ず、伝えるよ。%b	
652a575a02	1	18	8	%b	ここを開けてよ！%b	
6559bc25b3	1	18	8	%b	・・・はいはい。%b	
66d744d2c4	1	18	8	%b	許すまじ・・・。%b	
68bda5666f	1	18	8	%b	死んだか・・・。%b	
693da9cf2d	1	17	8		見ればいいだろ。\n	
6b8ab13789	1	18	8	%b	誰だろう・・・？%b	
6b9d4d4383	1	18	8	%b	ラグロスっ！！！%b	
70e37b031b	1	16	8		セーブデータ補正	
712ed41b79	2	16	8		中に入りますか？	
72ef20a82b	1	16	8		セーブしますか？	
762be104f6	1	18	8	%b	橋がかかったよ！%b	
76ecd561bd	1	18	8	%b	うーん、うーん。%b	
78c32b8c54	7	16	8		先に進みますか？	
79317e8a56	1	18	8	%b	オルトマ・・・？%b	
7932a12fe3	3	18	8	%b	あのなァ・・・。%b	
7aa64b882b	1	18	8	%b	思い・・・なの？%b	
7bf7e1a049	1	18	8	%b	いただきま～す☆%b	
7e18cdbf66	1	18	8	%z	%zみんな、元気で！	
7eeee4a6b1	1	18	8	%b	なになに・・・。%b	
7f092bc322	2	18	8	%b	・・・分かった。%b	
7fdd048f1e	1	18	8	%b	オレが悪かった。%b	
816b682f83	3	16	8		前に戻りますか？	
817210ec86	1	18	8	%b	顔面パーンチッ！%b	
83258ee465	1	18	8	%b	・・・もういい。%b	
8725c61d86	1	19	8	%b	えい！\n裏影斬！！%b	
8a37c56a83	2	18	8	%b	ユーカリ・・・。%b	
8b6baf4343	1	18	8	%b	待ったでござる！%b	
8c808d4e04	4	18	8	%b	ラスティ・・・。%b	
931113cba8	1	18	8	%b	知り合いでしか？%b	
9673c416d1	1	18	8	%b	どう思われます？%b	
9805caa485	1	18	8	%b	・・・あ、ねえ？%b	
98b4a1b10f	1	12	8		u鮱皜TEU硤皜	
98dd3c0713	2	18	8	%b	なるほど・・・。%b	
9a8011346f	1	44	8	%H %m1 %V100 %m0 %s5 %V0 %b	%H%m1%V100［%m0%s5%m1］%V0%m0\n・・てへっ☆%b	
9b22b46090	3	18	8	%b	これでよし、と。%b	
9bc8642224	1	16	8		町に入りますか？	
9ce1809652	1	18	8	%b	ね、ア～ちゃん☆%b	
9f9435cb00	1	18	8	%b	その声は・・・！%b	
a0b4ebeac9	1	16	8		見るだけじゃぞ。	
a141573d66	1	19	8	%z	%zえへ。\nごめんね。	
a251ce54ae	1	18	8	%z	%zありがたき幸せ！	
a354b6a810	2	16	8		奥へ進みますか？	
a5378fe539	1	16	8		クリカラ滅びてた	
a76db44cb3	1	18	8	%b	私がその証明だ。%b	
a7887bde51	1	18	8	%b	待って、お父様！%b	
a92bb4c629	1	18	8	%b	よし、開いたぞ！%b	
acf3d06606	1	19	8	%b	あ！\nアンジュ様。%b	
ad866fbad0	1	18	8	%b	アンジュへ、か。%b	
af2e72ff33	1	18	8	%b	ウソをついたの。%b	
b214d52e82	1	18	8	%b	・・・いいわよ。%b	
b262020c32	1	18	8	%b	多分そうですわ。%b	
b526fb06d5	1	18	8	%b	ああああ、頼む。%b	
b647df2121	1	18	8	%b	トホホ～・・・。%b	
b943c42282	1	18	8	%b	・・・ホントだ。%b	
bab9e67b7d	1	18	8	%b	いわせておけば！%b	
bc5822d599	1	18	8	%b	また来とくれよ。%b	
bdb01337e5	2	18	8	%b	あのなぁ・・・。%b	
bed4118c03	1	18	8	%b	頼んだぜ・・・。%b	
bf4813d14f	1	12	8		U鮱皜wUU硤皜	
c1c43d5d17	1	18	8	%b	まかせとけって！%b	
c1e406f577	1	18	8	%z	%zあ、ああ・・・。	
c1f24345e1	1	18	8	%b	邪道我道・・・？%b	
c22a486785	1	18	8	%b	・・・そうだね。%b	
c4879de84d	1	18	8	%b	もしもし・・・？%b	
c5830d3200	3	18	8	%b	シラナミ・・・。%b	
c7ab15e052	1	18	8	%b	また、来やがれ。%b	
c8c00d0b8a	1	16	8		船にのりますか？	
ca6f93b117	1	18	8	%b	あ、ミュウ王女！%b	
cbfe104fd5	1	18	8	%b	ディアーネさん！%b	
cd8b5075ee	2	18	8	%b	ああ、大丈夫だ。%b	
ce21b11c4e	1	18	8	%b	アンジュ・・・。%b	
cf38ed042e	1	18	8	%b	水晶柱か・・・。%b	
cf4bc2a262	1	17	8		売りに来たのか。\n	
cf64f52855	1	18	8	%b	これはミュウ様。%b	
d111973974	1	16	8		どれを売るんだ？	
d264aee314	1	19	8	%b	生きて！\nお父様！%b	
d32c804e4b	1	18	8	%b	おお、アスカ様！%b	
d341c3d382	1	18	8	%b	扉は、開かない。%b	
d5285a819c	1	18	8	%b	・・・壁、だね。%b	
d5f6f53739	1	18	8	%b	聞きましたか？！%b	
d6c7e76b4b	1	18	8	%b	バカじゃないの？%b	
d87508cc8c	1	18	8	%b	タカオは・・・？%b	
d98c0a5e1f	1	15	8		奥へ進みますか?	
dab4adb00e	1	18	8	%b	あなた知ってる？%b	
dbb3b7ced0	1	18	8	%b	わーい、わーい。%b	
df60a70542	1	18	8	%b	なんだ、こいつ！%b	
e2754d5016	1	18	8	%b	・・・あのなあ。%b	
e2ed630b27	3	10	8		4R#CA民難U	
e432b3cb44	1	18	8	%b	坂道が邪魔だね。%b	
e4c14d21dc	1	18	8	%b	一体何者なんだ？%b	
e67be34b57	1	18	8	%z	%z逃がしはせぬぞ！	
e6d1571653	1	18	8	%b	やった、開いた！%b	
e8b939e858	1	18	8	%b	おかしいですわ。%b	
ea73de08c7	1	18	8	%b	まさか・・・な。%b	
ecc868ab1e	1	18	8	%b	それから・・・。%b	
ecdd7efc14	1	18	8	%b	ちょっと待った。%b	
f040384b19	1	18	8	%b	おお、やだやだ。%b	
f0d937fa51	2	16	8		本を読みますか？	
f2ba5b9278	1	18	8	%z	%z終ったね・・・。	
f33c0a11ac	2	18	8	%b	そうだね・・・。%b	
f3780796b5	1	18	8	%b	許せないでしよ！%b	
f3eebc904d	1	16	8		滑給血麹試緒瑞荘	
f6d7ab97bc	1	18	8	%z	%zそうだな・・・。	
f75722cc6d	1	18	8	%b	そこは洞窟だよ！%b	
f85c671d41	1	18	8	%b	ここはポポロン。%b	
fa2011417f	1	18	8	%b	まかせといてよ。%b	
fa771780eb	1	18	8	%b	何が安定ですか！%b	
fae22d63fb	2	18	8	%b	心配なの、なの！%b	
fb2c46a0bc	1	39	8	%H %m1 %V100 %m0 %V0	%H%m1%V100［%m0館長悪の思念%m1］%V0%m0\n	
fbb1d55671	1	18	8	%b	許せない・・・。%b	
00bcc215f2	1	16	7	%b	いやなこった。%b	
07b7834979	1	16	7	%b	心配なんだよ。%b	
07e46877c6	1	16	7	%b	見て、式神が！%b	
0ac47965f8	1	16	7	%b	よし、行くゾ！%b	
0c4957e903	1	16	7	%b	大丈夫なのか？%b	
0ca9de0de1	1	16	7	%b	なんと・・・！%b	
0d5d016676	3	10	7		萵8.鍼打RC	
0e797d8286	2	16	7	%b	ごめん・・・。%b	
10b244b1be	1	14	7		イクシーズ復活	
11bf640630	3	37	7	%H %m1 %V100 %m0 %V0	%H%m1%V100［%m0カダール兵%m1］%V0%m0\n	
139eb2cfbe	1	16	7	%b	何でござるか！%b	
1457a81e0b	1	9	7		儷Yノ2"" 	
14deae63cb	1	16	7	%b	ええい、離せ！%b	
16dc93d47f	1	17	7	%z	%zん？\nなにをだ？	
18df891234	1	16	7	%b	何かね、急に？%b	
1a6a6d5e81	1	16	7	%b	・・・許さん！%b	
1aafc72e4a	1	16	7	%b	それが・・・。%b	
1b2e506a7b	1	14	7		敵に囲まれた！	
1cc0709618	1	16	7	%b	む、何をする！%b	
1ccd100c8e	1	16	7	%b	扉が開いた！！%b	
1daa7e1ddf	1	16	7	%b	また来てくれ。%b	
1de7223666	2	16	7	%b	ここは・・・？%b	
235a2d652f	1	16	7	%b	・・・ダメよ。%b	
24d12c7263	1	16	7	%z	%zはぁい・・・。	
258a9cfcdf	1	16	7	%b	こりゃなんだ？%b	
25b120359d	1	16	7	%b	はい、どうぞ。%b	
260460f04e	1	16	7	%b	父上が・・・、%b	
2979feec54	1	16	7	%b	用心なされよ。%b	
2ccf29fa88	1	16	7	%b	見て、あそこ！%b	
3049bf5bbf	1	16	7	%b	だいじょうぶ？%b	
3179a8e644	5	37	7	%H %m1 %V100 %m0 %V0	%H%m1%V100［%m0７人委員会%m1］%V0%m0\n	
330204cd26	1	16	7	%b	なんだって！？%b	
3396c4ad86	2	16	7	%b	アスカ～っ！！%b	
33a44661fd	12	37	7	%H %m1 %V100 %m0 %V0	%H%m1%V100［%m0ディアーネ%m1］%V0%m0\n	
3415e44bf3	1	16	7	%b	気をつけるよ。%b	
369ece5690	2	16	7	%b	んもぅ！誰よ！%b	
38d0c3e313	2	16	7	%b	これは・・・！%b	
39ec732e56	1	37	7	%H %m1 %V100 %m0 %V0	%H%m1%V100［%m0究極魔導士%m1］%V0%m0\n	
3cfa853d9f	1	16	7	%b	な、なんだ！？%b	
3da45aa1d4	1	16	7	%b	そうかい・・・%b	
3e17abc466	1	16	7	%b	お黙りなさい！%b	
3f0f8e0575	1	16	7	%b	うわわわわっ！%b	
3f7b81f69d	4	16	7	%b	アスカ・・・。%b	
4019a65ad0	2	14	7		出航しますか？	
41ec076cd6	1	16	7	%b	うん。頼むよ。%b	
420ad5af33	1	16	7	%b	みんな行くよ！%b	
43f94fd7ba	3	16	7	%b	どうするのサ？%b	
4778f49eb2	4	16	7	%b	ミュウ・・・。%b	
481710a823	1	16	7	%b	先に進もうぜ。%b	
491e87622f	3	16	7	%b	そうか・・・。%b	
49592dd76a	1	16	7	%b	きゃあああっ！%b	
4ae41e86a7	1	16	7	%b	良かったでし。%b	
4bd2025951	1	16	7	%b	いいでしょう。%b	
4e1d813927	1	16	7	%b	カダール軍だ！%b	
4ef0543be0	1	16	7	%b	どうでもいい。%b	
50eebba6c6	1	14	7		会いましたか？	
51c826b1c7	1	14	7		カカルクラン編	
54107883e8	1	16	7	%b	国境か・・・。%b	
56c532b8b1	3	9	7		DmM3騫s鮏	
578c8332bb	1	16	7	%b	何じゃとてー！%b	
5898b8f055	1	16	7	%b	きゃー、なの！%b	
58ecd40ffa	1	17	7	%b	ミュウ！\n見て！%b	
59043a4561	2	16	7	%b	もちろんだよ。%b	
5bfdf583d4	1	17	7	%z	%z機は熟したり。\n	
5d0c981c0d	1	16	7	%b	いい天気よね。%b	
5d55002c3d	2	10	7		\nw覧www兒2	
5f366d227b	2	16	7	%b	わかってるよ！%b	
6091750d57	1	14	7		木製の盾です。	
62445ced0e	1	16	7	%z	%zうーん・・・。	
68b5551aad	2	16	7	%b	なんですって！%b	
6a2f3e5852	1	16	7	%b	持っておこう。%b	
6b27bea764	1	16	7	%b	ううっ・・・。%b	
6cc3241302	1	16	7	%b	見捨てるのか？%b	
6de00524e1	10	14	7		外へ出ますか？	
6e06d0cd2f	1	16	7	%b	わぁ、本当！？%b	
6e76e0a725	2	16	7	%b	よし！いくよ！%b	
6ecb941b8b	1	16	7	%b	どっこいしょ、%b	
71943e594f	1	16	7	%b	これでござる。%b	
7215b6e338	1	16	7	%b	カムイ・・・。%b	
74157a7948	27	14	7		外に出ますか？	
7551030cd7	1	14	7		閉店しました。	
756fc28aaa	1	16	7	%b	大丈夫だった？%b	
76c3fcf53f	1	16	7	%b	問答無用ぞよ！%b	
77d8084785	1	14	7		村を出ますか？	
787c2dfec1	1	16	7	%b	あの、なにか？%b	
78c18452ac	1	16	7	%b	はい、開いた。%b	
78f007df2a	1	16	7	%z	%zお父様・・・。	
79271538c8	1	16	7	%b	ひどい話よね。%b	
7a7e3be4e6	1	14	7		退却しますか？	
7bb7fb2e6e	1	16	7	%b	ドジったのさ。%b	
7c69e7b093	1	16	7	%b	・・・くすっ☆%b	
7d861fa1c1	1	16	7	%b	仰せのままに。%b	
7e660fa4cc	1	16	7	%b	ん、何のこと？%b	
7f18768f0e	1	16	7	%b	あれは・・・！%b	
8084b7c122	1	16	7	%b	・・・・ええ。%b	
80d5cf0c05	1	14	7		ただの本です。	
8434f90ecf	1	14	7		カムイの旅立ち	
847c2c20fa	1	16	7	%b	調べてみよう。%b	
88840b1341	1	16	7	%b	ア、アンジュ！%b	
8b46e4fc30	1	16	7	%b	大変ね・・・。%b	
8b6eacbec9	1	16	7	%b	いきますわよ！%b	
910cc97a44	8	37	7	%H %m1 %V100 %m0 %V0	%H%m1%V100［%m0ガルザード%m1］%V0%m0\n	
942d037e49	1	16	7	%b	ふーむ・・・。%b	
974d5b53c3	5	16	7	%b	そういうこと。%b	
9797c90bcd	1	16	7	%b	確かに・・・。%b	
980a6b0417	2	16	7	%z	%zミュウ・・・。	
98211c7691	1	16	7	%z	%zはい、お父様！	
9b33529ef0	1	16	7	%b	これは・・・。%b	
9bdf5c5732	2	16	7	%b	そんな・・・。%b	
9c7090db7f	1	16	7	%b	・・・勝った。%b	
a13e6e80d0	1	16	7	%b	そうだ～ゼー！%b	
a1d39f3baf	1	16	7	%b	急ごうみんな！%b	
a20c73d257	1	16	7	%b	な、なにあれ！%b	
a2839bd497	1	16	7	%b	ヒバリ・・・。%b	
a2b2e03a2e	1	19	7	%b	待って！！%b\n！？%b	
a34ad7afb9	1	42	7	%H %m1 %V100 %m0 %s3 %V0 %b	%H%m1%V100［%m0%s3%m1］%V0%m0\nそうだな。%b	
a34e5d6952	1	16	7	%b	この野郎っ！！%b	
a3ecdbd1e9	1	16	7	%z	%zナズナ・・・。	
a5f4c2f770	1	14	7		イベントテスト	
a992eb5262	1	16	7	%z	%z声が小さい！！	
a9b04c3cfa	1	16	7	%b	頼もしい話だ！%b	
aadf53c537	1	16	7	%b	望むところさ。%b	
ac42b72aae	1	16	7	%b	これはこれは！%b	
ad95bf3941	1	16	7	%b	うーん・・・。%b	
b05485817b	1	16	7	%b	必ず、渡すよ。%b	
b18360f6aa	1	16	7	%b	だから・・・。%b	
b218e3df3a	2	16	7	%b	みんな無事か？%b	
b22e75279d	1	16	7	%b	つ・ま・り・☆%b	
b453ecd24d	1	16	7	%b	もうダメでし。%b	
b45f59c9ef	1	16	7	%b	何かって、何？%b	
b4aeab2326	1	17	7	%z	%zああ。\n不満か？	
b55aba0b39	1	16	7	%b	その心意気だ！%b	
b717c885f3	1	16	7	%b	ごめんなさい。%b	
b71dc4f4c9	1	16	7	%b	アンジュ！！！%b	
b772f872d2	1	16	7	%b	ぬおおおおっ！%b	
b839fdd0c3	1	14	7		塔を出ますか？	
b9d7f16b42	1	16	7	%b	僕も一緒だよ！%b	
bb2a688efb	1	14	7		マラカイト補正	
bcb2529de7	1	16	7	%b	心外でござる！%b	
bcd3c10937	1	14	7		司書の本です。	
be2a43b703	1	16	7	%b	あれは・・・？%b	
bfc2b9244b	1	16	7	%b	くっつくなよ。%b	
c30f249e3a	1	16	7	%b	がんばんなよ！%b	
c430016414	1	16	7	%b	・・・ミュウ！%b	
c5ba4f887b	1	16	7	%b	見て！　橋が！%b	
c5eb96ceaf	1	16	7	%z	%zうん、なのね。	
c70333ef19	1	16	7	%b	消えた・・・？%b	
c76b13e611	1	16	7	%b	お待ちなさい！%b	
c821716c1f	1	14	7		イクシーズ発進	
c8a79d22d4	1	16	7	%b	そっか・・・。%b	
cc9d6a9540	2	14	7		どれにするね？	
cd81256628	1	16	7	%b	そんな馬鹿な！%b	
cec3e137ff	1	37	7	%H %m1 %V100 %m0 %V0	%H%m1%V100［%m0マジシャン%m1］%V0%m0\n	
d028385644	1	16	7	%b	伝説の魔導士！%b	
d11108dfa0	1	16	7	%b	忘れられた街？%b	
d16b5bccda	1	10	7		蜻wgu7蜻卵	
d27cfbc58b	1	14	7		なんの用だね？	
d38d03b3c0	1	17	7	%z	%zえ？\nなぁに！？	
d422b1985b	1	16	7	%b	あーあ・・・。%b	
d8cf1dcea7	1	16	7	%b	あ、ミュウ様！%b	
d9afa99082	1	16	7	%z	%zアスカぁっ！！	
da7e86e053	2	16	7	%b	また、どーぞ。%b	
da95c2c961	1	16	7	%b	大丈夫ですわ。%b	
dd3e3fcdeb	5	16	7	%b	これは・・・？%b	
e09dbede2a	1	16	7	%z	%zむ、何者だ？！	
e30100b3b7	1	10	7		蜻wgu7迹蝗	
e303b1703b	1	16	7	%b	出よう・・・。%b	
e4eccf84e5	1	16	7	%b	うーむ・・・。%b	
ebdb671280	4	14	7		町を出ますか？	
ed0ae35259	1	16	7	%b	こ、これはっ！%b	
ed22daf494	1	37	7	%H %m1 %V100 %m0 %V0	%H%m1%V100［%m0ミズタマ姫%m1］%V0%m0\n	
ed23787db8	1	16	7	%b	機は熟したり。%b	
f06e26a307	1	16	7	%b	本当ですかね？%b	
f1ca032fad	1	17	7	%b	え？！\nな、何？%b	
f5e70b58cb	1	14	7		音声ボリューム	
f605cee2c5	1	14	7		クリカラ滅亡後	
f6a6151492	1	16	7	%b	あとね・・・。%b	
f7015fb00d	1	16	7	%b	橋がかかった！%b	
f7298bd556	1	16	7	%b	・・・てへっ☆%b	
f8104d2755	1	16	7	%b	何なの、なの？%b	
f916c2cdbd	1	16	7	%b	ラスティ王子！%b	
fa1df80437	1	14	7		脱出しますか？	
fa7831824f	1	16	7	%b	すまん・・・。%b	
fb39aa095a	1	16	7	%b	約束するでし。%b	
fbdea6905e	1	14	7		シラナミを選ぶ	
fc4f78ad25	2	9	7		鮏!P瀇EQ$	
fd1bf9da89	1	16	7	%b	なんだなんだ？%b	
fd27c53dd2	1	16	7	%b	・・・面白い。%b	
fe0d4c1a40	1	16	7	%b	壁なの、なの。%b	
fe61b4d968	1	16	7	%b	待て、なのね！%b	
01f5c23b2c	1	12	6		ミズタマ出現	
03f5207fbd	1	12	6		コルベツアー	
0487507844	2	14	6	%b	んんんんー。%b	
07072f5040	1	14	6	%b	処刑・・・。%b	
081ea5d791	1	14	6	%b	そうでしよ。%b	
0b028d643b	1	12	6		引き受けない	
0dfed2a6c5	1	14	6	%b	正面突破だ！%b	
126cea4bc4	1	14	6	%b	待て、でし！%b	
134eb4fe81	1	8	6		絅DA曼e 	
151dc15929	1	14	6	%z	%zそうなのね！	
16dd1c585f	1	14	6	%b	そうなのね！%b	
172b340288	1	14	6	%b	・・・ムフ☆%b	
197b568ddf	1	14	6	%b	・・・うお！%b	
19a619d7c4	1	34	6	%H %m1 %V100 %m0 %V0	%H%m1%V100［%m0%ナズナ%m1］%V0%m0\n	
1a7f3d8e20	1	14	6	%b	何に使うの？%b	
1ade24c6c9	1	14	6	%b	許せないわ！%b	
1cb2d82bf1	1	14	6	%z	%zこちらこそ！	
1dfc2f184a	1	14	6	%z	%z・・・承知。	
22e5238d7d	1	14	6	%b	思い・・・？%b	
233822f64f	1	14	6	%b	腕が鳴るゼ！%b	
24f160df21	1	14	6	%b	まかせとけ！%b	
25e88249b5	1	14	6	%b	それなぁに？%b	
2998f821f7	1	14	6	%b	まぁ、本当？%b	
2b1c2f0976	1	14	6	%b	死出の旅へ！%b	
2bbfe9e990	1	13	6		\n何を買うと？	
2c61eb51a9	3	8	6		凉w覧wwg	
2d37c42bfb	1	14	6	%b	北の方角ね。%b	
2e98ba9e98	1	14	6	%b	実は・・・。%b	
2fdcbd691d	3	14	6	%b	先に進もう！%b	
31c5551bab	1	14	6	%b	・・・えへ☆%b	
33884178c7	1	14	6	%b	きれいだね。%b	
339f730fcf	1	14	6	%b	手詰りだな。%b	
33c259edf4	1	12	6		ラストバトル	
34a95518f7	1	14	6	%b	助けるんだ。%b	
358f8d1321	1	12	6		リグロード編	
359f03527f	1	12	6		【ヤマタイ】	
37780fa716	8	10	6	%m	寄懴C%mato	
39edbe0a79	1	14	6	%b	待たせたな！%b	
3e6ca043e2	2	14	6	%z	%z・・・うん。	
40fd91968e	2	8	6		?"僖B僖B	
440ac25571	1	14	6	%b	こわいよー。%b	
44c662ce93	1	14	6	%b	待ってくれ！%b	
4762cfb8fc	1	14	6	%b	・・・はい。%b	
48496787d3	1	14	6	%b	馬鹿いうな！%b	
4a6ff154df	1	14	6	%b	な、何の音？%b	
4e527a4501	1	35	6	%H %m1 %V100 %m0 %V0	%H%m1%V100［%m0館長の声%m1］%V0%m0\n	
4ecb41ad95	2	8	6		D>跌勸df	
50ff4d3350	1	12	6		誰も選ばない	
52ce07277d	1	14	6	%b	開かない！！%b	
53b9726763	1	13	6		\n何を売ると？	
53d80cc0a4	1	14	6	%b	あれ・・・？%b	
54c139b019	1	14	6	%b	何ですの！？%b	
56857ae42f	1	14	6	%b	シラナミ～！%b	
57f92e5b87	1	12	6		敵が現れた！	
583fe83cf2	1	14	6	%b	え、そうか？%b	
596165e038	1	14	6	%b	お待ちを！！%b	
59bf24a3cc	1	11	6		戻りますか?	
5c4b121f00	1	12	6		ヤマタイ補正	
5d15dfd67a	150	12	6		もう一度聞く	
613f477091	1	14	6	%b	計画・・・？%b	
6175ad19af	1	14	6	%b	・・・ふゥ。%b	
66ffe45633	1	12	6		鉞裝聹矮聿褂	
68aab486da	2	14	6	%b	どないです？%b	
69054b9424	2	14	6	%b	こ、これは！%b	
69d9d18f5c	2	14	6	%b	はい・・・。%b	
6abf46e8f8	1	14	6	%b	・・・おい？%b	
6b22e48a10	1	14	6	%b	して、弟よ。%b	
73adebe8c5	1	12	6		エピローグ１	
747a2b4c4e	1	14	6	%b	・・・ふむ。%b	
749a539f2a	3	8	6		睚nU"c緖	
750695ca63	1	14	6	%b	・・・うっ。%b	
7571d41f5c	1	14	6	%b	そうなんだ。%b	
78e4cebce9	1	14	6	%b	ヤだ、ヤだ！%b	
7e27a36309	1	13	6		急な坂だな。\n	
7e7ee4b6d3	2	14	6	%b	ああ、これ？%b	
7eefc9526e	1	14	6	%b	館長、館長？%b	
81ca36816e	1	14	6	%b	ん、なんだ？%b	
8209488c7e	1	8	6		^褓S3>藏	
82a13be095	6	35	6	%H %m1 %V100 %m0 %V0	%H%m1%V100［%m0ファルコ%m1］%V0%m0\n	
84171492e4	1	14	6	%b	ついてきて！%b	
844b4b5dc1	2	14	6	%z	%zさようなら！	
85bdb91b1f	3	14	6	%b	ああ・・・。%b	
867b30e4ea	1	12	6		オルトマ開放	
86e727e0c3	1	14	6	%b	わぁ、本当！%b	
88c6c9baeb	1	14	6	%z	%zな、なによ！	
899e4b2f02	1	14	6	%b	頼みますぞ！%b	
8a20c51240	4	35	6	%H %m1 %V100 %m0 %V0	%H%m1%V100［%m0ラグロス%m1］%V0%m0\n	
8afa985b37	1	14	6	%b	・・・はぁ。%b	
8b5dda8d7e	1	14	6	%b	わかった！？%b	
8fb5b92282	1	14	6	%b	扉は開いた。%b	
900fac3c36	1	14	6	%b	・・・うっ！%b	
9048873944	2	14	6	%b	退却しよう。%b	
90bae9ecaa	1	14	6	%b	他を探そう。%b	
92a3aa8887	2	14	6	%b	どうしたの？%b	
92f31f0ea4	1	8	6		Y剳""裘^	
9379f0a872	1	12	6		【行かない】	
94a0af45f4	1	14	6	%b	ミュウ！！！%b	
952200fd09	1	14	6	%b	たいへんだ！%b	
953c1adeb9	1	14	6	%b	この声は？！%b	
96eb9c979e	4	8	6		E>"粐粐"	
9775cbdaa7	1	14	6	%b	ラスティっ！%b	
98d2d34fd6	1	35	6	%H %m1 %V100 %m0 %V0	%H%m1%V100［%m0シラナ三%m1］%V0%m0\n	
9de52af356	3	14	6	%b	・・・うん。%b	
a3058503e5	1	14	6	%b	あ、動くよ！%b	
a6f436db8f	1	14	6	%b	そ、そんな！%b	
a89d1b7457	1	12	6		クリカラ救う	
ad9f12388c	1	14	6	%b	にゃにゃー？%b	
ada501d64f	1	14	6	%b	うふふふふ。%b	
add00f9d8a	1	12	6		読みますか？	
b2cb3f51d1	1	12	6		イクシーズ前	
b32be7fcc6	1	14	6	%b	アスカ・・。%b	
b354c86ea5	1	14	6	%b	おや・・・？%b	
b6cd5bb14d	3	14	6	%b	あ、そうか！%b	
b84846df9e	1	12	6		ナズナを選ぶ	
b98fb26900	1	14	6	%b	うう・・・。%b	
ba0a40aabf	1	14	6	%b	ラスティは？%b	
bb0aae8455	1	8	6		33胛絛UU	
bd39db13e5	1	12	6		ほかに何か？	
bedd8efd95	1	13	6	%n	「%nS」かの？	
bfbadef38f	2	35	6	%H %m1 %V100 %m0 %V0	%H%m1%V100［%m0ユーカリ%m1］%V0%m0\n	
c0ca2ca46d	2	14	6	%b	そうですわ！%b	
c1bd8e3e82	1	14	6	%b	さぁ、こい！%b	
c1d11b3173	1	14	6	%b	わかったか！%b	
c2106aba57	1	14	6	%b	よしみんな！%b	
c223512841	3	8	6		膣0繒!" 	
c4e68ba7e0	1	14	6	%b	ありがとう！%b	
c81d4c3675	1	12	6		クリカラ補正	
c8e4fa59a1	1	14	6	%z	%zご、ごめん。	
c96c230396	2	35	6	%H %m1 %V100 %m0 %V0	%H%m1%V100［%m0ケンイチ%m1］%V0%m0\n	
ca0f691365	1	14	6	%b	へぇ・・・。%b	
caf779d43b	1	14	6	%b	聞いたかい？%b	
cb4cdee663	2	14	6	%b	その・・・。%b	
ce5102f9bc	1	15	6	%b	・・・うん。%b\n	
cec0135ce2	1	14	6	%b	そーなのね！%b	
d48920381f	3	14	6	%b	でも・・・。%b	
d546b9c83a	1	14	6	%b	これはっ！！%b	
d5ad2a8951	1	14	6	%b	感動的だね。%b	
d8ec269e9d	1	14	6	%b	大丈夫だよ。%b	
d988a240d4	1	14	6	%b	同感ですわ。%b	
df17534191	1	14	6	%b	おめでとう！%b	
e4827c1d40	7	12	6		戻りますか？	
e48aa7dc17	1	14	6	%b	ア～ちゃん！%b	
e5b26b4b87	1	14	6	%b	がんばれよ。%b	
e66dc302e3	1	14	6	%b	あの・・・。%b	
e7022b557e	1	8	6		M誅匇5md	
e728397cee	1	35	6	%H %m1 %V100 %m0 %V0	%H%m1%V100［%m0チャチャ%m1］%V0%m0\n	
e7e2039a58	3	8	6		ж鞠fffW	
eee34e010e	1	14	6	%b	な、なんだ？%b	
f04aa27cbc	1	14	6	%b	驚いたかね！%b	
f07c9022e8	2	8	6		22w劔y剽	
f1795e1fe4	1	14	6	%b	・・・本当？%b	
f1845c8d3c	1	14	6	%b	はあ・・・。%b	
f1ccc5e5e8	1	14	6	%b	大丈夫なの？%b	
f6383fb9ef	1	12	6		カオスゲート	
f73f0ca6e8	1	14	6	%b	ガルザード！%b	
f9a25ac46f	1	14	6	%b	あれはっ！？%b	
fb0c938dcc	1	14	6	%b	大丈夫だよ！%b	
fe272e19f2	1	14	6	%b	ボクは戦う！%b	
ff8dd38973	1	14	6	%b	カダールに？%b	
00ae8cb724	1	10	5		引き受ける	
00b64b12a7	2	10	5		ランキング	
023ee3f14b	1	12	5	%b	そうじゃ。%b	
02c4653f8a	1	12	5	%b	ドジった？%b	
07f9ad5098	1	12	5	%b	知ってた？%b	
09b496b03d	1	10	5		手伝わない	
0d2cecfda2	3	7	5		6dM繦吭	
11fb285a15	2	12	5	%b	ん・・・。%b	
189b6467fa	1	10	5		魔法球起動	
19a0334df4	1	12	5	%b	はあ…・。%b	
1ac3685e37	1	7	5		dДDd痔	
1af94e62e8	1	33	5	%H %m1 %V100 %m0 %V0	%H%m1%V100［%m0コクウ%m1］%V0%m0\n	
1b9a2e1ad8	1	10	5		星陵郭攻略	
1ec06066ed	1	12	5	%b	アンジュ！%b	
203b3ef4a3	2	7	5		笈個"" 	
225c3d6ade	1	12	5	%b	うん・・。%b	
2438f8aed7	1	12	5	%b	違うって。%b	
2480fb484e	1	33	5	%H %m1 %V100 %m0 %V0	%H%m1%V100［%m0謎の女%m1］%V0%m0\n	
2574a278a9	1	12	5	%b	へ、へえ。%b	
25bde50425	1	12	5	%b	テスト開始%b	
26736332de	1	8	5		叨胱<素'	
28e00db4a8	1	12	5	%z	%zは、はい。	
2ac594faea	1	12	5	%b	壁がある。%b	
30f81023ef	1	12	5	%b	そうかい。%b	
3253ea07e2	1	12	5	%b	頼んだよ。%b	
32eb44f0e1	1	12	5	%b	知ってる？%b	
336f39be74	1	12	5	%b	いかにも。%b	
35182fa527	1	12	5	%b	もちろん！%b	
368ed85172	1	12	5	%b	なにっ！？%b	
3b8eece581	1	12	5	%b	何でしか？%b	
3ddac78e7c	1	12	5	%b	それ見ろ！%b	
40224c9104	1	12	5	%b	お、おい！%b	
4038dc22b7	1	12	5	%b	おまたせ。%b	
494e4e1d9b	1	12	5	%b	見るでし！%b	
4970226efd	1	33	5	%H %m1 %V100 %m0 %V0	%H%m1%V100［%m0マーサ%m1］%V0%m0\n	
49eb930561	1	10	5		退却しない	
4a11ae7700	1	10	5		カダール編	
4c089fd50c	2	12	5	%b	あ、ああ。%b	
4c59e988ed	1	12	5	%b	う、うん。%b	
4ed7af4927	7	33	5	%H %m1 %V100 %m0 %V0	%H%m1%V100［%m0ルゥナ%m1］%V0%m0\n	
4fd5cb3ac1	1	10	5		【サモサ】	
525adaeff0	1	12	5	%b	誰・・・？%b	
53b4b91890	1	12	5	%b	どうした！%b	
549fd465aa	1	10	5		ナズナ復活	
54e1e39c5b	1	12	5	%b	あ、橋だ！%b	
580b37747a	2	10	5		上がらない	
58799d30a3	1	10	5		全世界終了	
58a6311348	1	12	5	%b	ああ～ん。%b	
58d9656930	1	10	5		プロローグ	
5b0b54dd4c	1	12	5	%b	はにゃー？%b	
5d8dd390b3	1	8	5		磧%=\r"胼	
5db9b967a9	1	12	5	%z	%zじゃあね！	
5ea44a00e9	1	12	5	%z	%zん・・・。	
60c1954387	8	7	5		俵友d$n	
636db039d0	1	12	5	%b	何者だっ！%b	
644fcb0302	1	12	5	%b	え・・・？%b	
6551d0d782	2	12	5	%b	あなたは？%b	
65647542fa	2	12	5	%b	む、何奴！%b	
681acd6f06	1	12	5	%b	とほほ～。%b	
6b293a7c0c	1	12	5	%b	大丈夫か！%b	
6d4c6f7321	3	12	5	%b	行くぜ！！%b	
6d5bb4f30c	1	33	5	%H %m1 %V100 %m0 %V0	%H%m1%V100［%m0魔導士%m1］%V0%m0\n	
6d8e584edb	1	12	5	%b	じゃあね。%b	
716c114036	28	10	5		説明を聞く	
743f70a964	2	12	5	%b	よろしく。%b	
766b8c6b8b	1	33	5	%H %m1 %V100 %m0 %V0	%H%m1%V100［%m0女の子%m1］%V0%m0\n	
77b57c6939	1	13	5	%b	何？\nどこ？%b	
7b955ec7ea	1	12	5	%b	うにゃー？%b	
7bc8fbb823	1	12	5	%b	ずるいぞ！%b	
7e30edb2ae	1	10	5		ヤマタイ編	
872ceb3cd6	3	7	5		b#>肭潦	
89b9b08218	1	7	5		汽n胼D0	
89e7c788ab	1	10	5		変数初期化	
8de9591f02	1	10	5		舞樶蝶李蝗	
9129aed8b0	2	12	5	%b	退却しよう%b	
917db5dc6c	1	12	5	%b	ん・・・？%b	
91c2ea5246	1	10	5		売るのか？	
923d0914d3	1	12	5	%b	出て行け！%b	
994c815314	1	12	5	%b	やれやれ。%b	
9983ae5f16	2	12	5	%b	そーれっ！%b	
9a8d3638f4	2	12	5	%b	・・・ん。%b	
9da2b20260	1	12	5	%b	どうした？%b	
9df5d8ec67	1	12	5	%b	・・・！！%b	
9fbb5d8747	1	10	5		タタラの家	
a3270f0835	1	8	5		"聽粽C槢	
a3d94d667f	1	12	5	%b	なんだぁ？%b	
a72c6f1a54	1	12	5	%b	んにゃー？%b	
a737ab40bc	2	12	5	%b	怖いよー。%b	
a7545dec70	2	10	5		出航しない	
a773b76635	1	12	5	%b	いいねぇ。%b	
ab5704b292	1	10	5		カムイの家	
abc11563c4	1	12	5	%b	さらばだ。%b	
ae15c64856	1	10	5		音声テスト	
ae3723ee57	1	12	5	%b	きゃあっ！%b	
b099c836a1	1	12	5	%b	あ、うん。%b	
b1aba8ae45	5	12	5	%b	どうする？%b	
b1fd6a4192	1	11	5	%n	「%nS」か。	
b34199f083	1	33	5	%H %m1 %V100 %m0 %V0	%H%m1%V100［%m0アケミ%m1］%V0%m0\n	
b349bfed0b	1	12	5	%b	しまった！%b	
b3631975d7	1	12	5	%b	２番倉庫。%b	
b59fb81af0	1	40	5	%H %m1 %V100 %m0 %s13 %V0 %z	%H%m1%V100［%m0%s13%m1］%V0%m0\n%zうむ、\n	
bab3e40fbb	1	12	5	%b	そうかい！%b	
bbc9d52774	1	12	5	%b	これはっ！%b	
bc763c234e	1	12	5	%b	お父様！！%b	
be3658494a	1	12	5	%b	テスト終了%b	
c160774aab	1	10	5		記録しない	
c28a87b9a1	2	12	5	%z	%zさよなら！	
c418fc1d0a	1	7	5		33聽聲!	
c762e7b892	1	12	5	%b	え、ええ。%b	
c7ad533284	1	12	5	%z	%zラスティ！	
c9aa5265a5	1	12	5	%b	待ていっ！%b	
cd025ddab4	1	12	5	%b	ラスティ！%b	
d012c97295	1	12	5	%b	何、あれ！%b	
d1cae4b0cb	1	12	5	%b	嫌なのね！%b	
d2561f2810	1	12	5	%b	頼んだゼ！%b	
d34544619c	1	12	5	%b	ユーカリ！%b	
d51bfdc7d7	1	12	5	%b	ミュウ様！%b	
d652331935	1	33	5	%H %m1 %V100 %m0 %V0	%H%m1%V100［%m0ヒバリ%m1］%V0%m0\n	
d726637d2a	1	12	5	%b	おのれっ！%b	
d7e0215d4e	1	12	5	%b	・・・は？%b	
d89902df8a	1	12	5	%b	そうじゃ！%b	
da2e4eeb3d	1	10	5		視点テスト	
dabf7df0f2	1	12	5	%b	開いたぜ！%b	
dbbe8bada7	4	12	5	%b	わかった。%b	
dc5bef9d53	1	12	5	%b	お父様ぁ！%b	
dd6f8b8d3e	1	12	5	%b	ごめんね。%b	
df9407173f	1	12	5	%b	ええっ！！%b	
e04f564e36	2	12	5	%b	何だろう？%b	
e15e85ac4d	3	10	5		酒場をでる	
e2a218c972	1	12	5	%z	%zええ～！？	
e3fa5fd99e	1	33	5	%H %m1 %V100 %m0 %V0	%H%m1%V100［%m0タマモ%m1］%V0%m0\n	
e588d0a2d5	1	12	5	%b	きゃーっ！%b	
e69769561c	1	10	5		近寄らない	
e7121d58a3	1	12	5	%b	あそこだ！%b	
e841d055f7	1	12	5	%b	ファルコ！%b	
ef4abf09b0	1	12	5	%b	１番倉庫。%b	
f329e1f978	1	33	5	%H %m1 %V100 %m0 %V0	%H%m1%V100［%m0タカオ%m1］%V0%m0\n	
f6650d5727	3	12	5	%b	おいおい。%b	
f718a878c8	2	12	5	%b	やったァ！%b	
f8459b8746	1	12	5	%b	別にィ～☆%b	
f882a0dab0	2	33	5	%H %m1 %V100 %m0 %V0	%H%m1%V100［%m0船乗り%m1］%V0%m0\n	
f8dd089ddf	1	12	5	%b	そうだね。%b	
ffe8a6966f	1	12	5	%b	よせやい！%b	
0056fa222f	1	10	4	%b	まあな。%b	
0d74d434a0	3	8	4		使わない	
1408c5d3db	1	31	4	%H %m1 %V100 %m0 %V0	%H%m1%V100［%m0グル%m1］%V0%m0\n	
147cde9477	1	10	4	%b	そうよ！%b	
14d758dabb	1	10	4	%b	ふふふ。%b	
16339e5b63	1	10	4	%b	アスカ！%b	
19d2e05c3b	2	8	4		訣誌髄駐	
1dba76d9eb	1	31	4	%H %m1 %V100 %m0 %V0	%H%m1%V100［%m0司書%m1］%V0%m0\n	
1de61c3c8f	2	10	4	%b	そうだ！%b	
202852177f	1	8	4		記録する	
20f2cd4097	150	8	4		入らない	
292906915f	32	31	4	%H %m1 %V100 %m0 %V0	%H%m1%V100［%m0店主%m1］%V0%m0\n	
2cd1f54808	1	10	4	%b	あっ！！%b	
2e9181a386	2	8	4		降りない	
2f32393020	2	10	4	%b	うにゃ？%b	
31c713c54a	25	8	4		外にでる	
338229a803	13	8	4		進まない	
3426449d8d	1	8	4		視点－１	
3579c8ff5f	1	10	4	%z	%zおのれ！	
38b780b2ad	2	8	4		楓利劒屆	
3d5cf1bf2e	2	6	4		勦f貿`	
3fba8224d4	1	10	4	%b	本当！？%b	
4250ca1e44	150	8	4		話を聞く	
4252ca824b	1	10	4	%b	なにっ！%b	
4354f71b21	1	10	4	%b	ふごッ！%b	
43cabec69b	2	10	4	%b	むほっ！%b	
43fbe6ee38	1	8	4		仲間設定	
457970f86d	2	10	4	%b	しかり。%b	
46166108c1	1	10	4	%b	そっか。%b	
47e05f20e7	1	10	4	%b	そんな！%b	
4837e62b83	150	8	4		家をでる	
4b29c76e3c	1	6	4		寧[浣1	
4b6378a7dd	1	10	4	%b	ふふふ☆%b	
4ecf5fd691	1	10	4	%b	どこだ？%b	
53a9622f4a	6	6	4		腑5滷`	
53fed90b9e	1	31	4	%H %m1 %V100 %m0 %V0	%H%m1%V100［%m0ワカ%m1］%V0%m0\n	
5664515604	6	7	4		熏燵-佻	
5ad0a15b28	150	8	4		通らない	
5bec4ab3bb	2	10	4	%b	それっ！%b	
5c8e0c1e62	1	8	4		のらない	
5f65048a2c	1	7	4		U砒裔甕	
5fad890a64	2	31	4	%H %m1 %V100 %m0 %V0	%H%m1%V100［%m0村人%m1］%V0%m0\n	
60d79c1e17	2	8	4		登録解除	등록해제
63a922b735	1	12	4	%b %h	愛の泉。%b%h	
64f01da032	4	8	4		聞かない	
6736770b31	1	10	4	%b	お前は？%b	
68a02f14d6	1	31	4	%H %m1 %V100 %m0 %V0	%H%m1%V100［%m0長老%m1］%V0%m0\n	
68f289b8b0	1	8	4		退却する	
693ddb0892	2	8	4		出航する	
6a4b6af542	15	10	4	%b	・・・。%b	
6b328b63ee	1	31	4	%H %m1 %V100 %m0 %V0	%H%m1%V100［%m0店員%m1］%V0%m0\n	
6e6a8efad9	1	10	4	%b	怖いか？%b	
6fc34b2ba5	1	10	4	%b	お頭～！%b	
6fdd4d1c6e	1	10	4	%b	おうっ！%b	
70d33fd58e	6	31	4	%H %m1 %V100 %m0 %V0	%H%m1%V100［%m0兵士%m1］%V0%m0\n	
71ac07ab90	1	8	4		抜けない	
74211b11fc	1	10	4	%b	喜んで！%b	
761b8c0d27	1	10	4	%b	だから？%b	
7b4899d915	3	9	4		よしっ！\n	
7b9fa2a064	1	31	4	%H %m1 %V100 %m0 %V0	%H%m1%V100［%m0捕虜%m1］%V0%m0\n	
7d2b4c2472	17	8	4		戻らない	
80e8c3fc70	2	31	4	%H %m1 %V100 %m0 %V0	%H%m1%V100［%m0船長%m1］%V0%m0\n	
81f3d231b0	1	10	4	%b	お父様！%b	
8332d22ede	3	6	4		硤U"衵	
835c10f273	16	31	4	%H %m1 %V100 %m0 %V0	%H%m1%V100［%m0町人%m1］%V0%m0\n	
84a73ad9e9	1	10	4	%b	待てっ！%b	
87420f8e4a	2	10	4	%b	なんだ？%b	
87f0cd5e89	25	8	4		参加する	
89aba86f16	1	6	4		"#紂冪	
89cd41a332	3	6	4		`鮏`襦	
8b9ca20575	1	10	4	%b	おぶッ！%b	
8bb4647e25	1	10	4	%b	待って！%b	
8bc6e380b6	1	12	4	%b %h	行くよ！%b%h	
91992a6d96	1	8	4		船長の家	
9483be8fe4	1	10	4	%b	ぐぅ～。%b	
95f24f3b6b	2	10	4	%b	うわっ！%b	
98543a8ff9	1	8	4		船テスト	
99cb99b6fd	1	7	4		剞杉劔y	
99fc63712c	1	10	4	%b	行くよ！%b	
9a3177d395	1	8	4		ぬけない	
9ac480f253	2	10	4	%b	そうか！%b	
9bedcf749a	1	10	4	%b	おのれ！%b	
9c0fc69e6f	1	10	4	%b	まあね。%b	
9df67dc554	1	31	4	%H %m1 %V100 %m0 %V0	%H%m1%V100［%m0囚人%m1］%V0%m0\n	
a061ed53d1	1	10	4	%b	くそッ！%b	
a2f9415378	1	10	4	%b	急ごう！%b	
a53b41dc36	6	8	4		行かない	
a94b792d6d	2	10	4	%b	きゃっ！%b	
ab91e31dcf	2	31	4	%H %m1 %V100 %m0 %V0	%H%m1%V100［%m0門番%m1］%V0%m0\n	
acc86b44d5	1	10	4	%b	ぐふっ！%b	
adc7c68a9b	1	10	4	%b	えっ！？%b	
aea3758d4b	1	10	4	%b	あうっ！%b	
b2216daa87	1	8	4		押さない	
b25c1e52a5	2	10	4	%b	なんだ！%b	
b336a8e5e5	2	8	4		外に出る	
b4db30897b	2	10	4	%b	ミュウ！%b	
b9e164d237	1	31	4	%H %m1 %V100 %m0 %V0	%H%m1%V100［%m0狩人%m1］%V0%m0\n	
bb44f40a4f	1	10	4	%b	あんた？%b	
bd7d7b7eb3	1	10	4	%z	%z馬鹿め。	
c193eb97cf	1	8	4		離れない	
c2a3fe5b0b	2	8	4		登録する	
c50686f73c	1	10	4	%b	何かね？%b	
c8c105c98e	2	10	4	%b	これは！%b	
cb454a7197	1	8	4		長老の家	
cdb15a4959	2	8	4		読まない	
cef60af551	2	31	4	%H %m1 %V100 %m0 %V0	%H%m1%V100［%m0館長%m1］%V0%m0\n	
d12547fba8	1	8	4		屁惧撈棍	
d4274f3103	1	10	4	%b	えへっ☆%b	
d4772b5496	1	8	4		演滑給血	
d60ca669d7	1	31	4	%H %m1 %V100 %m0 %V0	%H%m1%V100［%m0鷹人%m1］%V0%m0\n	
da66df5c54	1	8	4		変数表示	
db16c1f893	1	10	4	%b	ううん。%b	
db725afbd6	1	10	4	%b	ミュウ。%b	
dce24c40f4	1	31	4	%H %m1 %V100 %m0 %V0	%H%m1%V100［%m0忍者%m1］%V0%m0\n	
de995dcef7	1	10	4	%z	%zタタラ！	
dfe5c173e3	2	8	4		迷宮協会	
e018e30e3c	2	10	4	%b	なんと！%b	
e0ee3e5cbb	2	10	4	%b	行こう！%b	
e3f7d7997b	1	10	4	%b	ほほゥ？%b	
e5da205dfa	1	9	4		みんな！\n	
e7180c8c80	2	8	4		店をでる	
ec049a6786	2	10	4	%b	ぬおっ！%b	
f61bfb3a01	1	8	4		荘鋳涛粕	
f653d32d9d	1	8	4		ボツ！！	
f70ae9aade	1	31	4	%H %m1 %V100 %m0 %V0	%H%m1%V100［%m0神像%m1］%V0%m0\n	
fd086e9e85	1	10	4	%b	おーっ！%b	
fe8b4fea02	3	8	4		\r\r4L讀炻	
07b4f3d456	1	6	3		ぬける	
0b6c4f00fd	1	8	3	%b	むー。%b	
0caca71c8d	2	8	3	%b	あら？%b	
148ea4afd3	1	8	3	%b	えっ？%b	
1527e90de7	1	6	3		入れる	
159d77f064	1	8	3	%b	はい！%b	
1c27dab3ae	2	8	3	%b	待て！%b	
1c4ec4571b	1	8	3	%b	うむ。%b	
22fb0b31c9	57	6	3		出ない	
369473063c	1	6	3		いいや	
38d8c3ac52	2	8	3	%b	よっ！%b	
3cffd68e57	1	8	3	%z	%zてへ☆	
3fe78320f5	1	9	3	%z	%zはい！\n	
4a0e0b1c66	1	8	3	%b	あぁ？%b	
506cd575f8	1	8	3	%z	%zぉー。	
52ed724b77	1	8	3	%z	%zはい！	
555b306d80	1	8	3	%b	んー。%b	
5c02753383	1	8	3	%b	わっ！%b	
6a8d23f1a9	2	8	3	%b	うん？%b	
6dd6fa7ed4	11	8	3	%b	うん。%b	
7a08e47414	1	6	3		離れる	
7a67f88328	1	8	3	%b	なに？%b	
7c52665442	2	8	3	%z	%zうん！	
7e3865de42	2	6	3		いいえ	
7eaf4fa723	1	6	3		近寄る	
8402dbde08	1	8	3	%b	おう！%b	
8e02323abe	1	8	3	%z	%zああ。	
9208e9d455	1	6	3		手伝う	
981c5ec045	2	8	3	%b	それ！%b	
9aeb04926d	1	6	3		しない	
a613f86e62	1	6	3		テスト	
a9aadc92c9	2	8	3	%b	ええ。%b	
a9ac751731	1	6	3		何か？	
be041e346b	2	6	3		Y\rず鋩	
d20bcd0dbc	2	6	3		降りる	
d41ce9119d	1	6	3		終わり	
d4e43a1ec6	1	8	3	%b	しッ！%b	
d55556cdf8	1	10	3	%z %b	%zはい！%b	
dd775d2600	6	8	3	%b	ああ。%b	
dee3df03e9	2	8	3	%b	です。%b	
df901d9182	1	6	3		はずす	해제
e2b0cec4c7	2	6	3		上がる	
e751bf6c49	1	8	3	%b	頼む！%b	
ed8287c925	3	8	3	%b	うん！%b	
edc19ffd86	2	8	3	%b	はい。%b	
edfdf409b0	1	8	3	%b	えっ！%b	
efa4845ca0	2	8	3	%b	ああ！%b	
f9e89a6f25	1	8	3	%b	うそ？%b	
fbcd5915eb	1	6	3		飲み屋	
ff2b538a82	1	6	3		抜ける	
ff32622513	1	8	3	%b	え？！%b	
138bd45aa1	4	4	2		聞く	
2410c25fb1	2	4	2		行く	
2742519cb6	3	6	2	%b	ん？%b	
389013595d	2	6	2	%b	は！%b	
398ba28da0	2	4	2		はい	
3d2b367970	1	6	2	%z	%zえ？	
3f7592b3e4	3	4	2		使う	
6975bb2bbf	1	6	2	%b	ね？%b	
6b7baa2a51	4	6	2	%b	え？%b	
6f757f76a7	18	4	2		進む	
87fed37f3c	150	4	2		入る	
8e0f1d0f40	1	6	2	%z	%zは！	
90c3d83123	1	6	2	%z	%zあ。	
9d37226027	17	4	2		戻る	
a3d1505175	57	4	2		出る	
a8a1e6a2e0	1	4	2		のる	
b257ff8b8f	150	4	2		通る	
ba1a6f0b03	1	4	2		する	
cd9d37c74e	1	4	2		押す	
d308a32d43	1	6	2	%z	%zあ！	
dc88408ba0	2	4	2		読む	
dc97935421	3	29	3	%H %m1 %V100 %m0 %V0	%H%m1%V100［%m0男%m1］%V0%m0\n	
73885e524a	1	8	3	%z	%z出発！	
b2d79e9ef5	1	8	3	%z	%z承知！	
1bb13a3ed2	3	8	3	%b	御意。%b	
57ac65eca9	1	8	3	%b	式神。%b	
50d538068e	1	8	3	%b	兄者！%b	
88e8767a6a	1	8	3	%b	笑止！%b	
1b32a6c3d5	5	29	3	%H %m1 %V100 %m0 %V0	%H%m1%V100［%m0声%m1］%V0%m0\n	
991c5f365b	1	8	3	%b	遺跡？%b	
c36f92fc76	1	6	2	%b	応！%b	
fe1febf1ab	4	29	3	%H %m1 %V100 %m0 %V0	%H%m1%V100［%m0女%m1］%V0%m0\n	
972d006a1d	1	8	3	%b	大変！%b	
d6fee8329a	2	8	3	%b	本当？%b	
48451e2479	1	8	3	%b	関所？%b	
d629a1f858	1	8	3	%b	誰！？%b	
e51056be48	1	8	3	%b	御意！%b	
f8ad871216	1	24	12		敵１体を鋭く突く技です。	적１체를 날카롭게 찌름
bdfa457b34	1	210	107		　ドラグーン王家の華。竜騎士の力を受け継ぎ、竜の技と剣の技を使う美少女戦士だ。ちょっぴり気が強くてワガママなところもあるけど（「ちょっぴり？」ラスティ談）本当は優しくて傷つきやすい女の子なんだ。\r\n声／久川綾。\r\n	
100cbcd54a	1	234	118		　ミュウが竜の技で、竜に変化したときの姿がこれ。目元にミュウのおもかげが残っている。かわいらしい顔をしているが、成長すれば口からドラゴンブレスを吐き、翼で竜巻を起こすようになる。竜に変身できるのは、ドラグーン竜騎士の血筋によるもの。\r\n	
0d3b05a36c	1	226	115		　リグロード戦役で名高いアーサーとエリーゼの血を引くクィーンズランドの王子。アーサーから内気な性格を、エリーゼから神聖魔法の才能を受け継いだ、と、世間では言われている。神聖魔法の他に攻撃魔法を使うこともできる。\r\n声／高木渉。\r\n	
168cef6e0c	1	204	104		　ヤマタイのイガに住むシノビ集団「月組」の頭領。リグロード戦役で名高いムサシの血を引いており、忍道の技を使うことができる。性格は義に厚く情にもろい。故郷には、母と可愛がっている妹がいる。\r\n声／桧山修之。\r\n	
7e13a6e0ab	1	214	109		　主を持たない式神だったが、アスカと出会い、一方的に主従の契りを結んでしまった。これがアスカの隠れた才能なのか、ナズナの個性なのか、意見が別れるところではある。弓の技と特殊魔法を使うことができる。\r\n声／白鳥由里。\r\n	
a1f87fd8f1	1	208	106		　ゴジョウを騒がす女義賊。もともとはタマモという名前でアスカのおさななじみだった。ほのかに憧れ続けていたアスカと偶然再会することにより、憧れが恋であったことに気づく。弓の技と盗みの技を使う。\r\n声／荒木香恵。\r\n	
17952e4200	1	194	99		　カムイコタン村の族長。大自然の精霊の力により、熊や鷹に変身することができる。故郷カムイコタンでは、良き族長として慕われており、ユーカリという大変魅力的な女性と恋愛関係にある。\r\n声／大塚明夫。\r\n	
6c76d4a04e	1	206	104		　カムイが大自然の精霊の力を借りて、鷹に変身した姿。上空から一気に舞い下りて敵を攻撃したり、敵を掴んでガケの下に落したりできる。この姿のままでダメージをうけつづけると、やがてもとの人間の姿に戻ってしまう。\r\n	
b235c83b8c	1	196	99		　カムイが大自然の精霊の力を借りて、熊に変身した姿。まゆ毛のあたりに面影が残っている。鋭い爪で敵を切りさいたりできる。この姿のままでダメージをうけつづけると、やがてもとの人間の姿に戻ってしまう。\r\n	
1f92e22be3	1	70	38		私はヤマタイのカムイコタン村の長、\r\nカムイと呼ばれている。\r\n（欠番）\r\n	
04e0b07c1a	1	214	109		　クリカラ村の技術者イニシエの中でも、屈指の実力派。火薬をつかって弾を打ち出す砲術を使いこなす。その無骨な外見とは裏腹に、妹を可愛がったり、手の届かぬ女性に想いを寄せるなど、ナイーブな部分もある。\r\n声／郷里大輔。\r\n	
c7101b013d	1	210	107		　アレクトリア大図書館の武闘司書。高い地位にある父親に何不自由なく育てられたお嬢様。そのため、融通がきかなかったり、人の気持ちに鈍感だったりもするが、正義感は人一倍強い。司書武闘法の使い手。\r\n声／井上喜久子。\r\n	
d838860b61	1	240	122		　伝説の魔導士とまで言われる才能あふれる魔法の使い手。攻撃、神聖、特殊の全魔法を使いこなす。半人半馬のセントール族の数少ない生き残り。セントールは、独自の言葉を使っていたため、彼の使う人間語は、恐ろしく文法を無視している。\r\n声／森川智之。\r\n	
5b9e2c3510	1	226	115		　オルトマで武器、防具の店を営む鷹人。我流で学んだ剣の技に加えて、上空から舞い下りて攻撃を加える鳥の技も使うことができる。ヤマタイとの交易のため、武家言葉を使っているうちに、それが普段の話言葉になってしまった。\r\n声／細井治。\r\n	
6a76a14255	1	240	121		　女性のシノビのことを特にくのいちという。ヤマタイの女シノビがカダール軍に寝返った。女の武器を最大限に活かした「魅了」は強力で、抵抗力のない男は、彼女達の魅力にメロメロになり、敵味方の区別すらつかなくなってしまう。まさに、恋は盲目である。\r\n	
1294ff414e	1	244	123		　もともとは、ヤマタイのシノビだが、カダールの軍門に下った裏切り者。攻撃力はそれほどではないが、対象を意のままに操る「くぐつ」を使う。この術にかかると、味方が味方に対して攻撃をしかけてくるので、反撃するわけにもいかず、苦戦を強いられるだろう。\r\n	
e2aadbf616	1	218	110		　もともとはヤマタイのシノビであったが、カダール軍の侵攻とともに寝返った者。中でも、とりわけ、実力の高いシノビを上忍と言い、厳しい修行の末に習得した「透明化」「回復呪文」「地裂拳」などの多彩な技を使って攻撃してくる。\r\n	
dcd9ce027e	1	250	128		　山々を駆け巡る原始的な宗教活動に身を投じながら、その厳しい修行と戒律から落ちこぼれた僧侶。途中で投げ出したとはいえ、山々をかけめぐる修行の成果として「円空斬」や「風呪文」を習得している。自分をみがくことは何かしらの成果をもたらすということか。\r\n\r\n\r\n	
bd91bae637	1	206	104		　もともとはカダールの一般市民であった者がカダールによって集められ、最低限の魔法だけをたたき込まれたに過ぎない。武器を使った戦闘はできず、魔法を使って攻撃をしてくるといっても、威力の弱い呪文ばかりである。\r\n	
64239c60ed	1	248	125		　カダール軍に所属する魔導士。魔導士系としては、今回のヤマタイ侵攻で中心的な戦力といえる。厳しい訓練によって、いくつもの強力な魔法を使うことができる。特に、「フリーズブラスト」は、氷漬けにされ行動不能になるので、なんとかして先手をとって叩きたい。\r\n	
f7715a0bd3	1	208	105		　カダール軍を構成する一般的な歩兵。とにかく数がいる、という点を満たしてのみ、その優位性を発揮することができる。大半は、カダール国の一般市民を兵士にしたてあげたもので、「ストライク」による攻撃しかできない。\r\n	
54d244483a	1	204	103		　弓による攻撃を専門とするカダール軍の兵士である。兵士よりは、上位として優遇されている。射程距離の長い「ロングショット」は恐ろしいが、ふところに飛び込んでしまえば、貧弱な装備の彼らは簡単に倒せるだろう。\r\n	
c347ef3b11	1	192	97		　カダール軍の歩兵。いくつもの戦いを、そのあり余る腕力にモノを言わせて生き延びてきた猛者。カダール軍の主力であり、今回のヤマタイへの侵攻では中心的戦力として、特に重要な場所に配置されている。\r\n	
504794f0cd	1	218	110		　ヤマタイに古くから住む妖怪。鳥のようにも思えるが、これもまた鬼であり、れっきとした妖怪である。風の中に住むと言われ、突風とともに現れて人をさらったり、投げ落したりする。この鬼につかまれたら、無傷ではすまないだろう。\r\n	
758da1938d	1	202	102		　沼や川に棲息する妖怪。イタズラや悪いこともするが、時に人の役にたつこともする。水辺の妖怪であることを考えれば、弱点はおのずと見えてくるだろう。「溶解液」、「毒の水」といった攻撃には、特に注意したい。\r\n	
5693ddec5d	1	220	111		　もとは山に住む神々の一員であったらしいが、人間に恐れられるうち、ついに妖怪となりはててしまった。「透明化」を使い、姿を見せずに忍びより「雷呪文」などで攻撃してくる。透明化を無効にする手段ができなければ苦戦するだろう。\r\n	
3910385d98	1	228	115		　古くから棲息する土地の妖怪だが、純粋な妖怪ではなく、怒りによって悪霊に魂を乗っ取られた人間が妖怪に変化したと、考えられている。「体当り」という単純な攻撃手段しか持っていないが、攻撃力の高さから、序盤では苦戦するかもしれない。\r\n	
c5027c02b7	1	208	105		　餓えに苦しみながら死んだ者の心が生み出した妖怪と言われている。「エナジー・ドレイン」でＨＰを吸収するが、飢えのあまり攻撃に見境がないため同志討ちになることも少なくない。ある意味、かわいそうな存在ではある。\r\n	
ce645aab5c	1	222	112		　ヤマタイに古くから住む狐の妖怪。牝狐が長く生きていると、余分に尻尾が生えてくると考えられている。尻尾を余分に持つ狐は、様々な術を使えるようになる。九尾の狐は、そういった妖怪狐の中では、最も強力であり、注意が必要である。\r\n	
e6bdbf600a	1	218	110		　鬼の中でも、特に腕力が強く、そのために「鋼」の鬼と言われる。攻撃の種類こそ少ないが、その怪力からくり出される「ワイルドパンチ」には注意が必要だろう。この妖怪と戦う時には、しっかりした防具を身につけておきたいものだ。\r\n	
fe2ec61cb7	1	216	109		　クリカラで作り出されたカラクリ。無人の倉庫などで見張りに使われる。不審人物を行動不能にするため、体当りして自爆するようになっている。問題は、彼らにとっての不審人物というのは、全ての動くものである、という点にある。\r\n	
112f8b1052	1	240	121		　おぼろ谷のシノビ、由緒正しいシノビの家系、アヤヒメの子孫と本人は言い張る。しかし、その実体は単なる山賊である。どうにも負けず嫌いな彼女は、度々、ミュウ達の行く手をさえぎり、その度に逃げていく。いずな落し、爆裂斬といったシノビの技を使う。\r\n	
6bb9680a30	1	218	110		　直立歩行する巨大トカゲ。その太く強い尻尾の筋肉をつかって、体を直立させているらしい。とがったツメと太い腕から繰り出す「キラーパンチ」は強力で、自分の体よりもずっと大きな獲物をしとめることができる。砂漠や山地を好む。\r\n	
00fa799ce7	1	242	122		　砂漠に棲息する大型昆虫。砂地に穴を掘り、愚かな動物や人間が穴に落ちてくるのを待っている。傾斜のついた砂の穴は、もがけばもがくほどに、より深みへと犠牲者を運ぶ。そして、穴の奥でじっと待ちかまえているアリジゴクに生きたまま体液を吸いとられる。\r\n	
ca24cb37e7	1	224	113		　空を飛ぶ神通力を持ったサル人間。人と獣の中間、いわゆる、獣人と呼ばれる種族であるが、人間に戻ることはできない。獣人の一般特性として、自然回復能力をもっているため、少々の傷はその場で直ってしまう。断固たる攻撃が必要である。\r\n	
09f4759725	1	220	111		　ブタの顔を持ち、獣と人の間に位置する、いわゆる獣人である。獣人の例にもれず、自然回復能力を持っているので、多少の傷はすぐに直ってしまう。頭の悪そうな外見だが、「フレイムアロー」などの技を使いこなすので、あなどれない。\r\n	
1df8c85ac1	1	240	121		　下半身がヘビの姿をした人間型モンスター。多少なりとも知性を持ってはいるものの、それは主に、人を殺して食べるために使われている。直接的な攻撃手段はもっておらず、他のモンスターを「ストロング」や「キュアヒーリング」で援助し、分け前をもらう。\r\n	
df82df38de	1	246	124		　人々から最も邪悪な存在として恐れられ嫌われるモンスター。魂を奪いとるために地上にやってきた悪魔の化身、もしくは、年経た邪悪なるヘビとも言われる。恐るべきは、その口から吐く「ドラゴンブレス」であり、人間を生きたまま腐らせるなどと言い伝えられる。\r\n	
2e35df081d	1	238	120		　海に住む巨大なトカゲモンスター。砂漠などでみかけるリザードとは親せき関係にあるが棲息地は正反対である。太い尻尾で上体を支えて直立歩行する。海の中で効率的に獲物をとるために「電撃」を使うことができる。電気ショックで獲物をマヒさせるのだ。\r\n	
d42b4f71eb	1	244	123		　上半身が人間の女性、下半身がヘビ型のモンスター。オビスとは親せき関係にあるが、オビスが他のモンスターを補助するのに対し、タラッタは「グラビティプレス」のような直接ダメージを与える魔法を使う。結果として人間をエサにするのは双方変らないのだが。\r\n	
8301aa7195	1	196	99		　神話の時代、神に使えた聖なる女戦士が、だらくして闇のモンスターになったと言われている。それが事実かどうかはともかくとして、強力な神聖魔法を使うため、できれば魔法を使わせるヒマを与えず倒したい。\r\n	
6a77d725a2	1	216	109		　骨だけになってまで、戦うことを止められない戦士のかわりはてた姿。戦場で恨みを残して死んだ兵士に、高位の魔導士の邪悪な魔法で、つかのまの命を与えたモンスター。死に対する恐怖心がないだけに、恐ろしい相手となるだろう。\r\n	
d9ad31358f	1	226	114		　はるか昔の人々が、死者の魂の不滅を願い、乾燥処理した死体に、高位の魔導士が邪悪な魔法によって、再び力を与えたモンスター。通常の武器でもダメージを与えることができるが、その魔法的な生い立ちのため、魔法に対しての抵抗力が強い。\r\n	
6da8aa8f29	1	220	111		　さまよい出した死者の霊。墓地などをあてどもなくうろついているが、時には、高度な魔法によって、遺跡の番人となっている場合もある。霊体なので、普通の武器は役に立たない。神聖な力の宿った武器か、魔法でのみ倒すことができる。\r\n	
499313ed41	1	22	12		プロフィール文なし。\r\n	
6aecd850d8	1	236	119		　爆弾と火器をあやつる機動歩兵。カダール軍にごく最近導入された兵士である。一説によれば、ヤマタイのある地方に伝わる砲術を真似たものとも言われるが、真偽の程は定かではない。背負った砲から繰り出す「大筒」「縮小爆弾」は苦戦を強いるだろう。\r\n	
b9c9776779	1	236	119		　強力な魔法をあやつる女魔導士であり、カダール軍の中でも異色な存在である。主に、７人委員会の身辺警備にあたる任務のために、特に魔力に優れた女性を登用しているようだ。カダールの少女で、ウィッチになることに憧れない者はいないとも言われる。\r\n	
bf73c27e0d	1	182	92		　カダール軍の将軍や７人委員会といった高位の役職にあるものを守るために組織されたエリート兵士。特に弓を扱うことに優れ、魔法「ストロング」で強化された弓は何者もを倒すといわれている。\r\n	
3be21f3db2	1	242	122		　リザード種の中でも最も凶暴なモンスター。太い尻尾で上半身を支えて立ちあがり、「怒りの火炎」で獲物をしとめる。こっそりと獲物に近寄るために、姿を隠す「穏形法」を使うことができる。背後から火炎を受けたくなければ、姿を隠す前にしとめるしかない。\r\n	
a5cd83f515	1	236	119		　砂で作った人形に高位の魔導士が魔法力でかりそめの命を与えたもの。一種のゴーレム。それほど高度な技はないが、その異様な怪力で繰り出される一撃には、注意が必要だろう。また、その体は砂でできているために、攻撃の威力を吸収してしまうだろう。\r\n	
2f0cc203c6	1	234	118		　トカゲと人間の中間に位置する獣人。他のリザード種と違い、知性を持っている。武器を使い、「Ｊストライク」「眠り爆弾」といった技で攻撃してくる。また、獣人の例に漏れず、自然回復能力をもっているので、多少のキズならばすぐに直ってしまう。\r\n	
22f15c711b	1	222	112		　鷹の翼と顔を持つ獣人の一種、鷹人の女戦士。獣人の例にもれず、自然回復能力を持つため、少々のキズはその場でなおってしまう。飛行しているという点もやっかいだが、「ハードクラッシュ」には貫通能力があり、特に注意を必要とする。\r\n	
e84506aec0	1	248	125		　呪いによって死者の頭部から作り出した不死のこうもり。死体から呪いによって作られるという特殊性により、通常の武器による攻撃を一切うけず、聖なる力のこもった武器か、魔法によってのみダメージを与えられる。死者の安らかなる眠りをもたらすものに呪いあれ。\r\n	
92b9572fbe	1	232	117		　ドラゴンの半ば伝説化している凶暴さを知らない人はいないだろう。だが、地上において最強のドラゴンが、このアークドラゴンであることはあまり知られていない。幸いなことに、人の通わぬようなごく限られた地域にしか棲息していないためである。\r\n	
e79b494d20	1	200	101		　高位の魔導士によって作り出された人造モンスター。その魔法的な生い立ちからか、「裁きの光」などの強力な魔法を使いこなすことができる。しかし、打撃には弱く、人が作りしものの不完全さをあらわにしている。\r\n	
64b7262a16	1	232	117		　死してなお、休息を許されぬ暗黒の魔導士。生前はゴーストなどアンデッド系のモンスターを作る秘儀を行っていた。死者の平安を乱した者の払うツケは大きく、彼らは、自らの望むと望まざるとに関わらず、屍道士として死後も戦い続ける運命にある。\r\n	
b4252ef75f	1	234	118		　いくつもの戦いをくぐり抜け、背と腕に砲を埋め込み、攻撃力にさらなる磨きをかけた精鋭兵士。爆弾と火器を操り「噴射砲」「操り爆弾」といった技で攻撃をしかけてくる。圧倒的な火力とまともにわたりあうのは、勇気を通り越して愚かとさえ言える。\r\n	
d248e12d7b	1	222	112		　弓を専門に扱うカダール軍の兵士。いくつかの素材を組み合せて作った独自の弓は強力で、並の腕力では引きしぼることができないほどと言われる。その強力な弓から放たれるマルチアローは、どんな頑丈な防具もやすやすと貫通するという。\r\n	
4890a8b754	1	224	113		　魔術を究めた一握りの人間のみに与えられる階級。その名の示す通り、「カオスサイト」「ギガヒーリング」「ストロングル」といった高度な魔法を使いこなす。特にストロングルは、多くの兵士の力を一度に強化する恐るべき援護魔法である。\r\n	
b96683ef3b	1	204	103		　カダール軍の女魔導士の中で、最も高い魔法力を持つ者に与えられる称号。ほぼ、魔法攻撃に対しては無敵を誇り、強力な魔法を使いこなす。その美しくも勇敢な姿に、カダールの女の子で憧れないものはないと言われる。\r\n	
cb82ec00c5	1	248	126		　カオスの力を受けて変化したドラゴン、それがヘルドラゴンである。「デスブレス」「フリーズストーム」といった強力な技は、ただでさえやっかいなモンスターをさらに凶悪にしている。無策で突進するだけでは勝てないということを忘れないほうが身のためだろう。\r\n\r\n	
7f04fb949e	1	208	105		　カオスの力の影響を受けて、変異した昆虫型のモンスター。複数の腕を利用して放つ「ブレイクショット」は、飛行型のキャラクターの天敵たり得るだろう。「ダークマター」も使うので、できれば相手の射程の外で戦いたい。\r\n	
f0d8d4d62c	1	190	96		　墓地よりさまよい出した霊魂が、カオスの力を受けて実体化したモンスター。その特殊性から、通常の武器による攻撃は一切通用せず、聖なる力の宿った武器か、魔法でのみダメージを与えることができる。\r\n	
37fea03a7a	1	230	115		　カオスの力の影響を受けて生まれたモンスター。複数の腕を利用して「ビートドライブ」「ヘルズファイア」「ギガヒーリング」と打撃、攻撃魔法、回復魔法の技を使いこなす上に、こちらの魔法攻撃のほとんどが無効化されてしまうので、注意が必要。	
7b740ecb0e	1	196	99		　カオスの力によって異形の姿で生まれたモンスター。右手に剣を持ち、あいている手で神聖魔法を使いこなす。剣の技「剣の舞い」、攻撃魔法「スターライト」による攻撃に耐えるのは容易なことではないだろう。\r\n	
572ab0b9a0	1	222	112		　今回のヤマタイ・リグロード侵攻作戦において、全カダール軍を指揮する最高責任者の地位にある。カダール軍全体においても並ぶ者のない戦士であり、武勇にすぐれ、命令遂行のために全てを投げうつ典型的な直線的軍人思考の持主である。\r\n	
e80b861b2f	1	188	95		　７人委員会によってカダール軍の最高指令官に任命された武人。ヤマタイで出会った時よりもさらに強力になっており、ゲテン城で戦った時は手加減していた、というのは、どうやらウソではないようだ。\r\n	
3fb48696c4	1	226	114		　カダールにおいてガルザードと並んで７人委員会に信任されている武将。ガルザードと共にリグロード大陸を征服した後、ミュウを追ってヤマタイに渡ったガルザードにかわり、リグロードを支配してきた。魔法に秀で、強力な魔法を使ってくる。\r\n	
650d90512b	1	23	13		气vロフィール文なし。\r\n	
3875ad50a2	1	230	116		　カオスの力によって、精神体をアストラルなるモンスターとして実体化させているので、自身は身動きすることができない。精神体であるアストラルが傷つけば、彼ら自身も傷つくのだが、カオスの力を得た彼らを傷つけることは簡単ではないだろう。\r\n	
b1e4acaba9	1	226	114		　カオスの力を使って、七人委員会の生み出したモンスター。究極の魔法「ラグナレク」を使う能力を与えられている。さらに、「ギガ・ヒーリング」を使ってダメージを回復させるので、倒すのは容易ではない。表情がないところが不気味である。\r\n	
a2a289e083	1	220	111		　カダール国を支配する７人委員会のメンバーは、一人一人が優秀な魔導士である。そのため、究極の魔法「ラグナレク」と「ホーリーアーク」を使うことができる。すさまじい攻撃力だが、彼らを倒すことなくしては、世界に平和はこない。\r\n	
a69e52850e	1	224	113		　カダール軍に寝がえったシノビの頭。ヤマタイではネゴロとして知られるシノビの集団の長であったが、カダールの軍門に下った。特に「山嵐」は彼の得意技であり、集団でいると間違いなくこの技で投げ飛ばされ、大きな損害を受けるだろう。\r\n	
99d32b51b5	1	212	107		　ホウショウ院を任されているカダール軍の将。名前からわかるように、ヤマタイで現地調達された雇いの将。盗んだＨＰを自分のＨＰ回復に使う「ＨＰ盗む」といった汚い手段が似合いである。信じたくないが、女性らしい・・・。\r\n	
2b6778fbf2	1	232	117		　ゴジョウとホウショウ院を結ぶゴジョウ大橋を主に守備している、現地調達将軍。最後の手段として、ゴジョウ大橋に爆発物をしかけていた。チャチャとは何らかの心情に基づいた固有の人間関係を結んでいるらしいが、あまりそのことは考えたくない。\r\n	
3c747ef4df	1	236	119		　星陵郭を任されているカダール軍の老魔導士。老齢により、現実認識に混乱がみられ、カムイコタンの子供達を自分の子供だと思いこんでいる。しかし、「サンダーブラスト」「メガヒーリング」といった強力な魔法を使いこなすため、注意が必要であろう。\r\n	
efeb6062b5	1	244	123		　石などで作った像に高位の魔導士が命を吹き込み、古代の権力者の墓、あるいは名も知らぬ文明の聖地、そういったものを盗賊から守らせたという。リグロードサーガとして知られる英雄伝説に名を残すダイガンも、そういった遺跡を守る石像であったと伝えられる。\r\n	
06a727b9f5	1	232	117		　ドリームラビリンスにキングを封印している魔導士。ふざけた外見とは裏腹に、人の精神を操ることに長け、その歪んだ精神が見せる幻影は、狂気に満ちていると言われる。彼がこのような辺境地にいるのは、その歪んだユーモアが疎まれたためである。\r\n	
bea876a3ba	1	244	123		　ドラグーン城を任されたカダール軍の武将。魔導士あがりのため、「サンダーブラスト」「カオスサイト」といった高度な魔法を使い攻撃してくる。すでに制圧された城を任されていることからも分かるように、戦闘力はさほどではない。占領地政策のための人事か。\r\n	
98c355966b	1	62	32		　カムイコタン村の女。カダール軍によって人質にとられている。\r\n	
ad72823f9c	1	64	33		　カムイコタン村の男児。カダール軍によって人質にとられている。\r\n	
8e1b66c31d	1	62	32		　カムイコタン村の女児。カダールによって人質にとられている。\r\n	
aea40e5f7d	1	38	20		　カムイコタン村の女。カムイの恋人。\r\n	
499313ed41	1	22	12		プロフィール文なし。\r\n	
499313ed41	1	22	12		プロフィール文なし。\r\n	
499313ed41	1	22	12		プロフィール文なし。\r\n	
499313ed41	1	22	12		プロフィール文なし。\r\n	
499313ed41	1	22	12		プロフィール文なし。\r\n	
499313ed41	1	22	12		プロフィール文なし。\r\n	
8f03c4de72	1	22	12		　ドラグーンの兵士。\r\n	
499313ed41	1	22	12		プロフィール文なし。\r\n	
c003011c6a	1	140	71		　ホークアイの弟。古代魔法文明の遺産についての研究では、カダールでも名を知られるほどに高名な学者。古代魔法文明の遺産を熱狂的に愛している。\r\n	
499313ed41	1	22	12		プロフィール文なし。\r\n	
499313ed41	1	22	12		プロフィール文なし。\r\n	
499313ed41	1	22	12		プロフィール文なし。\r\n	
499313ed41	1	22	12		プロフィール文なし。\r\n	
499313ed41	1	22	12		プロフィール文なし。\r\n	
499313ed41	1	22	12		プロフィール文なし。\r\n	
499313ed41	1	22	12		プロフィール文なし。\r\n	
499313ed41	1	22	12		プロフィール文なし。\r\n	
499313ed41	1	22	12		プロフィール文なし。\r\n	
499313ed41	1	22	12		プロフィール文なし。\r\n	
499313ed41	1	22	12		プロフィール文なし。\r\n	
2506d251c0	1	6	3		道具屋	
52722cd06c	1	6	3		武器屋	
5bddb5a4e8	1	6	3		防具屋	
6004587f70	5	6	3		闘技場	
7cac69c56c	14	4	2		酒場	
e1217978b6	47	4	2		民家	
1ef11ef9ef	1	6	3		雑貨屋	
