chars	files	first	text
232	1	/AT10.MAP	場の位相を引き起こす揺らぎは、異分子の介入によってたやすく引き起こすことが出来る。世界はその異分子介入の均衡を取るため一方に力を吐き出す。そこから波のように、揺らぎは大きくなっていく。そしてその揺らぎ、すなわちカオスが続けば、つの世界の境界はなくなり、全てが虚無に包まれる。虚無と実存が対消滅を起こす時、境界を接して存在する２つの世界も消滅すると考えられる。我々が住む世界は、常に微妙なバランスの上で存在しているのである。ウィスコ著、「虚無と実存～カオスの揺らぎ」
225	1	/AT10.MAP	果たしてこの世にある魔法力は一体どこより来ているのか？かっての戦役にて、異世界の扉が開いた際、私は、はっきりと感じとった。異世界こそが、我らの世界でいう「魔法力」の根源、すなわち負の力場である。両者は各地に点在する水晶を通じて波の満ち引きのような力の揺らぎによりお互いにその均衡を保っている。力の揺らぎが大きくなった時両者の均衡は崩れ、巨大な魔法力が生じ両者の世界に混沌をまきちらす。それがカオスの力と呼ばれる物である。ウィスコ著、「魔法世界の真実」
218	1	/OT01.MAP	「郷土の英雄、女海賊ディアナ」今を去る事一世紀ほど昔、ヤマタイより侵攻してきたゲンユウサイとリグロードの英雄達の戦い、すなわちリグロード戦役において、クィーンズランドのアーサー王子らと共に戦ったのが、女海賊ディアナである。オルトマを中心に、リグロード沿海を荒し回り人々から恐れられていたディアナが、アーサー王との出会いによって改心したエピソードは、アーサー王のじゃじゃ馬ならしとして知られている。　　　　（オルトマ自治会歴史保存委員会）
213	1	/AT10.MAP	これが、古来より禁書の中に隠された異世界の真実である。最後になるが、私は私自身を、異世界と現世をつなぐ「次元の扉」の強力な封印へと、自身の魔法力を使い、変身する決意を記す。良き友人の母への、せめてもの償いになればと思う。しかし、強力な封印も、いつかは破られる時がくるであろう。あるいは、時の流れの中で自然に弱まるかもしれぬ。ここに記した知識が、悪用されることのないように、今はただ祈るのみである。ウィスコ著、「魔法世界の真実」
179	1	/AT10.MAP	以下、賢者ウィスコの考察より引用する。およそ魔法に従事する者で、ガルマンオーブに秘められた力の可能性に魅せられない者などいないであろう。しかしそこに秘められたカオスの力は怪物である。それは絶対的な虚無のゆらぎである！全てが虚数次元の彼方に滅亡してからでは遅いのだ。それゆえに、魔法球の研究を禁じよ！必要とあらば、弾圧せよ！ファルコ著、「ガルマンオーブの研究」
173	1	/STATHELP.MAT	　　　　　　　　　　　　　　　　　　　［２／５］各技の技Ｌｖ－技を使うために必要となる技レベル　　　　　　　です。もう１つの値は使うごとに加　　　　　　　算される経験値です。必要行動力　－技を使うために必要な行動力です。　　　　　　　移動したときに、この必要行動力だ　　　　　　　けの行動力が残っていないと技を使　　　　　　　うことはできません。
171	1	/STATHELP.MAT	パラメータ種類（２）　　　　　　　　　［７／７］幸運　　－運は回避率をアップします。賢さ　　－魔法攻撃力に影響を与えます。抗魔力　－魔法技を受けた時のダメージを小さくす　　　　　る力です。回避率　－自分と同程度の速さの　　　　　モンスターに対する回避率です。必殺率　－自分と同程度の能力を持つ、　　　　　モンスターに対するクリティカル率です。
166	1	/STATHELP.MAT	パラメータ種類（１）　　　　　　　　　［６／７］行動力　－移動と攻撃技で使用する値。ターン毎に　　　　　回復します。登坂　　－坂を登る能力や水の上などを飛行できる　／水上　能力を示します。速さ　　－回避率と必殺率に影響を与えます。攻撃力　－攻撃技でのダメージ力です。防御力　－攻撃技を受けた時のダメージを小さくす　　　　　る力です。
165	1	/STATHELP.MAT	ステータス種類（１）　　　　　　　　　［３／７］飛－空中に浮いていて、いづな落としや投げで攻撃　　されません。また、地系の攻撃技でダメージを　　受けません。透－透明化しています。打撃系の攻撃を受けません。眠－眠らされています。寝ている間は何もできませ　　ん。恐－恐怖に理性を失っています。相手から逃げまわ　　ることしかできません。
162	1	/ZM01.MAP	ヤーツ・テ・ターセ作の美少女魔法戦士プリンセスドラグーンって物語があるんだけど、けっこう面白いゼ。　　　　　　　　　　　　　（クラリース）↑主役のアーヤがいいんだよナ！！　　　　　　　　　　　　　　　（アドベ）↑分かってねェな、お前ら。なんたって、「美少女剣士、黒の雷光」が一番だぜ！　　　　　　　　　　　　　（エクセーヌ）
162	1	/MP00.MAP	７人委員会のやりかたは間違ってる。我々は断固として抗議活動を続けていく。　　　　　　　　　　　　　（ヘネスィー）↑一点突破、全面展開！権力による横暴を許すな！　　　　　　　　　　　　（フォアローズ）出頭命令。ヘネスィー、および、フォアローズは、指定日時に７人委員会の塔に出頭すること。　　　　　　　　　　　　　（７人委員会）
162	1	/GM00.MAP	リグロードから竜騎士が来てるらしいで。なんでもヤマタイの苦境を救うためとか。　　　　　　　　　　　　　　　（クシロ）↑それやったらオレも聞いたことがあるわ。身の丈１００寸の大男って話や。　　　　　　　　　　　　　　　（イクリ）↑イガのアスカと義賊シラナミが、その竜騎士と一緒やねんて！　　　　　　　　　　　　　　（サキクサ）
160	1	/IG00.MAP	ゴジョウ大橋が何者かにこわされたヨ！無茶するやつが多いよネ！                            （花組イセ）↑それをやったのは、きっと、ウチのお頭だろうぜ！                            （月組一同）↑お兄ぃちゃん。無事に帰ってきてね！　　　　　　　　　　　　　　　（ヨモギ）
159	1	/GM00.MAP	ここから南に向かったおぼろ谷に、クリカラっちゅう隠れ里があるらしいで。　　　　　　　　　　　　　　　（クシロ）↑嘘言うなや。おぼろ谷は通れへんって聞いたで。　　　　　　　　　　　　　　　（イクリ）↑おぼろ谷にはミズタマって名の、賊が出るって話や。おぼろ谷を抜ける前にやられるわ。　　　　　　　　　　　　　　（サキクサ）
158	1	/ZM01.MAP	お城周辺の草むしりの奉仕作業に従事してくれる人を募集します。　　　　　　　　　　（ザルマ町内会会長）↑ミュウ姫様に感謝してもらえるんなら参加してもいいな・・・。　　　　　　　　　　　　　　　（シュウ）↑お前、目的が不純だぞ！その点、俺なんか、最初っからミュウ様目当てだもんネ。　　　　　　　　　　　　　　　　（ヒロ）
158	1	/IG00.MAP	忍者屋敷にとらえられていた月組が、アスカとリグロードからやって来た連中に助け出されたらしい。　　　　　　　　　　　　（夜叉組ヤカツ）↑イガ最強のシノビ、アスカとその仲間達がやってくれたぜ！　　　　　　　　　　　　（雷音組ヒデジ）↑さすがは親分！はやめのおかえり、待ってますぜ！　　　　　　　　　　　　　　（月組一同）
156	1	/AT10.MAP	イクシーズの部品はどれも特別な鉱石からできている。中でもとりわけ重要な鉱石が２種類あって、マラカイトとアローストーンと呼ばれる。マラカイトとアローストーンは、イクシーズの構造上欠かせない鉱石である。この二つの鉱石無くしては、イクシーズが空を飛ぶことはきわめて難しいであろう。グラビティ長老著「イクシーズ構造論１」
154	1	/GM00.MAP	ヤマタイのどっかには、隠し金山があるらしいで。　　　　　　　　　　　　　　　（クシロ）↑またこんなデタラメ書いてからに。そんなんウソに決まってるがな。　　　　　　　　　　　　　　　（イクリ）↑ほんとかどうかは知らんが、場所が分からへんのじゃ、何もないのんと同じやんか。　　　　　　　　　　　　　　（サキクサ）
153	1	/STATHELP.MAT	　　　　　　　　　　　　　　　　　　　［２／７］Ｈｐ（ヒットポイント）　体力値を表わします。　０になると、行動不能になり画面から消えますが、　ワールドマップにもどると復活します。Ｍｐ（マジックポイント）　魔法力を表わします。　魔法を使うごとに消費し、魔法の必要Ｍｐに　足らなくなると魔法が使えなくなります。
146	1	/KEYHELP.MAT	（決定）　　　　　　　　　　　　　　　［２／７］　移動キャラクタの決定、行動の決定に使用します。　カーソルが次のポイントにあるときは、　特殊な動作をします。　　１）プレイヤーキャラクター上　　　　　－－－プレイヤーの行動指示　　２）モンスターキャラクター上　　　　　－－－モンスターの情報表示
143	1	/IG00.MAP	飛ぶ鳥のアスカの奴、リグロードから来た美女と一緒だっていうじゃねぇか！神様の意地悪ぅぅぅっ！　　　　　　　　　　　　　（雪組カトヲ）↑ひがんでんじゃねぇよっ！　　　　　　　　　　　　    （月組一同）↑お兄ぃちゃんのばかっ！ふけつよ。きらいっ！　　　　　　　　　　　　　　　（ヨモギ）
143	1	/STATHELP.MAT	　　　　　　　　　　　　　　　　　　　［４／５］射程　　　　－技や魔法が届く範囲です。　　（単）一体だけを攻撃します。　　（術）一体だけを攻撃します。　　　　　障害物の影響を受けません。　　（弧）扇の範囲に攻撃します。　　（扇）扇の範囲に攻撃します。　　　　　障害物の影響を受けません。
140	1	/STATHELP.MAT	ステータス種類（３）　　　　　　　　　［５／７］大－自分が大きくなっていて、　　攻撃力も高くなっています。小－自分が小さくなっていて、　　攻撃力も低下しています。昇－行動力が上昇していて、移動の範囲が広くなっ　　ています。低－行動力が低下していて、移動の範囲もせまく　　なります。
136	1	/STATHELP.MAT	ステータス種類（２）　　　　　　　　　［４／７］凍－凍らされています。溶けるまでは動くこともで　　きません。痺－マヒさせられています。動くことができません。乱－混乱させられています。敵、味方の区別なく攻　　撃してくるでしょう。操－敵に操られています。味方を攻撃してきます。
131	1	/AT10.MAP	イクシーズと同型の空中船は多数建造されたと推測される。だが、そのほとんどは、古代魔法王国を滅ぼした謎の大異変によって、その民族と共に失われたと考えられる。現在、確認されている空中船はグラビティ沖の海底に沈んでいるもの、ただ１機のみである。ファルコ著、「光翼伝承」
130	1	/GM00.MAP	山を登ってったら、鳥の化け物に、つかまえられてん。ほんま、生きた心地がせんかったわ。しばらくしたら、放されてんけどな。　　　　　　　　　　　　　　　（クシロ）↑そら、あぶないわ。ガケから落とされたら、一発であの世行きや。　　　　　　　　　　　　　　　（イクリ）
129	1	/CK00.MAP	村一番のイニシエ、タタラがカダール討伐のために、リグロードから来た竜騎士の娘の仲間になったんだって。　　　　　　　　　　　　　　　（アヅサ）↑大丈夫かなぁ。あいつ、砲術の腕は確かだけど、・・・いろいろ苦労すると思うぜ。　　　　　　　　　　　　　　　（ツルギ）
129	1	/DIARY.MSG	そこへ突然攻撃をしかけてきたのはカダールっていう聞いたことのない国の軍隊と、それを率いるガルザードという男だった。突然の攻撃にドラグーン王は、ミュウにヤマタイのイガへ行けと命じて、城を脱出させたんだ。　こうして、僕とミュウとの旅は戦いともに幕を開けた・・・。
129	1	/DIARY.MSG	　クリカラ村では、砲術という、火薬を扱う技術がある。その第一人者がタタラという大男だ。　カダール軍は砲術に戦略的価値を見いだし、タタラ達に協力を命じた。　しかし、自分達の技術が無益な大量殺人に使われることを嫌ったタタラ達は、カダールの要求に反対し続けていた。
128	1	/DIARY.MSG	　驚いたのは、アレクトリア大図書館の地下閲覧室で見たいくつもの古代魔法文明に関する文献の著者、ファルコの実兄だということだった。　僕達は、イクシーズ号の修復に協力を仰ぐためホークアイとともに、カダールに捕らわれているというファルコを助けに行くことになった。
127	1	/DIARY.MSG	　そして、僕達がクリカラ村を訪れたその日、カダールの連中によって、村に火が放たれた。　僕達は決死の覚悟で火薬倉庫に向ったが、爆発を止められなかった。　クリカラ村は爆発とともに吹き飛び、僕達は、力不足を後悔した。　あの優しい人達の笑顔が戻ることはもうない。
127	1	/STATHELP.MAT	h　　　　　　　　　　　　　　　　　　　［１／５］技Ｌｖ　　　－現在の技のレベルです。技Ｅｘｐ　　－技を使うごとに経験値が加算されて　　　　　　　いきます。一定値になると技レベル　　　　　　　がＵＰして、技を覚えたり、使える　　　　　　　ようになります。
126	1	/ZM00.MAP	われらがミュウ姫様が、カダール軍とカダールの指導者を、うちやぶったぞ！　　　　　　　　　　　　　　（リューシャ）↑ミュウ王女様、万歳！　　　　　　　　　　　　　　　　（ナナイ）↑おまえ、それしか言えないのか！？　　　　　　　　　　　　　　（リューシャ）
124	1	/DIARY.MSG	　オボロ谷のアヤ姫といえば、リグロードの英雄達が戦ったあの戦いで、ミュウや僕の先祖達を苦しめた相手だ。　ここには、そのアヤ姫の血をつぐミズタマという女盗賊がいた。　負けず嫌いな性格らしくて今後も僕達に挑んでくるのかもしれないと思うと、うんざりする。
124	1	/STATHELP.MAT	　　　　　　　　　　　　　　　　　　　［５／５］　　（円）円の範囲に攻撃します。　　（全）円の範囲に攻撃します。　　　　　障害物の影響を受けません。　　（直）直線上に攻撃します。　　　　　障害物の影響を受けません。　　（自）自分自身に技をかけます。
123	1	/TM00.MAP	警告だっせ！ここから先、試練の迷宮ですたい。腕に自信のにゃー方は入るべからずなんだな。帰ぇって来れなくにゃってもしらにゃーよ。　　　                    　　闘乱自警団黙って入ったら・・・おしおきだべ～～～。・・・ナンチャッテ！
123	1	/DIARY.MSG	　僕は、このゲテンという城で起こったことを一生忘れることはできないだろう・・・。　僕達はカダールの将軍ガルザードをゲテン城の最奥部に見つけ出した。そこまで追い詰めたと思ったのは、僕達の大きな誤算だった。　ガルザードは自分の必要性のために、その場所
121	1	/DIARY.MSG	　新しい仲間が増えた。彼の名前はアスカ。イガ最強のシノビ集団月組の頭領で忍術の使い手だ。　アスカは、その戦闘能力の高さをカダールに見込まれ、協力するよう命令された。しかし、彼は従わなかったため、カダールは、アスカの部下を捕らえて忍者屋敷に閉じ
121	1	/DIARY.MSG	　今度こそ、死力を尽くした戦いになるだろう。けれど、それでも、僕達が勝つのだと信じたい。うちひしがれ、恐怖に泣き叫ぶ人の心に、美しいただ一つの真実を、吹き込むために、僕達は戦おう。　誇りを奪うことは誰にもできないと、その一言を証明するために。
120	1	/DIARY.MSG	　僕の名前はラスティ。　クィーンズランドの王子で、ドラグーン王国の王女ミュウとはおさななじみ。　ドラグーン王家は、竜騎士の長でもあり、僕らリグロード大陸の住民には頼もしい存在だ。　僕は戦闘訓練を受けるため、ドラグーンを訪問中だったんだけど、
120	1	/DIARY.MSG	　長老の話によれば、グラビティの近くにある海底神殿にイクシーズが眠るらしいことと、イクシーズの原動力であるガルマンオーブが７人委員会によって盗まれたため、イクシーズを動かすためには、どこかでガルマンオーブを見つけてくるしかないということだ。
120	1	/DIARY.MSG	　ラグロスはまぎれもなく悪党だったと思う。けれど、彼にもまた、深い心の傷があったように思えてならない。　ラグロスを倒したことで、彼によって失われた僕の家族のふくしゅうをすることはできた。　だからといって、失われた命が戻ってくるわけではない。
119	1	/AT10.MAP	マラカイトは、アレクトリア大図書館の地下通路に隠されている。アローストーンについては、ここには書かずにおく。もし、アローストーンについて知りたければ、忘れられた村グラビティに、この長老を訪ねるがよい。グラビティ長老著「イクシーズ構造論２」
119	1	/CK00.MAP	リグロードって大陸からやってきた、竜騎士の娘が、この村を訪れているよ。　　　　　　　　　　　　　　　（アヅサ）↑俺、その娘を見たぜ。ちょっと気が強そうだったけど、アヅサよりも可愛いんじゃないかなァ？　　　　　　　　　　　　　　　（ツルギ）
119	1	/DIARY.MSG	　この国の王女ミュウとは、小さいころからの知合いなんだけど、彼女は会うたびにきれいになっていくように思える。　でも性格は相変わらず意地悪だ。他の人には、それなりに応じるのに、どうして僕にだけ彼女は意地悪するんだろう。女心はわからないなぁ。
119	1	/DIARY.MSG	　７人委員会の塔に乗り込んだ僕達は、ガルザードと戦い、彼を打ち破った。　だが、７人委員会は、すでに彼らの野望を果たすために旅だっていた。　彼らは、世界の粛正と支配を望んでいた。そのために、カカルクランに行き、カオスの力を利用するのだ、と。
119	1	/DIARY.MSG	　最初のうちは、僕達を裏切り者と呼んでいたザルマの人々は、ドラグーン城を取り返すと、手のひらを返したように親切になった。　彼らを責めることは僕にはできない。崩れ落ちたドラグーン城のように、ザルマの人々の心もまた、深く傷ついていたのだから。
118	1	/DIARY.MSG	　新しくナズナが仲間になった。　ナズナは、式神といって、精霊界とかいうところからやってくる一種の妖精らしい。　ナズナは、根無しと言って、儀式もなしにこちら側に来た式神だ。　本人がこっそり教えてくれたところでは、精霊界に飽きたのでこちらの
117	1	/AT10.MAP	魔法球の正体は、魔法力の純結晶体であると言われている。現在の魔法科学では、魔法力を異世界よりもれた虚無の異物、すなわちカオスの力であると定義している。魔法球とは、カオスの力を結晶化した物と推測される。ファルコ著「ガルマンオーブの研究」
117	1	/DIARY.MSG	　僕達はまずザルマへ向った。ザルマの人々は、ドラグーンに起こったことを知らない様子だ。僕達は、人々に真実を知らせてパニックが起きるのを恐れて、ドラグーンがカダールを名乗る軍隊とガルザードによって制圧されたことを話すことができなかった。
117	1	/DIARY.MSG	　彼の村人がカダールによって人質にとられていたのを、協力して助け出したのが、カムイが僕達の仲間になるきっかけだった。　仲間の中では一番常識的で、僕達にとっては、年上の兄のような感じられる。時々、彼の話が、お説教っぽく聞こえたとしても。
117	1	/DIARY.MSG	　結界洞は、ヤマタイ中央に位置する霊峰フジを縦断する地下洞窟だ。　ここは昔から裏ヤマタイ地方と表ヤマタイ地方とを分断する要害で、ゲテン城の主を守るために一度封印されてしまうと特別なアイテムを３つ揃えなければ、封印を解くことはできない。
116	1	/DIARY.MSG	　ヤマタイ最大の都市、ゴジョウ。そこで僕達はワナにはめられ、ホウショウ院という場所に閉じ込められた。　僕達を助けてくれたのは、女盗賊のシラナミ。彼女は、どうやらアスカのおさななじみだったらしい。シラナミは今やゴジョウを騒がす大盗賊に
116	1	/DIARY.MSG	　アレクトリア大図書館の館長室に、秘密の入口があった。　中に入ってみると、貴重な文献が収納されていて、僕達は色々なことを知ることができた。　アンジュによれば、そこに隠された文献は、どれも、許可無く見ることのできない重要書類だそうだ。
115	1	/DIARY.MSG	に移動しただけのことであって、僕達のことを脅威と見なしていなかったのだ。　ガルザードは突然消え去り、それを妨害しようとしたミュウもまた、ガルザードとともに消え去ってしまった。　いったい、ミュウはどこに行ってしまったのだろう・・・。
114	1	/DIARY.MSG	　僕達は死の砂漠と呼ばれる砂漠を通り抜けた。そこは、じっとしているだけで体力を失うような暑い砂漠だった。　死の砂漠を通り抜け、古代の遺跡と思われる、巨大な石で作られた四角い建物を見つけた。　ここには、何かがありそうな予感がする。
113	1	/DIARY.MSG	　新しい仲間がまた増えた。　彼の名前は、カムイ。カムイコタンという小さな山あいの村の族長で、精霊の力によって熊や鷹といった獣に変化する力を持っている。　ユーカリさんという恋人がいて、カムイは彼女のことをとても大切に思っている。
113	1	/DIARY.MSG	　しかし、だからといって、二人が再会できたことに何の感動もないと思い込むのは間違っているんだろう。　僕には、兄弟も姉妹もないから分からないけれど。　ファルコが僕達の手助けをしてくれることで、イクシーズ号の修復に望みがでてきた。
111	1	/CK00.MAP	タタラがついにカダールを倒したんだって！　　　　　　　　　　　　　　　（アヅサ）↑俺はこういう日が来ると信じてたぜ！　　　　　　　　　　　　　　　（ツルギ）↑お兄ちゃん、おめでとう！　　　　　　　　　　　　　　　（ヒバリ）
111	1	/DIARY.MSG	　そして、僕達がクリカラ村を訪れたその日、カダールの連中によって、村に火が放たれた。　僕達は決死の覚悟で火薬倉庫に向い、大爆発を起こすまえに火を消すことができた。　こうして、クリカラでも一番の腕を持つタタラが仲間になった。
110	1	/IG00.MAP	アスカがカダール軍をやっつけたらしいぜ！　　　　　　　　　　　　（夜叉組ヤカツ）↑きゃー、アスカ様、すてきっ！　　　　　　　　　　（花組クノイチ一同）↑うおー、アスカ様、最高っス！　　　　　　　　　　　　　　（月組一同）
110	1	/DIARY.MSG	　ミュウは、ウソをつくのがつらいらしくて、人々の信頼しきった笑顔や温かい言葉から、顔をそむけていた。僕も町の人達を裏切るようでとてもつらかった。　またこの町に戻ってきた時、町の人々に、どんな顔をすればいいんだろう・・・。
110	1	/KEYHELP.MAT	（水平視点切替）　　　　　　　　　　　［６／７］　水平方向からの視点に切替わります。　この視点では、バトルに関する操作は出来ません。　方向キー（左右）　－－　左右に回転します。　方向キー（上下）　－－　上下に移動します。
109	1	/IG00.MAP	爆弾てのは、離れたところで爆発するから便利だよな。　　　　　　　　　　　　（夜叉組ヤカツ）↑まあな。思ったより遠くを攻撃できるだろ。同じ射程でも倍ぐらいの距離は届くんじゃないか？　　　　　　　　　　　　（雷音組ヒデジ）
109	1	/KEYHELP.MAT	（特殊機能）　　　　　　　　　　　　　［７／７］　他のキャラクタを追いかけたい場合に使用します。　未行動キャラクタにカーソルを合わせ、　特殊機能ボタンを押すと直前に移動した　キャラクタに最も近づくポイントへ移動します。
108	1	/CK00.MAP	火薬庫の火事は、カダール軍がやったものらしい。あやしい人影を見たって人がいるよ。　　　　　　　　　　　　　　　（アヅサ）↑あ、それって俺も見たぜ。許せねぇよな、カダールの奴ら。　　　　　　　　　　　　　　　（ツルギ）
108	1	/IG00.MAP	月組頭領、飛ぶ鳥のアスカが、リグロードからやって来た連中と、つるんでるらしいぜ。　　　　　　　　　　　　　（雪組カトヲ）↑あたしも、それらしい連中と、一緒にいるアスカを見たよ。　　　　　　　　　　　　　（花組アオイ）
108	1	/DIARY.MSG	　港町ヒガタで途方にくれていると懐かしい顔に出会った。　リグロードからヤマタイまで僕とミュウを船で運んでくれたディアーネさんだ。　ディアーネさんは、ミュウのことを聞くと、カダールまで船で連れていくとを申し出てくれた。
108	1	/DIARY.MSG	　ドリームラビリンスに閉じ込められていたのは自称天才魔導士キングだった。　キングは半人半馬のセントールという種族で、自分でいうだけあって、魔法の腕は立つらしい。　でも、性格には、色々と問題がありそうなのだぜ～・・・。
108	1	/DIARY.MSG	　古代魔法文明、とりわけイクシーズ号に関して学術的興味を持っているファルコを、彼が閉じ込められてたいた場所から助け出した。　さぞや涙涙の感動の再会が待っているかと思いきや、そっけないとさえ感じられるほどの再会だった。
108	1	/STATHELP.MAT	　　　　　　　　　　　　　　　　　　　［３／５］必要Ｍｐ　　－魔法を使うために必要なＭｐです。　　　　　　　残りのＭｐがこれより少ないと魔法　　　　　　　を使うことはできません。パワー　　　－攻撃力や回復力の値です。
107	1	/DIARY.MSG	世界に来たものの、こちらも大して面白くなかったので、洞窟の中で自分自身を封印して眠っていたのだとか・・・。　ともかく、アスカにベッタリで、見ていてとても面白い。でも、それを言うとアスカがとても怒るので内緒にしよう。
107	1	/DIARY.MSG	　アレクトリア図書館長の遺書を発見。そこには驚くべき事実がかかれていた。　だが、何よりも、魔法球の出現と天変地異に驚かされた。　戦いはまだ終っていない。本当の平和を勝ち取るために、もう一度、カカルクランへと旅立つ。
105	1	/DIARY.MSG	　真に優秀な人間による新しい理想世界、と彼らは表現したらしいが、何もかもが滅び去り、誰もいない王国を支配して、いったいどんな意味があるというのだろう。　彼ら７人委員会の行動は、何がなんでも止めなければならない。
105	1	/KEYHELP.MAT	（上視点切替）　　　　　　　　　　　　［４／７］　真上からの視点に切替えます。　画面内のキャラクターのＨＰ／ＭＰを表示します。（横視点切替）　横からの視点に切替えます。　グリットが表示され、地形が確認出来ます。
104	1	/KR00.MAP	新しい英雄と新しい伝説が生まれた！ドラグーンのミュウ王女一行がたどった足跡をあなたも歩いてみませんか？信頼と実績で１００年の伝統を誇るコルベツアー社を是非ご利用下さい。　　　　　　　　　　　（コルベツアー社）
103	1	/AT10.MAP	魔法球とは、古代魔法文明の遺産であり、現在では別名「ガルマンオーブ」と、呼ばれている物である。古代魔法王国時代の繁栄は、この魔法球の開発および利用によるものと言われている。ファルコ著「ガルマンオーブの研究」
103	1	/DIARY.MSG	　ミュウと再会！　これほど嬉しいことはなかった。会えなくて不安で、つきまとう不吉な考えを何度押し殺しただろう。　港町ポポロンはカダールの海の玄関口。ここは常に他の大陸から新しく珍しい文化が押し寄せる場所だ。
103	1	/DIARY.MSG	　新しい仲間が増えるというのは、頼もしいものだと、僕は思う。　オルトマで商売を営む鷹人間のホークアイは、我流で剣の修行を積んだ風変りな男だった。　ホークアイの助力によって、大地の叫びを突破することができた。
102	1	/GM00.MAP	イガのシノビとリグロードの竜騎士が、カダールをやっつけたんやて！　　　　　　　　　　　　　　　（クシロ）↑オレらの待ち望んだ平和が、ついに手に入ったっちゅうワケか！　　　　　　　　　　　　　　　（イクリ）
101	1	/DIARY.MSG	込めた。　その一方で、イガの人々にアスカが裏切り者であるかのように誤解させ、アスカを孤立させた。　けれど、僕達の協力で忍者屋敷を攻略し、アスカの部下を取り戻したことでイガの人々の誤解をとくことができた。
101	1	/DIARY.MSG	　ファルコ、ディアーネの助力により、イクシーズ号の修復が終った。　前回の過ちを繰り返さないため、今度は素人ではなく、ディアーネという操船の専門家とファルコという古代魔法文明の専門家に任せることになった。
100	1	/GM00.MAP	なんやしらんけどエライことになってるわ。俺は逃げるで、トンズラや！みんな元気でな！　　　　　　　　　　　　　　　（クシロ）↑どこに行ったかて同じやで。アホやな。　　　　　　　　　　　　　　　（イクリ）
98	1	/DIARY.MSG	　だから、人々も、一つの考え方に偏ってしまうことがないようでカダールのやり方に反対する動きもあるようだ。　ミュウは、ガルザードによって捕らわれていた牢の中でアンジュという新しい仲間を見つけていた。
98	1	/DIARY.MSG	　７人委員会を倒した！・・・はずなのに、何かがおかしいと、僕の頭の片隅にひっかかる。　ミュウとともに世界をイクシーズで回ってみることにする。　本当に世界に平和が訪れたのか、この目で確かめてみよう。
96	1	/DIARY.MSG	　ファルコが言うには、イクシーズをもう一度、空に浮かべるために、特別なアイテムが２つ必要だということだった。　ひとつはアローストーンと呼ばれるもの、もう一つはマラカイトと呼ばれるものだそうだ。
95	1	/DIARY.MSG	なっている。しかも、盗む相手は悪人で、盗んだ金品を貧しい人に分け与えているので、ゴジョウの住民には大人気だ。　シラナミは、僕達の仲間になったんだけど、どうも、動機はあまり純粋ではないようだ。
94	1	/DIARY.MSG	　オボロ谷というのは、不気味なところだ。絶えず霧ともモヤとも知れない奇妙な煙が漂い、僕達の侵入を拒むような面がある。　オボロ谷には、その変った風景以外にも、もう一つ、楽しくない名物がある。
87	1	/AT10.MAP	はるかグラビティの沖合いにイクシーズは眠っていると言われている。イクシーズは、「光なす翼」を表す古代の言葉である。その実態は、空中を飛行する船である。ファルコ著、「光翼伝承」
86	1	/DIARY.MSG	　もう、こんな思いをする人々が増えるのはごめんだ。　幽玄の森を封印するルゥナからの情報で、７人委員会はすでに次元の扉にたどり着きつつあるようだ。　彼らの愚行を止めなければ。
85	1	/OT00.MAP	ホークアイがカダールをやっつけたそうよ！地元の英雄万歳！　　　　　　　　　　　　　　　（ユカナ）↑ホークアイまんじゅうでも作るか？　　　　　　　　　　　　　　　（ショウ）
84	1	/DIARY.MSG	　ドラグーン上空にさしかかったイクシーズ号に突然変化がおきた。　僕達を乗せたイクシーズ号は墜落し、修理のめどはたっていない。　一体、イクシーズ号に何が起こったんだろう。
83	1	/DIARY.MSG	　ついに僕達は、イクシーズ号を手に入れた！７人委員会が次元の扉の封印を破ってカカルクランに行くことだけはなんとしても止めなければ。　なつかしい故郷リグロードへ急ごう！
81	1	/DIARY.MSG	　グラビティは、空飛ぶ船イクシーズに関する秘密を守るために、世界の片隅で忘れ去られていた村だった。　ここには、アレクトリア図書館ですら忘れられた知識が生きていた。
79	1	/DIARY.MSG	　それがどういう原理で効力を失ったガルマンオーブに作用するのかは、説明はしてもらったものの、結局のところ、分からない。　とにかく、この二つを捜しださなければ。
78	1	/GM00.MAP	ゴジョウ大橋再建の人手が不足しています。あなたの労働力で歴史的建造物を元の姿にしてみませんか？詳しくは推進会まで。　　　　　　　　　　（ゴジョウ文化推進会）
76	1	/DIARY.MSG	　僕達は苦労の末、３つのアイテムを集め、ゲテン城へ向うべく、結界洞の封印を解いた。　ガルザードとカダール軍が拠点にしているゲテン城は、もう目と鼻の先だ。
76	1	/DIARY.MSG	　アレクトリア大図書館地下通路でイクシーズ号修復に必要な２つのアイテムのうちの１つ、マラカイトを入手。　これで一歩、イクシーズ号の修復に近付いたわけだ。
76	1	/DIARY.MSG	　次元の道を突破した。カカルクランは目の前。緊張のため、これ以上書くべきことを思い付かない。　全員、生きて帰る。それだけを胸に、７人委員会に戦いを挑む。
75	1	/OT00.MAP	今回の戦乱で特にひどく破壊されたクィーンズハートやドラグーンの復興のためみな様からの募金をお待ちしております。　　　　　　　　　　　　　　　（ユカナ）
75	1	/KEYHELP.MAT	（順送り選択）　　　　　　　　　　　　［５／７］（逆送り選択）　未行動キャラクタにカーソルを自動で合せます。　押す度に次のキャラクタに切り替わります。
74	1	/DIARY.MSG	　僕達は、ディアーネさんの好意に甘え、一路、カダールを目指すことになった。　ミュウ・・・どうか僕達がカダールにたどりつくまで、無事でいてくれ・・・。
74	1	/DIARY.MSG	　トラグーン城はカダールによって破壊されていた。　沢山のドラグーン騎士が帰らぬ人となり、武勇をもって知られるドラグーン王も、また、不帰の人となった。
72	1	/ZM00.MAP	告カダール軍より、リグロードの民へ。リグロード大陸全土にわたり、偉大なる魔導王国カダールのものとなった。　　　　　　　　　　　　　（カダール軍）
71	2	/IG10.MAP	イガ最強のシノビと言えば月組だが、どうやら、月組の一党らしいシノビが、忍者屋敷に捕まっているらしいぜ。　　　　　　　　　　　　（夜叉組ヤカツ）
71	1	/DIARY.MSG	　ポポロンは、その日、現実的にも、表現的にも死の町となった。　７人委員会は、ポポロンに住む人々を血によって粛正した。　僕達は何もできなかった。
71	1	/KEYHELP.MAT	（キャンセル）　　　　　　　　　　　　［３／７］　行動指示、情報表示のキャンセルをします。　何もしていなければ、システムメニューに　入ります。
70	1	/DIARY.MSG	　イシスのピラミッドと呼ばれるその古代遺跡は、ガルマンオーブを保管する、ただそれだけの目的のために作られたと言っても過言ではないようだった。
69	1	/CK00.MAP	村全体の技術向上に役立ったイニシエに与えられるマンボウ記念賞は、タタラに贈られることになりました。　　　　　　　　　　　　　　　（アヅサ）
68	1	/CK00.MAP	カダール軍の奴らが、あたし達の村の技術に目をつけてるらしい。みんなで協力して、奴らに抵抗しよう！　　　　　　　　　　　　　　　（アヅサ）
68	1	/DIARY.MSG	　サモサ島でイクシーズ号修復に必要な２つのアイテムのうちの１つ、アローストーンを入手。　これで一歩、イクシーズ号の修復に近付いたわけだ。
68	1	/DIARY.MSG	　以上で日記はおしまいです。create: 1 Aug.96update:20 Aug.96　マスターアップしたら黒ビールに花火だ(笑)
66	1	/KEYHELP.MAT	（特殊機能）　　　　　　　　　　　　　［７／７］　飛行モードに移ります。　シナリオで、アイテムを手に入れていないと　使用できません。
65	1	/ZM00.MAP	ミュウ王女、ドラグーン城を奪回！リグロードからカダールの影が無くなるのはもはや時間の問題！　　　　　　　　　　　　　（リューシャ）
65	1	/OT10.MAP	大地の叫びは、現在、謎の霧とモンスターが発生し、通行が不可能になっています。ご注意下さい。　　　　　　　　　　　（オルトマ自治会）
65	1	/DIARY.MSG	　僕達は、そこで、ガルマンオーブを見つけることができた。　これで、グラビティの近くにある海底神殿に行けば、念願のイクシーズ復活だ！
62	1	/QH00.MAP	クィーンズランドの王と王妃を、反逆罪で処刑した。カダールに服従しない者の末路を見よ。　　　　　　　　（カダール軍、ラグロス）
59	1	/IG01.MAP	きぃぃぃぃぃっ、悔しい、悔しすぎるっ！こうなったら、女盗賊シラナミの名にかけてアスカをあたしのものにしてやるんだから！
59	1	/DG21.MAP	うーむ・・・それほど言うなら、自分の未熟さを体で思いしるがいい。まったく、むこうみずなところは、誰に似たのやら・・・。
59	1	/OT00.MAP	ファルコ氏多いに語る。サモサ島の鉱石があれば、イクシーズ号再生も可能・・・か？　　　　　　　　　　　　　　　（ユカナ）
59	1	/KZ00.MAP	今じゃそれほど価値の高いものじゃないが、この国に鉄がはじめて伝わってきたころは、鉄と金は同じ価値で交換されてたそうだ。
58	1	/CT10.MAP	俺様が飛べればつかんでいってやるのだ～ガー。できないものはしょうがないのだ～ゼー。俺様は地形を変えていくのだ～ゼー！
58	1	/IG01.MAP	・・・シラナミなら、ヤマタイで２番目の美女だから、がんばれば、ヤマタイで２番目ぐらいの男を見つけられるかも、なのね！
58	1	/ZM00.MAP	ミュウ様がカダールをやっつけたそうだ！との話がクイーンズランドより届いたぞ！　　　　　　　　　　　　　（リューシャ）
58	1	/DIARY.MSG	　地下閲覧室で見つけた情報をもとに、僕達は、グラビティという町を訪れるべく、アレクトリア大図書館の地下通路を進んだ。
57	1	/TM00.MAP	試練の迷宮に挑むんなら、まんず、はァ、迷宮協会で受付するぞなもし。試練の迷宮に入れるようになるのはその後だっちゃ。
57	1	/OT01.MAP	それは大変なことになっちまったね、リグロード大陸中がカダールって国の軍隊に制圧されかかってるっていうワケなんだね？
57	1	/DG21.MAP	竜に変化した直後は、攻撃ができん。次の攻撃まで耐えるのだ。竜の状態で損害を受け続けるとやがて元の姿に戻ってしまう。
57	1	/IS10.MAP	この遺跡、リグロード・サーガの戦いの折、すでに、英雄達により探索されてござればそのようなものは見つかりませなんだ。
57	1	/AT00.MAP	両者は、「知識が有能な結果を作る」、「有能な結果から知識が生じる」として、お互いの監査役として機能しているのです。
56	1	/OT00.MAP	またもや新事実！サモサ島には特別な鉱石があるらしい。しかし、効用は不明。　　　　　　　　　　　　　　　（ユカナ）
56	1	/MP00.MAP	自宅から出ないようにして、デマに耳を貸さないで落ちついて行動して下さい。　　　　　　　　　　　（ポポロン自治会）
55	1	/ZM01.MAP	姫様があたしら町人に親しく話しかけて下さるからって、調子にのって失礼にもせんさくするようなことを言っちまって。
55	1	/DG21.MAP	かの者の名は飛ぶ鳥のアスカ！ドラグーンの南、港町オルトマよりヤマタイ行きの船に乗るのだ！そして、援軍を求めよ！
55	1	/OT00.MAP	なんでも、この町の北東にある古代遺跡に、カダールの連中が集めた魔導士や学者達を閉じ込めて、何かやってるらしい。
55	1	/KEYHELP.MAT	（順送り選択）　　　　　　　　　　　　［５／７］（逆送り選択）　仲間になっている他のメンバーとチェンジします。
54	1	/DG21.MAP	うむ、良い判断だ。じゃが、もう少し、粘ってみたら、流れは変ったかもしれんな。よし、この調子でもう一度挑戦だ！
54	1	/NT31.MAP	お待ちを！リグロード大陸に住む猿を制圧するなど、赤児の手をひねるよりもたやすいこと。私一人におまかせを・・・
54	2	/IZ00.MAP	これが使われれば、ミュウ姫様のもとへ、拙者とディアーネ殿とでイクシーズを操って必ずやお迎えにあがるでござる。
54	1	/IG00.MAP	地震が多発しています！寝る前に火の元とたんすの上に置いた物の確認を！　　　     　　　（イガの里自治会）
54	1	/WC00.MAP	７人委員会のやり方に反感を抱き、わたくし達の活動を支援してくださる方達がポポロンには大勢いらっしゃるのです。
54	1	/KEYHELP.MAT	（決定）　　　　　　　　　　　　　　　［２／７］　メッセージ送りに使用します。　歩いている間は機能しません。
54	1	/KEYHELP.MAT	（特殊機能）　　　　　　　　　　　　　［４／５］　アイテムメニュー中で、アイテムを　整理することができます。
53	1	/DG21.MAP	竜の姿になれば、空を飛ぶことができる。そして、竜の持つ強大な攻撃力をも、使いこなすことができるようになる。
53	1	/ZM00.MAP	ドラグーンがカダール軍の襲撃を受けた時、僕とミュウは、君に助けを求めるためにドラグーン城を抜け出したんだ。
53	1	/KR00.MAP	信頼と実績で１００年の伝統を誇るコルベツアー社を是非ご利用下さい。　　　　　　　　　　　（コルベツアー社）
53	1	/AT00.MAP	これは、古代魔法文明時代にまで、その源をさかのぼることができるほど、古くから続く政治形態と言われています。
53	1	/AT00.MAP	しかし、７人委員会をはじめとする、あらゆる政治的機関から独立した存在としてアレクトリア大図書館があります。
53	1	/MP00.MAP	一緒に７人委員会の塔に捕まってたアレクトリア大図書館の武闘司書官で、司書武闘法って武術を使う女の子なんだ。
53	1	/GB00.MAP	古代の遺跡には、死者の眠りを守るためそうしたゴースト系のモンスターが配置されていてもおかしくないだろうな。
53	1	/GB00.MAP	と言いたいところだが、７人委員会によって我々の聖なる神殿が暴かれ、今や光なす翼は空を飛ぶこと叶わず・・・。
53	1	/NT20.MAP	ゲテン城でガルザードとともにカダールに飛ばされたミュウは、人委員会の塔の監禁室にとらわれの身となっていた。
52	1	/CK01.MAP	ええ、未知の砲の技術もありますしね。それを調べて、一冊の本にまとめるのは司書官として当然のつとめですわ！
52	1	/DG21.MAP	ミュウ、ヤマタイに行け！リグロード戦役にて、我らが父祖と共に戦いしシノビの子孫をヤマタイのイガに訪ねよ！
52	1	/QH00.MAP	かのリグロード戦役の英雄にして、我らの国王でもあらせられたアーサー王と、後に王妃になられたエリーゼ様が、
52	1	/OT00.MAP	↑証拠はないが、きっとそうだ！悪いことは、全部カダールのせいだ！　　　　　　　　　　　　　　　（ショウ）
52	1	/AT00.MAP	男の骨ばった手が、アーヤののどにくいこみ、人影とてない深夜の街頭に、アーヤの首の骨がきしむ音がひびいた。
52	1	/MP00.MAP	７人委員会に対する反逆罪で、町の住人は、収容所送りとなりました。　　　　　　　　　　　　　（７人委員会）
52	1	/GB00.MAP	最近の若者は思いやりがないと言うが、なかなかどうして、お前さん達のような気持ちのいい若者もいるのじゃな。
52	1	/GB00.MAP	もう一つは、アローストーンと言って、これはリグロードの東北に浮かぶ小さな島サモサ島に隠されておると聞く。
52	1	/NT20.MAP	アレクトリア大図書館がカダールで唯一自治独立を認められているのは、不穏分子を育てるためではありませぬぞ。
52	1	/GM00.MAP	シラナミがかえってきてくれたら、毎日の生活にめりはりがつきますんやけど、いったい、どこで何してはるやら。
52	1	/NJ10.MAP	我が主、ガルザード様のお力により、全リグロード大陸と全ヤマタイは、我らカダールの支配下にあるというのに。
52	1	/IG00.MAP	霊峰フジを貫くのが、結界洞って名前の洞窟さ。カダールの奴等が洞窟に結界を作ったからこの名前が付いたんだ。
52	1	/WK00.MAP	まぁ、俺様にかかれば、７人委員会だろうがなんだろうがギャフンと言わせるのはなんでもないことなのだ～ゼー！
52	1	/WC00.MAP	俺様は腕試しにそいつを倒そうとしたんだが、逆にヤツの能力によって夢の世界に閉じこめられていたのだ～ゼー！
52	1	/WY00.MAP	他の女に対抗意識を持つな、ということは、オレが好きなのはナズナだけだよ、ってことのう・ら・が・え・し・☆
52	1	/KEYHELP.MAT	（キャンセル）　　　　　　　　　　　　［３／５］　メニューをぬけたり、キャンセルするために　使用します。
52	1	/KEYHELP.MAT	（上視点切替）　　　　　　　　　　　　［４／５］（横視点切替）　バーチャル視点を３種類の中から選べます。
51	1	/OT02.MAP	ディアーネさんなら、この船を安心して任せておけるし、だいいち、これからの復興に、船はかかせないからね。
51	1	/OT01.MAP	ついさっき、ドラグーンの方から来た客が言ってたんだが、ドラグーン城が炎に包まれてるっていうじゃないか。
51	1	/NT31.MAP	ガルザード、我々は意見を聞いているのではない。命令しているのだ。ラグロスを従えリグロードをおとせ、と。
51	1	/RT20.MAP	アレクトリア大図書館に・・・・・・自治独立が認められていたのは、そういった裏の事情があればこそ・・・。
51	1	/IZ00.MAP	なるほど、我らがイクシーズ再生に必要なものを集めおる間に、その方は、それ以外の部分を補修いたす次第か。
51	1	/ZM00.MAP	↑ミュウ様と竜騎士ばんざい！おはやいお帰りをお待ちしています。　　　　　　　　　　　（ザルマ住人一同）
51	1	/AT00.MAP	風を斬り、白い残像と共に襲いかかる剣の動きを、わずかな動作でかわすと、なめらかな動作で体をいれかえる。
51	1	/MP00.MAP	町にはにぎわいが戻りはじめてるけど、よく観察すれば、人々の心の傷は、まだ消えてないってことが分かるよ。
51	1	/GB00.MAP	なんでも、キングってのはセントール族、つまり、馬の足に人間の上半身を持つ半人半獣の種族だったらしいよ。
51	1	/GB00.MAP	ガルマンオーブ、すなわち魔法球は、古代魔法文明時代に、いくつも作られた魔法力の結晶であったと言われる。
51	1	/GB00.MAP	しかし・・・７人委員会亡き今、一体何者が、この災害を引き起こすほどの力を持っているというのじゃ・・・。
51	1	/NT21.MAP	もしアレクトリア大図書館の武闘司書が連中の仲間に加わっていたとしたら、できれば、生け捕りにするように。
51	1	/KM10.MAP	どんな理由があるのか知らないけど、ドラグーンの竜騎士の誇りにかけて見過ごしにするわけにはいかないよッ！
51	1	/KM00.MAP	・・・いや、世界が完全に平和を取り戻せたのか、確かめるための旅をもうしばらく続けたいと思っているのだ。
51	1	/KM00.MAP	しかし、人質を連行するために派遣した兵が帰ってこないとなりゃ、すぐにでも軍隊がやってくるんじゃないか？
50	1	/ZM01.MAP	それに、先のことを考えるなら、情報を集めるとか、装備を整えるとか、ここで準備をしておかなきゃ・・・。
50	1	/DG21.MAP	うむ、良い判断だ。が、もう少し、粘ってみたら、流れは変ったかもしれんな。よし、今日の訓練はここまで。
50	1	/QH00.MAP	なるべく家から出ないように、そして落ちついて行動して下さい！　　　　　　　（クィーンズランド自治会）
50	1	/IZ00.MAP	こたびのイクシーズ墜落は、ガルマンオーブの力が何らかの原因によって無効化されたことによるのでござる。
50	1	/IS10.MAP	カダールの７人委員会と申す連中、何やら古代文明についての伝説や知識をちまなこになって捜しておる様子。
50	1	/AT00.MAP	アレクトリア大図書館の武闘司書は、その知識と魔法力を融合させ司書武闘法なる独自の技を編み出している。
50	1	/GB00.MAP	たしか、イシスのピラミッドには、なんとかオーブがあるって言い伝えがあったようななかったような・・・。
50	1	/KD00.MAP	裏ヤマタイへ抜けることができれば、カダール軍が居城にしているゲテン城へ行くこともできるんだが・・・。
50	1	/GM00.MAP	けど、カダールがいてへんようになったら、今まで話できしませんかった分、武道の話をしよと思てますのん。
50	1	/GM00.MAP	所持金が不足しているようです。必要な金額をご用意してからお越し下さい。手前共も商売でございますので。
50	1	/NJ00.MAP	忍者屋敷という名前から分かると思うが、ここには、敵の襲撃を想定して、いくつもの罠がしかけられている。
50	1	/IG00.MAP	海を挟んでこの里の東にある洞窟なんだけど、そこには、式神のナズナが眠っているって言い伝えがあるのよ。
50	1	/DIARY.MSG	　グラビティの長老に、マラカイトに関しての情報がアレクトリア図書館にあるのではないかと、教えられた。
50	1	/KEYHELP.MAT	（決定）（Ａ）（Ｂ）（Ｃ）　　　　　　［２／５］　着地します。ただし、着地できない　場所があります。
49	1	/DG21.MAP	よいか、ミュウよ。最初に敵との間合いを考えて移動する。この時、自分の攻撃の間合いを忘れてはならん。
49	1	/DG21.MAP	うむ。移動の次は攻撃だ。我らドラグーン竜騎士は、奥義「竜の技」の「竜変化」で竜になることができる。
49	1	/ZM00.MAP	カダール軍をやっつけたからには、そろそろ、ドラグーン城に落ちついてあっし達の国を治めてくださいな！
49	1	/KR00.MAP	ドラグーンのミュウ姫様もご愛用のコルベツアー社をよろしく。　　　　　　　　　　　（コルベツアー社）
49	1	/OT00.MAP	不穏当な発言をした罪で、ショウの首に賞金がかけられました。　　　　　　　　　　　　　（カダール軍）
49	1	/AT00.MAP	だからこそ、我ら魔導王国カダールは、他のどの国よりも優れた魔導文化を築きあげることができたのだぞ！
49	1	/GB00.MAP	「伝説の魔導士」という呼びかたは、その時代において、最も力のある魔法の使い手に贈られる名誉なんだ。
49	1	/NT20.MAP	ということは、アレクトリア大図書館の「古代魔法文明」に関する文献を狙ったと考えるのが妥当ですわね。
49	1	/GM00.MAP	なんでも、いっときは、カダールの連中にぬれぎぬ着せられて、村中からつまはじきにされたらしいですわ。
49	1	/NJ10.MAP	ミュウ王女の母国どころか、全リグロード大陸と全ヤマタイは、今や我らカダールの支配下にあるのですぞ。
49	1	/NJ10.MAP	我が主、ガルザード様のお力により、全リグロード大陸と全ヤマタイは、我らカダールの支配下にあります。
49	1	/IG00.MAP	なんでも本当の勇気と実力を持った人を選ぶために、怪物がうろつく洞窟に、自分自身を封印したんだって。
49	1	/WR00.MAP	ということは、アレクトリア図書館に、カオスの力やカカルクランに関する情報が残されているはずですわ！
49	1	/WC00.MAP	ハイランドに行く前に、わたくしアレクトリア大図書館に寄って、父上のご機嫌を伺わなければなりません。
48	1	/OT02.MAP	なるほど、では、拙者も、ともに同乗して、３人で異国との貿易をする事業をはじめてはどうであろうか？
48	1	/RT20.MAP	ホークアイの弟ファルコを捜し出せば、イクシーズを再建することも、夢じゃないってことなのだ～ゼー！
48	1	/QH00.MAP	きっと、あれだね、断るに断れなくて、ドラグーンのおてんば姫あたりに、ひっぱりまわされてるんだよ。
48	1	/IZ00.MAP	［ファルコ］たとえその場にはおりませずとも、我らも共に戦っておりますること、お忘れ下さいますな。
48	1	/ZM00.MAP	ところで、ウチのバカ亭主が言うには、オルトマから向こうに行くことができない、ってハナシですわよ。
48	1	/JG00.MAP	７人委員会がカカルクランに行くために、この次元の扉にかけられた封印を力ずくで破ったためなのです。
48	1	/OT00.MAP	村の人は、コルベツアー社って旅行会社を自慢にしてるようだが、俺に言わせれば、大したことはないな。
48	1	/KS00.MAP	ここにガルマンオーブを持ってくれば、イクシーズを復活させることができる、という話だったが・・・。
48	1	/GB00.MAP	グラビティが、長い間人々の記憶から忘れられ隠されてきたのは、まさにこの日のためにあったのだろう。
48	1	/CK00.MAP	俺っチ達、クリカラのイニシエが、砲を作る技術を持っているのは、その炉を発明したおかげなんでしよ。
48	1	/IG00.MAP	おぼろ谷のさらに奥には、砲術に優れたイニシエという技術者達の村、クリカラがあるという話ですじゃ。
48	1	/IG00.MAP	でも、ねぇ、そろそろ世界を旅してまわるようなことは卒業して、イガに帰ってきたらどうかしら・・・。
48	1	/NZ10.MAP	本当は、呪禁道師が何日もかかって異界から精霊を呼び出し、自分の従僕となるよう契約を結ぶんだがな。
48	1	/WY02.MAP	でも、ヤマタイが制圧されたって言っても、何から何までカダール軍のものになったってわけじゃねぇゼ。
48	1	/WR00.MAP	７人委員会が最期に言った、魂になっても自分達は目的を果たす、っていうような意味の発言もあるしね。
48	1	/WAZAHELP.MSG	3/4の確率で、受けたダメージ分のＨＰを回復することができます。一度目の攻撃のみ効果があります。
48	1	/WAZAHELP.MSG	3/4の確率で自分の受けているダメージを完全に補う分のＨＰを相手から奪い、吸収してしまう術です。
48	1	/ITEMHELP.MSG	装備している方が命を落しそうになった場合、一度だけその身代わりとなってくれる貴重なアイテムです。
48	1	/KEYHELP.MAT	（水平視点切替）　　　　　　　　　　　［３／５］　画面左下の全体マップをオープンクローズします。
47	1	/OT01.MAP	かつてのリグロード戦役以後、ここオルトマは、主にヤマタイとの取り引きで栄えるようになったんだ。
47	1	/ZM01.MAP	ここから国境を越えてさらに南、港町オルトマには、ディアーネって腕のいい女船長がいるって話です。
47	1	/ZM01.MAP	このところ、戦争があるワケでもなし、まことにもって天下太平、世は事も無しで結構でこざいますな。
47	1	/DG21.MAP	そしたら、ラスティが魔法をかけてくれればいいじゃない。傷を治す神聖魔法は教わっているんでしょ？
47	1	/MP01.MAP	かつてのリグロード戦役以上の危機が、今また、リグロードを・・・いや、全世界を襲おうとしていた。
47	1	/WS01.MAP	そうか・・・きっとこの水晶は、リグロード大陸、いや、この世界と、カカルクランを結んでいるんだ！
47	1	/RT20.MAP	こっちの【ゲートキー】は、ガルザードとやらが持っていたものとどうやら同じものらしゅうござるな。
47	1	/RT20.MAP	ホークアイの弟ファルコを捜し出せば、イクシーズを再建することも、夢じゃないってことなの、なの！
47	1	/ZM00.MAP	うらぎり者に任せるくらいなら、このままカダールに国をくれてやった方が、１０倍マシってもんだね。
47	1	/ZM00.MAP	カダール軍は、古代の遺跡をほじくりかえしているらしい。　　　　　　　　　　　　　　　（ナナイ）
47	1	/IS10.MAP	拙者が長年かかって追い求めてきた、古代魔法技術の粋を集めた空飛ぶ船を復活されたのでござるか！？
47	1	/OT00.MAP	度重なる天変地異は、カダールの７人委員会の仕業と判明。　　　　　　　　　　　　　　　（ユカナ）
47	1	/AT10.MAP	グラビティへ行くためには、どっちみち地下通路を通るんだから、途中でマラカイトを捜していけるね。
47	1	/AT00.MAP	現在、カダールに存在する太古の遺跡は、かつて、高度な魔法科学が存在したことの実証に他ならない。
47	1	/AT00.MAP	白っぽい姿を浮かびあがらせた剣士は、砂時計のように弧をえがく体の曲線と豊かな黒髪を持っていた。
47	1	/MP00.MAP	うるさいほど響いていた観客たちの歓声や選手たちの掛け声はなく、広い闘技場を静寂が支配していた。
47	1	/GB00.MAP	そうだ、イシスのピラミッドってのに、なんだかスゴイ宝物が眠ってるって、話を聞いたことがあるよ。
47	1	/GB00.MAP	もしこのメッセージが出れば、それはバグ。メッセージブロックはCHOUROU_MES_31なり。
47	1	/GB00.MAP	もしこのメッセージが出れば、それはバグ。メッセージブロックはCHOUROU_MES_32なり。
47	1	/NT30.MAP	そして、知性と肉体の調和の元、７人委員会が統治する完全なる世界を、地上に実現せんがため・・・。
47	1	/CK00.MAP	火薬工場の奥に大水桶っていう、水をためておく大きな桶がありますから、そこまで水を運んで下さい。
47	1	/MH00.MAP	このヒガタを経由する以外、他の国から人や物をはこぶ方法はないってのに、一体どうなってるんだろ。
47	1	/MH00.MAP	リグロードもカダールの連中に制圧されてるっていうから、もしかすると、そこで何かあったのかしら。
47	1	/GM00.MAP	忍者屋敷たら言うところのカダール軍を追い払ったおかげで、イガの里にも平和が戻ったらしいですわ。
47	1	/GM00.MAP	技の中には、敵を貫通してさらに後ろの敵にも攻撃できたり、壁まで貫通するものがありますのんどす。
47	1	/GM00.MAP	いやぁ、あんたら、ホウショウ院からあのにくたらしいカダールの連中を追い出してくれはったんやて？
47	1	/IG00.MAP	聞いた話じゃ、どこかの村では、人質に女子供を差し出させて、反抗心を起こさないようにしてるって。
47	1	/IG00.MAP	自分にできる方法で悪いヤツをこらしめただけなんだけど、こんな風に言われると、なんだか照れるな。
47	1	/NZ00.MAP	まぁ、ある種の迷信なんだが、眠っている式神が出す精神的な波、これが怪物達には快適なものらしい。
47	1	/WY02.MAP	リグロード大陸に援軍を送るにしても、ヤマタイはすでにカダールによって制圧されちまってるし、な。
47	1	/WK00.MAP	これ以上、カオスの力がこちらの世界に流れこまないように次元の扉と水晶柱の能力を一度封印します。
47	1	/WR00.MAP	されど、オルトマの我が店に秘蔵せし【真実の指輪】を使えば、あの攻撃を無効にすることができ申す。
47	1	/WC00.MAP	でも、どんなに心が強くても、どんなに剣の腕がすごくても、ミュウは、ただの女の子にすぎないんだ。
47	1	/WY00.MAP	もしまかり間違って、オレ達「月組」がカダール軍に加われば、大幅な戦力アップになっただろうしな。
47	1	/ITEMHELP.MSG	かつて天よりの使いが人間の乙女に授けたとされる知性のリングです。女性の方のみご使用になれます。
46	1	/QH01.MAP	王女様の心のこもったキスがあれば、かわいそうな男の子は、心の傷を埋めることができると思うな。
46	1	/OT01.MAP	海賊ったって、彼女の何代か前の先祖が、そうだったってことで、今じゃまっとうな船乗りの家系さ。
46	1	/DG21.MAP	あれほど危なくなったら退却せよ、と、申したではないか！訓練だからよかったようなものの・・・。
46	1	/QH00.MAP	このアーサーってのが、また、女ばかりの宮殿で育ったせいか、ハッキリしない性格だったらしいよ。
46	1	/QH00.MAP	ここクイーンズランドに伝わる伝説の神殺しの剣、ディバンドソードは、果たして何処に消えたのか？
46	1	/QH00.MAP	そのため、ここクィーンズハートでは、結婚を約束した男女が、その証として、また、幸せを願って、
46	1	/ZM00.MAP	話はかわりますけど、オルトマで武器屋と防具屋を営む鷹人間は相当な剣のつかい手らしいですわよ。
46	1	/OT00.MAP	イヤーンと西に向えばリグロードに、ウウーンと東にむかえばヤマタイにイ・っ・ち・ゃ・う・の・☆
46	1	/AT00.MAP	司書武闘法は、精霊の力を借りておのが姿を変化させる精霊呪法と通じる部分があると言われている。
46	1	/KS00.MAP	でも、グラビティの長老もガルマン・オーブのありかを、詳しくは知らないみたいだったけど・・・。
46	1	/NT30.MAP	あの街はわたくし達に協力したため災難にあっていますのに、それを無視するとおっしゃいますの！？
46	1	/NT20.MAP	己の利益と欲望のため、この美しい世界を浸食していく者達を委員会は許しておけなかったのですよ。
46	1	/MH00.MAP	なんだか、カダールの魔法使いがえらく興味を持っちまってさ、船をばらばらにされるとこだったよ。
46	1	/MH00.MAP	リグロードもカダールの連中に制圧されてるっていうから、もしかすると、そこで何かあったのかも。
46	1	/MH00.MAP	連中は知らないだろうけど、ゲテン城ってのは、そこを居城にする連中に長生きさせない城なんだよ。
46	1	/MH00.MAP	ゲテン城にいたカダールの連中、リグロードから来た竜騎士の率いる一行にたたき出されたらしいよ。
46	1	/HS10.MAP	・・・まぁ、何だか分からんが、敵の大将が大切に持ってたものだ、どこかで役にたつかもしれねぇ。
46	1	/GM00.MAP	けど、カダールがいてへんようになったら、今まで話できへんかった分、武道の話をし倒したんねん。
46	1	/WK00.MAP	ミュウ、カオスの力の影響を、これ以上こちらの世界に広めないため、人手を必要としているのです。
46	1	/WR00.MAP	でしたら、わたくし、カダールのアレクトリア大図書館へ寄っていただけますよう提案いたしますわ！
46	1	/ITEMHELP.MSG	激しく彩る炎をデザインしたドレス。いかなる吹雪にも負けません。女性の方のみご使用になれます。
45	1	/CT10.MAP	拙者のように飛べる者がつかんで下りるか地形を変えていただき下りていくしかないでござろうな。
45	1	/OT01.MAP	なんたって、先祖代々、海に関わって暮らしてきたってんだ、そこいらの船乗りとは歴史が違わぁ。
45	1	/DG21.MAP	ふ、ドラグーンだけではない。今や、全リグロード大陸に我らカダールの兵を送りつつあるのだよ。
45	1	/WS00.MAP	思えば、弟の古代魔法文明への興味はこの水晶柱の存在を調べたことがきっかけでござった・・・。
45	1	/RT20.MAP	７人委員会は、幽玄の森にある次元の扉の封印をとき・・・、異世界カカルクランへと向かわれる。
45	1	/RT20.MAP	そして、その知識と引き替えに、・・・アレクトリア大図書館の安全を得ていたのだからな・・・。
45	1	/RT20.MAP	兄さんに・・・少し・・・でも・・・追い付き・・・たかっただけ・・・だったの・・・に・・・。
45	1	/QH00.MAP	ラスティ王子の血筋を何代かさかのぼると、リグロード戦役の英雄アーサー様にたどりつくんだよ。
45	1	/ZM00.MAP	なんでも、カダールの連中が、ほうぼうの大陸から学者を集め何かの研究をさせているらしいです。
45	1	/IS10.MAP	拙者、ファルコと申し、古代魔法文明の遺産について、いささか、知識を得ようと勉めております。
45	1	/KR00.MAP	今は、どうやらカダールに占拠されてしまっているらしいけど、あんなところで何をしてるのかね？
45	1	/KR00.MAP	アーサー王、エリーゼ王妃を先祖に持つクィーンズランド王室は相当厳しい処分を受けたようです。
45	1	/KR00.MAP	あ、このハレハレガッコンっての、嫌なことや怖いことや腹の立つことをあらわす流行語なんだよ。
45	1	/KR00.MAP	世の中は平和になったことだし、この様子なら、ヤマタイへ向かう船が出る日も遠くはないだろう。
45	1	/AT00.MAP	なるほどな、だからミュウが消えた後、あの妙な仕掛けの上に乗っても、何もおこらなかったのか。
45	1	/AT00.MAP	魔法を行使するということは、すなわち、その者の精神力を触媒に、異界の力に働きかけることで、
45	2	/AT00.MAP	カダールにおるとするならば、西に向えばリグロードに、東にむかえばヤマタイにいたるであろう。
45	1	/AT00.MAP	時に行き詰まり、営々と築きあげたものをすべて壊して、初めからやり直すことも少なくなかった。
45	1	/MP00.MAP	それ、リグロード大陸に残ってる、水晶柱とかを作った人達の築いた先進的な魔法文明じゃないの？
45	1	/GB00.MAP	ＭＰに余裕があるようなら、わざと神聖魔法を使って新しい技の習得につとめるのがよろしかろう。
45	1	/NT20.MAP	７人委員会は、絶対不可侵の禁を侵して、アレクトリア大図書館の自治独立を脅かしてきた・・・。
45	1	/NT20.MAP	いずれ死する身なれば、少々、その好奇心をみたしてあげても７人委員会はお許し下さいましょう。
45	1	/CK00.MAP	俺達にとっては、いい隠れミノだし、奴らは、俺達に火薬の原料を売って暮らしを立てているのさ。
45	1	/MH00.MAP	試作品ったって、船の速度を何十倍にもしてくれて、ここぞという時には必要な速度が出せるんだ。
45	1	/MH00.MAP	で、その仕掛けを作った学者は頭の良さが災いして、カダールの奴らに捕まっちまってるって話さ。
45	1	/MH00.MAP	じゃあ、あたしは一足先に行って船の準備をしとくからね。用意ができたら、さんばしに来とくれ。
45	1	/KD00.MAP	ガルザードを倒せばヤマタイやリグロード大陸にいるカダール軍を追い出すことができるんだよね？
45	1	/GM00.MAP	ゴジョウ大橋建設人員募集。カダールによって破壊されたゴジョウ大橋をあなたの力で元に戻そう！
45	1	/GM00.MAP	そういうたら、カダールの奴ら、表ヤマタイと裏ヤマタイを結ぶ洞窟を封印したって言うやないの。
45	1	/GM00.MAP	カダールの奴らがヤマタイを占領する前のホウショウ院は、国の宝とまで言われた寺院やってんよ。
45	1	/GM00.MAP	ボクたちをだましたとはいえ、こうして無事だったんだし、シラナミちゃんとも出会えたじゃない。
45	1	/GM00.MAP	クィーンズランドや、ドラグーンもかなり大きいと思ってたけど、他にも大きな町ってあるんだね。
45	2	/IG10.MAP	↑お兄ぃちゃんが仲間を見捨てたりするわけないもん！　　　　　　　　　　　　　　　（ヨモギ）
45	1	/IG00.MAP	伝説のシノビ、ムサシ様なら、あやつらをやっつけるなぞ赤子の手をひねるも同然なのじゃがのう。
45	1	/IG00.MAP	もし、お前さん達が、奴らに戦いを挑もうと思っておるなら、十分に力をつけてからにするのじゃ。
45	1	/IG00.MAP	イガのシノビには、その忍術の系譜や、集まった人々の相違によって、いくつかの集団があるのよ。
45	1	/NZ10.MAP	時々、自分の意志で、この世界にやってくるのがいて、そういうのをはぐれとか根無しと言うんだ。
45	1	/WR02.MAP	アレクトリア大図書館の蔵書で調べた、イクシーズ号に関連する書籍の著者の名前を覚えてらして？
45	1	/WR00.MAP	オルトマの我が店に秘蔵せし【真実の指輪】を使わねば、あの幻を無効にすることはできますまい。
45	1	/WC00.MAP	竜騎士の力がボクに与えられたのは、７人委員会やガルザードのような敵を倒すためだと思うんだ。
45	1	/WAZAHELP.MSG	暗黒の剣が舞い踊り、敵を死へと誘います。1/16の確率で死亡させます。対空攻撃が可能です。
45	1	/ITEMHELP.MSG	身につけることで宙に浮くことができる素晴らしいアイテムです。女性の方のみご使用になれます。
44	1	/TM00.MAP	ここ闘乱は、リグロード大陸の隠れ里バトラムから流れてきた移民が作りやがった街な～のさァ。
44	1	/QH01.MAP	・・・そんなことはないよ。ラスティがいてくれたおかげでボクはどれだけ心強かったか・・・。
44	1	/OT02.MAP	まったく、たいした姫様だよ、あんたは！じゃあ、遠慮なく、イクシーズ号はいただいておくよ！
44	1	/OT01.MAP	何やってんだい、じれったいね！ちゃっちゃと片付けておくれよ！リグロードが大変なんだろ？！
44	1	/DG21.MAP	ドラグーン王よ、降伏せよ。我らカダール人は先進的文明人。無駄な流血は好むところではない。
44	1	/NT31.MAP	そのたぐいまれなる魔法力でガルザードを補佐し、リグロードでの勝利を確実なものとするのだ。
44	2	/WS10.MAP	ここのモンスター達が凶暴化したのは、７人委員会が次元の扉を開こうとしているためですのね！
44	1	/RT20.MAP	ホークアイの弟ファルコを捜し出せば、イクシーズを再建することも、夢じゃないということだ！
44	1	/QH00.MAP	もぅ、誰もラスティ様のことを臆病だの、でべそだの、足がくさいだの、言いませんとも、ええ。
44	1	/QH00.MAP	もう国民に優柔不断だの、アホだの、バカだの、何も考えてないだの、言われなくてすみますね！
44	1	/QH00.MAP	ドラグーンのじゃじゃ馬と結婚したらラスティ様もアーサー王みたいになってしまうんですかね。
44	1	/QH00.MAP	ラスティ王子にもずいぶんとアドバイスしたものですが、あの方にはアドバイスはムダでしたな。
44	1	/QH00.MAP	皆で力をあわせて、クィーンズハートを復興しよう！　　　　　　　（クィーンズランド自治会）
44	1	/KR00.MAP	先のリグロード戦役のおりには、幽玄の森に隠されていた次元の扉が姿をあらわしたそうですよ。
44	1	/AT00.MAP	そして、目にも止まらぬ早さで腰の剣を抜いたと同時にツバが鳴り、剣はサヤにおさまっていた。
44	1	/AT00.MAP	アーヤは震える手で男の額をつかみ、チャクラで増幅した光のプラナーをてのひらから放出した。
44	1	/MP00.MAP	７人委員会が実権を握ってから味わうことのできなかった、平和というものをかみしめています。
44	1	/MP00.MAP	もし古代魔法文明の文献があるとすれば、それはアレクトリア大図書館以外に考えられませんわ。
44	1	/GB00.MAP	防御の【魔法障壁】は、ＭＰを消費するのとひきかえに、全ての魔法攻撃を無効にする力がある。
44	1	/NT20.MAP	けれど、活動仲間を説得するためには、７人委員会様の目的を詳しく知らなければなりませんわ。
44	1	/NT20.MAP	アレクトリア大図書館は、カダール建国当初より自治独立を認められている唯一の場所ですのよ。
44	1	/CK00.MAP	なんでも、ガルザードって司令官が力ずくでイニシエの砲術を手に入れようとしてるらしいんだ。
44	1	/KM10.MAP	オレは魔法にゃあんまり詳しくないんだが、あんなに連発してちゃ、体が持たないんじゃないか？
44	1	/KM00.MAP	熱を加えてやる必要があるんだが、ウチの炉じゃ、こいつを扱えるほど温度を高くできないんだ。
44	1	/IG00.MAP	カムイコタンには、独特の宗教があって、大自然の全てのものに神が宿ると、考えてるんだって。
44	1	/IG00.MAP	結界洞を越えて、裏ヤマタイ側に行くことができたら、港町ヒガタに行ってみるがよろしかろう。
44	1	/WR00.MAP	この俺様という天才がいれば、カダールのヘナチョコどもなんぞケチョンケチョンなのだ～ゼー！
44	1	/WR00.MAP	それに、鷹人がこのような言葉を使えば、会うた人には忘れえぬ衝撃を与え、商売繁盛でござる。
44	1	/WR00.MAP	まず、ならず者どもからオルトマを救い、【真実の指輪】を手に入れることこそ先決でござろう。
44	1	/WC00.MAP	どんなに小っぽけな人間でも、他人の犠牲になって当り前なんてことは、絶対にないんだからね！
44	1	/WAZAHELP.MSG	円形に凍てつく衝撃波を振るい攻撃します。1/4の確率で凍結させます。対空攻撃が可能です。
44	1	/DIARY.MSG	　ディアーネもファルコも、このイクシーズ号に乗っていられるだけで幸せという顔をしていた。
43	1	/BL00.MAP	経験の少ない方、怪我をしている方など、少しでも不安な要素がある方は入らないでください。
43	1	/QH01.MAP	言ったな！・・・でも、そうだね。子供のころから、キミには、本当に意地悪ばっかりしたね。
43	1	/OT01.MAP	だったら教えてくれよ、突然、リグロード大陸を分断した、にじ色をした光の壁は何なんだい？
43	1	/ZM01.MAP	金が足りないようだな。いくら姫様でも、こちとら生活かかってんだ。悪く思わないでくれよ。
43	1	/MP01.MAP	こうして、リグロードサーガの名で伝えられる英雄達の物語が、今、再び、幕を上げる・・・。
43	1	/ES00.MAP	たしかに、美しくはありますけれど、古代の人々は何のためにこんなものを作ったのでしょう？
43	1	/IZ00.MAP	アローストーンは、どうやらサモサにあるようなんだけど、どうすればサモサに行けるのかな？
43	1	/ZM00.MAP	だけど、ヤマタイへ向かう理由をザルマの町民達に説明しては、恐慌状態になると思ったんだ。
43	1	/ZM00.MAP	カダールの奴らの目的は知らねぇが、クィーンズランドの国境のあたりを吹き飛ばしやがった。
43	1	/ZM00.MAP	ミュウ様がリグロードを後にしてから、カダールのヤツらによって、占領されちまったんです。
43	1	/ZM00.MAP	しっかし、ひんぱんに起こるこの地震は何か良くないことの前触れじゃなきゃいいんですがね。
43	1	/KR00.MAP	幽玄の森ってのは、湖をはさんでクィーンズハートの南に位置する広大な森のことなんだって。
43	1	/JG00.MAP	ミュウ、ありがたく言葉を受けようよ。僕達は、それにふさわしいことをなしとげたんだから。
43	1	/JG00.MAP	この荒れ果てた土地と、破壊され尽くした国々をもとに戻すには、オレ達の力は役に立たない。
43	1	/AT00.MAP	カダールには、国中で最も優秀な魔導士からなる、７人委員会と呼ばれる政治機関があります。
43	1	/AT00.MAP	魔法という力を持つ者の一人として、その力の根源たる部分を私なりに解き明かさんと考える。
43	1	/AT00.MAP	魔法力の根源は、この世界を構成する属性と異なる資質を持ち合わせているように感じられる。
43	1	/GB00.MAP	伝説の魔導士と呼ばれた人々の中でも最もウデが立つと言われるのが、天才大魔導士キングさ。
43	1	/GB00.MAP	賢者ウィスコをはじめとする、強力な魔法の使い手は、「伝説の魔導士」と呼ばれているのさ。
43	1	/GB00.MAP	もともと祭壇に捧げられていたガルマンオーブは、７人委員会によって持ち去られてしまった。
43	1	/NT20.MAP	・・・と言いたいところですけれど、ドラグーン竜騎士の力が借りられるとなれば別ですわね。
43	1	/CK00.MAP	イニシエの技術を提供するよう命令されていたのでしが、俺っチが拒否してやりましたからね。
43	1	/MH00.MAP	リグロードからやってきた竜騎士が、カダールの連中をやっつけたってウワサは本当なのかね。
43	1	/MH00.MAP	そんでもって、これがまた、船長なんかにしとくのはもったいないくらい、いい女なんだとよ。
43	1	/MH00.MAP	わたしってば不幸だわ。このまま恋もしらずに死ぬのよ。美人は先が短いって本当だったのね。
43	1	/GM00.MAP	えらそうにしてたくせに、リグロードから来た竜騎士の一行にやられて逃げ帰ったちゅう話や。
43	1	/GM00.MAP	ボクはまだ子供やから、闘技場には出られへんねんけど、大きなったら、絶対に出場すんねん。
43	1	/GM00.MAP	まず、お金をカジノ専用コインに両替しておくのよ。じゃないと、ゲームには参加できないわ。
43	1	/NJ10.MAP	部下を助けることで、キミのぬれぎぬは晴れたんだから、胸を張ってイガに帰ればいいんだよ！
43	1	/NJ10.MAP	カダールって国のガルザードってぇ奴が、ヤマタイばかりでなくリグロードも占領しやがった。
43	1	/NJ00.MAP	まぁ、ミュウは、【竜変化】で竜になって飛んでいれば、投げ技をくらうこともないだろうが、
43	1	/IG00.MAP	港町ヒガタは、ヤマタイの海の玄関口とも呼ばれるように、海運が盛んな町じゃったが・・・。
43	1	/IG00.MAP	アスカの父親は戦死したとかで、あの若さでイガ最強のシノビ集団、月組の頭領になったのよ。
43	1	/IG00.MAP	関所にカダールの奴等が詰めてるぜ！気をつけな！　　　　　　　　　　　　（星組オウヤチ）
43	1	/NZ00.MAP	そんなわけで、昔から、根無し式神が眠る場所ってのは、怪物達の大量発生場所でもあるのさ。
43	1	/WR00.MAP	カダール軍によってリグロードがほぼ制圧されたということを表しているのではないだろうか？
43	1	/WC00.MAP	館長が行方不明の今、あなた様までいなくなったかと思い、図書館の今後を考えておりました。
43	1	/WY00.MAP	そしたら、カダールの奴らに船を接収されちまって、その上、町から追い出されちまったのさ。
43	1	/WY00.MAP	なんとか、カダールの連中の隙をついて船を取り戻そうとしてるんだけど、見張りが多くてね。
43	1	/WAZAHELP.MSG	敵の集団にスモールの魔法効果をもつ鳴き声を浴びせます。1/8の確率で敵を縮小させます。
43	1	/WAZAHELP.MSG	味方キャラクターのステータス異常を回復させると共に、ＨＰを３００ポイント回復させます。
43	1	/WAZAHELP.MSG	その圧倒的なまでの聖なるエネルギーの前に、聖なる力に弱い者達は滅び去ることになります。
43	1	/ITEMHELP.MSG	頭にかぶることで暗黒の力から身を守るはたらきを強めます。女性の方のみご使用になれます。
43	1	/DIARY.MSG	順風満帆、　すべてこの世は　　バグもなし。　　・・・と日記には　　　　　書いておこう。
42	1	/ZM01.MAP	ふらふら出歩いておられずに、お城にお戻りになって、ゆっくりと休まれてはいかがですか？
42	1	/RS01.MAP	【保護シールド】があれば、敵の攻撃から受けるダメージをかなり減らすことができるから。
42	1	/RS01.MAP	う、うわぁ・・・強そう・・・。ね、ミュウ、やっぱ、やめとこうよ！ケガしたら大変だよ！
42	1	/RT20.MAP	カオスゲートを使えば、リグロード、ヤマタイ、カダールの間を、一瞬で行き来でき・・・。
42	1	/RT20.MAP	ホークアイの弟ファルコを捜し出せば、イクシーズを再建することも、夢じゃありませんわ！
42	1	/RT20.MAP	ホークアイの弟ファルコを捜し出せば、イクシーズを再建することも、夢じゃないんでしね！
42	1	/QH00.MAP	他の人はどうか知らないけど、あたしは、あの王子にゃ見所があるとずっと思ってたんだよ。
42	1	/IZ00.MAP	さすれば、イクシーズの修理に必要な品について、はっきりとしたことが分かりましょうぞ。
42	1	/IZ00.MAP	必要な物をお持ちいただいたあかつきには、必ずやイクシーズを復活させてみせましょうぞ。
42	1	/IZ00.MAP	だけど、ボク達が調べたところでは、この他にアローストーンっていう鉱石が必要らしいの。
42	1	/IZ00.MAP	このふたつがあれば、必ずや、今一度、イクシーズを空に浮かべてごらんにいれましょうぞ。
42	1	/ZM00.MAP	しかし、ですね、みなさんが救国の英雄であると知った今、前言は撤回させていただきます。
42	1	/IS00.MAP	む、誰だか知らないが、俺様をさしおいて、石像になるとは、ちょっと生意気なのだ～ゼ～！
42	1	/JG00.MAP	うん。そうだね。結局、ボク達の持っている特別な力は、敵を倒すための力でしかないんだ。
42	1	/AT10.MAP	禁断の書と呼ばれる本は、人が手をだしてはならない。死と隣り合わせの危険な賭けになる。
42	1	/KS00.MAP	［］あんがい、人々の知っていることの中に、ちょっとしたヒントがあるかも知れませんわ。
42	1	/KS00.MAP	でも、その前に、グラビティの人達の話を詳しく聞いてみれば、何かわかるかもしれないね。
42	1	/KS00.MAP	でも、その前に、グラビティの人達の話を詳しく聞いてみれば、何かわかるかもしれないな。
42	1	/GB00.MAP	ただ、伝承によれば、熱き死の砂をふみしめて行くべし、大いなる宝が眠りたる城に向けて。
42	1	/NT20.MAP	もっとも、ヤマタイとリグロードには、生き残るに値する優れた人々はいませんでしたがね。
42	1	/NT20.MAP	７人委員会への反対運動を行うレジスタンスに荷担するとは、軽率なことをしたものですな。
42	1	/NT20.MAP	わたくしがこのような汚らしい場所に入り込んだのも、全ては７人委員会の行動を探るため。
42	1	/MH00.MAP	知り合いの学者が、その空飛ぶ船に関する研究をしていて、その途中で試作したものなんだ。
42	1	/MH00.MAP	ゲテン城にある、大陸を一瞬のうちに移動する装置は、カオスゲートって呼ばれてたらしい。
42	1	/SK10.MAP	あとひとつで結界洞の封印解除に必要な物がそろって、ゲテン城に乗り込むことができるぜ。
42	1	/KM00.MAP	なんでも、その町には試練の迷宮とかいうものがあって、挑戦者を待ち受けているそうじゃ。
42	1	/KM00.MAP	本当かどうか知らないが、ホウショウ院とゴジョウ大橋が何者かによって破壊されたらしい。
42	1	/GM00.MAP	霊峰フジを貫く洞窟を越えて先に進むと、ヤマタイの海の玄関、港町ヒガタに行けますねん。
42	1	/GM00.MAP	なんでもウワサじゃ、星陵郭にいたカダールのヤツラをおっぱらった者がいてるとか・・・。
42	1	/GM00.MAP	道具は使い方次第、包丁かて人殺しの道具にもなれば、おいしい料理をつくることもできる。
42	1	/IG10.MAP	神聖魔法の【ホーリーキュア】か、アイテムの【アムリタ】を使って元にもどすしかねぇゼ！
42	1	/IG00.MAP	悪者をやっつけて、ヒマになったら、おいらにニンジュツを教えてくれるって約束覚えてる？
42	1	/IG00.MAP	ボクもいつか立派なシノビになって、ムサシ様やアスカ兄ちゃんみたいに、大活躍するのさ！
42	1	/WY02.MAP	相手に操られたり、弱くなったりするステータスの異常を回復してくれる【アムリタ】まで！
42	1	/WK00.MAP	ミュウ、カオスの力の影響を、これ以上こちらの世界に広めないよう、私達でやってみます。
42	1	/WR00.MAP	大地の叫びを占拠しておる敵の大将は、あの通り、幻で我らの攻撃を封じてしまうでござる。
42	1	/WR00.MAP	ミュウは、７人委員会との戦いの直前に影のようなものが離れていったことを全員に話した。
42	1	/WC00.MAP	俺達、風がそれぞれ違う方向に吹いてちゃ、鳥としても飛ぶのに苦労すると思うが、どうだ？
42	1	/WC00.MAP	この続きは、世界が平和になったら、また引っ張り出して、笑い話のネタにいたしましょう。
42	1	/WC00.MAP	あれこそがカオスの力を制御するための魔法装置であり、カオスの力の純粋結晶なのですわ！
42	1	/WAZAHELP.MSG	地面をへこませてダメージを与える攻撃です。ルースモーアの魔法と同様の効果があります。
42	1	/WAZAHELP.MSG	弾き飛ばす性質の攻撃を受けても、通常の1/2のダメージで踏みとどまることができます。
42	1	/WAZAHELP.MSG	重力を操って敵を押し潰し、1/4の確率で「重い」状態にして上空飛行ができなくします。
42	1	/WAZAHELP.MSG	敵集団内の飛行キャラを飛べなくしたり、仲間を飛ばされないように重くしてしまう術です。
42	1	/WAZAHELP.MSG	アダルトタッチで周囲の味方全員に大ダメージをあたえます。まず再起不能でしょう:-)。
41	1	/GT00.MAP	ここでは、【保護シールド】の魔法で、敵から受ける損害をできるだけ少なくしていこう！
41	1	/ZM01.MAP	あの、お荷物がいっぱいのようですよ。また今度になさってはいかがでしょう、ミュウ様？
41	1	/WR10.MAP	きっと、カダールとかいう連中が、リグロード大陸東西の通行を絶つために作ったんだよ！
41	1	/DG21.MAP	よろしい。では、実戦形式での試合を行う。危なくなったら、すぐに「退却」するのだぞ。
41	1	/DG21.MAP	そう簡単にいくかな？ドラグーン王国の竜騎士は無敗！我らの王国を汚すことなどできぬ！
41	2	/ES10.MAP	７人委員会は倒したハズですのに、モンスター達の凶暴化はおさまる気配がありませんわ！
41	1	/RT20.MAP	弟ファルコを捜し出し、空飛ぶ船を再建することこそ、もっとも近道になると存じまする。
41	1	/RT20.MAP	真に優秀な・・・選ばれし者のみが、・・・構築し・・・支配する世界を・・・作るのだ！
41	1	/RT20.MAP	弟ファルコを捜し出し、空飛ぶ船を再建することこそ、もっとも近道になるでござろうな。
41	1	/QH00.MAP	世界は滅びてしまうのでしょうか、まだクィーンズランドの復活を見ていないというのに！
41	1	/QH00.MAP	ああ、せめてラスティ王子が、王座を継いでいてくれれば、我々も心強いのですが・・・。
41	1	/QH00.MAP	なんだかんだ言っても、私達はラスティ王子を愛していますし、期待してもいるんですよ。
41	1	/QH00.MAP	ご成婚にさいしてこの泉の前でくちづけを交わしたことがその名前の由来となっています。
41	1	/ZM00.MAP	あんたが本当の王女なら、裏切り者でもなんでもいいから、この国を救ってほしいものだ。
41	1	/ZM00.MAP	クイーンズランドパレスは取り壊されてカダール軍によって塔がたてられているらしいよ。
41	1	/ZM00.MAP	↑俺達の文化を踏みにじる行為だ！許せん！！　　　　　　　　　　　　　（リューシャ）
41	1	/JG00.MAP	７人委員会ごときヘボまった連中は、この俺様がケチョンケチョンにしてやるのだ～ゼー！
41	1	/JG00.MAP	この上は必ず帰っていただいて、わたくしのお説教をぜがひでも聞いていただきますわよ！
41	1	/JG00.MAP	アスカが最初から強かったかどうかはともかくとして、みんな、無事で、良かった・・・。
41	1	/OT00.MAP	あなた達が今みたいにリグロードにいるときは、にゃはーんと東か西に向えばヤマタイに、
41	1	/AT10.MAP	その上、アローストーンの場所をグラビティの長老が知ってるってんなら、都合がいいぜ。
41	1	/AT00.MAP	７人委員会とは別に「アレクトリア大図書館」という独立した文化行政的機関があります。
41	1	/MP00.MAP	アレクトリア図書館の自治独立権も結局は７人委員会を御することができませんでしたわ。
41	1	/MP00.MAP	たしか、このカダールには、空飛ぶ船、イクシーズが眠っていると聞いたことがあります！
41	1	/GB00.MAP	ここは、忘れられた町、グラビティ。他の場所では失われた言い伝えを今に残しています。
41	1	/GB00.MAP	あんたらの冒険の成功を祈ってる人間が、世界の片隅にいるってことを、忘れないでくれ。
41	1	/GB00.MAP	「イクシーズ構造論」にも書いたが、イクシーズには２つの鉱石が重要な働きをしておる。
41	1	/IP00.MAP	この扉にはなにか仕掛けがしてあるみたいね。どれどれ、お姉さんに見せてごらん・・・。
41	1	/NT20.MAP	けど、俺は友達をかくまっただけで、７人委員会に反対する運動なんかしちゃいないんだ。
41	1	/HL10.MAP	ってゆーか、いらっしゃいませぇ、みたいな。どういったご要件でしょうか、みたいなぁ？
41	1	/MH00.MAP	正確な場所は分からないが、ここじゃないかってうわさのある島へ運んでやるが、どうだ？
41	1	/MH00.MAP	へ、へへ、へへへ。カ、カダールのヤツらなんかに、このヤマタイでデカい顔はさせねェ。
41	1	/MH00.MAP	あんた達に、もし、ちょっとでも親切心があるなら、アケミの話を聞いてやっておくれよ。
41	1	/KD00.MAP	そこにある柱の穴になにか特別な道具をはめ込めばこの結界が消えると思うんだが・・・。
41	1	/HS10.MAP	何だか分からんが、敵の大将が大切に持ってたものだ、どこかで役にたつかもしれねぇぜ。
41	1	/GM00.MAP	いやぁ、世界も平和になったことやし、シラナミも故郷に帰ってきたらよろしいのになぁ。
41	1	/GM00.MAP	ほいでも、シラナミが狙うのんは、悪どいことやって私腹を肥している商人達なんですわ。
41	1	/GM00.MAP	ではさっそく賭けをはじめるの？それとも、説明を聞くの？ねぇ、どっちにするのかしら？
41	1	/NJ10.MAP	我が主、ガルザード様は、このヤマタイのゲテン城を活動の拠点としておいでなのですよ。
41	1	/IG00.MAP	爺ちゃんに昔話で、根無し式神がイガの東にある洞窟に眠ってるって聞いたことがあるよ。
41	1	/WR00.MAP	古代魔法文明の魔導技術の粋を集めたイクシーズがこんなところに打ち捨てられて・・・。
41	1	/WR00.MAP	カダールによって傷つけられた人達はリグロードにも、ヤマタイにも、カダールにもいる。
41	1	/WC00.MAP	ガルザードも、７人委員会の野望も、誰かが打ち砕かなければいけない危険なものなんだ。
41	1	/WC00.MAP	だが、一人で支えられないことでも、誰かと一緒になら、支えられるんじゃないだろうか？
41	1	/WC00.MAP	ミュウが世界を支えるならば、君がミュウを支えてやればいいんじゃないかね、ラスティ？
41	1	/WC00.MAP	みんな、７人委員会の野望をつぶすため、世界に平和を取り戻すため、ボクに力を貸して！
41	1	/WC00.MAP	アンジュ様も、そろそろ図書館の仕事に本腰を入れて、お父様を安心させてはどうですか？
41	1	/WAZAHELP.MSG	上空時のみ使う事が出来ます。敵や味方を捕まえられます。３ターンで自動的に放します。
41	1	/WAZAHELP.MSG	３射程内の敵の攻撃に対して反撃を行います。受けるダメージは通常の1/2となります。
41	1	/WAZAHELP.MSG	宙に浮いた状態となり、移動能力が上がります。さらに、地系の攻撃を受けなくなります。
41	1	/ITEMHELP.MSG	伝説的な金属です。鉄よりもずっと固いにもかかわらず、鉄よりずっと軽いのが特徴です。
40	1	/CT20.MAP	我らは、カオスの作り出した無の世界より新たなる秩序を作り出そうとしているのだよ。
40	1	/CT20.MAP	だが、魔法球は壊さないほうがいいだろう。万が一にもカオスの力が解放されたら困る。
40	1	/CT10.MAP	飛んでるやつにつかんでもらって、滑っていくか、地形を変えて下りていくしかないかな
40	1	/IG01.MAP	うるさいわね！とっとと、ナズナ洞に帰りなさいよ！時々は、遊びに行ってあげるわよ！
40	1	/OT01.MAP	やだねぇ、そんなにしゃちほこばらなくてもいいじゃないか、別にとって食やしないよ。
40	1	/WR10.MAP	きっと、カダールとかいう連中が、リグロード大陸東西の通行を絶つために作ったんだ！
40	1	/DG21.MAP	我が名はガルザード。魔導王国カダールより、世界を我らの前に屈伏させるために来た。
40	2	/ES10.MAP	ヒバリが幸せに暮らせるような世界を取り戻すためにも、倒さなければならないでしね。
40	2	/WS10.MAP	そうか、ここのモンスター達は、７人委員会の仕業の影響を受けて凶暴化しているんだ！
40	1	/ES00.MAP	そういえば、弟も、いつかこの水晶柱の謎を解き明かしたいと申しておったでござるな。
40	1	/RT20.MAP	真に優秀な・・・選ばれし者のみが、世界を・・・支配し、・・・構築・・・するのだ！
40	1	/RT20.MAP	ホークアイの弟ファルコを捜し出せば、イクシーズを再建することも、夢じゃないんだ！
40	1	/RT20.MAP	ホークアイの弟ファルコを捜し出せば、イクシーズを再建することも、夢じゃないのね！
40	1	/RT20.MAP	ということは、この【ゲートキー】を使えば、カオスゲートを利用できるということか。
40	1	/QH00.MAP	以来、この泉の前でくちづけを交わした恋人達は、永遠に結ばれると信じられています。
40	1	/IZ00.MAP	姫様におかれましては、この「イクシーズ構造論」を、ご一読いただきたいのでござる。
40	1	/IZ00.MAP	どうやら、運命の神様とやらは、あたしにあんた達の運搬役をさせようって腹らしいね。
40	1	/ZM00.MAP	カダールのヤツらをリグロードから追い払えるのは、ミュウ様をおいて他にいませんや。
40	1	/KR00.MAP	急な逃亡にも、コルベツアー社をよろしく。　　　　　　　　　　　（コルベツアー社）
40	1	/KR00.MAP	なぁに、もうすぐ、ドラグーンのミュウ王女が、カダールの奴らを倒してくれますって。
40	1	/KR00.MAP	ああ、こうして目をとじるだけで、ミュウ王女の美しいお姿がまぶたに浮かびますとも。
40	1	/KR00.MAP	カダール軍の侵攻で、ドラグーンとクィーンズランドはまっさきに攻撃されたんだって。
40	1	/JG00.MAP	まだ、何か、暗い気持ちが胸に残っていますが・・・たぶん、私の思いすごしでしょう。
40	1	/OT00.MAP	大地の叫びの霧は、怪しい力を持つようだぜ。どうやっても出口が見つからないからな。
40	1	/OT00.MAP	災害で大切なことは、あわてないことです。　　　　　　　　　　　（オルトマ自治会）
40	1	/AT10.MAP	この天変地異の原因が、７人委員会のカカルクラン行きと関係しているとすると・・・。
40	1	/AT00.MAP	我々の属するこの世界において、物理的な影響力を行使する、ということに他ならない。
40	1	/AT00.MAP	自ら扱えないほどの力を求めるべきでない。カオスの力は、それ自体、強い魔力を持つ。
40	1	/GB00.MAP	長老の持つカギは、このカダールのどこかにある、建て物の扉を開くためのカギだとか。
40	1	/GB00.MAP	７人委員会は、あたし達の聖なる場所、海底神殿から神宝ガルマンオーブを盗んだのよ！
40	1	/GB00.MAP	アレクトリア大図書館の地下通路には、マラカイトが隠されていると聞いたことがある。
40	1	/NT20.MAP	アレクトリア大図書館館長の娘であるこのわたくしにも、明かしてはいただけませんの？
40	1	/HL10.MAP	相手を弾き飛ばす技を、使ってくる敵がいるところではガケに近寄らない方がいいわよ。
40	1	/HL10.MAP	落っこちそうなときの足場に使えるでしょ。あと、敵を足止めするのにもつかえるわね。
40	1	/CK00.MAP	毒の霧が発生するような場所でしかとれない貴重な原料をとってきてくれて大助かりさ。
40	1	/CK00.MAP	へぇ、この村一番の腕か・・・。もし仲間になってくれたら、頼もしいんだがな・・・。
40	1	/MH00.MAP	てことは、アレだな、変身するたんびにスッポンポンってワケか・・・いひひひひひひ。
40	1	/KD00.MAP	このいまいましい結界のおかげで裏ヤマタイにあるカダールの本拠地に近づけないんだ。
40	1	/HY00.MAP	沢山の敵を一度に相手にするのは危険だ。できるだけ固まって１体づつ撃破していこう！
40	1	/KM00.MAP	おおっと。お荷物がいっぱいのようでやんす。荷物の整理をなさってからおいで下せぇ。
40	1	/KM00.MAP	人間でも、式神でも、生きているものはみんな、大切な何かを持っているもの、なのね。
40	1	/GM00.MAP	最近、地震が多いよってこんなんやったら、ゴジョウ大橋も、再建どころと違いますわ。
40	1	/GM00.MAP	イガの東にある関所を通れば、カムイコタンやホウライ山へ行くことができますねんで。
40	1	/GM00.MAP	まったく、カダールの奴らには腹が立つわ。誰か、アイツらをやっつけてくれへんかね。
40	1	/GM00.MAP	なんでも、カダールに対して反抗してる連中が力をつけるのは、気に入らんのですって。
40	1	/GM00.MAP	そやから、道具を使う時は注意せなあかん。人を幸せにするために道具は使わなあかん。
40	1	/GM00.MAP	シラナミは、悪いことやって金もうけしてるヤツから盗んで貧しい人達にあげてるんや！
40	1	/GM00.MAP	やっぱり英雄は英雄のことを知るねんなァ。リグロードの竜騎士もええとこあるやんか。
40	1	/GM00.MAP	これだけ大きな町だから、きっと、ボク達の仲間になってくれる人がいるに違いないね！
40	1	/NJ10.MAP	今回みたいなことがまたあれば、あっし達がお頭の足手まといになるってことでやすね？
40	1	/IG10.MAP	この水色のシノビ服を着た敵は【くぐつ】という技で、ステータス異常をひきおこすゼ！
40	1	/IG00.MAP	カムイコタンの族長は、そういう大自然の神々の力で、熊と鷹に変身できるんですって！
40	1	/IG00.MAP	いつまでもフラフラしておらずにいいかげん身を固めてお母上を安心させてあげなされ。
40	1	/IG00.MAP	ヤツらがやってくる前は、霊峰フジの結界洞を自由に通り抜けることができたのじゃが。
40	1	/WR00.MAP	カギがかかってるってことは、どこかにそのカギを持ってるヤツがいるってことだろう？
40	1	/WC00.MAP	御心配に及びませんわ。ポポロンのそばまでわたくしもご一緒させていただきますもの。
40	1	/WC00.MAP	アレクトリア大図書館武闘司書として、７人委員会の暴走を許すわけにはいきませんわ！
40	1	/WC00.MAP	思うに、館長はポポロンの粛正の話を知っていて、気に病んでいたのではないだろうか？
40	1	/WY00.MAP	だが、陽動にしろ救出にしろ、戦力を分断するんだ、人選を間違うと全滅しかねないぜ。
40	1	/ITEMHELP.MSG	身につけると、戦闘中に眠らされる、敵に操られる、混乱状態になることがありません。
40	1	/ITEMHELP.MSG	霊的な力で身を守り知性を高めるはたらきをもちます。女性の方のみご使用になれます。
40	1	/ITEMHELP.MSG	女性のみりょくを強調した女性専用のドレス。敵でさえも攻撃の手をゆるめるでしょう。
40	1	/KEYHELP.MAT	пi方向）　　　　　　　　　　　　　　　［１／５］　コマンドの選択を行ないます。
39	1	/GT00.MAP	ナズナとアスカが力を合わせれば、ガルザードなんか簡単にやっつけちゃうの、なの！
39	1	/TM00.MAP	しかも、長い間訪れる者とてなかですけん、ちょっち、口調が変でっしゃろぞなもし。
39	1	/TM00.MAP	なお、この迷宮内でのできごとに当方は一切の責任をもちませんのでご注意ください。
39	1	/BL00.MAP	売れるものなんか持ってないじゃないか。年寄りじゃと思って馬鹿にしおって・・・。
39	1	/CT20.MAP	万が一にも、魔法球の秘めたるカオスの力が解放されるようなことがあってはならぬ。
39	1	/CT20.MAP	坂道があるのだ～ゼー！俺様は心配ないがみんなは各個撃破に気をつけるのだ～ゼー！
39	1	/CT00.MAP	女義賊シラナミの名にかけてあたし達がうけた借りを何倍にもして返してあげるわよ。
39	1	/QH01.MAP	でも、そういう弱さを安心してさらけ出すことができるのは、キミが相手だからだよ。
39	1	/QH01.MAP	僕の心は深く傷ついちゃってるからいくら謝ってもらったってダメだよ。でも・・・。
39	1	/OT02.MAP	ガルマンオーブを取ってしまえば、イクシーズは、もう動かないんだよね、ファルコ？
39	1	/OT01.MAP	まさか、また、ヤマタイからゲンユウサイが攻めてきたとかいうんじゃないだろうな。
39	1	/RS01.MAP	なんだい、なんだい、ケガをしても、助けてあげないからね！ミュウの、怒りんぼ～！
39	1	/WS00.MAP	なんか、ザコがチョロチョロしてんなぁ。こんなの相手じゃ、準備にもなりゃしねぇ。
39	1	/RT20.MAP	しかし、７人委員会と名乗る連中によって、幽玄の森の結界は解かれてしまいました。
39	1	/RT20.MAP	ホークアイの弟ファルコを捜し出せば、イクシーズを再建することも、夢じゃないね！
39	1	/RT20.MAP	ホークアイの弟ファルコを捜し出せば、イクシーズを再建することも、夢じゃねえゼ！
39	1	/RT20.MAP	こっちの【ゲートキー】は、ガルザードが持っていたものと同じものみたい、なのね。
39	1	/RT20.MAP	こっちの【ゲートキー】は、ガルザードが持っていたものと同じもののようだ～ゼー！
39	1	/RT20.MAP	ということは、この【ゲートキー】を使えば、カオスゲートを利用できるのだ～ゼー！
39	1	/ZM00.MAP	ぐっとあおるだけで、後はなにも憶えちゃいないが、なぁに、気にするこたあないよ。
39	1	/IS10.MAP	して、姫におかれましては、何ゆえ、そのような名前を御存知なのでござりまするか？
39	1	/IS00.MAP	彼は、宝の番人としての役割のためだけに長い年月をここで暮らしたのでござったな。
39	1	/KR00.MAP	幽玄の森に封じられていた次元の扉をとおって、カカルクランに向ったと聞いてるよ。
39	1	/KR00.MAP	コルベツアー社では、さっそく、英雄達の足跡を訪ねるツアーを計画中らしいですよ。
39	1	/JG00.MAP	７人委員会が、次元の扉を開いたために、カオスの力が、カカルクランから流れ込み、
39	1	/JG00.MAP	ナズナは人形じゃないの、なの！アスカが望むなら、人間にだってなっちゃうのなの！
39	1	/JG00.MAP	いいよ。あたし達の間に、決着がつくまで、アスカを追いかけ回すから。ね、ナズナ。
39	1	/OT00.MAP	あっしは、ディアーネ船長からミュウ王女様達の世話をよろしくって言われてるんで。
39	1	/AT20.MAP	この色、この反射、この質量と感触！！まったくイクシーズで見たのと同じでしてよ！
39	1	/AT00.MAP	ヤマタイのゲテン城で、ガルザードが動作させた不思議な仕掛けに巻き込まれました。
39	1	/AT00.MAP	だが、アーヤの言葉の後半は、ゴボゴボという音になって、のどの奥にひっかかった。
39	1	/AT00.MAP	私によって流された血はあまりにも多く、この世界に生きていることなど許されない。
39	1	/MP00.MAP	敵の中には、とんでもない防御力を誇るが、魔法にはてんで弱いのもいるって話だよ。
39	1	/MP00.MAP	これからは、平和な国を作っていかなきゃ、ぎせいになった人達に申し訳ないわよね。
39	1	/KS00.MAP	こういう時は、近くの村か町で、昔話に詳しい老人から話を聞けばよろしいのですわ。
39	1	/KS00.MAP	その前に、グラビティの人達の話を詳しく聞いてみれば、何かわかるかもしれねぇな。
39	1	/KS00.MAP	もう一度、グラビティの人達の話を詳しく聞いてみれば、何かわかるかもしれねぇな。
39	1	/GB00.MAP	死の砂漠の先にあるイシスのピラミッドには、ものすごい宝が眠ってるってハナシだ。
39	1	/GB00.MAP	しかし、７人委員会によって聖なる神殿は暴かれ、元々の魔法球は奪われてしまった。
39	1	/GB00.MAP	伝承によれば、熱き死の砂をふみしめて行くべし、大いなる宝が眠りたる城に向けて。
39	1	/GB00.MAP	おお、皆さん！我らの至宝、光なす翼、イクシーズ号は、その後どうなりましたかな？
39	1	/CK00.MAP	こんな場所じゃ、旅人もめったに来ないから、盗賊の稼ぎじゃ、生活できねぇもんな。
39	1	/CK00.MAP	火薬をつかって鉄の弾をうちだす砲という武器の製造と操作の技術を持っているんだ。
39	1	/CK00.MAP	お礼といってはなんだけど、代々我が村に伝わる技の奥義書をもらってくれるかしら？
39	1	/OB00.MAP	かくなる上は、昔のことじゃ、水に流してやるによって、わらわのことも許すのじゃ。
39	1	/OB00.MAP	確か、第１次リグロード戦役で、ゲンユウサイの配下にいた女魔将じゃなかったかな？
39	1	/MH00.MAP	港の船頭の中に、金山があるって言われてる場所まで運んでくれるのがいるハズだよ。
39	1	/MH00.MAP	昔の盗賊だかなんだかが隠したって財宝が眠ってるって伝説のある場所を知ってるか？
39	1	/MH00.MAP	ボヨヨンのババンバーンって感じらしいゼ。くぅ～、いっぺん会ってみたいもんだね。
39	1	/KD00.MAP	一人一人の兵士はそれほど強くなくても、強い将がいれば軍団として強さを発揮する。
39	1	/HY00.MAP	時間を無駄にできないが、みんなを確実に助けだすためにも装備を固めに村へ戻ろう。
39	1	/KM00.MAP	ゴジョウの南におぼろ谷があり、おぼろ谷を越えればクリカラという村があるらしい。
39	1	/GM00.MAP	イガ最強のシノビ集団として知られる月組がカダールの奴らに捕まったらしいですわ。
39	1	/GM00.MAP	えらいこちゃ、えらいこっちゃって、みんな言うてるけど、何がえらいことなんやろ？
39	1	/GM00.MAP	ゲームそのものは、トランプのポーカーよ。高い手であがるほど、配当は高くなるわ。
39	1	/GM00.MAP	ワレ、ゼニが足らんやんけ。こっちも商売や。ゼニ持ってないんやったら帰ってんか。
39	1	/GM00.MAP	あんた方に怨みはあらしませんけど、カダール軍から手配書が回ってきてますのんや。
39	1	/NJ10.MAP	つまり、これがあれば結界洞の結界を破ってゲテン城へ行くことができるんじゃない！
39	1	/IG00.MAP	このぬれぎぬを晴らすには、忍者屋敷を直接叩き、部下を助けだすしかないですじゃ。
39	1	/IG00.MAP	西の関所を越えると、ゴジョウの町、ホウショウ院方面へ、行くことができますじゃ。
39	1	/IG00.MAP	おや、お金が足りないようだねぇ。こっちも商売だからね。悪く思わないでおくれよ。
39	1	/NZ00.MAP	戦闘に関していえば心強い味方だが、式神ってのは、一筋縄でいかない性格らしいぜ。
39	1	/WK00.MAP	ぬわんとっ、俺様をメンバーから外すとは、分かってないにもほどがあるのだ～ゼー！
39	1	/WY00.MAP	ここでこうしていてもはじまらねぇゼ。ましてや死んだ人間が生き返るわけでもねぇ。
39	1	/WAZAHELP.MSG	数本の矢をばらばらに撃ちます。このため攻撃力はありますが、命中率の低い技です。
39	1	/WAZAHELP.MSG	地面をもり上げて、地形を変化させます。変化した地形は４ターンでもとに戻ります。
39	1	/WAZAHELP.MSG	地面を掘り下げて、地形を変化させます。変化した地形は４ターンでもとに戻ります。
39	1	/ITEMHELP.MSG	足につけるアイテムです。動きづらくなりますが、素早さを成長させる事ができます。
39	1	/ITEMHELP.MSG	月光のごとく澄んだ色をした刃を持った刀で、身につけると命中率が少し上昇します。
39	1	/ITEMHELP.MSG	ルーンと呼ばれる特殊な言語がきざまれた矢を用いる弓です。霊的な効果を発します。
39	1	/ITEMHELP.MSG	タオの導師が集中力を高めるために使ったものです。女性の方のみご使用になれます。
39	1	/ITEMHELP.MSG	魔法使いのための帽子です。魔法に対する術者の集中力を高めるはたらきがあります。
39	1	/ITEMHELP.MSG	知性を高めるはたらきをもつ帽子ですが、魔法使いの方以外にはお使いになれません。
39	1	/ITEMHELP.MSG	魔法使いの方のみがご使用になれる帽子ですが、格段に知性を高める効果があります。
39	1	/ITEMHELP.MSG	高級なシルクを使用した手袋は、知性の力を使用者に与えてくれます。女性専用です。
39	1	/ITEMHELP.MSG	高貴な上品さと知性を感じさせる女性専用の手袋。知性と霊的な力を与えてくれます。
39	1	/KEYHELP.MAT	（キャンセル）　　　　　　　　　　　　［３／７］　システムメニューに入ります。
39	1	/KEYHELP.MAT	（決定）　　　　　　　　　　　　　　　［２／５］　コマンドの決定を行ないます。
38	1	/GT00.MAP	どのみち、こいつらを全部倒さないことには、ゲテン城を取り戻すことはできねぇ。
38	1	/FIR1.MAP	ミュウ！キング！特殊魔法の「アースモール」で、敵の隣の地形を盛り上げるんだ！
38	1	/CT20.MAP	魔法球は壊さない方がよろしいでしょうね。カオスの力が解放されたら困りますわ。
38	1	/QH01.MAP	ごめんね。ボクは、自分の不安やイライラを、ラスティにぶつけてまぎらわしてた。
38	1	/OT02.MAP	仰せの通りでござる。海に浮かべて船にするぐらいしか、使い道はござらん・・・。
38	1	/OT01.MAP	そういうことなら、あたいに任せときな！タダでヤマタイまでのせていってやるよ！
38	1	/ZM01.MAP	そのドラグーン城から東に行くとラスティ様の祖国、クイーンズランド国でしてよ。
38	1	/ZM01.MAP	こうして姫様のお顔を拝見いたしておりますと、また一段とお美しくなられた様子。
38	2	/ES10.MAP	あいかわらずここのモンスター達は、カオスの力の影響を受けてるみたいだ・・・。
38	2	/ES10.MAP	７人委員会は倒したのに、ここにいる怪物達はカオスの力の影響を受けてるみたい。
38	1	/RT20.MAP	今も、７人委員会が、次元の扉にかけられた封印を解こうとしているのを感じます。
38	1	/RT20.MAP	ということは、この【ゲートキー】を使えば、カオスゲートを利用できるってこと？
38	1	/RT20.MAP	ということは、この【ゲートキー】を使えば、カオスゲートを利用できるのでしね。
38	1	/IZ00.MAP	申し訳ござらんが、拙者に時間を下され。長くはかからぬよう全力を尽くしまする。
38	1	/IZ00.MAP	私も、必死に抵抗を試みたのですが、力及ばず、彼らに扉を開かれてしまいました。
38	1	/IZ00.MAP	一刻も早く、あなたがたに７人委員会を止めてもらわないと大変なことになります。
38	1	/ZM00.MAP	いやぁ、私共も、そのような立派なお方に国をお任せでき、心から喜んでおります。
38	1	/ZM00.MAP	こ、こ、これは一体どうしたことでしょう。世界は、へ、へ、平和になったんじゃ？
38	1	/ZM00.MAP	まさか、カダールの連中にコビを売って、王位につこうってんじゃないでしょうね？
38	1	/ZM00.MAP	↑ミュウ王女のファンクラブを作ろう！　　　　　　　　　　　　　（リューシャ）
38	1	/DG10.MAP	分かちがたい運命と友情によって結び付いた人々を統べるのは難しいことじゃない。
38	1	/KR00.MAP	今は、カダール軍による統制が厳しくて、自由にご旅行いただくことはできません。
38	1	/OT00.MAP	平和になったことだし、また帰ってきて、前みたいに店を開いてくれるんでしょう？
38	1	/AT20.MAP	この俺様の天才的眼力が、イクシーズで見たのと同じものを感じとったのだ～ゼー。
38	1	/AT20.MAP	じゃあ、この天変地異は、７人委員会達の魂がカオスの力で起こしたってことか？！
38	1	/AT00.MAP	カダールでは、その独特の発展を見せた文化風土から、知識を何よりも重んじます。
38	1	/AT00.MAP	一般に古代魔法文明と呼ばれるこの文明は、現在我々が使うことのできる神秘の力、
38	1	/AT00.MAP	忘れられた都グラビティの沖合い海底に古代魔法文明の遺物である船が沈んでいる。
38	1	/AT00.MAP	私の中にかくれていたドス黒い欲望が、カオスの力の研究で表面化したにすぎない。
38	1	/MP00.MAP	リグロードやヤマタイより、カダールの方が文明的には進んでいるのではないかね？
38	1	/MP00.MAP	「明るく楽しいレジスタンス活動にあなたも参加してみませんか？」・・・だって。
38	1	/MP00.MAP	指導者に権力を与える時は、それをコントロールする方法を、必ず用意するべきだ。
38	1	/MP00.MAP	アレクトリア大図書館でなら、きっとイクシーズについて、何かわかるはずですわ！
38	1	/KS00.MAP	・・・でも、ガルマンオーブがなければ、イクシーズを復活させることはできない。
38	1	/KS00.MAP	その前に、グラビティの人達の話を詳しく聞いてみれば、何かわかるかもしれんな。
38	1	/KS00.MAP	その前に、グラビティの人達の話を詳しく聞いてみれば、何かわかるかも、なのね！
38	1	/GB00.MAP	イクシーズ号を使って、世界に平和をもたらした勇者達と、話ができるとは感激だ。
38	1	/GB00.MAP	たとえば、ゴースト系のモンスターには、並みの武器や攻撃で倒すことは出来ない。
38	1	/IP00.MAP	どれどれ、どういう仕組みになってんのか、ちょっと、お姉さんに見せてごらん～。
38	1	/IP00.MAP	この扉には、何か仕掛けがありますぞ。どこかにこの扉を動かすしくみがござろう。
38	1	/NT30.MAP	このゲートキーは、魔法の転移装置カオスゲートを作動させるための道具なのです。
38	1	/NT20.MAP	我らの目的は、より良い時代の到来をより優秀な者の手できずくことにあるのです。
38	1	/HL10.MAP	レジスタンスに加わったアレクトリア大図書館の者は、すぐにでも処分するべきだ！
38	1	/HL10.MAP	技を融合する奥義について書かれた書物が、どこかの宝箱に眠っているらしいわよ。
38	1	/OB00.MAP	この先にクリカラって村があるらしいが、みたところ橋もなにもないようだ・・・。
38	1	/MH00.MAP	ちょっと待ってくれ、カダールってのは、船で何ケ月もかかるところにあるんだろ？
38	1	/MH00.MAP	・・・ヤマタイにいるってのにカダールに肩入れしたのはマズかったよなァ・・・。
38	1	/MH00.MAP	どこかにわたしをここから連れ出してくれる素敵な王子様はいないのかしら・・・。
38	1	/KD00.MAP	あ、もしかして、ここには【八坂の勾玉】がぴったりはまるようになってるんじゃ？
38	1	/HY00.MAP	でも、今は、カダール軍に人質にされたカムイコタンの人々を助けるのが先決だよ。
38	1	/HY00.MAP	このホウライ山は、滑落しやすい場所だから、もう一回、危険な場所を説明しよう。
38	1	/KM00.MAP	人が生きて行く上で大切にしなければならないことは、誇りを失わないことなんだ。
38	1	/KM00.MAP	イニシエは、砲術という恐ろしく攻撃力の強い攻撃方法を操ることができるらしい。
38	1	/KM00.MAP	ああ、私から悲しみが無くなり、心の底から笑える日がくるのはいつなのだろうか？
38	1	/GM00.MAP	なんでも、カダールに対して反抗してる連中が力をつけるのは、気に入らんねんて。
38	1	/GM00.MAP	防御技の［カウンター］は、その射程内から攻撃された時に反撃をする技やねんで。
38	1	/GM00.MAP	誰か知らんけど、カダールの連中をやっつけてくれたおかげで、平和になったんや。
38	1	/GM00.MAP	なんでもシラナミは、リグロードからやってきた竜騎士の仲間になったらしいねん。
38	1	/NJ10.MAP	仰せのとおり、あっし達は闇に潜んでイガを守りながらお帰りをお待ちいたしやす。
38	1	/NJ00.MAP	最初に話したことだが、忍者屋敷のカラクリについて、もう一度説明しておこうか？
38	1	/IG10.MAP	元々はシノビの砦だったんだが、カダールに奪われ、今は奴等の根城になっている。
38	1	/IG00.MAP	ふらふら出歩いておらんで、大地に根をおろして、自分の人生を生きてはどうじゃ。
38	1	/IG00.MAP	いたずらするとよく母ちゃんに、ゲンユウサイに連れてかれるよ、って言われるよ。
38	1	/IG00.MAP	しかし、おぼろ谷では、おかしな女山賊が出て、旅人の行く手を阻むそうですじゃ。
38	1	/NZ10.MAP	俺様の素晴らしくよく強まった感覚が隠されていたアイテムを発見したのだ～ゼー！
38	1	/NZ10.MAP	そんな時、リグロード戦役で悪者ゲンユウサイと戦った式神がいたって聞いたのね。
38	1	/WK00.MAP	荒ぶる熊の神よ！猛る鷹の神よ！故郷ヤマタイの神々よ！我らが成果をご照覧あれ！
38	1	/WK00.MAP	遠からん者は音に聞けい！近くに寄って目にも見よ！我ら、ついに巨悪を倒したり！
38	1	/WK00.MAP	カオスの力によってわたくし達の世界にまで影響をおよぼしてきたのですわ・・・。
38	1	/WC00.MAP	では、わたくし、ここでいったん失礼して、仲間達に事の次第を報告して来ますわ。
38	1	/WC00.MAP	ドリームラビリンスの入口は一切の侵入者をこばむかのように固く閉ざされている。
38	1	/WY00.MAP	カムイコタンに派遣した兵士が帰ってこないっていうんで、相当カリカリしてたよ。
38	1	/WY00.MAP	カムイコタンに派遣した兵士が帰ってこないっていうんで、相当カリカリ来てたぜ。
38	1	/WY00.MAP	ヤマタイにオレ達の先祖が移り住む前から存在する人々を原ヤマタイ人というのさ。
38	1	/WAZAHELP.MSG	本から巨大な鎌が出現し、攻撃とともに呪いをかけ1/16の確率で死亡させます。
38	1	/ITEMHELP.MSG	魔法をお使いになる方の能力を引き出すために、ガーラン糸でおりこんだ帽子です。
38	1	/KEYHELP.MAT	（水平視点切替）　　　　　　　　　　　［６／７］　ワールドでは使用しません。
37	3	/TJ72.MAP	ＡチームとＢチームに別れた奴等の闘いで、どちらのチームが勝つか賭けるのさ。
37	1	/TM00.MAP	ばってん、この迷宮協会で登録ばせんと、試練の迷宮に入ることはできんとです。
37	1	/CT20.MAP	魔法球は壊さないほうがいいの、なの。カオスの力が解放されたら困るのなのね。
37	1	/CT20.MAP	きっと、壊さないほうがいいでしね、カオスの力が解放されたら困るでしからね。
37	1	/OT02.MAP	古代魔法文明の貴重な研究をもっと深めたいのでござる。どうか、どうか・・・。
37	1	/OT01.MAP	リグロード大陸を北からまわる航海をしたある船乗りが、航行中に煙を見たって。
37	1	/ZM01.MAP	姫様がここにいらっしゃるってことは、大したことじゃないって決まってまさァ。
37	1	/ZM01.MAP	この地に何が起こっても、竜騎士団は、わたくし達を守っていただけますわよね？
37	1	/ZM01.MAP	金が足りないようだ。いくら王女が相手でも、こちとら商売なんでな、すまんね。
37	1	/DG21.MAP	よい返事だ。ミュウ。クィーンズランドのラスティ王子もよく聞いておきなさい。
37	1	/ES01.MAP	あのルゥナという妖精が、みんながここに戻ってくると、教えてくれたのですわ！
37	2	/ES10.MAP	アレクトリア大図書館武闘司書の名にかけて彼らを許すわけにはまいりませんわ。
37	1	/WS10.MAP	カオスの力の波動が強くなったせいか、モンスターも随分凶暴になってるみたい。
37	2	/WS10.MAP	すると、ここの怪物共が凶暴化している原因は、どうやら、奴らにありそうだな。
37	1	/MK00.MAP	肉体なき今、魂もまた滅ぶ必要がある。でなければ、世界は・・・救われんのだ！
37	1	/RT20.MAP	余計な疑問を・・・持ったりしなければ・・・、知らずに済んだだろうに・・・。
37	1	/RT20.MAP	こっちの【ゲートキー】は、ガルザードが持っていたものと同じものみたいだね。
37	1	/RT20.MAP	ということは、この【ゲートキー】を使えば、カオスゲートを利用できるのかな？
37	1	/RT20.MAP	こっちの【ゲートキー】は、ガルザードが持っていたものと同じもののようだな。
37	1	/RT20.MAP	こっちの【ゲートキー】は、ガルザードが持っていたものと同じもののようでし。
37	1	/QH00.MAP	世界には平和が戻ったし、伝説の剣のことなんてどうでもよくなっちゃいました。
37	1	/IZ00.MAP	いいかげんにするのはアスカの方よ！一体、あたしとナズナとどっちを選ぶわけ？
37	1	/IZ00.MAP	されば、カダールのアレクトリア大図書館に行かれるようお願い申し上げまする。
37	1	/IZ00.MAP	申し上げにくいのでござるが、イクシーズ復活には、もう一品必要なのでござる。
37	1	/ZM00.MAP	強力な軍隊を持っているクィーンズランドやドラグーンを最初に占領したんでさ。
37	1	/ZM00.MAP	なんでも、カダールの支配者７人委員会がこのリグロードに来てるらしいですぜ。
37	1	/ZM00.MAP	ウチのバカ亭主が言うには、ミュウ様がドラグーンに戻ってらっしゃらないのは、
37	1	/ZM00.MAP	我流だけに、その太刀スジを見切ることは不可能、なんていわれてるらしいです。
37	1	/IS10.MAP	どうやら、古代魔法文明の秘密をさぐり、あわよくば、魔法球ガルマンオーブが、
37	1	/KR00.MAP	コルベツアー社は１００年の伝統と格式を誇る、リグロード随一の旅行社ですよ。
37	1	/JG00.MAP	アンジュしゃん・・・、あの・・・、俺っチの村でしばらく休んだらどうでしか？
37	1	/OT00.MAP	いつのまにか大地の叫びの霧も晴れて、通ることができるようになったらしいな。
37	1	/AT00.MAP	そんなハッキリ言わなくてもいいだろう？わざと、その単語を使わなかったんだ。
37	1	/AT00.MAP	それより、もう少し時間を置いて、お互いの頭が冷えるまで待ったほうがいいね。
37	1	/AT00.MAP	私は、図書館の館長に就任し、カカルクランとカオスの力の謎の解明に没頭した。
37	1	/AT00.MAP	もう一人の私は、悪という言葉のもつ意味をそのまま形にしたような人物だった。
37	1	/GB00.MAP	ケガをしている者がいなければ、神聖魔法を使えないと考え違いしておらんかな？
37	1	/GB00.MAP	彼らはリグロードに赴き、古代魔法文明の力を使い大粛正を行おうとしています。
37	1	/GB00.MAP	かのアレクトリア大図書館の地下通路には、マラカイトが隠されているとも聞く。
37	1	/IP00.MAP	どこかに開けるための仕掛けがあるだ～ゼー！あたりを注意深く探すのだ～ゼー！
37	1	/IP00.MAP	私には分からないが、シラナミなら、この扉を開ける方法が分かるかもしれない。
37	1	/NT30.MAP	７人委員会に反抗するレジスタンスやそれを支援する愚かな人々を粛正するのも、
37	1	/NT30.MAP	許さないぞ、ガルザード！お前達は自分たちの力を使うことに酔っているだけだ！
37	1	/NT30.MAP	７人委員会はリグロードで、全人類を大粛正する最終段階に入るでしょう・・・。
37	1	/HL10.MAP	７人委員会の皆様の統治には何の不満もないね。ああ、これっぽっちもないとも。
37	1	/HL00.MAP	この人数では動きそうにありませんわ。これ以上やっても、時間の無駄でしてよ。
37	2	/CK00.MAP	金が足りないようだね。こっちも商売だからな。また金がたまったら来ておくれ。
37	1	/CK00.MAP	本当は、お兄ちゃんが、しばらく仕事場にこもっちゃうから一人でつまらないの。
37	2	/MH00.MAP	おやまぁ、そんなに持てないじゃろう？荷物が軽くなったら、またおいでなされ。
37	1	/MH00.MAP	だから、ゲンユウサイのような悪党でも、武力だけで統一することができるのさ。
37	1	/MH00.MAP	それがあるおかげで、カダールの連中は、兵士を簡単に素早く補給できるんだと。
37	1	/MH00.MAP	それか、北か南に向かうんやったら、カダールへたどりつくっちゅうこっちゃな。
37	1	/KD00.MAP	あ、もしかして、ここには【天邪の鏡】がぴったりはまるようになってるんじゃ？
37	1	/KD00.MAP	あ、もしかして、ここには【蓬莱の珠】がぴったりはまるようになってるんじゃ？
37	1	/SK00.MAP	子供たちは、ここの首領にとらわれています。今は、無事なのかも分かりません。
37	1	/KM10.MAP	話からすると、村人の安全のために、女子供を差し出してるってことみたいだよ。
37	1	/KM00.MAP	そうやって何回か、人質を要求されるうち、村から女子供がいなくなっていった。
37	1	/KM00.MAP	そうか、私は何を迷っていたのだろう！私の体の中に眠る獣の本能が叫んでいる！
37	1	/KM00.MAP	男の子達ったら、てんでだらしないのね。これぐらいのことでおおさわぎしてさ。
37	1	/KZ00.MAP	金てのは、ものすごく沢山の鉱石の中に、ほんの少しだけ入ってるものなんだぜ。
37	1	/KZ00.MAP	シノビってのは、もともと、鉄鉱石を精製して武器を製造する技術者だったんだ。
37	1	/KZ00.MAP	貴重な鉄や鉱脈、そして技術者達を守るためにあみだされたのが忍術ってわけさ。
37	1	/GH00.MAP	武力だけでこの地位についたと思うなよ！！ホウショウ院に閉じ込めてくれるわ！
37	1	/HS10.MAP	無駄な戦いは、さけるつもりだったけど、そういうわけにはいかないみたいだね。
37	1	/HS10.MAP	それを頭の中に入れておけば、遠距離からの弓攻撃も、それほど怖くないだろう。
37	1	/GM00.MAP	いつかは、シラナミみたいな、弱きを助け強きをくじく人間になりたいんですわ。
37	1	/GM00.MAP	防御が完全になってこそ、迷いのない攻撃を繰り出せる、そない言う人もいてる。
37	1	/GM00.MAP	ここだけの話やで、うち、実は、アスカのお嫁さんを目指して花嫁修行中やねん。
37	1	/GM00.MAP	だが、もう一度、こんなことをしてみろ、その時は、カンオケに叩きこんでやる！
37	1	/GM00.MAP	たしかに立派ではあるが、やはり自分が慣れ親しんだ場所が、一番落ちつけるな。
37	1	/IG10.MAP	我らの仲間になると一言いうだけで、お前の仲間達を助けることができるのだぞ！
37	1	/IG00.MAP	大自然には神々や精霊が満ちている、そんな当り前のことを知らないとは・・・。
37	1	/IG00.MAP	ゴジョウで話題の女義賊シラナミは、カダールを相手に仕事をしてるらしいわよ。
37	1	/IG00.MAP	今じゃ、そのゲテン城も、カダールの連中に乗っ取られちまったって、聞いてる。
37	1	/IG00.MAP	ムサシ様といえば、イガの里の英雄さ！たしか、アスカ兄ちゃんのご先祖様だよ。
37	1	/IG00.MAP	ようやく平和になったと思ったのに、これじゃあ、おちおち寝てもいられないよ。
37	1	/IG00.MAP	東の関所を越えると、カムイコタン、ホウライ山方面へ行くことができますじゃ。
37	1	/IG00.MAP	お兄ぃちゃん。無事に帰ってきてね！　　　　　　　　　　　　　　　（ヨモギ）
37	1	/IG00.MAP	はなしは聞いたわよ、アスカならきっと、世界を救ってくれるって信じてたもの。
37	1	/WR00.MAP	［］近くに町があるっていうのに、何も調べないなんて、そんなの自殺行為だよ！
37	1	/WR00.MAP	アスカ達の言うことも、もっともだ。ミュウ、仲間の命を危険にさらすつもりか？
37	1	/WR00.MAP	でも、今は、お父様とお城に仕える人達がカダールに監禁されているんだ・・・。
37	1	/WR00.MAP	だが、ここにラグロスがいるってことに間違いはねぇ・・・どうする、ラスティ？
37	1	/WR00.MAP	一体どうしたってんだ、ミュウのやつ。とってつけたみたいに明るくふるまって。
37	1	/WR00.MAP	私達で、世界を回って、不安な材料がないかどうか、確かめてみてはどうだろう？
37	1	/WC00.MAP	世界の平和なんてそんな大層なモン、背おいたくて背おうバカがどこにいるのよ！
37	1	/WC00.MAP	しかし、こうして自由になった今、俺様はまさに世界最強の魔導士なのだ～ゼー！
37	1	/WY00.MAP	オレを信じ、命を預けてくれた部下達が、ここでカダールにとらわれているんだ。
37	1	/WY00.MAP	カムイコタンの人々は、その原ヤマタイ人の血を引いていると言われているんだ。
37	1	/WY00.MAP	イガの里で、カダール軍に囲まれていたシノビの男の子のことが、気になるんだ。
37	1	/WAZAHELP.MSG	魔法に対する防御壁を作ります。魔法の命中率を下げ、魔法効果を減少させます。
37	1	/WAZAHELP.MSG	竜でさえ酩酊すると云われるほどの強力なお酒です。敵に投げつけてみましょう。
37	1	/ITEMHELP.MSG	腕につけるアイテムです。動きづらくなりますが腕力を成長させる事ができます。
37	1	/ITEMHELP.MSG	この弓から打ち出された矢は、ときとして相手に眠りをもたらすことがあります。
37	1	/ITEMHELP.MSG	かつてこの地にて、旅なかばに命をおとした名もなき戦士のかぶとと思われます。
36	1	/FIR0.MAP	俺様の特殊魔法「アースモール」でも敵を下に落とすことができるのだ～ゼー！
36	1	/TM00.MAP	ああ、ヨソの人っちゃわかるばってん、お客さんら言葉になまりがあるけんね。
36	1	/BL00.MAP	帰ってこれなくなっても当方では責任を持てません。　　　　　バトラム自警団
36	1	/CT20.MAP	でしたら、それを破壊することは、カオスの力を解き放つことになりましてよ？
36	1	/CT00.MAP	拙者いろいろな国をまわったでござるが、このような姿の敵は初めてでござる。
36	1	/QH01.MAP	でも、一段落ついたら、必ず迎えにいくよ。クィーンズランドの王妃としてね。
36	1	/IG01.MAP	その女が嫌いになったら、いつでも、ナズナのこと、迎えに来てね、なのなの！
36	1	/WR10.MAP	ありがとう・・・。まずはオルトマに行ってヤマタイ行きの船に乗らなくちゃ。
36	1	/DG21.MAP	我が名はラグロス。カダールの崇高なる計画のため、この地を、もらいうける。
36	2	/ES01.MAP	この水晶は、カカルクランとこの世の力のバランスを取る役目を持っています。
36	2	/ES10.MAP	７人委員会は倒したというのに、ここの怪物共の凶暴化はおさまる様子がない。
36	2	/ES10.MAP	７人委員会は倒したの、なのに、どうして怪物達は大人しくならないの、なの？
36	1	/WS00.MAP	７人委員会が次元の扉破ったせいで、手強そうな怪物がうじゃうじゃいやがる。
36	1	/RT20.MAP	カオスの力を制御する方法がない以上世界が破滅するとでも言いたいのだろう？
36	1	/RT20.MAP	古代魔法文明に関する知識を・・・我々はアレクトリア大図書館から得ていた。
36	1	/RT20.MAP	こっちの【ゲートキー】は、ガルザードが持っていたものと同じものみたいだ。
36	1	/RT20.MAP	ってぇことは、この【ゲートキー】を使えば、カオスゲートを利用できるのか。
36	1	/RT20.MAP	こっちの【ゲートキー】は、ガルザードが持っていたものと同じものみたいね。
36	1	/RT20.MAP	こっちの【ゲートキー】は、ガルザードが持っていたものと同じもののようだ。
36	1	/RT20.MAP	ということは、この【ゲートキー】を使えば、カオスゲートを利用できるのね。
36	1	/QH00.MAP	カダールの奴ら、クィーンズランドの伝統と歴史を踏みにじりやがって・・・。
36	1	/QH00.MAP	ちょっと聞いたかい、カダールの連中を倒したのは、ラスティ王子達らしいよ。
36	1	/QH00.MAP	こんなに美しい世界を滅ぼそうなどとどうして思う人がいるのでしょう・・・。
36	1	/QH00.MAP	カダールをやっつけたなんていうから、どれだけ成長したのか見たいんですよ。
36	1	/QH00.MAP	まぁ、出来の悪い子ほどかわいくて、国民はなんだかんだと王子に言いますが、
36	1	/QH00.MAP	現在、この町はカダール軍の支配下にある。連絡あるまで、外出は慎むように！
36	1	/IZ00.MAP	あたし・・・もうだめみたい・・・。お願い、あたしのこと、抱きしめていて。
36	1	/IZ00.MAP	ガルマンオーブが不安定になり、本来の威力を発揮できなくなったのでござる。
36	1	/IZ00.MAP	よし、じゃあ、オルトマに行って、サモサまで乗せていってくれる人を捜そう。
36	1	/IZ00.MAP	あたしは、あんた達が必要な時に備えて、宿命って奴が用意した渡し船なのさ。
36	1	/ZM00.MAP	こうなったら、一刻も早くカダール軍を追い出しておムコ様を見つけなきゃね！
36	1	/ZM00.MAP	クィーンズランドとドラグーンを結ぶ街道が跡形もなく吹き飛ばされています！
36	1	/ZM00.MAP	うちは一家そろってミュウ様のことを応援してますから、がんばって下さいね。
36	1	/ZM00.MAP	売れるものなんか持ってないじゃないか。年寄りじゃと思って馬鹿にしおって。
36	1	/IS00.MAP	ふぅん、これが宝の番人ダイガンか。ムサシ爺っちゃんの仲間だったんだよな。
36	1	/KR00.MAP	なんでも古代魔法文明なんかを研究してる魔導士や学者を集めてるって話だよ。
36	1	/KR00.MAP	例の新婚旅行の件でございますが、まだ、その御予定はないのでございますか？
36	1	/KR00.MAP	まったく、とんでもない相手にとんでもないこと言っちゃったみたいね・・・。
36	1	/KR00.MAP	この村は本当に何もない村だけど、ここの住民はみんな気のいい奴等ばかりさ。
36	1	/KR00.MAP	この村の南には、古代遺跡があって、アーサー王の戦ったリグロード戦役では、
36	1	/KR00.MAP	クィーンズハートは、今やカダールのラグロスによって、占領されているのよ。
36	1	/KR00.MAP	賢者の親類のとなりに住む人の息子と友人だったというのが自慢だったんですが
36	1	/KR00.MAP	先のリグロード戦役の後、雲海の賢者と呼ばれたウィスコ様が姿を消したのは、
36	1	/JG00.MAP	そ、そんなことをしたら、この世界には、２度と戻ってこれないんじゃないの？
36	1	/OT00.MAP	ここからドラグーン城へ向かう途中になんだか大きなものが落ちてるらしいぜ。
36	1	/AT20.MAP	足元が沈んで、こけそうになった、なの！なんで、こんなものがあるの、なの？
36	1	/AT20.MAP	もしかすると、７人委員会が引き起こした天変地異のせいかもしれんが・・・。
36	1	/AT10.MAP	この本は「イクシーズ構造論１」って書いてあるから、捜せば２が見つかるよ！
36	1	/AT00.MAP	お前のような小娘には、何もできんということを、身を持って思い知るがいい。
36	1	/AT00.MAP	カダールにおける政治的な中心機関として、７人委員会は活動を行っています。
36	1	/AT00.MAP	ある日、いつものように研究をしていて、ふと、気付くと数時間が過ぎていた。
36	1	/MP00.MAP	悲しい事件だったけど、いつまでも悲しんでいるだけじゃ、進歩がないからね。
36	1	/MP00.MAP	今こそ市民の力で政治をきれいに！　　　　　　　　　　　（ポポロン自治会）
36	1	/MP00.MAP	明るく楽しいレジスタンス活動にあなたも参加してみませんか？・・・だとさ。
36	1	/MP00.MAP	まさか、７人委員会が復活したとか・・・。そ、そんなことあるわけないよな。
36	1	/MP00.MAP	カダールにおいて７人委員会による支配を受けない唯一の独立した機関ですわ。
36	1	/GB00.MAP	危ないドレスって聞いたことある？この広い世界の何処かにあるって聞いたわ。
36	1	/GB00.MAP	壁まで貫通する技は、ほとんど魔法の技だ。物理的な技では、不可能なんだよ。
36	1	/IP10.MAP	でも、文献で伝えられているガルマンオーブとあの物質の特徴は一致してます。
36	1	/IP00.MAP	この扉には何か仕掛けがしてあるの、なの。でも、何かは分からないのなのね。
36	1	/NT30.MAP	ミュウ、ガルザードが持っていた、ゲートキーは、完全に破壊されてるんだぜ。
36	1	/NT20.MAP	リグロードやヤマタイを侵略した口実としては、ずいぶんお粗末じゃないか！？
36	1	/NT20.MAP	わたくし、アレクトリア大図書館で、武闘司書官を務めるアンジュと申します。
36	1	/KK00.MAP	一番奥の部屋に火薬が置いてあって、それに引火するとドカンと爆発するでし。
36	1	/CK00.MAP	お兄ちゃんに、もしものことがあったら、わたし、一人ぼっちになっちゃうよ！
36	1	/CK00.MAP	子供は、むじゃきでいいわよねぇ、イニシエとか秘義とか言って喜んじゃって。
36	1	/CK00.MAP	木でできた彫像には、何か書かれている。「砲術の里、クリカラへようこそ！」
36	1	/OB00.MAP	へへーんだ、お前の母ちゃん出ベソ～ぞよ！負けても悔しくなんかないぞよ～。
36	1	/OB00.MAP	ミュウ、戦いを前に熱くなるのはいいが、少し冷静になって、戦場を見てみろ。
36	1	/MH00.MAP	うわさじゃあ、雲つくほどの大男で、８本の腕と６つの牙を持ってるらしいぜ。
36	1	/MH00.MAP	うん、ガルザードが作動させた魔法の装置に踏み込んで、消えてしまったんだ。
36	1	/MH00.MAP	おっと、それ以上は言わなくてもわかるよ、ミュウを助けに行こうってんだろ？
36	1	/MH00.MAP	天然の良港と具合のいい潮流のおかげで、様々な国からの船で賑わっているよ。
36	1	/MH00.MAP	そんだけのウデの持主ってコトは、きっと、雲つくような大男達なんだろうな。
36	1	/MH00.MAP	カダールの連中はリグロードの竜騎士に負けたっていうし、平和が何よりだぜ。
36	1	/MH00.MAP	あの人は、リグロードにいるのよ。どこにいるのかは、分からないけど・・・。
36	1	/MH00.MAP	今、このヒガタにいるらしいんだけど、今度はどこに旅をするんだろう・・・。
36	1	/MH00.MAP	あと、あんたらがリグロードにおるとして、海を東か西に向かえばヤマタイに、
36	1	/GT20.MAP	惚れた女が行方知れずだってのに、いつまでもそうやってウジウジしてんのさ！
36	1	/GT10.MAP	ドラグーン城以来ですな、ミュウ王女。わざわざおいで願えたことを感謝する。
36	1	/GT10.MAP	長生きしたきゃ、狼と犬の違いぐらい、見分けられるようにしたほうがいいぜ！
36	1	/KM10.MAP	今までも、沢山の女や子供が、人質となって村を守るため、星陵郭に行ったわ。
36	1	/KM00.MAP	ところで、爺が若いころうわさで聞いた闘乱という隠された町を知っとるかね？
36	1	/KM00.MAP	村のために良かれと思って従ってきたが、俺達は本当に正しかったのだろうか？
36	1	/KM00.MAP	なぜ俺がこんなに詳しいかというと、実は、友人に旅の商人がいるからなのだ。
36	1	/KM00.MAP	カムイコタンの荒神の怒りを感じる。大いなる悪が世界をけがそうとしている！
36	1	/KZ00.MAP	みたいだな。堀り尽くしちまったのか、あるいは、別の理由があるのか・・・。
36	1	/HS10.MAP	だがこんな堅い金属を加工できるような施設があるかどうか、それが問題だな。
36	1	/HS00.MAP	くそっ！　くそっ！！　くそっ！！！オレとしたことが、このザマぁなんだ！！
36	1	/GM00.MAP	そやけど、イガ最強言うだけあって、自分の手でぬれぎぬ晴らしましてんやて！
36	1	/GM00.MAP	技を融合する奥義について書かれた巻き物が、どこかの宝箱に眠ってんねんて。
36	1	/GM00.MAP	もしかすると、複数の怪物でホウショウ院を仕切ってんのと違うやろか・・・。
36	1	/GM00.MAP	最近シラナミが仕事してはりませんの。どっか、ヨソに行ってしもたんやろか。
36	1	/GM00.MAP	あら、コインを持っていないようね。両替してちょうだい、お・ね・が・い・☆
36	1	/IG10.MAP	・・・で、そのドラグーン王家の姫様とクィーンズランドの王子様が何の用だ？
36	1	/IG00.MAP	こうしていると、カダールの侵略があったなんて、夢だったみたいに思えるわ。
36	1	/IG00.MAP	そのカムイコタンって村には人間から獣に変身する種族が住んでいるんだって。
36	1	/IG00.MAP	でも、修羅の激しさを持っているから、ときどき、とんでもなく無茶をするの。
36	1	/IG00.MAP	皆さんもアスカ様とともに英雄として、末永く語り継がれていくことでしょう。
36	1	/NZ10.MAP	ちょっと、ちょっと、ちょっと！な～に、とっちらかったこと言ってるのヨっ！
36	1	/NZ00.MAP	昔から、根無し式神が眠る場所ってのは、怪物達の大量発生場所でもあるのさ。
36	2	/WR02.MAP	７人委員会をおっかけてはきたものの、奴らがどこにいるかは分からねぇんだ。
36	2	/WR02.MAP	ディアーネさんが操縦してくれたら少なくともきちんと着陸出来そうだもんね。
36	1	/WK00.MAP	この水晶柱は、リグロード大陸の西の森と東の森にあったものに良く似ている。
36	1	/WR00.MAP	アスカの言うことも、もっともだ。ミュウ、仲間の命を危険にさらすつもりか？
36	1	/WR00.MAP	自分の手を汚さずに、敵対者を排除するために、幻を見せる霧を使うでござる。
36	1	/WR00.MAP	まず、オルトマへ行き、【真実の指輪】を手に入れることこそ先決でござろう。
36	1	/WR00.MAP	そういえば、カダールによって古代遺跡に学者が集められていると聞き申した。
36	1	/WC00.MAP	とりあえず、７人委員会の塔で得た情報をポポロンの同志に伝えて参りますわ。
36	1	/WC00.MAP	ミュウは自分の気持ちを押し殺して、沢山の人達の平和のために戦うと思うよ。
36	1	/WC00.MAP	ここがアレクトリア大図書館ですわ。すでに脱獄の話は父上に届いているはず。
36	1	/WC00.MAP	館長の様子がおかしくなり、次にカダールの兵隊が現れ、館長がいなくなった。
36	1	/WY00.MAP	結界洞さ。そう呼ばれるようになったのはカダールの奴等が来てからだけどな。
36	1	/WY00.MAP	ミュウ・・・、なんだか、どんどん人里から離れてる気がするんだけど・・・。
36	1	/WAZAHELP.MSG	アイテムを投げつけて敵を攻撃します。ダメージ量は投げるもので決まります。
36	1	/WAZAHELP.MSG	いくつもの分身とともに熊が跳ね回ります。あまり有効な攻撃ではありません。
36	1	/WAZAHELP.MSG	死んでしまった仲間の魂を呼び戻して生き返らせられる、生き返りの魔法です。
36	1	/ITEMHELP.MSG	暗黒の力がもつ者の行動力を下げますが、斬れ味のするどさは見すごせません。
36	1	/ITEMHELP.MSG	格闘技における奥義について書かれた本です。装備すると防御力が上がります。
36	1	/ITEMHELP.MSG	レバーを引いて矢を打ち出す変わった弓です。ふつうの弓より威力があります。
36	1	/ITEMHELP.MSG	この弓からはなたれた矢を受けた者は、射手にその心をうばわれてしまいます。
36	1	/ITEMHELP.MSG	女性の方専用の毛糸を編み上げた手袋です。防具としては頼りなさを感じます。
35	3	/TJ01.MAP	そのかわり、言うたらナンですけど、へたしたら命を落とすかもしれまへん。
35	1	/CT20.MAP	我らの作り出した新しき世界の住人達にはそう、呼ばれるかもしれないがね。
35	1	/CT20.MAP	でなきゃ、オレ達のやってきたことは無駄ってことになっちまうじゃねぇか！
35	1	/CT10.MAP	肉親同士憎しみあう、我らのような子供をこれ以上増やしてはならないのだ。
35	1	/CT00.MAP	妹のヒバリ、クリカラのイニシエ達、皆の平和を乱すものは、許さないでし！
35	1	/QH01.MAP	だから、ごめんって言ってるじゃない！もぅ！どう言えば、許してくれるの？
35	1	/OT02.MAP	そうと決まれば、これからの航海について、みんなで話しあおうじゃないか！
35	1	/KM01.MAP	ミュウ・・・いい顔になったな。私と初めてあったころとは、別人のようだ。
35	1	/IG01.MAP	なにをすっとぼけたこと言ってんの！あたしの魅力は、年とともに増すのよ！
35	1	/AT01.MAP	あなたの村で、しばらくの間砲術の研究をさせていただいても、よろしくて？
35	1	/OT01.MAP	武器屋と防具屋を経営している鷹人はホークアイって名前の気のいい男だよ。
35	1	/OT01.MAP	前はときどき遊びにきてたみたいだが、そういえば、最近姿をみせないなァ。
35	1	/ZM01.MAP	いっぺん、竜騎士の訓練を見たいっスよ。かっこいいんでしょうねェ・・・。
35	1	/ZM01.MAP	それは、ミュウ様のことを好きだからこそついかまってみたくなるんですよ。
35	1	/ZM01.MAP	おっと、からかっちゃいけねぇぜ、姫様。売れるものを持ってねぇようだが。
35	1	/DG21.MAP	兄者・・・いえ、ガルザード様と違って、魔法力があり余っておりますれば。
35	1	/NT31.MAP	そなたを我らの牙となす。兵馬を率いて我らカダールの名を世にしらしめよ！
35	2	/ES01.MAP	どうやら、この水晶がリグロードとカカルクランを結んでいるようでしてよ。
35	1	/ES01.MAP	ルゥナに、カカルクランに行った皆が、ここに戻ってくるって教わったんだ。
35	2	/ES01.MAP	この危急存亡の折も折、皆さんのお役に立てず、拙者、断腸の思いでござる。
35	2	/ES10.MAP	あいかわらずここの怪物共は、カオスの力の影響を受けてやがるみたいだゼ。
35	2	/ES10.MAP	７人委員会を倒したら、ここの怪物達も大人しくなると思っていたのでしが。
35	2	/ES10.MAP	俺様がギャフンと言わせてやるのだ～ゼー！天才は一人で十分なのだ～ゼー！
35	1	/WS01.MAP	ルゥナにカカルクランに行った皆が、ここに戻ってくるって聞いたんだでな。
35	1	/WS01.MAP	ルゥナに、カカルクランに行った皆が、ここに戻ってくるって教わったのさ。
35	2	/WS10.MAP	む、俺様のビューティホでワンダホーな肉体が美しく映る様の邪魔だ～ゼー！
35	1	/MK00.MAP	・・・アンジュ・・・止めてくれ！この思念体は世界を滅ぼそうとしている！
35	1	/WS00.MAP	こいつのことを聞かせてやったら、きっと、妹が大喜びするだろうな・・・。
35	1	/QH00.MAP	金が足りないようですけどォ？値引こうったって、そうはいきませんからね！
35	1	/QH00.MAP	もったいつけてないで、さっさと帰ってきて、王位を継いでくれないかねぇ。
35	1	/QH00.MAP	ラグロスの塔に行くためには、町はずれの橋を渡っていく以外に道はないよ。
35	1	/IZ00.MAP	幽玄の森にかけられけたる封印をば開封せし時、その強大な魔法力によって、
35	1	/IZ00.MAP	でも、どうやって、カダールのアレクトリア大図書館に行けばいいんだろぅ。
35	1	/IZ00.MAP	そこをくぐれば、カダールやヤマタイに瞬く間に飛び行くことができまする。
35	1	/ZM00.MAP	ミュウ王女以外に考えられないって、町の者みんなで噂してたところでして。
35	1	/ZM00.MAP	ミュウ王女は、血筋をさかのぼれば、救国の英雄エヴァン様に行きつくお方。
35	1	/KR00.MAP	おっと、その前に、まずは、お名前からうかがってよろしゅうございますか？
35	1	/KR00.MAP	自らの命で次元の扉に封印をしたためではないか、ってことだったが・・・。
35	1	/OT00.MAP	しかし、ウワサでは、クィーンズハートはカダールの占領下にあるって話だ。
35	1	/OT00.MAP	それが、なんだか調子がおかしくなって、そのまま墜落しちゃたんだ・・・。
35	1	/AT20.MAP	敵が途中の岸にもいるということは、渡る手だてがないってわけじゃないな。
35	1	/AT00.MAP	軍事や司法などを取り計らう事ができ、国内に大きな影響力を持っています。
35	1	/AT00.MAP	しかし、これはあくまで国民の皆様のより良い生活を守るためのものであり、
35	1	/AT00.MAP	アレクトリア大図書館を管理しているのが武闘司書と呼ばれる強者達である。
35	1	/AT00.MAP	グラビティ長老著「グラビティ長老語録、もしもイクシーズで空を飛べたら」
35	1	/AT00.MAP	男の体に電流が走り、絶叫とともにまばゆい光に包まれ、そして、蒸発した。
35	1	/AT00.MAP	ついに、私は、カオスの力を得るために、カダールの軍隊を各地に派遣した。
35	1	/MP00.MAP	アレクトリア大図書館の司書は、特殊な武闘法を身につけているんだってな。
35	1	/KS00.MAP	ふぅむ・・・祭壇のようにも見えるが、そうと限ったワケでもないか・・・。
35	1	/KS00.MAP	ここにガルマンオーブがあれば、イクシーズが復活すると分かるのだ～ゼー！
35	1	/GB00.MAP	商売としちゃ、何もない時の方がいいんだがそうも言ってられないか・・・。
35	1	/GB00.MAP	我らにはしかと分からねど、汝らならばきっとその場所を捜しだすであろう。
35	1	/GB00.MAP	形あるものはいつか壊れるもの・・・。壊れたものは修理すればよいのじゃ。
35	1	/IP10.MAP	オレとしちゃ、ガルマンオーブの守護者との戦いの方が興味深かったけどな。
35	1	/SB00.MAP	ただ、この砂漠をこえることが困難なため、実際目にした者は少ないのです。
35	1	/NT30.MAP	７人委員会こそ、古代魔法文明以上の知識と技術を持つにふさわしいのです。
35	1	/NT20.MAP	・・・お互い、不快な事態に至らぬよう、明日の朝までおとなしく願いたい。
35	1	/NT20.MAP	偉大なる計画のためには、多少のギセイはつきものだと、歴史にはあります。
35	1	/NT20.MAP	わたくし、この暗くて冷たい牢の中で自分のしたことを反省いたしましたわ。
35	1	/NT20.MAP	やはり、思った通りでしたわ。ついに、７人委員会の尻尾を掴みましたわよ！
35	1	/NT20.MAP	もっとも、父・・・いえ館長は、７人委員会に頭があがらないようですけど。
35	1	/NT20.MAP	その利用にある、と知った以上、いつまでもこんな場所に用はありませんわ。
35	1	/NT00.MAP	［ガルザード］小娘２人が逃げ出したところで、計画全体に影響はあるまい。
35	1	/HL10.MAP	それもこれもドラグーンの竜騎士のおかげとか、ありがたいことじゃないか。
35	1	/HL00.MAP	動かないってわけじゃないんだろうけど・・・。この人数じゃ無理みたいだ。
35	1	/CK00.MAP	火薬の事故に、注意しましょう。　　　　　　　　　　　（クリカラ自治会）
35	1	/OB00.MAP	でも、今は、この仕掛けに関して、打つべき手があるわけじゃないし・・・。
35	1	/MH00.MAP	カダールの奴等がいなくなってようやくリグロードとの交易が再開したんだ。
35	1	/MH00.MAP	カダールをやっつけてくれた連中には言葉じゃいえないくらい感謝してるよ。
35	1	/MH00.MAP	おかげで港から兵士がいなくなって、あたしは船を取り戻すことができたよ！
35	1	/MH00.MAP	霊峰フジに張られた結界を破ったのは、ゲテン城に殴り込んだ連中らしいゼ。
35	1	/MH00.MAP	港にいけば、隠し金山らしきところへ連れてってくれるって船頭がいるわよ。
35	1	/MH00.MAP	オルトマに戻るんだね。じゃあ、さっさと出発するよ！さぁ、乗った乗った！
35	1	/GT20.MAP	７人委員会とかいうやつらとガルザードが何を企んでるのかも分からないし。
35	1	/KD00.MAP	どこかで、それらしい品物を手に入れてから、もう一度試してみるか・・・。
35	1	/KD00.MAP	どこかで、それらしい品物を手に入れてから、もう一度試してみるの、なの。
35	1	/KD00.MAP	どこかで、それらしい品物を手に入れてから、もう一度試してみるべきだな。
35	1	/HY00.MAP	ナズナは飛べるから平気だけど、ここから足を滑らせたりしたら大変なのね！
35	1	/HY00.MAP	ま、ここを通って、敵を一掃しないと、助けた村人達も安心できないからな。
35	1	/KM10.MAP	こうして、あなたの腕に抱かれていると少しも痛みなんか感じないわ・・・。
35	1	/KM10.MAP	あなたを助けるって、約束したはずです。ボク、約束を破る人は、嫌いです。
35	1	/KM00.MAP	もちろん抗戦を主張する者もいたが、私は村を守るために人質を差し出した。
35	1	/KM00.MAP	生意気言うつもりじゃなかったんだけど、もしあなたに何かあったら・・・。
35	1	/KM00.MAP	やはり、【ヒヒイロカネ】でなければ、あの名刀を作り出すことはできない。
35	1	/KM00.MAP	あんた達の持っている、そいつは・・・、【ヒヒイロカネ】じゃないのか！？
35	1	/HS10.MAP	全部揃ったら、結界洞の封印を解いて、ゲテン城に乗り込むことができるぜ。
35	1	/HS00.MAP	こんなところにおしこめられてっ！これじゃ、まるでカゴの鳥じゃねぇかっ！
35	1	/HS00.MAP	さて、問題は、どうやって、ここから逃げ出すかってことなんだけど・・・。
35	1	/HS00.MAP	まてよ・・・オレが小さいころ、そういう呼び方をしてた奴が、確か・・・。
35	1	/HS00.MAP	ちょっと、静かにしててくれる？カギ開けは、音と指先の感覚が重要なのよ。
35	1	/GM00.MAP	ところが、そこに、リグロードからきた竜騎士が助力に入ったらしいですわ。
35	1	/GM00.MAP	あいつらの本拠地は結界洞の向こう、裏ヤマタイ側にあるゲテン城って話や。
35	1	/GM00.MAP	それを、まぁ、カダールの奴ら、よりにもよって軍の駐留所に使ってんねん。
35	1	/GM00.MAP	技は、修行を積むことで、技量が高うなって新しい技を身につけられるんえ。
35	1	/GM00.MAP	ただ、奥義書いうもんがあれば、かなりの手間を省けるかも知れんまへんえ。
35	1	/GM00.MAP	技の［休息］、［瞑想］で、体力や魔法力を回復させることができるねんで。
35	1	/GM00.MAP	防御の［身構える］は、弾き飛ばされる技から身を守るのに使うとええねん。
35	1	/GM00.MAP	どこかに闘乱たら言う町があって、そこには試練の迷宮があるらしいおすえ。
35	1	/GM00.MAP	強力な技を使ってくる敵と戦う場合には、これを利用した方がええんちゃう。
35	1	/NJ10.MAP	だが、オレの記憶に間違いなければ、全部で３つの穴が開いていたはずだぜ？
35	1	/NJ10.MAP	大丈夫、超絶可愛いナズナがいるんだから、浮気なんてできませんの、なの。
35	1	/NJ00.MAP	オレが裏切り者って呼ばれる話は、アンタが気に病むようなことじゃないぜ。
35	1	/NJ00.MAP	悪いことするのが生きがいってことかナ？そんなことして何が面白いんだろ？
35	1	/NJ00.MAP	うーん、壁をじっと見つめたりして、一体ボクは何をしようとしてたんだろ？
35	1	/IG00.MAP	そのことなら、ドラグーンの竜騎士と飛ぶ鳥のアスカによって解決されたよ。
35	1	/IG00.MAP	この世には、技と技を組み合わせて、新たな技を創り出す奥義があると聞く。
35	1	/IG00.MAP	カムイコタンっていう村が、このイガから東の関所を越えた先にあるんだよ。
35	1	/IG00.MAP	カムイコタンの住人だからって、誰にでもできるってワケじゃないんだがね。
35	1	/IG00.MAP	若いのに、しっかり者で、月組の結束は、他のどのシノビ達よりも固いのよ。
35	1	/IG00.MAP	天災は忘れたころにやってくる。　　　　　　　　　　　　（星組オウヤチ）
35	1	/IG00.MAP	大きなタコに乗って空を飛べたらなぁって、考えてるんだけど、無理かなぁ？
35	1	/NZ10.MAP	それにしても、氷づけになってるみたいだけど、アスカ、何か方法はあるの？
35	1	/NZ10.MAP	友達として出会った二人は、いつしかお互いに激しく惹かれあうようになる。
35	2	/WR02.MAP	これは【アローストーン】って言って、イクシーズの修理に必要な物なんだ。
35	1	/WY02.MAP	本当なら、ヤマタイをぐるっと回ってヒガタって港町に着けりゃいいんだが、
35	1	/WY02.MAP	さぁ、グズグズはしてられないわ。イガの里でアスカって人を捜さなくちゃ。
35	1	/WR00.MAP	この際だから、言わせてもらうけど、不幸なのは君だけじゃないよ、ミュウ。
35	1	/WR00.MAP	それを正すのも、アレクトリア大図書館武闘司書のつとめというものですわ。
35	1	/WR00.MAP	今はまだ何もできないけど７人委員会を倒してぜったい、元通りにするんだ。
35	1	/WR00.MAP	そんな・・・何か方法はないの！？アスカ、シノビの術でどうにかできない？
35	1	/WR00.MAP	忠告する前に入っていってしまわれたので、あわてて後を追ったでござるよ。
35	1	/WR00.MAP	だったら、カギをもってるヤツを見つけてそれからにすればいいじゃねぇか。
35	1	/WR00.MAP	どちらにしろ、ここで議論を続けている方がよっぽど、時間の無駄使いだよ！
35	1	/WC00.MAP	まさか命の恩人のわたくしをこんなところで放ったらかしにしませんわよね？
35	1	/WC00.MAP	ま、その誰かってのが、オレ達であったとしても、文句は出ねぇだろうしな。
35	1	/WC00.MAP	最近の例ですと、雲海の賢者ウィスコが、伝説の魔導士と言われていました。
35	1	/WC00.MAP	ここはアレクトリア大図書館である！関係者以外が立ち入ることはできない。
35	1	/WC00.MAP	イクシーズが発進した時の衝撃で海底神殿への入口はふさがってしまったね。
35	1	/WY00.MAP	悪いが、お金も物も私にはない。だから、君と共に戦うことで、礼としたい。
35	1	/WY00.MAP	じゃあ、救出する隊は２人として、残りはおとりとして正面から乗り込もう。
35	1	/WY00.MAP	だが、カダール軍は、部下を人質にとったまま、頭領だけを無傷で解放した。
35	1	/WY00.MAP	ボク達は、これからゲテン城に乗り込んで、ガルザードと決着をつけるんだ。
35	1	/WY00.MAP	あんたが勝ったら、カダール軍も、こんな港町の制圧どころじゃなくなるね。
35	1	/WAZAHELP.MSG	敵を飛び越えながら、下に爆発をおこし、その衝撃波で広範囲を攻撃します。
35	1	/WAZAHELP.MSG	口から敵を死に至らしめるブレスをふきつけ、1/8の確率で死亡させます。
35	1	/WAZAHELP.MSG	味方一人の行動力が上がり、これにより通常の１．５倍の行動力を持ちます。
35	1	/ITEMHELP.MSG	飢え苦しんだ人々の魂が形になった物。持っている人に不幸をもたらします。
35	1	/ITEMHELP.MSG	風の精霊がやどる腕輪です。身につけると敵からのダメージをやわらげます。
35	1	/ITEMHELP.MSG	神聖な光を刀身からはなつ刀です。所有者に幸運をもたらすとも言われます。
35	1	/ITEMHELP.MSG	この弓から打ち出される矢は、時として敵を一撃でしとめる効果を発します。
35	1	/ITEMHELP.MSG	防具としての効果は高い盾ですが、同時に邪悪な気もやどっているようです。
34	1	/GT00.MAP	こういう時は個別に集中攻撃されないようにしないと被害がでかくなるぜ。
34	1	/TM00.MAP	まんだなら、ちょう、やってみんしゃい。青春のメモリーってヤツっしょ。
34	1	/CT20.MAP	じゃあ、せめて、この魔法球とかいうの壊していった方がいいんじゃない？
34	1	/CT20.MAP	では、魔法球は、このままにして、元の世界に戻ることにいたしましょう！
34	1	/CT10.MAP	こんなところで、ボクは負けない！たくさんの人達に笑顔を取り戻すんだ！
34	1	/CT10.MAP	死してなお、残るものがあるとすれば、それがもつ力に気をつけよ・・・。
34	1	/CT10.MAP	その声は、ガルザードにラグロスなのね？！お前達、生きていたのなの？！
34	1	/CT10.MAP	その声は・・・忘れもしない・・・、ガルザードにラグロスなのだ～ゼー！
34	1	/CT10.MAP	あいつらを倒していくしかないのだ～ゼー。みんなついてくるのだ～ゼー。
34	1	/CT00.MAP	カダールに住む者として、また、アレクトリア大図書館武闘司書官として、
34	1	/NZ11.MAP	・・・さて、またしばらく、封印の中で新しいご主人様を待つの、なのね！
34	1	/NZ11.MAP	アスカの子孫が、起こしにきたりしたら、運命を感じてしまうの、なのね！
34	1	/AT01.MAP	さようなら、みなさんと旅をしたことは、わたくし、決して忘れませんわ！
34	1	/ZM01.MAP	あんまり真にせまっておりましたので、今でも胸がドキドキいたしますわ。
34	1	/ZM01.MAP	おっと、そんなこわい顔なさらないで。ちょっとからかってみただけです。
34	1	/ZM01.MAP	おやめになるのですね、ミュウ様。では、ほかに何かご用はございますか？
34	1	/ZM01.MAP	ありがとうございました、ミュウ様。またのご利用をお待ちしております。
34	1	/WR10.MAP	ミュウ、国境を越える前に、ザルマの町に寄ってこの先の様子を探ったら？
34	2	/ES01.MAP	砲の手入れは終っているでし！。今度は俺っチも連れて行ってほしいでし。
34	1	/WS01.MAP	ルゥナにカカルクランに行った皆が、ここに戻ってくるって教わったんだ。
34	2	/WS10.MAP	ったく、７人委員会の奴らめ、どこまで人に迷惑かけりゃ、気が済むんだ。
34	1	/RT20.MAP	私としたことが不覚をとったものよ。だが、これで勝ったと思わぬことだ。
34	1	/RT20.MAP	しかし、古代魔法文明に関する知識は、ほとんど失われているはずですわ。
34	1	/RT20.MAP	じゃあ、この「ゲートキー」を使えば、カオスゲートを利用できるのかな？
34	1	/QH00.MAP	クィーンズランドパレスが改造されて、ラグロスの塔にされたって話だぜ。
34	1	/QH00.MAP	あんた達がラグロスを倒したんだって！？いやぁ、若いのに大したもんだ！
34	1	/QH00.MAP	ラスティ王子、聞きましたよ！カダールの連中をギャフンと言わせたとか！
34	1	/QH00.MAP	ラスティ王子もカダールの連中を倒したんだから、もったいつけてないで、
34	1	/QH00.MAP	という気持ちで、目下のところ、鋭くしかし深く静かに探っているのです。
34	1	/IZ00.MAP	この場ではっきりさせるワケにもいかないだろうが・・・辛いな、アスカ。
34	1	/IZ00.MAP	そりゃあ、大切な人達を守るためだ。それとこれとどう関係があるんだよ。
34	1	/IZ00.MAP	拙者、兄上が剣を振り回しておる間、学術にはげんでおったのでござるぞ！
34	1	/IZ00.MAP	拙者も、ディアーネ殿も、姫様の戦いにはお供つかまつることは叶わぬ身。
34	1	/ZM00.MAP	カダールの奴らをぶちのめして、リグロード大陸に平和を復活させるのは、
34	1	/ZM00.MAP	噂じゃ、クィーンズランドも、ここと同じくらいひどい状況らしいですぜ。
34	1	/ZM00.MAP	いいかげんに冒険の旅なんかやめて、この国にかえってきちゃどうですか。
34	1	/ZM00.MAP	なんといっても、ドラグーンは、ミュウ様の生まれたところなんですから。
34	1	/ZM00.MAP	あら、あらあらあらあらあらあらあらあら、ミュウ様じゃございませんか。
34	1	/DG10.MAP	なに、ドラグーン兵士たるもの、これしきのことでは、へこたれませんぞ。
34	1	/IS00.MAP	それとも、人間でない者には、心がないとの中傷は本当なのでござろうか。
34	1	/KR00.MAP	ミュウ様のお言葉通り、誠心誠意、仕事を勤めさせていただいております。
34	1	/KR00.MAP	そこでガルマンオーブって魔法のアイテムを手に入れたと伝えられてるよ。
34	1	/KR00.MAP	なんでも、魔法力は、同じカダールの将軍ガルザードより強力なんだって。
34	1	/JG10.MAP	ここを渡るには、私が獣変化で鷹に変身して皆を運んだほうがいいようだ。
34	1	/JG00.MAP	７人委員会は、カカルクランに眠るカオスの力を解放しようとしています。
34	1	/JG00.MAP	わたくしが居残らなければならないなんて、まったくもって不本意ですわ。
34	1	/AT00.MAP	それが、７人委員会の言いなりでは、先人に対して申し訳がたちませんわ！
34	1	/AT00.MAP	アレクトリア大図書館の館長のイスも、お前以外の誰かが座ることになる！
34	1	/AT00.MAP	君だって、そう遠くない将来に、アスカと同じ状況になるんじゃないかね？
34	1	/AT00.MAP	館長室には大切な書類も沢山ありますのに鍵がかかってないなんて・・・。
34	1	/AT00.MAP	ただし、必要でない物には、できるだけ触らないようにして下さいませね？
34	1	/AT00.MAP	この７人委員会の権限は絶大で、他国での元首に相当する権限を持ちます。
34	1	/AT00.MAP	海底神殿に安置されている聖なる台座は、沈んでいる船の起動装置である。
34	1	/AT00.MAP	なぜなら古代魔法文明の遺産である魔法球が必要だと思われるからである。
34	1	/AT00.MAP	だが、アーヤは、くちびるの端を少し押し上げ、声もなくニヤリと笑った。
34	1	/AT00.MAP	男が耳障りな笑い声をたててのけぞると、暗黒のローブのフードがはだけ、
34	1	/AT00.MAP	アーヤはくちびるの端をわずかに持ち上げて、狼じみた犬歯をのぞかせた。
34	1	/AT00.MAP	だが、次第に、自分の中にもう一人の自分の存在を発見することになった。
34	1	/AT00.MAP	どうか、２度と私のような過ちを犯すことがないように人々を導いてくれ。
34	1	/MP00.MAP	噂では、レジスタンスとその協力者の一斉摘発が行われるという話ですよ。
34	1	/MP00.MAP	身代わりの符は、死にそうになったら身代わりになってくれるらしいです。
34	1	/MP00.MAP	アレクトリア大図書館には古代魔法文明に関する文献が多数ありましてよ！
34	1	/KS00.MAP	祭壇か何かのように見えるが、何のための物なのか、さっぱり分からんな。
34	1	/KS00.MAP	その前に、グラビティの人達の話を詳しく聞いてみれば、何かわかるかも！
34	1	/GB00.MAP	何でもよく知っているからね。私もいろいろ相談に乗ってもらっているよ。
34	1	/GB00.MAP	スモールを有効に利用したければ、攻撃力の強い奴を目標にするといいよ。
34	1	/GB00.MAP	こいつは珍しい！セントールじゃないか！もう絶滅したのかと思ってたよ。
34	1	/GB00.MAP	今じゃ、怪物たちが巣食っていてとてもじゃないが、奥まで入れないのだ。
34	1	/GB00.MAP	ノスフェラトゥスの予言にあるように、大魔王が天から降りてきたのか！？
34	1	/GB00.MAP	しかし、耐性のある攻撃を加えても、大したダメージは与えられないのさ。
34	1	/GB00.MAP	そのどちらが欠けても、イクシーズを正常に動かすことはできないんだよ。
34	1	/GB00.MAP	７人委員会を止めるためには、どうしてもイクシーズの力が必要なんです。
34	1	/GB00.MAP	ガルマンオーブが眠る場所のカギとして代々伝わる、このカギを与えよう。
34	1	/GB00.MAP	これはリグロードの東北に浮かぶ小さな島サモサ島に隠されておると聞く。
34	1	/GB00.MAP	明らかに、この天変地異は何者かによって引き起こされたもののようじゃ。
34	1	/DL00.MAP	なんとっ、体が動くのだ～ゼー！誰だか知らないけど助かったのだ～ゼー！
34	1	/IP10.MAP	あなたには、偉大なる先達の苦労に敬意と驚愕を持つことがないのですか！
34	1	/IP00.MAP	そう遠くないところに、この扉を開けるためのなにかがありそうですわね。
34	1	/IP00.MAP	もうさっきみたいな失敗はしない．．．みんな、気を引き締めていこう！！
34	1	/NT30.MAP	７人委員会は何を企んでるんだ！古代魔法文明で何をしようって言うんだ！
34	1	/NT30.MAP	ならばどのみち、リグロードに行くには港町ポポロンを経由するしかない。
34	1	/NT20.MAP	古代魔法文明に関する文献の中に、何か得たい情報があるのですわ・・・。
34	1	/NT20.MAP	・・・そういった、余計な好奇心は、おのが身を滅ぼす原因となりますよ。
34	1	/NT20.MAP	それで、さっきから話に出ているアレクトリア大図書館って、一体何なの？
34	1	/NT00.MAP	［ガルザード］７人委員会の意思と、魔法球の力は絶対なのだから・・・。
34	1	/HL10.MAP	７人委員会は明らかに暴走しているよ。誰か、奴等を止めてくれないかな。
34	1	/HL10.MAP	アレクトリア大図書館の館長の娘が、７人委員会に盾突いているらしいな。
34	1	/HL10.MAP	これまでは、７人委員会のせいで言いたいことも言えない時代だったのよ。
34	1	/HL00.MAP	おお、枯木が倒れて橋になった。これで、むこうにわたることができるぞ。
34	1	/HL00.MAP	こっちは７人委員会の塔の裏口だ。ボク達が目指すのは、ハイランドだよ。
34	1	/HL00.MAP	この先は、目指す場所と違うようでしね。ハイランドへの出口を探すでし。
34	1	/CK00.MAP	災害から自分達の村を守ろう！　　　　　　　　　　　（クリカラ自治会）
34	1	/CK00.MAP	カダールとかなんとかいう軍団が、俺達の技術を提供しろと言ってきてる。
34	1	/CK00.MAP	そいつを運んでおかないと万が一の時に、大変なことになるんじゃないか！
34	1	/CK00.MAP	あるいは、この村の人間以外の者が関与してる可能性もあるんじゃないか？
34	1	/OB00.MAP	ど、どうして、アスカは怒られないのに、僕ばっかりこんな目に会うのさ？
34	1	/MH00.MAP	と、言っても、これもすでにヤマタイを救った連中が解決したって話だよ。
34	1	/MH00.MAP	隠し金山のウワサがひろがってるが、俺だったら、そんな話は信じないね。
34	1	/MH00.MAP	カダール軍はどうやら負けたらしいぜ。悪者の天下は長く続かねぇっての。
34	1	/MH00.MAP	自分で勝ちとったわけじゃないから、まだ平和の実感がわかないんだよね。
34	1	/MH00.MAP	ディアーネって船長を知ってるかしら？女だてらに、腕ききの船長なのよ。
34	1	/GT20.MAP	その時までには、もう少し手ごわくなっていていただけると嬉しいですな。
34	1	/GT20.MAP	くそっ、一体どうなってやがるんだ！ミュウはどこに連れていかれたんだ？
34	1	/GT10.MAP	私を倒したところで、７人委員会様の計画には、何の支障もないのですよ。
34	1	/GT10.MAP	ドラグーン城以来ですな、ミュウ王女。おいで願えたことに感謝しますよ。
34	1	/KD00.MAP	どこかで、それらしい品物を手に入れてから、もう一度試してみるでしね。
34	1	/KD00.MAP	カダールの連中が、この洞窟に結界を張るため、わざわざ作ったものでな。
34	1	/SK00.MAP	よぉし、それじゃあ始めようか。皆、陽動が目的だってこと忘れないでよ！
34	1	/HY00.MAP	いったん村に戻って、装備を整えたほうが、生き残る可能性も増えるよね。
34	1	/KM00.MAP	カムイ、私のことは心配しないで。離れていても、気持ちは変らないから。
34	1	/KM00.MAP	奴らは、この村の北、ホウライ山の頂上にある星陵郭を占領しているんだ。
34	1	/KM00.MAP	だが、そのかわり、星陵郭に女や子供を人質として差し出せと言ってきた。
34	1	/KM00.MAP	そのクリカラの村には、イニシエと呼ばれる技術者達が住んでいると聞く。
34	1	/KM00.MAP	最近の地震で、大ケガをし、それがもとで死んでしまった友人がいるんだ。
34	1	/HS10.MAP	敵が使うロングショットは、木の陰にかくれてやりすごすことができるぜ。
34	1	/HS00.MAP	二人が出会ってからの時間は短くても、愛の深さでは負けませんの、なの！
34	1	/GM00.MAP	東の関所を越えた先には、カムイコタンいう獣人の村があるらしいですわ。
34	1	/GM00.MAP	カダールもおらへんようになって、修行を再開できるようになりましてん。
34	1	/GM00.MAP	ゴジョウは、ヤマタイ最大の都市、いなかにはないような店もあるねんで！
34	1	/GM00.MAP	闘技場での戦いに参加できるのは、２人までやけど、死ぬことはあらへん。
34	1	/GM00.MAP	シノビはいつでも冷静やないとアカン。これしきのこと、平常心、平常心。
34	1	/GM00.MAP	簡単に説明したけど、分かったかしら？なんなら、もう一度説明するわよ？
34	1	/GM00.MAP	賭けるコインの枚数を決めて下さる？もちろん、勝負を降りてもいいのよ。
34	1	/NJ10.MAP	こりゃ、何かとてつもねぇ厄介事の前触れのような気がしてならないんだ。
34	1	/NJ00.MAP	だが、悪天の最期は、ヤツの悪業に怒った群衆による八裂きだったんだゼ。
34	1	/IG10.MAP	あれは・・・確か、シノビだよ！ということは、囲まれているのがアスカ？
34	1	/IG00.MAP	奴等が作った結界を破るには、その柱にある穴こそがカギと思うのじゃが。
34	1	/IG00.MAP	おいら、大きくなったらアスカ兄ちゃんみたいな立派なシノビになるんだ！
34	1	/IG00.MAP	おかしな仕掛けがたっぷりあると聞きます。気を付けた方がいいですじゃ。
34	1	/IG00.MAP	お金もないのに買物かい？こっちも商売だからね。とっとと帰ってくれる？
34	1	/IG00.MAP	だから、魅了を掛けられそうになったら同性を前面に置いて戦うといいわ。
34	1	/IG00.MAP	アスカ兄ちゃん、僕、信じてたよ、絶対に僕達をうらぎったりしないって。
34	1	/IG00.MAP	やっぱりアシュカは仲間を裏切ゆような男じゃないって思ってたのよのさ。
34	1	/NZ10.MAP	でも、こちらの世界は平和になっててナズナは退屈しちゃったの、なのね。
34	1	/NZ10.MAP	だから、自分で自分に封印をかけて、いつか、ナズナを必要としてくれる、
34	1	/WK00.MAP	リグロードもカダールもヤマタイもぜんぶまとめて面倒見ちゃうのなのね。
34	1	/WR00.MAP	現に、カダールの港町ポポロンでは、レジスタンスが殺されたじゃないか！
34	1	/WR00.MAP	そうとなりゃ、さっそく、７人委員会の奴らをとっちめに行くとしようぜ！
34	1	/WR00.MAP	確かに、その顔で、その言葉使いじゃ忘れようったって、忘れられねぇよ。
34	1	/WR00.MAP	敵の幻を無効化できるとはいえ、あの数では、拙者一人ではかないませぬ。
34	1	/WR00.MAP	ボクも、世界が本当に平和になったのか、自分の目で確かめておきたいし。
34	1	/WR00.MAP	じゃあ、カダールのアレクトリア大図書館を手始めに世界を回ってみよう！
34	1	/WC00.MAP	ふう、７人委員会の塔を抜け出しましたわ。さて、これからどうしますの？
34	1	/WC00.MAP	運命の糸はあたし達の間を切っても切れない深い絆で結び付けているのよ！
34	1	/WC00.MAP	おいおい、ここまで来てそれはないだろ？ オレ達の苦労は何だったんだ？
34	1	/WC00.MAP	時代時代でその当時最強の魔導士に与えられる称号のようなものですのよ。
34	1	/WC00.MAP	俺様ほどに素晴らしく強まった魔導士を、ドリームラビリンスなんぞという
34	1	/WC00.MAP	アレクトリア大図書館に寄って、父上のご機嫌を伺わなければなりません。
34	1	/WY00.MAP	じゃあ、シラナミちゃん、お願いするね。でも、危ないことはしないでね？
34	1	/WY00.MAP	きゃい～ん、かっこいいの、なの。さすが、ナズナの未来の旦那様なのね！
34	1	/WY00.MAP	一緒に活躍した獣面戦士なんかが代表的な原ヤマタイ人だと言われている。
34	1	/WAZAHELP.MSG	ガスを周囲に漂わせ、巻き込まれたものを1/16の確率で死に誘います。
34	1	/ITEMHELP.MSG	聖なる力の祝福を受けた奇跡の剣です。所有する方に幸福をもたらします。
34	1	/ITEMHELP.MSG	上級者向けの魔法の本です。装備すると魔法に対する防御力が上がります。
34	1	/ITEMHELP.MSG	古い遺跡から発掘された本です。ずっしりとした時の重みが感じられます。
34	1	/ITEMHELP.MSG	無我の境地に到達した高僧のみが着用できたと伝えられる特別な法衣です。
33	1	/CT20.MAP	ふぅ、どうにかヤツらを倒したゼ。これで世界も、もと通りってわけか。
33	1	/CT20.MAP	よーし、どうにかヤツらを倒したね。これで世界も平和になるハズよね。
33	1	/CT10.MAP	その顔は、どうやら、７人委員会様がこの場にいらっしゃらないことへの
33	1	/CT10.MAP	どうして、そんなことをボクに教えるの！ボクにどうしろっていうの？！
33	1	/CT10.MAP	そ、その声は・・・ガルザード！それにラグロスじゃありませんこと？！
33	1	/CT10.MAP	そんなことをわたくしに教えていったい何をしろとおっしゃるのです？！
33	1	/CT10.MAP	奴等を倒していくしか無いようでござるな。皆の衆、まいりましょうぞ。
33	1	/CT10.MAP	天才の俺様にはこれが魔法球だという事がズギャッとわかるのだ～ゼー！
33	1	/OT02.MAP	よしとくれよ、お礼なんて！恥ずかしくって、体中がかゆくなっちまう。
33	1	/ZM01.MAP	ところで、ドラグーン城の方じゃ、何か騒ぎが起こってるみたいですが。
33	1	/ZM01.MAP	姫様がここにいらっしゃるってことは、大したことじゃないんですよね？
33	1	/ZM01.MAP	姫様！わたくし、先ほどうたた寝をしていて、嫌な夢を見たんですのよ。
33	1	/ZM01.MAP	ごめん、気がつかなくって・・・。今日は珍しく男友達が一緒なんだね。
33	1	/ZM01.MAP	後で町の者達にも、お声をかけてください。きっと、みんな喜びますよ。
33	1	/KB01.MAP	おまえたち、どこへ行くつもりだ！許可なく国境を越えることは許さん！
33	2	/ES01.MAP	今、せっかくア～ちゃんと、いちゃこいてたんだから、邪魔しないでよ！
33	2	/ES01.MAP	この決着は、わたくしの手でつけるべきだとお思いになりませんこと！？
33	1	/RT20.MAP	しょせん、魔力等級２等の落ちこぼれ、やつには、荷が重すぎたようで。
33	1	/RT20.MAP	泣きながら哀願するではないか、関係ない者達を助けてやってくれ、と。
33	1	/RT20.MAP	毅然と部下の死に立ち向かってこそ支配者の威厳が保てるというものだ。
33	1	/RT20.MAP	知っているも・・・何も・・・、その知識を発掘したのは君の父上だよ。
33	1	/RT20.MAP	［ラグロス］・・・ここは・・・暗くて・・・とても・・・寒い・・・。
33	1	/RT20.MAP	なんとかして、空飛ぶ船を直すのです。私は、もう戻らねばなりません。
33	1	/RT20.MAP	これがあれば古代遺跡でホークアイの弟ファルコの所在も確認できるよ！
33	1	/QH00.MAP	王子様がきっとカダールの連中を追い払って下さると信じておりました。
33	1	/QH00.MAP	あんた達こそ、この世界の救世主だ！リグロード戦役の英雄達の再来だ！
33	1	/IZ00.MAP	・・・だってぇ、ア～ちゃんが優しくしてくれてうれしかったんだもん。
33	1	/IZ00.MAP	これこそが、まさにイクシーズ復活のカギを握る重要な品なのでござる。
33	1	/ZM00.MAP	姫様、もうそろそろ冒険の旅なんかやめて、お城におちついて下さいな。
33	1	/DG10.MAP	自分達を守ってくれると思っていた王族が裏切ったのですからな・・・。
33	1	/DG10.MAP	とりあえず、あなた達でも相手にしてウォーミングアップといきますか。
33	1	/IS00.MAP	ムサシ爺っちゃんみたいに、世界を救うことができるんだろうか・・・。
33	1	/IS00.MAP	ふぅむ、こんなところに石像が。これも、古代の遺跡の一部なのだろか？
33	1	/KR00.MAP	カダール軍がクィーンズランドの首都クィーンズハートの町を占拠して、
33	1	/KR00.MAP	いや実のところを言いますと、こう見えてもわたしのひいおじいさんは、
33	1	/KR00.MAP	この平和も、ドラグーンの王女たち救国の英雄のおかげなんだそうです。
33	1	/KR00.MAP	・・・この状況を説明するには、ハレハレガッコンがいいような・・・。
33	1	/JG02.MAP	我らカダール７人委員会の魔導の力、妖精ごときに劣るものではないわ！
33	1	/JG10.MAP	見てよ、この崖、底が見えないよ。ここから落ちたら、一巻の終りだよ！
33	1	/JG10.MAP	この崖を渡るには、飛べる人が運ぶか、魔法を使って浮くしかないのね。
33	1	/JG00.MAP	ああ、ミュウのいうとおりだ。この手でやつらの息の根をとめてやるぜ！
33	1	/JG00.MAP	あやつらを生かしておいては、後々、世界の災いになるやもしれませぬ。
33	1	/JG00.MAP	帰って来るときに使った水晶柱を使えばカカルクランに行けるはずです。
33	1	/JG00.MAP	悲しみを乗り越えて、なお立ち上がることが真の強さでござるな・・・。
33	1	/JG00.MAP	ねぇ、ア～ちゃん、それはそうと、そろそろ、はっきりさせてくれない？
33	1	/OT00.MAP	ホークアイさんじゃないですか！カダールの件を解決したんですってね！
33	1	/OT00.MAP	サモサ島にナニかがある！？　　　　　　　　　　　　　　　（ユカナ）
33	1	/AT20.MAP	敵が途中の岸にもいるということは、渡る方法が無いわけじゃないよね。
33	1	/AT20.MAP	どうしてこんなところに・・・？確か、以前はこんなものなかったよね？
33	1	/AT20.MAP	お、光を出してやがるな・・・。これはイクシーズで見たのと同じだぜ。
33	1	/AT20.MAP	この超天才的な俺様にかかれば、なんてことはない探し物なのだ～ゼー。
33	1	/AT20.MAP	カカルクランで７人委員会を倒した時、確か、魂は不滅だって言ってた！
33	1	/AT10.MAP	ウィスコ様は、リグロードでは雲海の賢者と呼ばれるほどの方ですもの。
33	1	/AT00.MAP	けして、７人委員会メンバー達の私利私欲を満たすためではありません。
33	1	/AT00.MAP	古代魔法文明滅亡の原因は不明だが、何らかの巨大な超自然的力によって
33	1	/AT00.MAP	「私が、なぜ雷光と呼ばれているか、その理由を教えてあげるわ・・・」
33	1	/AT00.MAP	当図書館の誇る、豊富な書籍の数々を、ぜひともご覧になってください。
33	1	/AT00.MAP	自らの欲望のために使おうとすることを、阻止することは難しいだろう。
33	1	/MP00.MAP	リグロードやヤマタイへの侵攻を決めたのもその７人委員会らしいんだ。
33	1	/MP00.MAP	ガルザードを倒せば、それで今回の戦はおわると思ってたんだが・・・。
33	1	/MP00.MAP	以前は、半人半馬の獣人種、セントール種族にすごい天才がいたんです。
33	1	/MP00.MAP	一方的に、彼らを憎んだところで、過ちを取り返すことはできませんよ。
33	1	/MP00.MAP	しかし、７人委員会がいない今、自由な港町として復興しつつあります。
33	1	/MP00.MAP	７人委員会ってのは、その名前の通り、７人の魔導士による政府なんだ。
33	1	/KS00.MAP	んー、特に仕掛けはないみたいだけど、あからさまに怪しいカンジよね。
33	1	/KS00.MAP	俺様ほどの天才の頭脳を持ってしても、何なのか分からないのだ～ゼー！
33	1	/KS00.MAP	［］でも、ガルマンオーブがどこにあるかってことは、分からないでし。
33	1	/GB00.MAP	もう片方はイシスのピラミッドに続いてるって言い伝えを思い出したよ。
33	1	/GB00.MAP	この町を出て海岸沿いに南へ行くと、海底神殿と呼ばれる遺跡があるよ。
33	1	/GB00.MAP	平和はいいものだ。皮肉なことにも、すぐそのことを忘れちまうけどね。
33	1	/GB00.MAP	ああ、世界がこんなにも美しいなんて、今まで思ったこともなかったわ！
33	1	/GB00.MAP	その思いやりに感謝して、今日という一日を精いっぱい生きるとしよう。
33	1	/GB00.MAP	やぁ、あんた達のおかけで、こうして、今でも酒場を開いていられるよ。
33	1	/GB00.MAP	我々の地を訪れる者は絶えて無く、その存在すら人々に忘れられておる。
33	1	/GB00.MAP	我々の想像もつかないほど高度な魔法が使われていたと伝えられている。
33	1	/GB00.MAP	これこそが、イクシーズの船体を成している鉱石であると伝わっておる。
33	1	/IP00.MAP	どうして開かないんだろう？どこかに扉を開けるスイッチがあるのかな？
33	1	/SB00.MAP	あそこが、砂漠の出口ですわ。その先には遺跡があると聞いていますわ。
33	1	/NT30.MAP	７人委員会は、今よりはるかにすばらしく、豊かな世界を築くでしょう。
33	1	/NT30.MAP	力を持った者が、全てを定める事でのみ正義や、歴史が生まれるのです。
33	1	/NT30.MAP	ミュウ、焦る気持ちは分かるけど、こういう時ほど冷静にならなくちゃ。
33	1	/NT20.MAP	・・・ま、まぁ、リグロードの方が、ご存知ないのも無理はないですわ。
33	1	/NT20.MAP	この塔を脱出するまで、お互いに助け合う、ということで参りましょう。
33	1	/HL10.MAP	レジスタンスの中には、アレクトリア大図書館の関係者がいるって話だ。
33	1	/HL10.MAP	荷物がいっぱいじゃん！持物へらしてから来なさいよ！信じられなーい。
33	1	/HL00.MAP	あら、この枯木は今にも倒れそうですわ。ちょっと押してみようかしら？
33	1	/CK00.MAP	おぼろ谷には、昔から、女が党首をしている盗賊の一派が住み着いてる。
33	1	/CK00.MAP	お兄ちゃんは、この村の中でも一番の腕をもっているイニシエなんです。
33	1	/CK00.MAP	火薬工場の出火場所の近くに、カダール兵の武器が落ちていたらしいわ。
33	1	/CK00.MAP	優秀なカタナ職人がいればいいんだが。・・・俺には心当たりがねえな。
33	1	/OB00.MAP	そんなはずはないと思うがなぁ。どれ、ちょっと、けとばしてみようぜ。
33	1	/OB00.MAP	この奥にクリカラって村があるという話もあるが村を見たやつはいない。
33	1	/MH00.MAP	だけど、そのリグロードもカダールに押さえられてたって話じゃないか。
33	1	/MH00.MAP	魔法に関しては、リグロードやヤマタイよりも進歩しているんですって。
33	1	/MH00.MAP	リグロードがカダールに占領されてからは、それができなくなったのよ。
33	1	/MH00.MAP	カダール軍の、最初の隊が来てからその後、補給を受けた様子はないよ。
33	1	/MH00.MAP	前は、女船長のディアーネがこの町に来てたけど、最近は見かけないな。
33	1	/MH00.MAP	誰か、あの人へのあたしの手紙を届けてくれる人はいないかしら・・・。
33	1	/GT20.MAP	やっぱり動いているようには見えないな。ここにいても無駄なだけだぜ。
33	1	/GT10.MAP	私を倒したところで、７人委員会様の計画には何の支障も生じませんよ。
33	1	/GT10.MAP	私を倒したところで、７人委員会様の計画には何の支障もありませんよ。
33	1	/KD00.MAP	どこかで、それらしい品物を手に入れてから、もう一度試してみようよ。
33	1	/KD00.MAP	そのうちの一つが、ボク達が持っているコレかもしれないってわけだね。
33	1	/KD00.MAP	それがあれば、裏ヤマタイ方面へ抜けることができるってわけか・・・。
33	1	/KD00.MAP	霊峰フジを結界で汚したガルザードの奴を許すわけにはいかないからな。
33	1	/KD00.MAP	だが、逆に言えば、将がいなくなれば、たちまち兵士達は意気地を失う。
33	1	/HY00.MAP	星陵郭は、この先にあるの、なのね。早く村人達を助けるの、なのなの。
33	1	/HY00.MAP	ここを抜ければいよいよ星陵郭だ。村人達はそこにとらわれているはず。
33	1	/KM10.MAP	ミュウ・・・すごく疲れた・・・よ。いまだけ・・・側に・・・いてよ。
33	1	/KM00.MAP	ほっほっほっ、それ以上は持てんじゃろうて。若さゆえの過ちですかの。
33	1	/KM00.MAP	カダール軍がやってきた時、この地方はあっという間に占領されたんだ。
33	1	/KM00.MAP	人質と村と私自身を救うため、今は君達の好意に素直に甘えるとしよう。
33	1	/KM00.MAP	ユーカリさんを、いつまでも一人にしておいちゃかわいそうってもんさ。
33	1	/KM00.MAP	カムイ様、僕、泣かなかったよ。男の子が泣くわけにはいかないからね。
33	1	/KM00.MAP	やはり、ヒヒイロカネでなければ、あの名刀を作り出すことはできない。
33	1	/KZ00.MAP	どうやら、あのトロッコに乗ればどこかに運んでくれる仕掛けのようだ。
33	1	/HS00.MAP	それでこそイガ最強のシノビだ。ところで、起きないのがいるようだが。
33	1	/GM00.MAP	最近、このゴジョウの町には、シラナミっちゅう女義賊がでるんですわ。
33	1	/GM00.MAP	今、ゴジョウの町では、シラナミの人気が、まさに、ウナギ昇りでっせ。
33	1	/GM00.MAP	カダールの奴らのやったこと、見た？ほんま、あいつらには腹が立つわ。
33	1	/GM00.MAP	そないな性質を活用してこそ、いっぱしの戦士といえるんでっしゃろな。
33	1	/GM00.MAP	殴られたときに弾き飛ばされるのんが嫌なんでしたら、なにか重いもの、
33	1	/GM00.MAP	色々言うたけど、結局、力は力やわ。それ自体は良くも悪くもないねん。
33	1	/GM00.MAP	ホウショウ院言うたら、ウチらにとってはゴジョウの顔みたいなもんや。
33	1	/GM00.MAP	それを土足で踏みにじられるようなこと、いつまでも許しておけへんわ。
33	1	/GM00.MAP	ホウショウ院を仕切ってたんは、どうやら２ひきの怪物やったみたいや。
33	1	/GM00.MAP	泣いてても強うはなられへんもんなイガのシノビみたいに強くなるんや！
33	1	/GM00.MAP	ここの防具なら、何をお買い求めでも決して後悔はさせませんですじゃ。
33	1	/GM00.MAP	ほっほっほっ、そんなには持てませんぞ。ムリはせぬ方がよろしかろゥ。
33	1	/GM00.MAP	一握りの米を買うにも争いが起こる・・・。この状況を考えてあげてよ！
33	1	/GM00.MAP	弱きが強きに流れるのはしかたない。私にも身に覚えのある話だ・・・。
33	1	/NJ10.MAP	どこかの洞窟に祭壇みたいなものがあったような気がするんだが・・・。
33	1	/IG00.MAP	じゃが、まだまだ、アスカ殿の実力はムサシ様にはおよばんじゃろうな。
33	1	/IG00.MAP	アスカには、母親と妹がいて、アスカは妹をとても可愛がっているのよ。
33	1	/IG00.MAP	最近、ゴジョウの町を騒がしているのは女義賊のシラナミなんだってね。
33	1	/IG00.MAP	この異変をおさめられるのは、アスカ様のほかにはおりませんですじゃ。
33	1	/IG00.MAP	売れるものなんか持ってないクセに。ウラギリ者の上にウソつきとはね！
33	1	/IG00.MAP	おやおや。お金が足りんようじゃ、残念じゃが売るわけにはいかんのぅ。
33	1	/IG00.MAP	隠れ蓑の灰を使って姿を消せば、敵の攻撃なんてかすりもしなくなるわ。
33	1	/NZ10.MAP	くすっ☆運命のヒトと出会うための独りぼっちだったのかもしれないよ？
33	1	/NZ00.MAP	あの奥は、まだ誰も入ったことがない。何かあるとすれば、あの奥だな。
33	1	/WY02.MAP	それに、忍者屋敷をツブした以上、関所の守りも手薄になってるはずだ。
33	1	/WK00.MAP	いい機会だから、二度とこんなことがおきないようにしてやるのなのね。
33	1	/WK00.MAP	７人委員会・・・どこまでも我らの平和をかき乱す気でござるな・・・。
33	1	/WK00.MAP	ミュウ、アンジュ、皆・・・あたしの分までやつらをやっつけてきてよ！
33	1	/WK00.MAP	こっちの世界は、あたしとファルコとイクシーズでなんとかしてみるよ。
33	1	/WK00.MAP	そういうわけだから、皆、ルゥナを手伝うために、リグロードへ戻って！
33	1	/WR00.MAP	イクシーズを修理するには、ホークアイの弟、ファルコを捜さなくちゃ。
33	1	/WR00.MAP	そして、いうまでもなく、この私も、皆と同じ気持ちでいるよ、ミュウ。
33	1	/WR00.MAP	そういえば、たしか、ここのカギは父上がつけたって聞いたことがある。
33	1	/WC00.MAP	仲間達が、ボクを追いかけて、きっと、ここまで来てくれると思うんだ。
33	1	/WC00.MAP	わたくしとしては、この先にある山道を抜けポポロンにたどりつくまで、
33	1	/WC00.MAP	あなたこそ、なかなかの腕ですわ。ま、わたくしほどではないにしても。
33	1	/WC00.MAP	こうして一緒に旅をすることになったのは、何か不思議な導きを感じる。
33	1	/WC00.MAP	なんと申しましても、わたくし達は、「運命」で結ばれた仲間ですもの。
33	1	/WC00.MAP	確かに、ミュウが一人で支えるには、リグロードやヤマタイや、あるいは
33	1	/WC00.MAP	どこかでそれらしいカギを見つけたら、もう一度、ここに来てみようぜ。
33	1	/WC00.MAP	［門番］今のはほんの当て推量です。館長はきっと元気でおられますよ。
33	1	/WC00.MAP	ハイランドに行く前に、わたくしなさねばならないことがありましてよ。
33	1	/WC00.MAP	７人委員会の狙う古代魔法文明について、何か、分かるかもしれないね！
33	1	/WC00.MAP	ここでイクシーズの動力源、ガルマンオーブを手に入れたんだったね。 
33	1	/WY00.MAP	元々はゲテン城に通じる道でもあり、ゲテン城を守る砦でもあったんだ。
33	1	/WY00.MAP	ゲテン城に行く前に、ここで敵を足止めさせるための仕掛けってわけさ。
33	1	/WY00.MAP	あれ？おかしな入り口だね？どこにカギがかかってるのかわかんないや。
33	1	/WAZAHELP.MSG	光の衝撃波を発生させ敵に向かって攻撃をします。対空攻撃が可能です。
33	1	/WAZAHELP.MSG	剣と共に鳳凰が舞い、敵に大ダメージを与えます。対空攻撃が可能です。
33	1	/WAZAHELP.MSG	霊的な力を持った光の衝撃波による直線攻撃です。対空攻撃が可能です。
33	1	/WAZAHELP.MSG	上空時のみ、敵や味方を捕まえられます。３ターンで自動的に放します。
33	1	/WAZAHELP.MSG	お金を投げつけて敵を攻撃する技です。ダメージ量は金額で決まります。
33	1	/WAZAHELP.MSG	敵に向かって冷気の攻撃を繰り出します。1/2の確率で凍結させます。
33	1	/WAZAHELP.MSG	敵一体の行動力を下げ、これを受けた敵の行動力を通常の半分にします。
33	1	/WAZAHELP.MSG	敵の直接攻撃に対する防御壁を作ります。敵からの打撃を減少させます。
33	1	/WAZAHELP.MSG	強力な聖なるエネルギーが、３本のビーム状となって敵を撃ち抜きます。
33	1	/ITEMHELP.MSG	お守りの一種です。身につけると会心の一撃が少しだけ出易くなります。
33	1	/ITEMHELP.MSG	忍者が日常的に使用する武器です。手軽ですが、威力は期待できません。
33	1	/ITEMHELP.MSG	初歩の魔法の本です。装備すると魔法に対する防御力が少し上がります。
33	1	/ITEMHELP.MSG	神をたたえる聖なる書物です。魔法に対する防御力がかなり上がります。
32	10	/TJ72.MAP	ついてるじゃねぇか。ほら、賞金のGだ。どうだい？もう一回なんて。
32	1	/KB10.MAP	カダールの残党共かっ！こんなところで負けるわけにゃいかねぇんだ。
32	8	/TJ61.MAP	へたすりゃあの世行き、でも、勝ち残れたら一躍英雄ってわけなのサ。
32	1	/BL00.MAP	だが、この迷宮協会で登録をしなければ、迷宮に入ることはできない。
32	1	/CT20.MAP	その度に立ち上がってみせる！体中の血の最後の一滴が無くなるまで！
32	1	/CT10.MAP	調和を捨て、混乱を選びし者。それゆえ、死してなお、思いを残す者。
32	1	/CT10.MAP	その声は、ガルザードにラグロスでしね！お前達、生きてたでしか！！
32	1	/CT10.MAP	そんなことを僕に教えてどうするんだ？僕に何をしろっていうのさ？！
32	1	/CT10.MAP	飛んでいる方におねがいして下りるか地形を変えるしかないですわね。
32	1	/CT10.MAP	あいつらを倒していくしかないようでしね。みなしゃん、いくでしか。
32	1	/CT00.MAP	気を付けて進もう。あいつらに一度に攻撃されたら大変な事になるよ。
32	1	/JG01.MAP	あたしを誰だと思ってんだい！抜かりはないよ！さ、乗った、乗った！
32	1	/QH01.MAP	どういたしまして。お礼を言われるほどのことは、何もしてないけど。
32	1	/QH01.MAP	何言ってるの！ラスティが、ドラグーン王家のムコ養子になるんだよ！
32	1	/KM01.MAP	いつの日か私の村に遊びに来てくれ。ユーカリともども、歓迎するよ。
32	1	/CK01.MAP	アンジュしゃんなら、きっと出来るでし。俺っチもお手伝いするでし！
32	1	/OT01.MAP	これは、ドラグーンの姫様じゃないか！？このディアーネに何の用さ？
32	1	/ZM01.MAP	港町オルトマはこのザルマの町から南に下ったミディ国にありますわ。
32	1	/ZM01.MAP	ミュウ王女・・・、あんた、売れるものなんか持ってないじゃないか。
32	1	/ZM01.MAP	そんなに持てるのか！？ムリはしない方がいいと思うぜ、ミュウ王女。
32	1	/KB01.MAP	ミュウ、あの草の生えているあたりに、【アースモール】をかければ、
32	1	/WR10.MAP	・・・お父様、・・・すぐに援軍を率いて戻って参ります！ラスティ！
32	1	/WR10.MAP	そういえば、ここにはディアーネって腕のいい船長がいるって話だよ。
32	1	/WR10.MAP	エヴァンおじいさまと一緒にリグロード戦役を戦った英雄の子孫だよ。
32	2	/ES01.MAP	７人委員会の野望を止めて下さい！私は引き続き次元の扉を守ります。
32	1	/ES01.MAP	ルゥナにカカルクランに行った皆が、ここに戻ってくるって聞いてな。
32	2	/ES10.MAP	７人委員会は倒したはずなのに、あいかわらずここのモンスター達は、
32	2	/WS10.MAP	あいつらのせいで、ここの怪物共がこんなに凶暴化してるってワケか。
32	1	/MK00.MAP	天才的な俺様には何でもないが一般人の皆にはせまい所なのだ～ゼー！
32	1	/WS00.MAP	ふぅん、これが水晶柱なの、なの。ちょっとぐらい削れるかも、なの。
32	1	/RT20.MAP	くくく・・・くく。大人になるというのは・・・辛いことだな・・・。
32	1	/RT20.MAP	全ての生命を、森を、水を、空気を、意のままにしようとしています。
32	1	/QH00.MAP	知ってますか、カダールをやっつけたのは、ラスティ王子なんですよ！
32	1	/QH00.MAP	・・・いやいや、ラスティ王子がこんなとこにいるわけないですよね。
32	1	/QH00.MAP	必ず、最後に正義は勝つ！　　　（クィーンズランド王子　ラスティ）
32	1	/QH00.MAP	少なくとも、この像を見るだびに、カダールへの反感は募るばかりだ。
32	1	/IZ00.MAP	その上、ナズナのラブラブ大作戦を邪魔するなんて、ひどいの、なの！
32	1	/IZ00.MAP	それがしの記憶が確かならば、アレクトリア大図書館の地下閲覧室に、
32	1	/ZM00.MAP	ドラグーンを解放する前は、オレ達のことを厄介者扱いしてたクセに！
32	1	/ZM00.MAP	あちこちから学者やら賢者やら集めて、何か研究させてるって話です。
32	1	/ZM00.MAP	最近、西の森に出没する怪物共が前より凶暴になったきたって話だよ。
32	1	/ZM00.MAP	ミュウ様、いつになったら、ドラグーンに帰っていらっしゃるんです？
32	1	/ZM00.MAP	世界はほろびるのか！？　　　　　　　　　　　　　　（リューシャ）
32	1	/ZM00.MAP	お金が足りないようですじゃ。ワシも食っていかねばなりませんでな。
32	1	/DG10.MAP	この大陸で彼らに対抗できるのは、ミュウ様をおいて他にありません。
32	1	/IS10.MAP	実は、西の森近くにさしかかったところで、墜落してしまって・・・。
32	1	/IS10.MAP	カダール軍は、古代魔法文明に関しての研究家達をここに集めました。
32	1	/IS00.MAP	いい仕事でしね、職人仕事というのは、こうあってほしいものでしね。
32	1	/KR00.MAP	だから古代遺跡って言うらしいけど、今じゃ何もないはずなんだよね。
32	1	/KR00.MAP	あなたも美しくていらっしゃるが、ミュウ王女の前では並ですよ、並。
32	1	/KR00.MAP	年老いた両親と犬と猫と鶏と牛が、あたしの帰りを待っていますので。
32	1	/KR00.MAP	もし、ボクが結婚したら、そのときは、新婚旅行を安くしてくれない？
32	1	/KR00.MAP	この村の西には、クィーンズランドの首都クィーンズハートがあるよ。
32	1	/KR00.MAP	リグロード戦役で、アーサー王をはじめとするリグロードの英雄達は、
32	1	/KR00.MAP	いまね、このあたりじゃ、ハレハレガッコンって言葉がはやってるの。
32	1	/KR00.MAP	ハレハレガッコンなんて言葉は、美しい我々の言葉を乱すことですよ。
32	1	/JG00.MAP	彼らを止めることができなければ、この世界は滅んでしまうでしょう。
32	1	/JG00.MAP	世界の命運を分ける戦いになる。気を引き締めて、必ず勝利してくれ。
32	1	/JG00.MAP	ええ・・・大丈夫ですわ。わたくし、こう見えても、強いんですのよ。
32	1	/JG00.MAP	いいの。でも、忘れないで。あたし達の友情は、いつまでも変らない。
32	1	/ST00.MAP	おいおい、こんなところまで来たはいいが何かアテがあるんだろうな？
32	1	/AT20.MAP	するってぇと、さっきの仕掛けは、この橋をかけるためだったんだな。
32	1	/AT20.MAP	論理的に考えて、さっきの仕掛けは、この橋をかけるためでしたのね！
32	1	/AT20.MAP	もしかすると、７人委員会が引き起こした天変地異のせいかもしれん。
32	1	/AT20.MAP	さては、カカルクランに残してきた７人委員会のメンバーのしわざか！
32	1	/AT00.MAP	お前には、このアレクトリア大図書館を継いでもらわなければならん。
32	1	/AT00.MAP	館長として必要なことがらを学びはじめる時期だと思うが、どうかね？
32	1	/AT00.MAP	何世紀もの間、我々は苦労して様々な文献を調べ、解読し、分類した。
32	1	/AT00.MAP	今度のリグロード・ヤマタイ制圧は明らかに７人委員会の暴走ですわ。
32	1	/AT00.MAP	そもそも、アレクトリア大図書館は、過去の知識を保存すると同時に、
32	1	/AT00.MAP	まぁ、確かに、ある意味では、仲がいいと言え無くもないだろうがね。
32	1	/AT00.MAP	カダールは、かつてさかえた古代魔法文明の中心地と噂されています。
32	2	/AT00.MAP	イクシーズが飛べるようになったら、このことを思い出されるがよい。
32	1	/AT00.MAP	月光に目を光らせた不気味な影が、アーヤに白刃をひらめかせたのだ。
32	1	/AT00.MAP	男は得意げに話はじめた。「ワシは魔帝に不死術をかけていただいた。
32	1	/AT00.MAP	各地に伝わる伝説伝承に秘められた、謎についての研究資料の数々は、
32	1	/AT00.MAP	そうだよ、館長がどこにいるかなんて、分からないじゃないか・・・。
32	1	/MP00.MAP	おや？お荷物がいっぱいのようです。荷物を減らしておいでください。
32	1	/MP00.MAP	カダール国民全員が７人委員会の行動に賛成してるワケじゃないんだ。
32	1	/MP00.MAP	現在の７人委員会の独裁的政治では、７人委員会とその行動に反対する
32	1	/MP00.MAP	しかし最近は、国民の意思とは離れた、独断的な政治を行っています。
32	1	/MP00.MAP	こんなことなら、ディアーネさんに待っててもらうんだったね・・・。
32	1	/KS00.MAP	近くに村でもあれば、この場所の由来について知ることができるかも。
32	1	/KS00.MAP	そんで、ここにガルマンオーブってのを持ってくればいいワケでしょ。
32	1	/KS00.MAP	ここにガルマンオーブがあれば、イクシーズを復活させられるでしね。
32	1	/GB00.MAP	伝説の魔導士って知ってるかい？伝説に残るほどの魔導士ってコトさ。
32	1	/GB00.MAP	だけど、７人委員会がいない今、いったい、誰がこんなことを・・・？
32	1	/GB00.MAP	イクシーズ号を復活させるためには、ガルマンオーブが必要だそうよ。
32	1	/GB00.MAP	イクシーズ号を、この世界のために役立ててくれてどうもありがとう。
32	1	/GB00.MAP	ささ、海底神殿にお行きなされ。そして、光なす翼を空に帰すのじゃ！
32	1	/GB00.MAP	イクシーズの修理に必要なもう一つの鉱石はアローストーンと言って、
32	2	/GB00.MAP	またのご利用をお待ちしておりますわン☆ありがとうございました～☆
32	1	/DL00.MAP	さて、今回の出し物ですが、私と私の分身が４体というのはどうです？
32	1	/DL00.MAP	お仲間になるかもしれないキング君が死んでしまうことになるからね。
32	1	/IP10.MAP	ア～ちゃんだって、ときどきは、少しだけ考えることもあるんだから！
32	1	/IP00.MAP	つまり、この扉を開けるには、出直す必要があるということでござる。
32	1	/IP00.MAP	ちょっとしか動かないの、なの。でも何度か押せば、開きそうなのね。
32	1	/IP00.MAP	こういうことは、やっぱり、シラナミさんが詳しいんじゃないでしか？
32	1	/IP00.MAP	認めるのは悔しいけど、こういうのは、シラナミが詳しいの、なのね。
32	1	/IP00.MAP	こういうのは、シラナミさんに見せると何かわかるかもしれないでし。
32	1	/NT30.MAP	ヤマタイで戦った時は手加減をしましたが、今回は全力で行きますよ！
32	1	/NT30.MAP	７人委員会のやつら、世界をひっくりかえそうとしてやがるらしいな。
32	1	/NT20.MAP	明朝、日の出とともに公開処刑する。これは７人委員会の命令である。
32	1	/NT20.MAP	まぁ、それも、明日までのこと。せいぜい吠えておくがいいでしょう。
32	1	/NT20.MAP	７人委員会に対する反対運動をしていたからっていうのが理由なんだ。
32	1	/HL10.MAP	なんでも７人委員会は、カオスの力を復活させようとしてるらしいよ。
32	1	/HL10.MAP	いったい何がおこっているのかな、世界は平和に戻ったんじゃないの？
32	1	/HL10.MAP	噂では、どこかの迷宮に伝説の魔導士が閉じ込められてるらしいのよ。
32	1	/HL00.MAP	やめておいたほうがよさそうね・・・、でも、何か気になるのよね～。
32	1	/KK00.MAP	途中にある扉なんかは熱による膨張で開きにくくなっているはずでし。
32	1	/KK00.MAP	そういえば、体当りして自爆する、自走式爆弾、爆弾君がいるのでし。
32	1	/CK00.MAP	このところ地震が多いから、今まで以上に火薬庫に気をつけなきゃな。
32	1	/CK00.MAP	火薬をつかう工場では、火事になった時のために沢山の水が必要なの。
32	1	/CK00.MAP	ところで、仕事場に閉じこもってるキミのお兄さんってどんな人なの？
32	1	/CK00.MAP	ただ、仕事に夢中になると、他のことは放ったらかしになっちゃうの。
32	1	/CK00.MAP	こんなこと今までなかったわ。いったい、何がおこってるのかしら！？
32	1	/CK00.MAP	もっとも、これはただの木の彫像で、砲としては使えないでしけどね。
32	1	/OB00.MAP	・・・助けられなかった・・・。タタラも・・・村のみんなも・・・。
32	1	/MH00.MAP	誰も、その正体は知らないが、何世紀、あるいは、もっと短い間隔で、
32	1	/MH00.MAP	そんなゲンユウサイの作ったゲテン城も今じゃ、カダール軍の居城さ。
32	1	/MH00.MAP	どうして、ヤマタイやリグロードを侵略するのか、理解できないけど。
32	1	/MH00.MAP	おやおやお金が足りんようじゃ、残念じゃが売るわけにはいかんのぅ。
32	1	/MH00.MAP	それで、なんとかしてカダールへ行こうと思っているんだけど・・・。
32	1	/MH00.MAP	あたしの船についてる仕掛けは、それをうんと簡単にしたものらしい。
32	1	/MH00.MAP	ま、おとぎ話の例にもれず、どうせそんなカタナは無いんだろうけど。
32	1	/MH00.MAP	カオスゲートを利用するためには、特別な道具が必要だったらしいよ。
32	1	/GT10.MAP	ボクはお前を倒して沢山の人々に平和な暮らしを取り戻すために来た！
32	1	/KD00.MAP	どこかで、それらしい品物を手に入れてから、もう一度試してみよう。
32	1	/KD00.MAP	ここには【八坂の勾玉】がぴったりはまるようになってるようなのね。
32	1	/SK00.MAP	この扉を開ければ、カムイコタンの人達を助け出すことができるのね！
32	1	/KM10.MAP	ううん、いいの、カムイ。あなたの気持ちは、分かってるから・・・。
32	1	/KM10.MAP	でも・・・今のラスティは自分の精神力以上に魔法を使おうとしてる。
32	1	/KM00.MAP	では、村人達にこのことを話して、今すぐに村から逃げるしか・・・。
32	1	/KM00.MAP	今夜はもう遅い、明日早くに出発しよう。星陵郭までは私が案内する。
32	1	/KM00.MAP	話はこちらにも伝わってるぜ。カダールの連中をやっつけたそうだな。
32	1	/KM00.MAP	もしホウライ山を登るなら、崖から落ちないように気を付けることだ。
32	1	/KM00.MAP	あたし達は、星陵郭にいた大きな生き物をおじいちゃんと呼んでたの。
32	1	/KM00.MAP	カタナはただの武器じゃないゼ。それは、持ち手の魂を映す鏡なのさ。
32	1	/HS10.MAP	まぁまぁ、騒がしい～と思ったら、子鼠ちゃん達が逃げたのですね～？
32	1	/HS10.MAP	お前みたいな奴に捕まってると思うだけで、オレは体がかゆくなるぜ。
32	1	/HS10.MAP	でも、鉄にしてはずいぶん軽いし、軽いわりにはとても堅いみたいだ。
32	1	/HS00.MAP	アスカ、しっかりするの、なの。いつもみたいに冷静になるの、なの。
32	1	/HS00.MAP	敵の数や、この場所の構造、そのあたりのことを調べてからでないと。
32	1	/HS00.MAP	ちょっと、待て、タマモ。お前、自分のことをシラナミって言ったな？
32	1	/GM00.MAP	ほんで、頭領の飛ぶ鳥のアスカは、カダールに手を貸そうとしたとか。
32	1	/GM00.MAP	誰か、城に乗り込んでいって、アイツらをやっつけてくれへんやろか。
32	1	/GM00.MAP	イガの里で一番のスゴ腕のシノビ、いうたら、飛ぶ鳥のアスカですわ。
32	1	/GM00.MAP	時には、その技で崖から相手を落とす、いう選択も必要でっしゃろな。
32	1	/GM00.MAP	ただし、体力に余裕がないとひどい目に合うねんで、注意せなアカン！
32	1	/GM00.MAP	そないな奴に炎や雷で攻撃したかて、たいした傷は与えられしまへん。
32	1	/GM00.MAP	いうても、これは、お兄ちゃんからのウケウリやねんけどな、アハハ。
32	1	/GM00.MAP	なんで、ボクは小さい子供やねん。早ぅ、大きくなりたいのに・・・。
32	1	/GM00.MAP	お気に召しませんかのゥ、残念ですじゃ。ほかに何か用はありますか？
32	1	/GM00.MAP	あはは、そんなに持てないだろう？荷物が軽くなったら、またおいで。
32	1	/NJ10.MAP	ご挨拶ですね、カダールのために働く気になったのかと思えば・・・。
32	1	/NJ10.MAP	またもやられに来たのですか？それともカダールに協力するのですか？
32	1	/NJ10.MAP	アスカ、寂しそうなの、なの。ナズナがいるから大丈夫、なのなの～☆
32	1	/NJ10.MAP	さてと。それじゃあ、イガの里に戻って、今後の準備をしておこうよ！
32	1	/NJ10.MAP	オレも良くは分からんのだが、その形はどこかで見たような気がする。
32	1	/NJ10.MAP	さっきの敵も、ガルザードがゲテン城にいるっていってたじゃない？！
32	1	/NJ10.MAP	あなたがミュウ王女ですな。ガルザード様からお話はかねがね・・・。
32	1	/NJ10.MAP	アスカが大切に思っているものを踏みにじるやつは許さないの、なの！
32	1	/NJ00.MAP	どうやら、あの部屋は、もっと下の方へ移動してしまったみたいだね。
32	1	/NJ00.MAP	オレ達はそんな技を持ってねぇから、せいぜい気をつけるしかねぇな。
32	1	/NJ00.MAP	邪道こそ我が道ってこと？そんなことしたって幸せにはなれないのに。
32	1	/NJ00.MAP	呪言は必ず自分達にハネ返ってくるって、知らないの、なのね・・・。
32	1	/IG10.MAP	何たって、このヤマタイ自体がカダールに制圧されちまってるからな。
32	1	/IG10.MAP	だが、月組頭領の名にかけて、部下を助けださなけりゃならんのでな。
32	1	/IG00.MAP	年はとりたくないもんじゃ、この程度のことで平常心を失うは・・・。
32	1	/IG00.MAP	アスカ殿、ちょっと、そこに座ってこの年寄りの話を良く聞きなされ。
32	1	/IG00.MAP	そこには主人を持たない根無しの式神が眠ってるって伝説があるのよ。
32	1	/IG00.MAP	わぁ、式神を連れてるなんて、すごいや！さすがはアスカ兄ちゃんだ！
32	1	/IG00.MAP	一人で忍者屋敷に乗り込んで仲間を助け出したなんて、すっげぇや！！
32	1	/IG00.MAP	だって、僕たちが落っこちる様な場所でも自由に行き来できるんだよ。
32	1	/IG00.MAP	大地が怒ってゆのよのね。誰かが世界をけがそうとしてゆのらからよ。
32	1	/IG00.MAP	だかや、看板の裏にシノビ文字で注意を書いておいてあげたのよのさ。
32	1	/NZ10.MAP	このあたりに眠ってるらしいって話が昔からイガには伝わってたんだ。
32	1	/NZ10.MAP	この砕かれた封印は、まさしく、ナズナとアスカの愛の記念碑なのね！
32	1	/NZ00.MAP	それと、怪物の中には、透明化して姿を隠す技を持ってるヤツもいる。
32	1	/WY02.MAP	変にやさしいトコだけは、昔から、ちっとも変わってないのね・・・。
32	1	/WY02.MAP	ガルザードを倒せば、カダール軍は頭を落されたヘビ同然ってわけね！
32	1	/WR00.MAP	いつだったかも話をしたが、君一人で何もかも背負いこむ必要はない。
32	1	/WR00.MAP	ここには、ラスティの故郷、クィーンズランドへの街道があったんだ。
32	1	/WR00.MAP	７人委員会は倒したけど今はまだ、街道を元通りにする余裕はないね。
32	1	/WR00.MAP	じゃあ、目の前にいた、あの敵を倒したのも、幻覚だったっていうの？
32	1	/WR00.MAP	こうなったら、力のかぎり、命のかぎり、戦って、戦って、戦い抜く！
32	1	/WR00.MAP	大地の叫びを前に、方策に悩んでいるところ貴殿らが現れたでござる。
32	1	/WR00.MAP	それにしても、なんだって、ヤマタイの武家言葉なんか使ってるんだ？
32	1	/WR00.MAP	いいね、それ！あたし、いっぺんいろんな国を旅行してみたかったの！
32	1	/WC00.MAP	みんな、彼女はアンジュ。７人委員会の塔から一緒に抜け出したんだ。
32	1	/WC00.MAP	僕達も、ある意味、伝説に残るような戦乱の中にいるんじゃないかな？
32	1	/WC00.MAP	では、わたくしも皆さんの「運命」の輪に加えていただけませんこと？
32	1	/WC00.MAP	前に来たときは、とらわれの身だったけど、今度はこっちからいくぞ！
32	1	/WC00.MAP	ところで、俺様が眠ってる間に、一体世界はどうなっているの～カ～？
32	1	/WC00.MAP	反対はしねぇよ・・・しかし、そのしゃべり方どうにかならねぇのか？
32	1	/WC00.MAP	ところで、お父上・・・いえ、館長様がお捜しでいらっしゃいました。
32	1	/WC00.MAP	最近の地震続きで、図書館も蔵書が棚から落ちたりして大騒ぎですよ。
32	1	/WC00.MAP	・・・・大切な戦いの前だから、お父上にお会いしておきたいんだね？
32	1	/WC00.MAP	ドリームラビリンスは、俺様が閉じ込められていた場所なのだ～ゼー！
32	1	/WC00.MAP	グラビティの人達にとっては、大切な場所だったみたいだけど・・・。
32	1	/WY00.MAP	結果、その馬鹿はドジって、配下もろともカダール軍にとらえられた。
32	1	/WY00.MAP	やっぱりかっこいいの、なの。さすが、ナズナの未来の旦那様なのね！
32	1	/WY00.MAP	ゴジョウといえば、最近、女義賊シラナミってのが出没するらしいゼ。
32	1	/WY00.MAP	忍者屋敷を叩けば、奴らも動揺して守りが手薄になるんだろうけどな。
32	1	/WAZAHELP.MSG	３本の衝撃波を使って斬りつける技です。敵を後方に吹き飛ばします。
32	1	/WAZAHELP.MSG	砲筒から強力なロケット弾を発射します。敵を後方に吹き飛ばします。
32	1	/WAZAHELP.MSG	分身とともに敵を弾き飛ばす猛烈なパンチを、広範囲に振り回します。
32	1	/WAZAHELP.MSG	本から竜巻が吹き出し、敵を攻撃します。敵を後方に吹き飛ばします。
32	1	/WAZAHELP.MSG	射程範囲内にいる中でもっとも弱いキャラクターの命を奪い取ります。
32	1	/WAZAHELP.MSG	味方キャラクターの受けたダメージを１０００ポイント回復させます。
32	1	/WAZAHELP.MSG	味方キャラクターの受けたダメージを９９９９ポイント回復させます。
32	1	/WAZAHELP.MSG	アダルトタッチで周囲のすべての敵に大ダメージをあたえます:-)。
32	1	/ITEMHELP.MSG	使う者の行動力を下げますが、暗黒の力できたえられた強力な剣です。
32	1	/ITEMHELP.MSG	その切れ味の鋭さゆえに、人の血を吸う妖刀とまで呼ばれた名刀です。
32	1	/ITEMHELP.MSG	真っ黒な装丁の謎に包まれた書物です。非常に不吉なものを感じます。
32	1	/ITEMHELP.MSG	魔法をお使いになる方のための帽子です。風の精霊が守ってくれます。
32	1	/ITEMHELP.MSG	魔法をお使いになる方の知性をいっそう高めるはたらきをもつ服です。
32	1	/ITEMHELP.MSG	祝典などで着用する紫色の法衣です。僧侶の方のみお使いになれます。
32	1	/ITEMHELP.MSG	なめした皮を用い、ふつうのグローブより丈夫に作ったグローブです。
32	1	/ITEMHELP.MSG	こぶしにつける防具ですが、同時に武器としての効果も期待できます。
31	1	/GT00.MAP	カダール軍の居城を汚すドブネズミ共め！つまみ出してくれるわっ！
31	1	/GT00.MAP	俺ッチの村を消滅させようとした借りを今こそ、かえしてやるでし！
31	2	/KB00.MAP	女性の行く手をふさぐとは、礼儀を知らないにも程がありますわね。
31	1	/CT20.MAP	魔法球は、もともとカオスの力を封じ込めていたものなのでしょう？
31	1	/CT20.MAP	でも、魔法球を破壊すると、カオスの力が解放されるかもしれない。
31	1	/CT10.MAP	そのようなことを拙者に教え、何をさせようというのでござるか？！
31	1	/IG01.MAP	番目２番目って、おっしゃいますけどね、じゃあ、１番は誰なのよ！
31	1	/IG01.MAP	・・・あのなぁ・・・。おまえら、本当にオレについてくんのか！？
31	1	/OT01.MAP	オルトマ中さがしても、ディアーネにかなう船乗りはいないんだぜ。
31	1	/OT01.MAP	船乗りとしてのあなたのウワサは、ドラグーンでも耳にしています。
31	2	/OT01.MAP	もうしばらく待つけど、あたいもそんなに気が長い方じゃないんだ。
31	1	/OT01.MAP	自分は行ったことはないが、ヤマタイにもヒガタって港町があって、
31	1	/OT01.MAP	ここオルトマと同じように、船を使った商売でにぎわってるらしい。
31	1	/ZM01.MAP	おっと、答えを言わないでくださいっスよ。あててみせますからね。
31	1	/ZM01.MAP	ははぁーん、さては、ドラグーンの竜騎士が訓練でもしてるんスね？
31	1	/ZM01.MAP	ま、何にしろ、今は海賊じゃなくて、まっとうな船乗りですけどね。
31	1	/ZM01.MAP	一番に当店をお訪ねいただいたわけですか、ありがとうございます。
31	1	/ZM01.MAP	いらっしゃいませぇ。これはミュウ様、どういったご用でしょうか？
31	1	/KB01.MAP	敵はまっさかさまに滑り落ちて大ダメージを受けるにちがいないよ！
31	1	/WR10.MAP	ミュウ、カダールが攻めてきたこと、町のみんなに知らせるのかい？
31	1	/RS01.MAP	そうすれば、橋がなくても、向こう側に行って敵を倒せるってわけ。
31	1	/DG21.MAP	もしケガしたらどうするの？僕、ミュウがケガするの見たくないよ。
31	1	/DG21.MAP	ガルザード様、こやつらに言葉は不要。ただ、力でねじふせるのみ！
31	1	/ES01.MAP	そうか・・・この水晶は、この世界とカカルクランを結んでるんだ！
31	1	/ES00.MAP	東の森にはあんまり来たことないけど、水晶の輝きはおんなじだね。
31	1	/RT30.MAP	今は、古代遺跡にて弟ファルコの所在を確認するのが急務でござる！
31	1	/RT20.MAP	しかる後、カカルクランへと参る。ラグロス、後のこと、任せたぞ！
31	1	/RT20.MAP	つい、うっかり、クィーンズランド王夫妻を殺してしまうほどにね。
31	1	/RT20.MAP	だが、７人委員会は・・・カオスの力を制御する方法を知ったのだ。
31	1	/RT20.MAP	口はばったいようでござるが、拙者の弟ファルコは、古代魔法技術、
31	1	/RT20.MAP	ホークアイから聞いたところだと、弟のファルコは、古代魔法技術、
31	1	/RT20.MAP	とりわけ、空飛ぶ船については大陸屈指の学者だったってことだし。
31	1	/RT20.MAP	ホークアイから聞いたところでは、弟のファルコは、古代魔法技術、
31	1	/QH00.MAP	これほどの異変がおきるとは一体どんなことが原因なのでしょうか。
31	1	/QH00.MAP	伝説の剣といえば、【桜吹雪】っていう伝説の刀があるそうですね。
31	1	/QH00.MAP	東方の不思議な力を持つ天女の羽衣とは、どんなものなのでちゅか？
31	1	/QH00.MAP	その顔は、子供にそんなことが分かるのか、と疑っているでちゅね？
31	1	/QH00.MAP	今はまだその時ではないけれど、必ず、再建しますよ、ヘクター様。
31	1	/IZ00.MAP	お前と共に戦いたい、力になりたい、助けたいと思っているからさ。
31	1	/IZ00.MAP	グラビティの長老が書いた「イクシーズ構造論」という本がござる。
31	1	/ZM00.MAP	あれだけひどい仕打ちを受けたのにそんなすんなり許しちまうのか！
31	1	/ZM00.MAP	古代の資料でもないかぎり、新たな技を生み出すのは至難の技だな。
31	1	/ZM00.MAP	ったく、ミュウ様がオレ達のことを見捨てるワケが無いじゃないか。
31	1	/ZM00.MAP	あの泣き虫で有名だったラスティ王子が、今じゃ救国の英雄だとさ！
31	1	/DG10.MAP	これはこれは、ミュウ王女・・・。竜騎士にして、ドラグーンの華。
31	1	/DG10.MAP	・・・なるほど、積もり積もった恨みを晴らそうというワケですな。
31	1	/DG10.MAP	それよりも、ここから出よう。みんなの家族も心配しているだろう。
31	1	/IS10.MAP	この上は、いかなることがあろうとも、ミュウ殿に協力いたす所存。
31	1	/IS00.MAP	確か、リグロード戦役でエヴァン様と共に戦った古代遺跡の番人だ。
31	1	/IS00.MAP	わぁ、大きな石像だねぇ。一体、どういう材料でできてるんだろう？
31	1	/KR00.MAP	まさか本物がこんな田舎を訪れるとは露知らず、失礼いたしました。
31	1	/KR00.MAP	女だからとか、王女だからとか、そういうことは関係ございません。
31	1	/KR00.MAP	なんなら、私が適当に、活きのいいのを見繕って参りましょうか？！
31	1	/KR00.MAP	カダール軍の奴ら、リグロードに伝わる伝説を研究してるらしいよ。
31	1	/KR00.MAP	盗賊の金貨投撃の技は、金貨を投げつけて攻撃する技なんですって！
31	1	/KR00.MAP	次元の扉というのは、カカルクランとかいう異世界へと通じる扉で、
31	1	/KR00.MAP	いかんいかん、しっかりしなければ。美しい言葉が失われてしまう。
31	1	/KR00.MAP	世の中は平和になったようだが、俺の傷はちっとも直らない・・・。
31	1	/KR00.MAP	せめて、あいつに、たった一言、愛してると伝えられたなら・・・。
31	1	/KR00.MAP	商売しようと思って、ヒガタからリグロードに渡ったはいいものの、
31	1	/DS00.MAP	されば、長居は無用！残党をけちらして、出口へ進むのみでござる。
31	1	/JG00.MAP	彼らは、制御できると思っているようですがカオスの力は強大です。
31	1	/JG00.MAP	そんな言い方しないでよぉ。もう会えないみたいじゃないの・・・。
31	1	/JG00.MAP	しばらくのお別れだから、一番いい顔でいたかったんだけど・・・。
31	1	/ST00.MAP	この島のどこかに、アローストーンがあるっていうんだけど・・・。
31	1	/OT00.MAP	あ、わかった、さてはユーカリさんに贈物でもしようって魂胆だな！
31	1	/OT00.MAP	何をやってるかは知らないが、おおかたロクでもないことだろうよ。
31	1	/OT00.MAP	大地の叫びが通れるようになったんで、コルベの村に行ってきたよ。
31	1	/OT00.MAP	おや、ホークアイじゃないか。その後、弟の行方はつかめたのかい？
31	1	/OT00.MAP	イクシーズって言う古代の船に乗って、空を飛んできたんだ・・・。
31	1	/AT20.MAP	我ら、なんじに死を与えまじ。我らと共に永遠の責め苦を負うべし！
31	1	/AT10.MAP	マラカイトは、アレクトリア大図書館の地下通路に隠されてたのか。
31	1	/AT10.MAP	ここの本の中に、イクシーズの修理方法がきっと書いてあるはずだ！
31	1	/AT00.MAP	カオスゲートの移動には、ゲートキーと呼ばれるアイテムが必要だ。
31	1	/AT00.MAP	７人委員会の暴走を止める抑止力として組織された独立機関のはず！
31	1	/AT00.MAP	それとも、他の武闘司書官を呼んで、力ずくで排除されたいのか！？
31	1	/AT00.MAP	まぁ、正直に言って、あんたの親父の言ってることは気に食わねぇ。
31	1	/AT00.MAP	それを調べる手っとり早い方法は．．．実際に入ってみることだな。
31	1	/AT00.MAP	他の大陸より離れているためか、あまり交易が盛んではありません。
31	1	/AT00.MAP	カダールを治める最高機関は、７人委員会と呼ばれる政府機関です。
31	1	/AT00.MAP	私は、魔法力の根源というものに関して、次のように推察してみた。
31	1	/AT00.MAP	我々の属するこの世界とは、属性の異なる世界に源を持つ力がある。
31	1	/AT00.MAP	大地のプラナーを吸収し、背骨にそってプラナーをチャクラに注ぐ。
31	1	/AT00.MAP	難しくはあったが、学者としての私は、何よりも研究を愛していた。
31	1	/AT00.MAP	だが、それもこれも、私という人間のもう一つの素顔に他ならない。
31	1	/MP00.MAP	ア～ちゃんが行くっていうんなら、もちろんあたしも一緒に行くよ！
31	1	/MP00.MAP	志なかばにこの世を去った友に、味あわせてやりたかったのですが。
31	1	/MP00.MAP	レジスタンス狩りのせいで、この町の住民も随分入れ替わりました。
31	1	/MP00.MAP	なんでも本の持つ特殊なパワーを引き出して攻撃するんだそうだぜ。
31	1	/MP00.MAP	レジスタンス粛正で逃げ出した人達も、ぼちぼちかえって来てるゼ。
31	1	/MP00.MAP	いずれはリグロードやヤマタイとも交易を始めたいと考えています。
31	1	/MP00.MAP	そうしておいて襲って来るらしいから、気をつけたほうがいいわよ。
31	1	/KS00.MAP	これは・・・一体、何ですの？わたくしにもまるで分かりませんわ。
31	1	/KS00.MAP	もう一度グラビティの町で人々の話に耳をかたむけてはどうかしら？
31	1	/KS00.MAP	ガルマンオーブのありかが分からないなら、グラビティの人達の話を
31	1	/KS00.MAP	何よ、ホコリだらけじゃない！掃除くらいしといて欲しいもんだわ。
31	1	/KS00.MAP	・・・どうやら、このくぼみにガルマンオーブを置くようでしてよ。
31	1	/GB00.MAP	言い伝えによれば、熱き死の砂、ふみしめ行くべし、と、あります。
31	1	/GB00.MAP	この天変地異が、自然の力によって引き起こされたとは思えないよ。
31	1	/GB00.MAP	今では、その金属が存在したことさえ知られていないのです・・・。
31	1	/GB00.MAP	ドリームラビリンスに入ったものは、２度と出られなくなるそうよ。
31	1	/GB00.MAP	まだ長老様に会ってないんだったら、ぜひ、会ってやって下さいよ。
31	1	/GB00.MAP	歴史ってのは不思議なもんだね。何もない数世紀が続くかと思えば、
31	1	/GB00.MAP	光なす翼の力を悪用する者のないよう、それを守るのが我らの使命。
31	1	/GB00.MAP	汝らならば、きっとそのカギが必要となる場所を捜しだすであろう。
31	1	/GB00.MAP	なるほど、「イクシーズ構造論」を読んでいただいたとは話が早い。
31	1	/GB00.MAP	おお、これこそが、イクシーズの船体を成している鉱石マラカイト！
31	1	/IP10.MAP	ああ、まさに古代魔法文明の粋が、今ここにあるのですわ・・・。 
31	1	/IP10.MAP	それじゃまるで、ア～ちゃんが考えなしの戦闘好きみたいじゃない！
31	1	/IP00.MAP	こういうのは、オレじゃなくて、シラナミが得意なんだがな・・・。
31	1	/SB00.MAP	これ以外にも、わたくしの知らない出口があるかもしれませんわね。
31	1	/NT30.MAP	沢山の罪もない人々を傷つけた代償を、今ここで支払ってもらうッ！
31	1	/NT30.MAP	いずれは消えていくもの・・・遅いか早いか、それだけのことです。
31	1	/NT30.MAP	カオスゲートが使えないとなれば、あなた達の足もにぶるでしょう。
31	1	/NT20.MAP	キサマらの目的は何だ！？どうしてボク達の国を襲ったりしたんだ！
31	1	/NT20.MAP	その前にあなたは委員会への反対運動をしていたではありませんか。
31	1	/HL10.MAP	７人委員会様に盾突く奴らがいるらしい。なんてバカなんだろうね。
31	1	/HL10.MAP	な、なぁに、大したことじゃない、そのうちおさまるはずさ・・・。
31	1	/HL10.MAP	金が足りなきゃ売れないぜ。こっちも商売だからな。悪く思うなよ。
31	1	/CK00.MAP	お金が足りないようだね。お金の都合がついたら、また来ておくれ。
31	1	/CK00.MAP	でも、こんなところに置いておいたら他の人の迷惑になるでしょう？
31	1	/CK00.MAP	明らかに何者かが放火したのでし。たぶん、カダールの奴らでしよ。
31	1	/CK00.MAP	奴らにはこの借りを必ずかえして、ギャフンと言わせてやるでしよ。
31	1	/CK00.MAP	大丈夫、お兄ちゃんは強いでし。そう簡単にやられたりしないでし。
31	1	/CK00.MAP	お前が安心して暮らせるように、悪い奴等をやっつけてくるのでし。
31	1	/CK00.MAP	そんで、秘義っていうのは、砲術のことなんだって、すごいでしょ！
31	1	/CK00.MAP	あんなのより、ままごとのほうがずっとずっと面白いのにィ・・・。
31	1	/CK00.MAP	【ヒヒイロカネ】を扱える、優秀なカタナ職人がいればいいんだが。
31	1	/OB00.MAP	何か仕掛けがあるみたいだけど、今は打つ手がないみたいね・・・。
31	1	/OB00.MAP	何かあるって言っても、この谷を渡れなきゃ、確かめようがないね。
31	1	/MH00.MAP	おいおい、どうなってんだ、世界は平和になったんじゃないのかよ！
31	1	/MH00.MAP	ゲテン城は、歴代のゲンユウサイが居城にしたことで知られる城さ。
31	1	/MH00.MAP	ゲンユウサイってのは、結局、暴力で世界支配を企む独裁者なのさ。
31	1	/MH00.MAP	たとえ世の中が平和になっても、あの人の行方は分からない・・・。
31	1	/MH00.MAP	どうやら、ケガをして動けないらしんいだ。手紙を預かってきたよ。
31	1	/MH00.MAP	他人から与えられた平和なんて、簡単に他人に奪われちまうからね。
31	1	/MH00.MAP	ええか、まずあんたらが、今みたいにヤマタイにいてるんやったら、
31	1	/GT10.MAP	つつましく生きる人々の、ささやかな平和を乱したのは、おまえか！
31	1	/GT10.MAP	せっかく訪ねてもらいましたが、すぐに旅だっていただきましょう。
31	1	/KD00.MAP	ここには【天邪の鏡】がぴったりはまるようになってるようなのね。
31	1	/KD00.MAP	ここには【蓬莱の珠】がぴったりはまるようになってるようなのね。
31	1	/KD00.MAP	ガルザードを倒して、ヤマタイとリグロードに平和を取り戻すんだ！
31	1	/SK10.MAP	どこかで必要になるかもしれないよ。その時のために持っておこう。
31	1	/SK00.MAP	この扉を開ければ、カムイコタンの人達を助け出すことができるゼ！
31	1	/SK00.MAP	この扉を開ければ、カムイコタンの人達を助け出すことができるよ！
31	1	/KM10.MAP	確かに、戦って彼女を助けるしか方法はないのかもしれない・・・。
31	1	/KM10.MAP	カムイコタンの神々も・・・きっとそれを望んでらっしゃる・・・。
31	1	/KM00.MAP	ラスティは大丈夫だよ。今は疲れてるだけで、ぐっすり眠ってるよ。
31	1	/KM00.MAP	なんでも聞いたところでは、クリカラがカダールに襲われたらしい。
31	1	/KM00.MAP	あの美しさに魅せられ、ひたすらに、カタナを作り続けたが・・・。
31	1	/KM00.MAP	確かに、【ヒヒイロカネ】なんだが、このままじゃ使えない・・・。
31	1	/GH00.MAP	あそこまでたどりつけば外に出られるってこと、教えてあげないよ！
31	1	/HS00.MAP	後から割り込んできたって、ふたりの間に入りこむ隙間はないわよ！
31	1	/HS00.MAP	それはゴジョウの町を中心に、悪い商人や役人から金品を盗んでは、
31	1	/HS00.MAP	本当、どうしようかと思ったけど、住めば都とは良く言ったものさ。
31	1	/GM00.MAP	ゴジョウの大橋は壊されたけど、久しぶりに胸がスッとしましたわ。
31	1	/GM00.MAP	そないなワケで、カダールの連中がいてる今は、何も言えしまへん。
31	1	/GM00.MAP	結局のところ、強さ言うのんは、心のありようと違うやろか・・・。
31	1	/GM00.MAP	そないなワケで、カダールの連中がいてる今は、何も言えへんねん。
31	1	/GM00.MAP	最近、シラナミはお仕事してへんみたいやけど、どないしたんやろ？
31	1	/GM00.MAP	ホウショウ院を仕切ってる怪物は、いっぴきだけじゃないみたいや。
31	1	/GM00.MAP	今、ゴジョウの話題は何といっても、女義賊のシラナミのことやね。
31	1	/GM00.MAP	おやめにならはるんですね。ほな、ほかにご用はございますやろか？
31	1	/GM00.MAP	・・・用もないことだし、ジャマしちゃ悪いから、このまま帰ろう。
31	1	/NJ10.MAP	それにオレは、今回の件で、ミュウ達に借りができちまったんでな。
31	1	/NJ00.MAP	注意力を最大限に引き出せ！でなきゃ、生き残ることはできねぇぜ！
31	1	/IG10.MAP	キミにドラグーン救出のための援軍をお願いに来たんだけど・・・。
31	1	/IG10.MAP	あちこちで反抗してる奴らもいるが、何せカダール軍の方が大軍だ。
31	1	/IG10.MAP	お礼は、リグロードを助けに来てくれることで帳消しにしてあげる！
31	1	/IG00.MAP	なんでも、悪い奴から盗んだ金を貧しい人達に与えているらしいよ。
31	1	/IG00.MAP	いつまでもフラフラしてないで、そろそろ落ち着いたらどうなのよ！
31	1	/NZ10.MAP	それには、時々気付いてたよ。特に、そんな風に胸を張った時とか。
31	1	/NZ10.MAP	この氷の封印は、人が侵入することで破れるようになっていたのか！
31	1	/NZ00.MAP	ああ、あの甘い記憶に、豊満な胸はドキドキしてしまうの、なのね！
31	1	/NZ00.MAP	ちょいと説明しておくが、ここは昔から怪物のたまり場になってる。
31	2	/WR02.MAP	乗るだけなんて言わずに、出来れば操縦をお願いしたいぐらいだよ。
31	1	/WK00.MAP	・・・恐らく、７人委員会が残した恨み、悪意、そういった思念が、
31	1	/WK00.MAP	そちらの戦列に加わらない人を、こちらに帰していただけませんか。
31	1	/WR00.MAP	ここにくる途中で見えたあの町、確かザルマとか言う町だったよな？
31	1	/WR00.MAP	そんなモンがあるんなら、オレ達の協力なんか必要ねぇじゃねぇか。
31	1	/WR00.MAP	うん、確かにカギがかかってる。これはあたしには開けられないよ。
31	1	/WR00.MAP	・・・カダール軍に占領されたと聞いて、覚悟はしてたけど・・・。
31	1	/WC00.MAP	港町ポポロンか・・・。それって、どの方向へ向かえばいいのカナ？
31	1	/WC00.MAP	約束では、お互い協力するのはここまでという取り決めでしたわね。
31	1	/WC00.MAP	ええっと、それってつまり・・・もうしばらく協力しようってコト？
31	1	/WC00.MAP	その後、あなたの仲間捜しにつきあってさしあげてもよろしくてよ。
31	1	/WC00.MAP	世界の平和なんて、普通の女の子が背おえるほど軽いものじゃない。
31	1	/WC00.MAP	ようし、俺様が、７人委員会の野望阻止を手伝ってやるのだ～ゼー！
31	1	/WC00.MAP	なんかあるかと思って来たが、これじゃ、調べることはできねえな。
31	1	/WY00.MAP	見つからないようにすれば、町の中を見て回ることもできそうだよ。
31	1	/WY00.MAP	あんた達をリグロードに送るため、このヒガタで待とうとしたのさ。
31	1	/BOT5.MAP	視点４-------------街視点------------
31	1	/BOT4.MAP	ヤマタイでの追加イベントを通ってきたようにフラグ変更しました。
31	1	/WAZAHELP.MSG	黒い鳥が舞い踊り、世界を覆い尽くした後に消え去る暗黒魔法です。
31	1	/WAZAHELP.MSG	この術を受けたものは攻撃力などが下がり、弱くなってしまいます。
31	1	/WAZAHELP.MSG	味方キャラクターの受けたダメージを１００ポイント回復させます。
31	1	/WAZAHELP.MSG	味方キャラクターの受けたダメージを２００ポイント回復させます。
31	1	/WAZAHELP.MSG	味方キャラクターの受けたダメージを４００ポイント回復させます。
31	1	/ITEMHELP.MSG	聖なる光につつまれた矢で、闇を射ちくだく力があると言われます。
31	1	/ITEMHELP.MSG	高い確率で射手みずからの命を奪い取ってしまうおそろしい弓です。
31	1	/ITEMHELP.MSG	その名のとおり、かみかざりです。女性の方のみご使用になれます。
31	1	/ITEMHELP.MSG	聖なる力を宿した美しい兜です。もちろん防具としても一級品です。
31	1	/ITEMHELP.MSG	ウロコの形をした金属片をつなぎ合わせた戦士のためのよろいです。
31	1	/ITEMHELP.MSG	大地の精霊の力を受け、魔法に対する力を高めた戦士用よろいです。
30	1	/FIR1.MAP	そうすれば、敵が滑り落ちて、ダメージを与えられるのだ～ゼー！
30	1	/FIR0.MAP	ミュウ！竜に変身して、「ウィンド」で敵を下に叩き落とすんだ！
30	2	/KB00.MAP	こんなところでケガをしてちゃ、足でまといになっちゃうもんね。
30	1	/KB20.MAP	誰に向かって刃を向けているのか、再教育の必要がありましてよ。
30	3	/TJ61.MAP	ＡチームとＢチームに別れた闘いの、勝者を当てるゲームなのサ。
30	2	/TJ41.MAP	けど、もしも、勝ち残れたら、そらもう、あんさん、英雄ですわ。
30	1	/BL00.MAP	ようこそ、隠れ里バトラムへ。試練の迷宮には挑戦してみたかい？
30	1	/CT20.MAP	止められるものなら、止めてみろ！倒せるものなら、倒してみろ！
30	1	/CT20.MAP	しかたない、魔法球はこのままにして、元の世界に戻ろう・・・。
30	1	/CT20.MAP	よし、７人委員会を倒したぞ！これで世界に平和が訪れるだろう。
30	1	/CT20.MAP	されば、魔法球は、このままに、元の世界に戻るがよろしかろう。
30	1	/CT20.MAP	魔法球を壊せばカオスの力が解放されるかもとれないのだ～ゼー！
30	1	/CT20.MAP	どんな力を持っているのか天才の俺様でもわからないのだ～ゼー。
30	1	/CT10.MAP	あの方達を倒すしかないようですわね。でわ、まいりましょうか。
30	1	/OT02.MAP	そうだ！じゃあ、ガルマンオーブは、ドラグーン王家が預かるよ。
30	1	/OT02.MAP	それで、残ったイクシーズの船体は、ディアーネさん達にあげる。
30	1	/OT02.MAP	えええっ！こんなスゴイ船を本当にもらっちまっていいのかい！？
30	1	/KM01.MAP	では、さらばだ、我が友よ！再びあうことを楽しみにしているぞ！
30	1	/GM01.MAP	大切なヒトを見つけたら、抱きしめて、絶対に離しちゃだめだよ！
30	1	/CK01.MAP	だから、疲れた心を休めるのには、とっても、いい場所なんでし。
30	1	/OT01.MAP	戦争は何も生まないってこと、どうしてわかんないのかね・・・。
30	1	/ZM01.MAP	ディアーネの先祖は、リグロード戦役でアーサー様と一緒に戦った
30	1	/ZM01.MAP	お二人で甘い時間をお過ごしのために、いらっしゃったんですか？
30	1	/ZM01.MAP	そうですか、じゃあ、お二人のことを冷やかす者もいたでしょう？
30	1	/ZM01.MAP	なんだ、やめちまうのか。ほかに何か用はあるかい、ミュウ王女？
30	1	/ES01.MAP	ルゥナ殿に、ミュウ姫がここに戻られるとお聞きしたのでござる。
30	2	/ES10.MAP	俺様のビューティホでワンダホーな肉体が映っているのだ～ゼー！
30	2	/ES10.MAP	あれが７人委員会の連中ね。まったく、ロクなもんじゃないわね。
30	1	/WS01.MAP	ルゥナが、みんながここに戻ってくると、教えてくれたのですわ！
30	1	/WS01.MAP	くそっ、俺もカカルクランに乗り込んで暴れまわってやりたいぜ！
30	2	/WS10.MAP	あれが７人委員会でござるか。奴らこそ、全ての元凶でござるな。
30	1	/ES00.MAP	ふぅん、水晶柱ってのは、これか。なかなか、きれいなもんだな。
30	1	/ES00.MAP	この硬い水晶を作って弾を作れば、威力の高い砲が作れるでしね。
30	1	/MK00.MAP	何もかも破壊してやる！私こそが永遠に世界の支配者になるのだ！
30	1	/MK00.MAP	ここでは敵の魔法にどうやって耐えるかで勝負が決まると思うよ。
30	1	/MK00.MAP	あいつたちの魔法にどうやってたえるかで勝負が決まるの、なの。
30	1	/MK00.MAP	奴等の魔法にどのようにして耐えるかで勝負が決まりましょうぞ！
30	1	/RT20.MAP	そして、全ての自然と、そこに生きる全ての命とを守って下さい。
30	1	/RT20.MAP	必要なことを・・・学んだ我々は・・・カオスの力を使い・・・、
30	1	/RT20.MAP	でも、今は壊れていますわ、とても飛べそうにはありませんのよ。
30	1	/RT20.MAP	それでも、空から入る以外に、幽玄の森に入る方法はないのです。
30	1	/RT20.MAP	とりわけ、空飛ぶ船については大陸屈指の学者だったとか・・・。
30	1	/RT20.MAP	とりわけ、空飛ぶ船については大陸屈指の学者だったっていうし。
30	1	/RT20.MAP	とりわけ、空飛ぶ船については大陸屈指の学者だったらしいでし。
30	1	/RT20.MAP	ホークアイの弟ファルコの所在も確認できるってことなの、なの。
30	1	/QH00.MAP	早く帰ってきて王座を継いで、俺達を安心させてくれよ、頼むぜ。
30	1	/QH00.MAP	あの塔に潜入した者もありましたが、すべて帰ってこないのです。
30	1	/QH00.MAP	アレですね、バカな子ほど可愛いっていうのは本当のことですね。
30	1	/QH00.MAP	お前たちに何か出来ると思えないが、妙な考えをおこすでないぞ！
30	1	/IZ00.MAP	なぁにがラブラブ大作戦よ！あたしの真似してるだけじゃないの！
30	1	/IZ00.MAP	マラカイトだけでは、イクシーズを修理することはかないませぬ。
30	1	/IZ00.MAP	やったァ！ありがとうファルコ！！ありがとうディアーネさん！！
30	1	/IZ00.MAP	７人委員会に、ついに次元の扉の封印を解かれてしまったのです。
30	1	/IZ00.MAP	彼らは、ガルマンオーブを持って、カカルクランに向かいました！
30	1	/ZM00.MAP	その後、ディアーネの船でヤマタイまでたどりついたんだったな？
30	1	/ZM00.MAP	城に仕えていたヤツらも、今は地下に監禁されてるってはなしだ。
30	1	/ZM00.MAP	ミュウ様ならきっとやって下さると、あっしは信じていましたぜ！
30	1	/ZM00.MAP	この国の未来も安泰だ。ミュウ様、どうか、王位を継いで下さい。
30	1	/ZM00.MAP	いやぁ、世間のウワサというものは、信用できないもんですなァ。
30	1	/ZM00.MAP	少なくとも、ワガママで気が強いこと以外は、良い王女様ですわ。
30	1	/IS10.MAP	ここに埋もれておるのではないかと考えていたようなのでござる。
30	1	/IS10.MAP	されば、姫、さっそく、イクシーズ号墜落現場に参りましょうぞ！
30	1	/KR00.MAP	でも、カダールの奴ら、遺跡に人を集めて何か捜してるらしいよ。
30	1	/KR00.MAP	新しい伝説と若き英雄たちと、そしてこの店の将来にかんぱいだ！
30	1	/KR00.MAP	私は、ミュウ王女の、お忍び旅行をご案内したことがあるんです。
30	1	/KR00.MAP	クィーンズランドのお城はいつになったら建て直されるのかしら。
30	1	/KR00.MAP	平和になったおかげで、コルベツアー社も活気が出てきましたよ。
30	1	/KR00.MAP	わー、世界の終りだ！もう何もかもすごいことになっちゃうんだ！
30	1	/KR00.MAP	しがない村人にすぎない私ですが、世界を成り立たせているのは、
30	1	/KR00.MAP	恋人をヒガタに残してきちまったが、無事でいるだろうか・・・。
30	1	/KR00.MAP	この手紙を渡す相手の、タカオさんを捜しているんだけど・・・。
30	1	/KR00.MAP	虫のいい話だとあきれるだろうが、俺からの手紙も頼まれてくれ！
30	1	/DS00.MAP	どうやら敵の幻術がとけて出口が見えるようになったみたいだね。
30	1	/JG00.MAP	私は次元の扉の守り人、ルゥナ。そして、ここが、次元の扉です。
30	1	/JG00.MAP	この次元の扉を通ることで、カカルクランに行くことができます。
30	1	/JG00.MAP	次元の扉を開けますが、その前に、同行する仲間を選んで下さい。
30	1	/JG00.MAP	そういうこと。ま、オレが強いのは最初っから分かってたけどな。
30	1	/JG00.MAP	でも大丈夫だよ！世界には沢山の善良でまじめな人達がいるから。
30	1	/JG00.MAP	なぁに、とっちらかったこと言ってるのよ、このネコミミ人形が！
30	1	/OT00.MAP	心配しなさんなって、オルトマから自由に船が出せるようになりゃ
30	1	/AT20.MAP	なるほど、さっきの仕掛けは、この橋をかけるためだったのだな。
30	1	/AT00.MAP	このアレクトリア大図書館の武闘司書官としての自覚はあるのか！
30	1	/AT00.MAP	一瞬のうちに、別の場所のカオスゲートに移動することができる。
30	1	/AT00.MAP	今日かぎり、アレクトリア大図書館武闘司書官の地位を剥奪する。
30	1	/AT00.MAP	何をスカポンタンなこといってるの、なの！ナズナのものなのね！
30	1	/AT00.MAP	このアレクトリア図書館で情報入手を期待していたのだが・・・。
30	1	/AT00.MAP	カダールにおいて、７人委員会と同じくらい重要な地位を占める、
30	1	/AT00.MAP	・・・と、言われているが、実際のところを確かめた者はいない。
30	2	/AT00.MAP	イクシーズで西か東へ向えばやがてリグロードにいたるであろう。
30	2	/AT00.MAP	そして、リグロードにおるとすれば、東か西に向えばヤマタイに、
30	1	/AT00.MAP	ベルセター著、冒険活劇剣豪伝「美少女剣士、黒の雷光」第１話。
30	1	/AT00.MAP	ベルセター著、冒険活劇剣豪伝「美少女剣士、黒の雷光」第２話。
30	1	/AT00.MAP	ベルセター著、冒険活劇剣豪伝「美少女剣士、黒の雷光」第３話。
30	1	/AT00.MAP	ベルセター著、冒険活劇剣豪伝「美少女剣士、黒の雷光」第４話。
30	1	/AT00.MAP	男は、レイスと化していた。死にながら生きるアンデッド・・・。
30	1	/AT00.MAP	ベルセター著、冒険活劇剣豪伝「美少女剣士、黒の雷光」第５話。
30	1	/AT00.MAP	ベルセター著、冒険活劇剣豪伝「美少女剣士、黒の雷光」最終話。
30	1	/AT00.MAP	彼の心は、支配と征服と戦争と破壊とに無上の喜びを感じている。
30	1	/AT00.MAP	私は、炎とマグマによって、自分自身の罪をあらい流そう・・・。
30	1	/MP00.MAP	元気だった主人の姿はなく、整理されていた店内は見る影もない。
30	1	/MP00.MAP	一時のいこいを楽しんでいた人々のざわめきは、もう聞こえない。
30	1	/MP00.MAP	魔法の攻撃力は、高さが違うとずいぶん変化するって本当かねぇ？
30	1	/MP00.MAP	伝説の魔導士ってのが、どこかに閉じ込められてるらしいですよ。
30	1	/MP00.MAP	建国以来、７人委員会という政治組織によって統治されています。
30	1	/MP00.MAP	砂漠に眠るピラミッドの中には、様々なトラップがあるって話だ。
30	1	/MP00.MAP	どうすれば人々の意思を政治に取り入れることができるのかしら。
30	1	/MP00.MAP	西に向かえばリグロードに、東に向かえばヤマタイに着きますの。
30	1	/MP00.MAP	わたくしたちの活動と関係のない人々まであやめるなんて・・・。
30	1	/MP00.MAP	古代魔法文明の技術によって作られたと言われる空飛ぶ船ですわ！
30	1	/KS00.MAP	とりあえず、ガルマン・オーブとやらを捜しに行くのが先決だな。
30	1	/KS00.MAP	どうやら、先に床の仕掛けをさぐった方がよろしいようですわね。
30	1	/GB00.MAP	古代魔法時代に作られた【ヒヒイロカネ】という金属があります。
30	1	/GB00.MAP	死の砂漠を越えた先に、ドリームラビリンスという迷宮があるの。
30	1	/GB00.MAP	ドリームラビリンスには、伝説の魔導士が眠っているらしいわよ。
30	1	/GB00.MAP	伝説のっていうぐらいだから、相当ウデのたつ魔導士なんでしょ。
30	1	/GB00.MAP	イシスのピラミッドってのは、確か砂漠を越えた先にあるはずだ。
30	1	/GB00.MAP	おお、客人が尋ねてくるとは、なんともひさかたぶりの事じゃな。
30	1	/GB00.MAP	じゃあ、そのガルマンオーブがあれば、イクシーズは復活する？！
30	1	/GB00.MAP	「イクシーズ構造論」を読んで、長老を訪ねようと思ったのです。
30	1	/GB00.MAP	あらン？お荷物がいっぱいのようですわ。次の機会になさっては？
30	1	/DL00.MAP	気を付けるのだ～ゼー！このフロアには仕掛けがあるのだ～ゼー！
30	1	/IP00.MAP	つまり、この扉を開けるには、出直してこないとだめってこった。
30	1	/IP00.MAP	されど、餅は餅屋、カギのことはシラナミに聞くがよろしかろう。
30	1	/IP00.MAP	でも、わたくしにも、それがどんなものかは分かりかねましてよ。
30	1	/NT21.MAP	今こそ、我らの計画を実行に移すとき。もって世界に覇を為さん！
30	1	/NT21.MAP	ふ、どうやら、客が到着したようだ。せいぜい遊んでやることだ。
30	1	/NT21.MAP	これは、ボクがヤマタイから来た時のカオスゲートとは違うよね。
30	1	/NT30.MAP	魔導王国カダールの未来のために、消えてもらわねばなりません！
30	1	/NT30.MAP	しかし、我らがこの覇を世に成さねば、人類の進歩はあり得ない！
30	1	/NT30.MAP	きたるべき世界にふさわしくないゴミ溜めのような街でしたから、
30	1	/NT20.MAP	父上はアレクトリア大図書館館長の要職にあるというのに・・・。
30	1	/NT20.MAP	さっきの話からすると、７人委員会に反対しているみたいだけど。
30	1	/HL10.MAP	いらなくなったもんある？買ってやってもいいかなァ、みたいな。
30	1	/HL00.MAP	アンジュは、枯木を押してみようかと一瞬思ったが、思い直した。
30	1	/CK00.MAP	あらン？お荷物がいっぱいのようですわ。また今度になさっては？
30	1	/CK00.MAP	カダールの奴ら、ついに力ずくで俺達の技術を奪いにきやがった。
30	1	/CK00.MAP	この村で一番腕のたつイニシエは、なんといっても、タタラだな。
30	1	/CK00.MAP	でも、それ以前に、ボク達がいる間に姿を見せるかどうか・・・。
30	1	/CK00.MAP	きっと帰ってくるでし。それまで、ちゃんと留守番してるでしよ。
30	1	/CK00.MAP	留守中、ヒバリちゃんったら、タタラのことしか話さないんだよ。
30	1	/OB00.MAP	何か仕掛けがあるみたいだけど、今は打つ手がないみたいなのね。
30	1	/OB00.MAP	ちょっとは腕をあげたようじゃな！じゃが、まだまだじゃぞえ～。
30	1	/OB00.MAP	わらわに無断でおぼろ谷に入り込むとは、一体どこの愚か者じゃ！
30	1	/OB00.MAP	おお、ドラグーンとな！わらわの祖母が遠征した場所ではないか！
30	1	/OB00.MAP	どうじゃ、おぼろ谷のアヤヒメの名は、今も語り継がれておるか？
30	1	/MH00.MAP	カダールっていうのは、ここからはるか南にある島国だって話よ。
30	1	/MH00.MAP	以前はリグロードのオルトマまで交易路が結ばれていたのだけど、
30	1	/MH00.MAP	聞けばリグロードの竜騎士が世界を救ったってはなしじゃないか！
30	1	/MH00.MAP	本当だったら、遊んで暮らせるだけの財産ができるんだけどねェ。
30	1	/MH00.MAP	何やってんだい、じれったいね！ちゃっちゃと片付けておくれよ！
30	1	/MH00.MAP	古今、あそこを根城にするようなヤツにロクなのはいなかったね。
30	1	/MH00.MAP	お願い、あの人にどうかこの手紙を渡して。そして伝えて・・・。
30	1	/MH00.MAP	ああ、翼があれば・・・、今すぐリグロードへ飛んでいけるのに。
30	1	/MH00.MAP	いつか出会うはずの王子様がまだあらわれないんですもの・・・。
30	1	/MH00.MAP	西に向かえばリグロードに、東に向かえばヤマタイに着くわけや。
30	1	/GT20.MAP	これは、ボクがカダールに行った時のカオスゲートとは違うよね。
30	1	/GT10.MAP	足元にジャレつく目障りな子犬どもを、けちらしてくれましょう！
30	1	/KD00.MAP	ここには【八坂の勾玉】がぴったりはまるようになってるのよね。
30	1	/SK10.MAP	その子供達はカムイコタンの子供達だ！お前の子供であるものか！
30	1	/SK10.MAP	老いぼれじゃと馬鹿にしておると、痛い目を見ることになるぞえ！
30	1	/SK10.MAP	どうやら、あの子供達を自分の孫だと思い込まされてるみたいだ。
30	1	/SK10.MAP	ミュウから聞いた話の通りのヤツなら確かにやりそうなこったゼ。
30	1	/SK00.MAP	ここにいるみんなを連れてちゃ、これ以上、先にはすすめないな。
30	1	/SK00.MAP	この扉を開けば、カムイコタンの人達を助け出すことができるよ！
30	1	/SK00.MAP	この扉を開けば、カムイコタンの人達を助け出すことができるね！
30	1	/SK00.MAP	この扉を開ければ、カムイコタンの人達を助け出すことができる！
30	1	/KM10.MAP	はぁ、はぁ、はぁ、はぁ。まだ・・・まだ、足りないのか・・・。
30	1	/KM10.MAP	おいおい、何なんだ、こりゃ？カダールに村人を差し出してるぜ？
30	1	/KM10.MAP	目指すは、ホウライ山の頂上、星陵郭。この村から北西の方角だ。
30	1	/KM00.MAP	神々よ、カムイコタンの荒神達よ、われらをお救い下され・・・。
30	1	/KM00.MAP	離れているのは私も辛いけど、体に気を付けて行ってらっしゃい。
30	1	/KM00.MAP	お金が足りんようじゃの。お金の都合をつけてから、来て下され。
30	1	/KM00.MAP	関所を越えれば、ヤマタイ最大の町ゴジョウに行くことができる。
30	1	/KM00.MAP	世界も平和になったことだし、そろそろ落ちついたらどうなのさ。
30	1	/KM00.MAP	これは自然災害ではありません。何者かがつくりだした人災です。
30	1	/KM00.MAP	ユーカリが話すことといったら、カムイ様のことばかりで・・・。
30	1	/KM00.MAP	俺の師匠の師匠にあたる人が、作り上げた名刀【桜吹雪】・・・。
30	1	/KM00.MAP	あの美しさに魅せられひたすらに、カタナを作り続けたが・・・。
30	1	/KM00.MAP	いいかげん、カタナ作りにも見切りをつけようかと思ってたんだ。
30	1	/HS10.MAP	どうやらヤツを倒す以外に、ここを逃げ出す手段はないようだな。
30	1	/HS10.MAP	お、おい、そりゃあ、伝説の金属、ヒヒイロカネじゃないのか！？
30	1	/HS00.MAP	んふ☆アスカにお願いされるなんて、一生に何度もないことよね。
30	1	/HS00.MAP	あ～あ、なんだってオレのまわりにはこういう女ばっかりなんだ。
30	1	/GM00.MAP	ほんま、どっかの誰かが、アイツらをやっつけてくれへんやろか。
30	1	/GM00.MAP	例えば漬物石なんかを身に付けておくのんも一つの手でっしゃろ。
30	1	/GM00.MAP	平和やわぁ、あんまり平和やから、俳句でもひねってみましょか。
30	1	/GM00.MAP	大変やわぁ、あんまり大変やから、俳句でもひねってみましょか。
30	1	/GM00.MAP	人間でも、道具を使えば、特定の攻撃に耐性を持つことは可能や。
30	1	/GM00.MAP	これもこの戦乱の世が悪いのよ。義賊だった私には判る・・・・。
30	1	/NJ10.MAP	ナズナ洞にはなかったの、なの。でも、呪力を感じるの、なのね。
30	1	/NJ00.MAP	アスカかわいそぅ、なのね。ナズナがなぐさめてあげるの、なの！
30	1	/IG10.MAP	ウジ虫と腐肉を漁って地上を這いずり回るなど、オレにはできん！
30	1	/IG10.MAP	今じゃ、ヤマタイで石を投げればカダール軍に当るってな具合さ。
30	1	/IG10.MAP	親しくしてたそうだから、力になれないことを申し訳ないと思う。
30	1	/IG10.MAP	イガの西にある、忍者屋敷か・・・じゃあ、目指すのはそこだね。
30	1	/IG00.MAP	自分でぬれぎぬを晴らすなんて、さすがはイガ最強のシノビよね！
30	1	/IG00.MAP	名前なんてったっけな・・・、あの・・・ほれ・・・その・・・。
30	1	/IG00.MAP	これしきのことで心が乱れるようでは、シノビとして失格ですぞ！
30	1	/IG00.MAP	村のみんなはアスカ様がカダールに寝がえったとお考えですじゃ。
30	1	/IG00.MAP	こんな風に話題になっているとは、いやぁ、照れるでしね・・・。
30	1	/IG00.MAP	そんなに持てないだろ？まったく、欲の皮がつっぱってやがるぜ。
30	1	/IG00.MAP	いったいどうしたというのかしら、世界はどうなってしまうの！？
30	1	/NZ10.MAP	アスカとの初めての出会い・・・思い出すたびにうっとりなのね。
30	2	/WR02.MAP	ボクはドラグーンに行ってこの目で父上の安否を確かめたいんだ！
30	1	/WY02.MAP	ア～ちゃんに可愛いって言ってもらわなくてもいいもんね～だっ！
30	1	/WY02.MAP	ゲテン城にはカダール軍の司令官ガルザードってのがいるんだろ？
30	1	/WK00.MAP	でも、そっちでケリをつければ、こっちの世界も元に戻るんだろ？
30	1	/WR00.MAP	騎士の誇りにかけて、竜の血にかけて、もう、逃げたりはしない！
30	1	/WR00.MAP	ここは街道があったはずなんだけどこんな大きな亀裂が出来てる。
30	1	/WC00.MAP	船でいらっしゃるとすれば、港町ポポロンに到着するはずですわ。
30	1	/WC00.MAP	ほら、リグロード大陸を舞台にした戦争はいくつもあったでしょ。
30	1	/WC00.MAP	その点においては、皆さんと利害が一致していると言えますわね。
30	1	/WC00.MAP	もう１つ。この遺跡には、大切なものが保管されているってこと。
30	1	/WC00.MAP	おまえ達が倒した怪物は、夢を操る能力を持っているのだ～ゼー。
30	1	/WC00.MAP	ズギャっとたたきのめして、ぎゃふんと言わせてやるのだ～ゼー！
30	1	/WC00.MAP	きっと、アンジュ様のことやご公務で疲れておいでなのでしょう。
30	2	/SS10.MAP	敵を全部やっつけないと、この先にはすすめそうにないね・・・。
30	1	/WY00.MAP	ああ。この程度でへばってちゃ、敵とまともにやり合えないしな。
30	1	/WY00.MAP	大丈夫、女義賊の名前はダテじゃないよ。ドジは踏みませんって。
30	1	/WY00.MAP	で、人質のうち何人かをみせしめのために処刑するって言ってた。
30	1	/WY00.MAP	そいつがシノビを裏切り、カダールに寝返ったと思わせるために。
30	1	/WY00.MAP	じゃあ、イガの里でカダール軍の連中に誘われていたのは・・・？
30	1	/WY00.MAP	このところ、不審な連中があたりをうろついているようなのでな。
30	1	/WY00.MAP	土地の者の神聖な場所に、無断で入るのはマズイかもしれないぜ。
30	1	/WY00.MAP	今はミュウを助けるのが先決だろうが！戻ってるヒマはねェぜ！！
30	1	/WY00.MAP	ふーむ、この跡からすると、火事か何かがあったようだが・・・。
30	1	/BOT5.MAP	視点テスト                         
30	1	/WAZAHELP.MSG	舞うような剣さばきで敵を攻撃する技です。対空攻撃が可能です。
30	1	/WAZAHELP.MSG	1/4の確率で眠りをもたらす呪文です。敵味方を区別しません。
30	1	/WAZAHELP.MSG	この声を聞いたものは、ささやかれるままに操られてしまいます。
30	1	/WAZAHELP.MSG	使用した方の姿を隠してくれる、ヤマタイに伝わるアイテムです。
30	1	/ITEMHELP.MSG	指にはめると魔法を受けたときのダメージをやわらげてくれます。
30	1	/ITEMHELP.MSG	本にも妖精が宿ることがあります。大切にしてあげてくださいね。
30	1	/ITEMHELP.MSG	古来より、こぞって人々がもとめたと言われる名刀中の名刀です。
30	1	/ITEMHELP.MSG	知る人ぞしる「死者の書」です。恐ろしい暗黒の呪いを感じます。
30	1	/ITEMHELP.MSG	守りの力を高めることに重点をおかれた戦士用のヘルメットです。
30	1	/ITEMHELP.MSG	重いよろいを身につけることができない魔法使いのための服です。
30	1	/ITEMHELP.MSG	なめし皮の上に薄い鉄板をはりつけて守りを強化したよろいです。
29	1	/FIR3.MAP	本当におめでとう！このあと、自動的にリセットがかかります。
29	2	/KB00.MAP	俺様の行く手に立ちふさがるとは、強まったバカなのだ～ゼー！
29	1	/KB10.MAP	誰に向って刃を向けているのか、再教育の必要がありましてよ。
29	5	/TJ51.MAP	へたすりゃあの世行き、でも、勝ち残れたら一躍英雄ってワケ。
29	2	/BL00.MAP	おやめになるのですね。では、ほかに何かご用はございますか？
29	4	/BL00.MAP	またのご利用をお待ちしております。ありがとうございました。
29	2	/BL00.MAP	あら？お荷物がいっぱいのようですわ。次の機会になさっては？
29	1	/BL00.MAP	なお、この迷宮内でのできごとに当方は一切の責任をもたない。
29	1	/BL10.MAP	一行は扉を開けようとしたが、何をしても開きそうになかった。
29	1	/CT20.MAP	一度に全員は上がれないから各個撃破されないように注意しろ。
29	1	/QH01.MAP	ははは。お互い、しばらくは、国の再建で忙しいだろうからね。
29	1	/AT01.MAP	そういうわけですから、もう一度イクシーズに乗せて下さいな。
29	1	/OT01.MAP	とっとと済ましとくれよ。なにせ、リグロードが大変なんだろ？
29	1	/ZM01.MAP	あ、ミュウ姉様！西の森にあるっていう水晶を見に行こうよ！ 
29	1	/ZM01.MAP	お顔の色が優れぬようですが、何か心配ごとでもございますか？
29	1	/WR10.MAP	僕はいつでもミュウと一緒だよ。今までも、これからも・・・。
29	1	/WR10.MAP	でも、その前に、ザルマの町に寄ってこの先の様子を探ったら？
29	2	/ES01.MAP	みなさん、急いでください！私達に残された時間はわずかです。
29	2	/ES10.MAP	思っていたのでござるが、そうはならなかったようでござるな。
29	1	/WS01.MAP	ルゥナ殿にミュウ姫がここに戻られるとお聞きしたのでござる。
29	2	/WS10.MAP	あいつらのせいで、この森の怪物達が凶暴化しているの、なの！
29	1	/MK00.MAP	もはや、私の肉体は滅んだのだ。私にはふさわしい結末だった。
29	1	/RT20.MAP	僕は、今まで、これほど、誰かをにくいと思ったことはないよ。
29	1	/RT20.MAP	あそこには・・・優秀な頭脳と、・・・世界屈指の蔵書がある。
29	1	/RT20.MAP	私はこれまで、幽玄の森とともに、次元の扉を守ってきました。
29	1	/RT20.MAP	ホークアイの弟ファルコの所在も確認できるってことだ～ゼー！
29	1	/RT20.MAP	とりわけ、空飛ぶ船については大陸屈指の学者らしのだ～ゼー！
29	1	/RT00.MAP	階段の所で集中攻撃されないように二手に分かれた方がいいね。
29	1	/QH00.MAP	ってことは、また、あの時みたいな、大きな動乱になるのかね？
29	1	/QH00.MAP	なんでもラグロスを倒したのは、あのラスティ王子なんだって！
29	1	/QH00.MAP	なんだって、こんなにたてつづけに大事件ばかりおこるのかね。
29	1	/QH00.MAP	ど、ど、ど、ど、どうなってんだよ、どうなってんだよ、おい！
29	1	/QH00.MAP	今の心の支えは、クイーンズランド王国の復活を見ることです。
29	1	/QH00.MAP	この天変地異は、悪が滅びつつあるということなのでしょうか。
29	1	/QH00.MAP	もはやラスティ王子にはアドバイスは必要ないかもしれません。
29	1	/QH00.MAP	ラスティ王子万歳！　　　　　　　（クィーンズランド自治会）
29	1	/IZ00.MAP	だったら、いい機会じゃないか。じっくり考えてみることだな。
29	1	/IZ00.MAP	ごめんね・・・イクシーズ。ボク達のために働いてくれたのに。
29	1	/IZ00.MAP	そうすれば、またイクシーズ号は空を飛べるようになるんだね！
29	1	/ZM00.MAP	噂じゃ、ミディとロッサムの国境あたりも吹き飛ばしたらしい。
29	1	/ZM00.MAP	カダール軍を追い出したそうで、本当にありがとうごぜえやす。
29	1	/ZM00.MAP	あたし達のことを怒っておいでだからだって言うんですけどね。
29	1	/ZM00.MAP	↑ミュウ王女万歳！　　　　　　　　　　　　　　　（ナナイ）
29	1	/DG10.MAP	おしゃべりはこの位にして、雌雄を決しようではありませんか。
29	1	/DG10.MAP	リグロードからカダール軍がいなくなったわけではありません。
29	1	/DG00.MAP	たぶん、とらえられた人達は、地下に閉じ込められているはず。
29	1	/IS10.MAP	ある日、カダール軍に捕まって、ここに連れてこられたのです。
29	1	/IS10.MAP	７人委員会は、そんなところに何の興味を持ったのでしょうか。
29	1	/IS00.MAP	確か、伝説によれば、ダイガンは不死身とされていたんだけど、
29	1	/IS00.MAP	リグロードサーガの英雄の一人、ダイガンじゃありませんこと！
29	1	/IS00.MAP	ふぅむ、これは相当古いものでしね。しかも、見事な彫像でし。
29	1	/KR00.MAP	コルベツアー社のツアーで、のんびりと旅でもしてみようかな。
29	1	/KR00.MAP	信頼と実績で１００年の伝統を誇る、この村自慢の旅行会社さ。
29	1	/KR00.MAP	カダールはいなくなったってのに、何かイヤな予感がするんだ。
29	1	/KR00.MAP	間違いなく、ごく普通の人々の日々の暮らしの営みなのですよ。
29	1	/KR00.MAP	それはともかくとして、この天変地異は、恐ろしいことですね。
29	1	/DS00.MAP	出口が見当たらないのもまた敵のしわざによるものでござろう。
29	1	/DS00.MAP	おそらく、あの２体を倒せば、出口は姿をあらわしましょうぞ！
29	1	/DS00.MAP	くわえて、これらの橋には罠が仕掛けられているようでござる。
29	1	/JG02.MAP	次元の扉の守り人として、あなた達を通すわけにはいきません！
29	1	/JG00.MAP	やつらの野望がなくならない限り、この世界に平和は無いんだ！
29	1	/JG00.MAP	それが現実にどんな作用を及ぼすのか、わからないのです・・。
29	1	/JG00.MAP	ふん、なのね。アスカなんか、たいして好きじゃないの、なの！
29	1	/JG00.MAP	みなさんとお会いすることはないでしょう。さようなら・・・。
29	1	/OT00.MAP	あたしもリグロード式のひらひらした服を買っちゃおうかな～？
29	1	/OT00.MAP	カダールが攻めてきた、その次は、大自然の怒りですか・・・。
29	1	/OT00.MAP	なぁに、大丈夫ですよ、きっとどこかで元気でやってますって。
29	1	/OT00.MAP	そいつぁ、すごいねえ！空を飛ぶ船なんて見たこともないよ！！
29	1	/OT00.MAP	ま、こわれちまったとなりゃ、それも高望みってもんだろうね。
29	1	/AT20.MAP	ははーん、さっきの仕掛けは、この橋をかけるためだったのね。
29	1	/AT20.MAP	この狩人が、貴様らをポポロンの住人のように粛正してくれる！
29	1	/AT20.MAP	とはいえ、始末しきれなかった住民は、収容所送りにしたがな！
29	1	/AT20.MAP	もし、この溶岩の川に落ちでもしたら、一巻のおわりだろうな。
29	1	/AT20.MAP	このかがやき方は、イクシーズで見たのに良く似ているようだ。
29	1	/AT20.MAP	この鈍い色・・・この重さ。この光り方と、この手触り・・・。
29	1	/AT20.MAP	・・・カオスの力以外に考えられないんじゃありませんこと！？
29	1	/AT00.MAP	見た目は少し怖そうですのに、本当はとても可愛い方ですのね？
29	1	/AT00.MAP	なんか悔しいのね。アスカとシラナミが仲良く喧嘩してるのね！
29	1	/AT00.MAP	ようやくわたくしの考えを認めてくれたということですかしら？
29	1	/AT00.MAP	もしかすると、噂の地下閲覧室への入り口かもしれませんわね。
29	1	/AT00.MAP	カダールは昔から、魔法力の高い者が、役職についてきました。
29	1	/AT00.MAP	はるか昔に繁栄し、ある日突然滅亡した伝説的な文明があった。
29	1	/AT00.MAP	満月は青白い光の矢となって、立ちつくす剣士を照らしている。
29	1	/AT00.MAP	「馬鹿な、生きていたのかっ！」アーヤの声に恐怖が混じった。
29	1	/AT00.MAP	その男は、確かにあの満月の夜、自らの手で倒したはずだった。
29	1	/AT00.MAP	疲れきって倒れ込むアーヤを、明るい太陽が包み込んだ・・・。
29	1	/AT00.MAP	これは、カオスの力についてかかれた本。この本の処分を頼む。
29	1	/AT00.MAP	死によって決着をつけようなんて、そんなこと、許しませんわ！
29	1	/MP00.MAP	確か、ゲテン城でガルザードの野郎が口にした名前だったよな。
29	1	/MP00.MAP	このまま放ってはおけないよ！７人委員会の野望を止めなきゃ！
29	1	/MP00.MAP	皆の気持ちは同じだ、ミュウ。ともに世界を守るために戦おう。
29	1	/MP00.MAP	我々の使命は、２度とこんなことがないようにすることですね。
29	1	/MP00.MAP	７人委員会の暴走と言われるほど、国民の不満を集めています。
29	1	/MP00.MAP	指導者の暴走を防ぐような、政治機関はどうしても必要ですね。
29	1	/MP00.MAP	これが俺達の待ち望んだ平和ってやつか。いいもんだな・・・。
29	1	/MP00.MAP	７人委員会がいない今、自由な港町として復興しつつあります。
29	1	/MP00.MAP	政治だけじゃなく、軍事や司法など幅広い権力を持ってるんだ。
29	1	/MP00.MAP	７人委員会も倒されたっていうし、これで安心して暮らせるわ。
29	1	/KS00.MAP	何かが祭ってあったみたいね。ホウショウ院みたいなものかな？
29	1	/KS00.MAP	まぁ、ここでこうしていも、時間が過ぎていくばかりか・・・。
29	1	/KS00.MAP	これが祭壇か・・・。このくぼみにこいつを置けば良いんだな。
29	1	/KS00.MAP	これが祭壇なのね。この穴にガルマンオーブを置けばいいのね？
29	1	/GB00.MAP	７人委員会を倒したのは皆さんですね。心からお礼を言います。
29	1	/GB00.MAP	これは自然に起きたものではない。まさか、カオスの力・・・？
29	1	/GB00.MAP	イクシーズに関することなら、長老に聞かれるといいでしょう。
29	1	/GB00.MAP	これぐらいの知識は長老にくらべれば一般常識みたいなものよ。
29	1	/GB00.MAP	誰もケガをしてなくても、神聖魔法を使うことはできるのじゃ。
29	1	/GB00.MAP	これを突破できなければ、祭壇に近付くことはできないんじゃ。
29	1	/GB00.MAP	ほっほっほっ、年をとると、たいていのことにはおどろかんよ。
29	1	/GB00.MAP	光なす翼を空に浮かべるためには、膨大な魔法力を必要とする。
29	1	/GB00.MAP	おお・・・なんということだ・・・。光なす翼が墜落したと！？
29	1	/GB00.MAP	こんな場所じゃが、たまには思い出して、遊びに来て下されよ。
29	1	/GB00.MAP	こんな所にまで、７人委員会が次元の扉の封印を開いた影響が！
29	1	/IP10.MAP	ガルマンオーブを狙うとあれば、何人であれ、これを排除する。
29	1	/IP00.MAP	もう一度出直してこなければ、この扉は開かないというわけか。
29	1	/IP00.MAP	少ししか動かないや。でも、もっと押せば開くかもしれないね。
29	1	/IP00.MAP	こういうのは、シラナミちゃんが詳しく知ってるかもしれない。
29	1	/IP00.MAP	ちっ、開きゃしねぇゼ・・・。何か細工がしてあるんだろうな。
29	1	/IP00.MAP	そうだ、シラナミならどういう仕掛けか分かるかもしれねえな。
29	1	/IP00.MAP	しかも、２つのボタンを同時に押さないと開かないみたいだよ。
29	1	/NT30.MAP	そんなことのために、罪もない人々を傷つけたというのかッ！！
29	1	/NT30.MAP	言い換えれば、力を持たぬ者はそれだけで悪なのですよ・・・。
29	1	/NT30.MAP	ミュウがここに来た時のように移動できたかもしれないのにね。
29	1	/NT20.MAP	反体制運動を止めるよう、説いてまわりたいと思っていますの。
29	1	/NT20.MAP	まぁ、そうでしたの、全然気付きませんでしたわ、ほほほほっ☆
29	1	/NT20.MAP	リグロード大陸の主だった王家ぐらい、知っていて当然ですわ。
29	1	/HL10.MAP	あいつはカダールの将軍という重要な地位を任せられているが、
29	1	/HL10.MAP	遅かれ早かれ、戦っているうちに、戦術にかたよりが出てくる。
29	1	/HL10.MAP	そうすると、ある時突然、勝つことができなくなることがある。
29	1	/HL00.MAP	ミュウは、枯木を押してみようかと一瞬思ったが、思い直した。
29	1	/HL00.MAP	司書武闘法の力を持ってすれば、動かないはずがありませんわ。
29	1	/KK00.MAP	クリカラ村は、ミュウ達と共に跡形もなく消し飛んだ・・・・。
29	1	/CK00.MAP	タタラ、世界も平和になったんだ、故郷に帰ってきたらどうだ。
29	1	/CK00.MAP	ちょっと、ア～ちゃん・・・。いやにその子に優しいじゃない？
29	1	/CK00.MAP	皆さん疲れてるでしょう？どうぞ、中に入って休んでください。
29	1	/CK00.MAP	聞いたわよ、すごいわね、世界に平和をもたらすなんて・・・。
29	1	/CK00.MAP	イニシエっていうのは、秘義精通者っていう意味なんだってさ。
29	1	/CK00.MAP	炉は赤く燃えさかっている。うっかり近付くとヤケドしそうだ。
29	1	/CK00.MAP	ものすごい温度でしから、ヤケドするぐらいじゃすまないでし。
29	1	/OB00.MAP	ここに何か仕掛けがありそうだが、今は打つ手がないな・・・。
29	1	/OB00.MAP	じゃあここにもらった【荒魂の宝剣】をはめこんでみようかな？
29	1	/OB00.MAP	どうせ実戦では使えない装飾品だ。このままでも問題ないだろ。
29	1	/OB00.MAP	わらわの負けぞよ、これにこりてもう２度とその方らは襲わぬ。
29	1	/OB00.MAP	この先にあるクリカラへ渡るための【荒魂の宝剣】を進ぜよう。
29	1	/OB00.MAP	それに、この怪我じゃあ、しばらくは身動きできないだろうし。
29	1	/OB00.MAP	わらわの留守に、無断でおぼろ谷へ入り込んでいた愚か者は？！
29	1	/OB00.MAP	わらわはそのアヤヒメ様の孫に当たるおぼろ谷のミズタマじゃ。
29	1	/OB00.MAP	偉大なるアヤヒメ様を馬鹿呼ばわりとは！ぬぬぬ、許せんぞよ！
29	1	/OB00.MAP	ここが、おぼろ谷だ。この奥にクリカラって村があるらしいぜ。
29	1	/MH00.MAP	ドラグーンの竜騎士が、カダールの連中を倒したってぇ話だゼ！
29	1	/MH00.MAP	ゲテン城にはガルザードが率いるカダール軍が駐留しているよ。
29	1	/MH00.MAP	なんでも、リグロード大陸からやってきた竜騎士とその一行が、
29	1	/MH00.MAP	もしかして、あんた達がガルザードをやっつけてくれたのかい？
29	1	/MH00.MAP	カダールの次は天変地異だ。まったく、気の休まるヒマもない。
29	1	/MH00.MAP	めでたいったらないよな、これが飲まずにいられるかってんだ！
29	1	/MH00.MAP	ゲテン城には、他の大陸に一瞬で移動できる装置があるらしい。
29	1	/MH00.MAP	あたしの愛しい人が、リグロードへ行ったきり帰ってこないの。
29	1	/MH00.MAP	あたしの名前は、アケミ。あの人の名前は、タカオって言うの。
29	1	/MH00.MAP	この様子なら、リグロードへ向かう船が出る日も遠くはないわ。
29	1	/MH00.MAP	あーあ、わたしも、そんな風に自由に生きてみたいなァ・・・。
29	1	/KD00.MAP	ここには【天邪の鏡】がぴったりはまるようになってるのよね。
29	1	/KD00.MAP	ここには【八坂の勾玉】がぴったりはまるようになってやがる。
29	1	/KD00.MAP	ここには【蓬莱の珠】がぴったりはまるようになってるのよね。
29	1	/SK10.MAP	そんな格好で入ってきたら子供達がおびえるではないか・・・。
29	1	/SK00.MAP	仲間が子供達を助けてくれるから、みんな安心するの、なのね。
29	1	/SK00.MAP	でも、カギがないから、こじあけるしかないみたい、なのね！。
29	1	/HY00.MAP	人質を無事助け出すためにも、ここからは慎重に行かなくちゃ！
29	1	/HY00.MAP	こういうときは、できるだけ固まって戦ったほうが有利でしよ。
29	1	/KM10.MAP	ああは言ったものの、やはり、彼らを死なせるわけにはいかん。
29	1	/KM10.MAP	別に善人ぶるつもりはねぇが、オレも黙っては見過ごせないぜ。
29	1	/KM10.MAP	その女の人を放さないっていうんなら、力ずくでいくかんねッ！
29	1	/KM10.MAP	ふん、やれるもんならやってみろ！女の命がおしくないならな！
29	1	/KM10.MAP	どうして、親心って奴を分かってくれないかね、最近の若者は。
29	1	/KM00.MAP	この爺が、カムイコタンの神々に、道中の無事を祈っておるよ。
29	1	/KM00.MAP	ゲテン城を居城にして、一体、何をしようとしているのかしら？
29	1	/KM00.MAP	ヤマタイからカダールを追い払って下さって心から感謝します。
29	1	/KM00.MAP	またのご利用をお待ちしておりやす。ありがとうございやした。
29	1	/KM00.MAP	そして、ユーカリがこの村、最後の女になってしまった・・・。
29	1	/KM00.MAP	だが私はカムイコタンの村人達を見捨てることはできなかった。
29	1	/KM00.MAP	カムイ、人間が生きていく上で、大事なことは何かって考えて。
29	1	/KM00.MAP	そうじゃないみたい。ほら、目の輝きがさっきまでとは違うよ。
29	1	/KM00.MAP	カダールの奴等が星陵郭に陣取って村の者を人質にとっている。
29	1	/KM00.MAP	きっかけは、そう、子供のころに見た、一振りのカタナ・・・。
29	1	/GH00.MAP	その方の体からは、血の匂いがする。わが相棒に害をなしたな？
29	1	/HS10.MAP	刃先にとまったトンボが二つに切れるなんて言われるほどだゼ。
29	1	/HS00.MAP	し、し、将来を誓いあったって、どういうことですの、なの！？
29	1	/HS00.MAP	ボク達が牢を破ったことを知られる前に、早く逃げ出さなきゃ！
29	1	/GM00.MAP	ホウライ山には星陵郭いう景勝地があるっちゅう話やったけど、
29	1	/GM00.MAP	カダールの次は地震かいな？まったくどないなってんねんやろ。
29	1	/GM00.MAP	腕っぷしの強さだけでは、やっぱり強いとは言えしませんやろ。
29	1	/GM00.MAP	でも、武道の話をすることはカダールに禁止されてますのんや。
29	1	/GM00.MAP	魔法で強うなった相手の一撃はとんでもない強さですよってに。
29	1	/GM00.MAP	そやけど、武道の話をすることはカダールに禁止されてんねん。
29	1	/GM00.MAP	もし極められれば、力や技を盗むことが出来るとも言われてる。
29	1	/GM00.MAP	防御を極めれば、回復や強化の力を持つ技をも会得できんねん。
29	1	/GM00.MAP	おかしいわぁ。竜騎士がカダールをやっつけたって聞いたけど。
29	1	/GM00.MAP	アスカはいつになったら、ウチをお嫁さんにしてくれるんやろ。
29	1	/GM00.MAP	こう見えても、ドロ団子作らしたら、ゴジョウで一番やねんで！
29	1	/GM00.MAP	そうですか、お気に召しませんか。ほかにご用はございますか？
29	1	/GM00.MAP	ゼニが足りしまへんな。帰ってんか。貧乏人には用はあらへん。
29	1	/GM00.MAP	あら？お荷物がいっぱいのようですえ。また今度にしはったら？
29	1	/GM00.MAP	そうなるのが分かってて余計なことをやるんだからなぁ・・・。
29	1	/GM00.MAP	どうだ、まじめにやってるか？なかなか繁盛してるみたいだが。
29	1	/NJ10.MAP	だが、今度こそ、教えてやるよ。イガ最強という言葉の意味を。
29	1	/NJ10.MAP	・・・里のみんなは、オレを受け入れてくれるだろうか・・・。
29	1	/NJ10.MAP	それも、何かを閉ざすか、封印しているような呪力なの、なの。
29	1	/NJ10.MAP	・・・な、なるほどね、そういうことかぁ。・・・意外だなぁ。
29	1	/NJ10.MAP	どうやら、根無しの式神に好かれる性質は親譲りのようですな。
29	1	/NJ10.MAP	では、戦いの前に、あなたがたの退路を断っておきましょうか。
29	1	/NJ10.MAP	今、この部屋は、カラクリにて地の底へと下っている最中です。
29	1	/NJ00.MAP	部屋がなくなってるぜ。別にあんな部屋に用なんかないけどな。
29	1	/IG10.MAP	そして、月組頭領の名にかけて、あんたの手助けをすると誓う。
29	1	/IG10.MAP	オレの部下達は、ここから西にある忍者屋敷にとらわれている。
29	1	/IG00.MAP	［］カダールから身を隠した里のみんなは無事だろうか・・・。
29	1	/IG00.MAP	カダールの連中は、ゲテン城を本拠地にしているという話じゃ。
29	1	/IG00.MAP	あ、アスカ兄ちゃん、ヨモギちゃんのことはおいらに任せてよ。
29	1	/IG00.MAP	今、アスカに一番必要なものは、人生を支えてくれる伴侶よね。
29	1	/IG00.MAP	アスカ様・・・、それだけたくさんのおなごに囲まれておって、
29	1	/IG00.MAP	よもやまだ身を固める気がないなどとおっしゃらんでしょうな？
29	1	/IG00.MAP	西の関所を越え、南下したところに、おぼろ谷がありますじゃ。
29	1	/IG00.MAP	金が足りないな。こっちも遊びで仕事してるんじゃないんでな。
29	1	/IG00.MAP	お金が足りんようじゃ。まったく、ムダな手間をとらせおって！
29	1	/IG00.MAP	きゃー地震よおおおおおっ！それ縦揺れ横揺れ、らりらりらー。
29	1	/NZ10.MAP	ちょっと、アスカ、何言ってるの！戦力は一人でも多く必要よ！
29	1	/NZ10.MAP	超絶可愛い式神ナズナは、精霊界でとても退屈していたのなの。
29	1	/NZ00.MAP	透明化した敵への攻撃は、【スコープアイ】の魔法で見破るか、
29	1	/WR02.MAP	異世界カカルクランへの扉のこと？リグロード戦役に出てくる？
29	2	/WR02.MAP	らしくないじゃないか、ミュウ。いつもの気の強さはどうした？
29	1	/WR02.MAP	弟は、拙者と違い、学者肌の男でござる。何のためやら・・・。
29	1	/WR02.MAP	運命だか、偶然だかしらねえが、目的はカダールのやつらだろ？
29	1	/WK00.MAP	俺様に任せておけば、世界の一つや二つ軽く救えるのだ～ゼー！
29	1	/WK00.MAP	まぁ、あたし達にはイクシーズがあるから、なんとかなるって！
29	1	/WR00.MAP	ここでイクシーズをながめていても、何もはじまらない・・・。
29	1	/WR00.MAP	・・・それでも・・・。こんなところで終るわけにはいかない！
29	1	/WR00.MAP	オレだって、敵に背中を見せるのだけは、ガマンできないんだ。
29	1	/WR00.MAP	どうでござろう、拙者を皆さんの仲間に加えてはもらえまいか？
29	1	/WR00.MAP	では、オルトマに戻って、拙者のあばら屋にご案内つかまつる。
29	1	/WR00.MAP	気持ちは分かるが、この場合は、奇策より正攻法が確実だろう。
29	1	/WC00.MAP	一時的な取り決めを継続することにやぶさかではありませんわ。
29	1	/WC00.MAP	でも・・・大丈夫なの、ミュウ？嫌なら、止めてもいいんだよ。
29	1	/WC00.MAP	これはリグロードを救うためにも必要なことなんだろうが？！ 
29	1	/WC00.MAP	しかし、それは御自分がそうしようと選択されたことでしょう？
29	1	/WC00.MAP	そうよね、１人ではできないことも皆で協力すればできるよね。
29	1	/WC00.MAP	伝説の魔導士と言えば、伝説に伝えられる最強の魔導士ですわ。
29	1	/WC00.MAP	強力で邪悪な魔法の波動が、ビンビン伝わってくるのだ～ゼー！
29	1	/WC00.MAP	俺様が眠ってる間に、７人委員会とやらが暴れてるのだ～ゼー！
29	1	/WC00.MAP	もちろん、７人委員会の陰謀を阻止するために行動してるんだ。
29	1	/WC00.MAP	今は父上と会いたくないのです。ポポロンを目指しませんこと？
29	1	/WC00.MAP	その、アレクトリア大図書館って、どういう本があるんですか？
29	1	/WC00.MAP	うかつに乗り込むより、近くの村で情報を集めたほうがいいゼ。
29	1	/WY00.MAP	こうなったら何としても、アスカの仲間たちを助けなくちゃね。
29	1	/WY00.MAP	女達は口々に、子供の救出をカムイに願い村へと帰っていった。
29	1	/WY00.MAP	もし、協力してくれれば、心強い味方になってくれるはずだゼ。
29	1	/WY00.MAP	よかった、あたしゃ心配してたんだよ。おや、こちらの方々は？
29	1	/WY00.MAP	その水を入れる桶は、倉庫の一番奥にある。じゃあ、頼んだぜ。
29	1	/WAZAHELP.MSG	風の衝撃波で敵を切り裂く技です。敵を後方に吹き飛ばします。
29	1	/WAZAHELP.MSG	嵐を巻き起こし、敵の集団を後方へと吹き飛ばしてしまいます。
29	1	/WAZAHELP.MSG	岩を投げつけ、落下と同時に爆砕させ、周囲に攻撃する技です。
29	1	/WAZAHELP.MSG	リバースキュアと同じく、死んだ仲間を生き返らせる秘法です。
29	1	/WAZAHELP.MSG	守りを固め、敵から受けるダメージを1/4まで軽減させます。
29	1	/WAZAHELP.MSG	気合いをためて、次ターンの攻撃力を１．５倍に引き上げます。
29	1	/WAZAHELP.MSG	死の影が敵を暗黒へと誘い込み1/16の確率で死亡させます。
29	1	/WAZAHELP.MSG	この術をかけられた者は攻撃力などが上がり、強力になります。
29	1	/WAZAHELP.MSG	どなたかお一人のＨＰとＭＰを完全に回復することができます。
29	1	/ITEMHELP.MSG	とても、めずらしい宝石です。どんな宝石よりも高く売れます。
29	1	/ITEMHELP.MSG	お守りの一種です。身につけると会心の一撃が出易くなります。
29	1	/ITEMHELP.MSG	伝説の名刀。名前の由来は、刀身に浮かびあがったもようから。
29	1	/ITEMHELP.MSG	この弓は、射る者を眠りに誘う暗黒の力がほどこされています。
29	1	/ITEMHELP.MSG	動きやすさに重点をおいてつくられた戦士用のヘルメットです。
29	1	/ITEMHELP.MSG	伝説の世界を救いし勇者と共に戦い抜いた兜。まさに逸品です。
29	1	/ITEMHELP.MSG	鎖を編み上げたよろいです。防御力はそれほど期待できません。
29	1	/ITEMHELP.MSG	鉄板を打ち出して作った、防御力の高い戦士専用のよろいです。
29	1	/ITEMHELP.MSG	精神面にはたらきかけ霊的な攻撃に対して守りを高める盾です。
28	1	/GT00.MAP	あたしが見るところでは、そこにも何か仕掛けがありそうよ。
28	1	/FIR3.MAP	退却すると、技や経験値はそのままで、最初に戻っちゃうよ！
28	1	/FIR2.MAP	竜になれば、かわのなかにいる敵の所まで、飛んで行けるぞ！
28	7	/TJ72.MAP	へたすりゃ命を落とすかもしれんが勝ち残れたら一躍英雄だ。
28	2	/TJ51.MAP	ＡチームとＢチームに別れた闘いの、勝者を当てるゲームさ。
28	1	/TM00.MAP	いくつか注意がありますよってに、まぁ、聞いておくれやす。
28	1	/BL00.MAP	試練の迷宮に挑む方は、迷宮協会で登録を済ませてください。
28	1	/CT20.MAP	このままカオスを増長させれば、世界が消滅してしまうんだ！
28	1	/CT20.MAP	坂道があるでしね。各個撃破されないように気をつけるでし。
28	1	/CT20.MAP	坂道があるので、足並をそろえないと各個撃破されますわよ！
28	1	/CT20.MAP	一体どんな恐ろしい力を持つというんだ。みんな、気をつけろ
28	1	/CT10.MAP	不満と見ましたが、そんなことを気にする必要はありません。
28	1	/CT10.MAP	思念はカオスの力によりて、現実世界に及ぼす力をもたらす。
28	1	/CT10.MAP	あたしにそんなことを教えて一体、何をさせようってのさ？！
28	1	/CT10.MAP	天才たる俺様にとって、それぐらい理解は簡単なのだーゼ～！
28	1	/CT00.MAP	７人委員会には、ケンキョって言葉を教えてやるのだ～ゼー！
28	1	/CT00.MAP	いよいよ敵の攻撃も強力になるはず、皆、気をつけていこう！
28	1	/IG01.MAP	ばっっっっかじゃないの！あたしが１番に決まってるでしょ！
28	1	/OT01.MAP	じゃあ、もうしばらく待つけど、リグロードが大変なんだろ？
28	1	/ZM01.MAP	みんな・・・必ずカダールを追い出してみせるからね・・・。
28	1	/ZM01.MAP	ここから北に行くとミュウ様のドラグーン城がありますわね。
28	1	/WR10.MAP	魔法で作り出した壁みたいだけど、神聖魔法には無い技だよ。
28	2	/ES01.MAP	何もしてないってことは、何かしようと思ってたってこと！？
28	2	/ES01.MAP	だが、オレに限って、ケガするようなドジは踏みゃしねぇよ。
28	2	/ES01.MAP	今回の争乱は、もとはといえば、わたくしの国が原因ですわ。
28	2	/ES10.MAP	なんだか、いつもよりモンスターが凶暴に見えるけど・・・。
28	2	/ES10.MAP	僕の国をふみにじった７人委員会は倒したはずなのに・・・。
28	1	/ES00.MAP	だからって油断してると、思わぬところで危険を招くかもよ？
28	1	/MK00.MAP	私のことはどうでも良い！世界を救いなさい・・・アンジュ！
28	1	/MK00.MAP	ここの戦場はせまいから、みんな落ちないように気を付けて。
28	1	/MK00.MAP	敵の魔法にどこまで耐えるられるかで勝負は決まりましてよ。
28	1	/WS00.MAP	これを使えば、かなり高性能の砲を作ることができそうでし。
28	1	/WS00.MAP	俺様のビュリホーでワンダホーな姿が映っているのだ～ゼ～！
28	2	/RT30.MAP	これと同じ物に乗って、ボクはカダールまで飛ばされたんだ。
28	2	/RT30.MAP	どうやら３つの大陸を一瞬に行き来できるシロモノらしいな。
28	1	/RT20.MAP	・・・残念ながら、私は、それを見ることはできない・・・。
28	1	/RT20.MAP	・・・ガルザード兄さん。迎えに・・・きてくれたの・・・。
28	1	/RT20.MAP	でも、空から入る以外に、幽玄の森に入る方法はないのです。
28	1	/RT20.MAP	これは、ガルザードが持っていたものと同じもののようだな。
28	1	/RT20.MAP	そんなことは不可能だ、という諸君の心の叫びが聞こえるぞ。
28	1	/RT20.MAP	ホークアイの弟ファルコの所在も確認できるって聞いてるゼ！
28	1	/RT20.MAP	とりわけ、空飛ぶ船については大陸屈指の学者らしいですし。
28	1	/RT20.MAP	とりわけ、空飛ぶ船については大陸屈指の学者だったらしい。
28	1	/RT20.MAP	ホークアイの弟ファルコの所在も確認できるってことでしよ。
28	1	/QH00.MAP	お？荷物がいっぱいのようだぜ。また今度にしちゃどうだい。
28	1	/QH00.MAP	きゃはっ、お客様だわっ☆いらっしゃいませぇ。何にします？
28	1	/QH00.MAP	ああ、そうに決まってるよ。この大変な時だってのに、ねぇ。
28	1	/QH00.MAP	ラスティ王子！聞いてるよ、カダールをやっつけたんだって？
28	1	/IZ00.MAP	あのガルマンオーブの様子は、何だったのでしょう・・・・？
28	1	/IZ00.MAP	あたしの名前は、古リグロード語で、渡し船って意味なのさ。
28	1	/ZM00.MAP	いつだって、あんた達は、自分に都合のいいように言うんだ。
28	1	/ZM00.MAP	自分達だけ助かろうと思ってやったことじゃないのに・・・。
28	1	/ZM00.MAP	どうなってるのよ、こんなこといままでになかったじゃない。
28	1	/ZM00.MAP	最近、西の森に出没する怪物共が前より凶暴になったようだ。
28	1	/ZM00.MAP	ったく、竜騎士ってのは、ツラの皮が相当アツいらしいなっ！
28	2	/ZM00.MAP	おや？荷物がいっぱいのようだぜ。次の機会にしちゃどうだ？
28	2	/ZM00.MAP	まいどどうもありがとうございます。ほかに何か買いますか？
28	2	/ZM00.MAP	まいどどうもありがとうございます。ほかに何か売りますか？
28	1	/DG10.MAP	よくもまぁ、これだけ雑多な人々を一緒に扱えるものですな。
28	1	/DG00.MAP	２階には、お母様の好きだった絵がかけてあったのに・・・。
28	3	/KR00.MAP	金が足りないようだ。悪いね、こっちも生活かかってっから。
28	1	/KR00.MAP	【古代遺跡の鍵】は先代のクイーンズランド王が持っていたと
28	1	/KR00.MAP	あ、ああ、はいはいはい、もちろんです、もちろんですとも。
28	1	/KR00.MAP	世界に平和をもたらしたのは、ドラグーンの姫様らしいわよ。
28	1	/DS00.MAP	【フライサー】の魔法の効果は８から９ターン続くでござる。
28	1	/DS00.MAP	もし【フライサー】の魔法を使うことができるでござるなら、
28	1	/DS00.MAP	橋を使わずともガケを越えて、反対側へ渡れるのでござるが。
28	1	/JG10.MAP	この崖は相当深いな・・・。落ちたら誰も助けてやれねぇぜ。
28	1	/JG00.MAP	拙者、強さを単純な力の大小と誤解しておったようでござる。
28	1	/JG00.MAP	度と、お目にかかることはないでしょうがどうか、お元気で！
28	1	/JG00.MAP	あ・・・え・・・？あたし・・・本当に・・・あたし・・・？
28	1	/JG00.MAP	・・・あれ、おかしいの、なの。目から水が出るの、なのね。
28	1	/JG00.MAP	ほ、ほ、本当なのなの？！本当にナズナでいいの、なのなの？
28	1	/OT00.MAP	ありがとうございます。ほかに何か買うものはございまして？
28	1	/OT00.MAP	ありがとうございます。ほかに何か売るものはございまして？
28	1	/OT00.MAP	おまえさんがいないと、この町も、なんだか活気がなくてな。
28	1	/OT00.MAP	ところで、カダールからどうやってリグロードにきたんだい？
28	1	/OT00.MAP	海をウフフンと西か東へ向えばやがてリグロードにつくのン。
28	1	/AT20.MAP	長老の言っていたとおり、マラカイトはあるのでござろうか？
28	1	/AT10.MAP	ガルマンオーブの魔法力でウィスコの封印を破っていたんだ。
28	1	/AT10.MAP	でもちょっと待ってよ、その二つの鉱石は一体どこにあるの？
28	1	/AT10.MAP	とにかく、イクシーズについて、何がわかるかやってみよう！
28	1	/AT00.MAP	でしたら好都合です。おうかがいしたいことがあるのですが。
28	1	/AT00.MAP	わたくしを腕ずくで排除できるような実力の持主がいまして？
28	1	/AT00.MAP	アンジュ、家族を持っている者として、忠告させてもらうよ。
28	1	/AT00.MAP	お嫁さんにして、なの。一杯子供作って大家族で暮らすのね！
28	1	/AT00.MAP	そういえば時々、こんな風に誰もいないことがありましたわ。
28	1	/AT00.MAP	決まって、何か重いものを引きずるような音がした後でした。
28	1	/AT00.MAP	さて、どうだかな？ここの政治はちょいと複雑らしいからな。
28	1	/AT00.MAP	薄れていく意識の中で、アーヤはたずねたその不死の理由を。
28	1	/AT00.MAP	その一言こそ、アーヤが、命を賭けて待ち望んだ一言だった。
28	1	/AT00.MAP	アレクトリア大図書館館長にして、お前の父であるこの私は、
28	1	/AT00.MAP	我々７人委員会は、優秀な頭脳と豊富な文献が集められている
28	1	/AT00.MAP	アレクトリア大図書館を手中に治め、謎の解明に乗り出した。
28	1	/AT00.MAP	ドラグーンとクィーンズランドを奇襲によって陥落せしめた。
28	1	/AT00.MAP	アレクトリア大図書館の館長の座は、アンジュ、お前に托す。
28	1	/AT00.MAP	罪は罪として、過ちは過ちとして、つぐないをするべきです！
28	1	/AT00.MAP	炎とマグマによって、自分自身に決着をつける、とあります。
28	1	/MP00.MAP	それで、ゲテン城で消えちまってからどこでどうしてたんだ？
28	1	/MP00.MAP	アンジュによると、このカダールを統治する集団なんだって。
28	1	/MP00.MAP	古代魔法文明時代からの文献も集められているらしいですよ。
28	1	/MP00.MAP	でも、彼らを増長させたのは、我々カダール国民ですからね。
28	1	/MP00.MAP	政治的グループが出現するのも、無理はないと言えましょう。
28	1	/MP00.MAP	彼ら自身は反体制運動とかレジスタンスとか言っていますが、
28	1	/MP00.MAP	７人委員会の命令で、許可なく船を出すことができないんだ。
28	1	/MP00.MAP	亡くなった同志達に、この平和を見せたかったですね・・・。
28	1	/MP00.MAP	７人委員会は、任務に合わせて彼らを使い分けているようよ。
28	1	/MP00.MAP	剣とかの攻撃って、高さの差が大きいと届かないんだってね。
28	1	/MP00.MAP	そして、北か南に向かえば、カダールへたどりつきますのよ。
28	1	/MP00.MAP	それに、地下閲覧室には公開されていない貴重な文献がある。
28	1	/KS00.MAP	グラビテイの人々にくわしく話を聞いてみてはいかがかしら？
28	1	/KS00.MAP	だが、肝心のガルマンオーブとやらがなけりゃ、意味ねぇな。
28	1	/KS00.MAP	まずはガルマンオーブってヤツを捜しに行くとするか・・・。
28	1	/KS00.MAP	ここにガルマンオーブを置けば、光なす翼が復活するのだな。
28	1	/GB00.MAP	確か、イクシーズに関する本を書かれたと、以前、聞いたな。
28	1	/GB00.MAP	そこには、偉大なる宝が眠っていると言い伝えられてるんだ。
28	1	/GB00.MAP	古代魔法文明は、どうして滅んでしまったのかしらね・・・。
28	1	/GB00.MAP	親は結婚、結婚ってうるさいしホント、いやになっちゃうわ。
28	1	/GB00.MAP	店に持っていけば、かなり高く買い取ってくれるんですって。
28	1	/GB00.MAP	海底神殿というのは、イクシーズ号と関係の深い場所なのよ。
28	1	/GB00.MAP	これもイクシーズと同じで、古代魔法文明の産物なのかなァ？
28	1	/GB00.MAP	それで修理に必要な物を探しているうちアレクトリア図書館で
28	1	/GB00.MAP	皆のおかげで世界に平和が戻った。ありがとう、ありがとう。
28	2	/GB00.MAP	おやめになるのですね。ほかに何かご用はございますかしら？
28	2	/GB00.MAP	ご不用になりました品を、引きとらせていただいてますのよ。
28	1	/GB00.MAP	ありがとうございま～す☆ほかに何かご用はございますかァ？
28	1	/DL00.MAP	おやおや、君たちのためにキング君が死んでしまいましたね。
28	1	/DL00.MAP	ある場所を４回踏んでしまうと外に追い出されしまうんです。
28	1	/IP00.MAP	この扉を開けるには、出直してこなくっちゃダメってわけね。
28	1	/IP00.MAP	少しだけど、動くみたい。何度か押してやれば開きそうだよ。
28	1	/IP00.MAP	どこかにある押しボタンみたいなものと連動する仕組みだわ。
28	1	/IP00.MAP	どこかにこれを開けるための仕掛けがありそうなのだ～ゼー！
28	1	/SB00.MAP	イシスのピラミッドとよばれる建造物があるという話ですわ。
28	1	/NT30.MAP	しかし、あなた方には、まだ楽をさせるわけにはいきません。
28	1	/NT20.MAP	きっと彼らはそこから何か得たい情報があるのですわ・・・。
28	1	/NT20.MAP	７人委員会が何を企もうと、必ず、この手で叩き潰してやる！
28	1	/NT20.MAP	古代魔法技術の復活とその利用による世界征服にあるのでは？
28	1	/NT20.MAP	アレクトリア大図書館は知識の殿堂、学者の社交場ですわよ。
28	1	/NT20.MAP	ちなみに、わたくしの父が、そこの館長を務めていますのよ。
28	1	/NT20.MAP	ふゥ～ん・・・。じゃ、どうしてアンジュは捕まっているの？
28	1	/NT00.MAP	今までだって、何度も不利な状況をひっくり返してきたんだ。
28	1	/HL10.MAP	天井があると使えない技があるから、気を付けた方がいいよ。
28	1	/HL10.MAP	禁止されていることなんだけど、誰も文句が言えないんだよ。
28	1	/HL10.MAP	７人委員会が倒されたらしい。平和な世界がやってくるんだ！
28	1	/HL10.MAP	７人委員会を倒してくれた人には、感謝してもしたりないな。
28	1	/HL10.MAP	ブロックって魔法があるでしょ。その使い方を教えてあげる。
28	1	/HL10.MAP	どーもどーも。っていうか、ほかに何か買うの、みたいなァ？
28	1	/HL10.MAP	どーもどーも。っていうか、ほかに何か売るの、みたいなァ？
28	1	/HL00.MAP	倒れた枯木が橋がわりになって、谷が渡れるようになったよ！
28	1	/HL00.MAP	この橋を渡れば、ハイランドに行くことができるのだ～ゼー！
28	1	/HL00.MAP	いや、やっぱりやめとくか・・・。でも、なにか気になるぜ。
28	1	/HL00.MAP	そのとおりですわ。でも、敵に気を付けなければいけません。
28	1	/CK00.MAP	そんなに持てるわけないでしょ。ムリはしない方がいいわよ。
28	1	/CK00.MAP	もし、火薬庫が爆発してたら、この村は全滅だっただろうな。
28	1	/CK00.MAP	・・・っと、いっけない！こんなところで立ち話なんかして。
28	1	/CK00.MAP	もし火薬に引火したら、この村なんか跡形もなく吹き飛ぶわ！
28	1	/CK00.MAP	火薬工場の危険さは、この村の人間なら誰でも知ってるハズ。
28	1	/CK00.MAP	オレ達もカダールの奴らに一泡ふかせてやろうとしてるのさ。
28	1	/CK00.MAP	お兄ちゃんが帰ってくるまで、一人でお留守番できるでしね？
28	1	/MH00.MAP	どうせなら、カダールの奴らみんながいなくなればいいのさ。
28	1	/MH00.MAP	・・・おや、ミュウの姿が見えないね？一体どうしたんだい？
28	1	/MH00.MAP	ここは、港町ヒガタヤマタイの海の玄関と呼ばれているのさ。
28	1	/MH00.MAP	アケミの頼みを聞き届けてくれたのは、あんた達なんだって？
28	1	/GT20.MAP	そうだね、助けに行かなきゃ・・・。でもどうやって・・・？
28	1	/KD00.MAP	どこかで、それらしい品物を手に入れてから、試してみよう。
28	1	/KD00.MAP	それは分からん。旅の途中、どこかで手に入るかもしれんな。
28	1	/KD00.MAP	ここには【天邪の鏡】がぴったりはまるようになってやがる。
28	1	/KD00.MAP	どうやら、ここには【八坂の勾玉】がぴったりはまるようだ。
28	1	/KD00.MAP	ここには【蓬莱の珠】がぴったりはまるようになってやがる。
28	1	/SK10.MAP	#2UU鮱皜UuU硤皛W-2UU鮱皜UuU硤皛W-2""
28	1	/SK10.MAP	あわてて飛び出せば、弓兵から集中攻撃を受けることになる。
28	1	/HY00.MAP	この先が星陵郭だったよね。よし、気をゆるめずに行こうよ。
28	1	/HY00.MAP	この先が星陵郭だ。星陵郭にとらわれた人達を助けに行くぜ！
28	1	/KM10.MAP	なんか、台詞だけ聞いてると僕達の方が悪者みたいだ・・・。
28	1	/KM10.MAP	我ら、カダールに反抗するとどうなるか、思い知るがいい！！
28	1	/KM10.MAP	もし、失敗したら、僕のことは気の済むようにすればいいよ。
28	1	/KM10.MAP	だから、あんまり使うと疲れはてて魔法を使えなくなるんだ。
28	1	/KM10.MAP	・・・ともかく、その若者に礼がしたい。私の家に来てくれ。
28	1	/KM10.MAP	ナズナが痛いの痛いの飛んでけーってしてあげるの、なのね。
28	1	/KM00.MAP	いったい、私はどうすればいい・・・？どうすればいいんだ？
28	1	/KM00.MAP	しかも、恩人の君達を危険な目に合わせるわけにはいかない。
28	1	/KM00.MAP	ゴジョウのホウショウ院は、古くからの歴史を持つ寺院だが、
28	1	/KM00.MAP	中でもタタラという名前のイニシエは、相当なスゴ腕らしい。
28	1	/KM00.MAP	ウチの炉じゃ、こいつを扱えるほど温度を高くできないんだ。
28	1	/HS00.MAP	・・・キミまでそんなんじゃ、ボク達どうしていいか・・・。
28	1	/HS00.MAP	うう～ん、うるさいなぁ・・・。おちおち寝ていられないよ。
28	1	/HS00.MAP	あたしは、ア～ちゃんのことを忘れたことなんてないのにっ！
28	1	/GM00.MAP	盗んだ金のほとんどは、貧しい人達に分け与えられますねん。
28	1	/GM00.MAP	けど、聞いた話じゃ、洞窟に結界が張られて先に進めんとか。
28	1	/GM00.MAP	アースモールをガケの側で使うたら簡単に敵を落とせますえ。
28	1	/GM00.MAP	がむしゃらにつき進むだけを、勇気とは言いしまへんのどす。
28	1	/GM00.MAP	あかーん、ゴジョウの町が、メチャクチャになってまうがな！
28	1	/GM00.MAP	そんで、強くなりたいんや！強くなって、皆を守りたいんや！
28	1	/GM00.MAP	ゴジョウ大橋はカダール軍によって壊されてしまいましてん。
28	1	/GM00.MAP	ウチの防具は、どれを買うていただいてもソンはさせへんよ。
28	1	/GM00.MAP	またのご利用をお待ちしております。おおきに、ありがとう。
28	1	/GM00.MAP	ふーむ、変わった味がするな。村では飲んだことがない味だ。
28	1	/GM00.MAP	よくものうのうと、こんなとこで商売なんかしてやがったな！
28	1	/NJ10.MAP	・・・実は、私もね、戦闘にはちょっと自信があるんですよ。
28	1	/NJ10.MAP	あなた方も、大人しく、我らカダールの軍門にくだりなさい！
28	1	/NJ00.MAP	確か破戒坊主悪天の言葉だったな。無法者気取りってワケか。
28	1	/IG10.MAP	でもこれだけの数が相手となると、一度に倒すのは無理かも。
28	1	/IG00.MAP	やっぱりあたしの思っていたとおり、ぬれぎぬだったのよね！
28	1	/IG00.MAP	今じゃ、その結界のおかげで通り抜けできなくなっちまった。
28	1	/IG00.MAP	ウワサは聞いてるよ、カダールの連中をやっつけたんだって？
28	1	/IG00.MAP	あたしがもう１０年若かったら放っておかないんだけどねっ！
28	1	/IG00.MAP	おばちゃんがもう少し若かったら、立候補するんだけどねェ。
28	1	/IG00.MAP	今こそ、イガ最強という言葉を証明してみせるとぎですじゃ！
28	1	/IG00.MAP	わーい、アスカ兄ちゃんだ！カダールをやっつけたって本当？
28	1	/IG00.MAP	ちょっとまってくれ、まだ村のやつらの様子を調べてないぜ。
28	1	/IG00.MAP	・・・どういうこと？この町はアスカのふるさとじゃないの？
28	1	/NZ10.MAP	この超絶可愛い式神娘ナズナがあなたの式神になるの、なの。
28	1	/NZ10.MAP	熱く燃え盛る炎にも似た愛が二人の間で育つっていうことね？
28	1	/NZ10.MAP	さて、ナズナが仲間になった以上、ここにいる必要はないな。
28	1	/NZ10.MAP	もう、これしかないって思って、精霊界を飛び出したのなの。
28	2	/WR02.MAP	へぇ、例の空飛ぶ船のねえ。で、そいつがあれば直るのかい？
28	1	/WR02.MAP	これで幻の霧も晴れて、いつでもここを通れるようになるね！
28	1	/WR02.MAP	ここでお会いしたのも、お互い偶然では無いようでござるな。
28	1	/WY02.MAP	で、シラナミ、お前はいつまでオレ達にくっついてくるんだ？
28	1	/WY02.MAP	ヤマタイを解放できるし、リグロードも救えるってわけだね！
28	1	/WK00.MAP	アンジュしゃん・・・。きっと、辛い思いをしているでしね。
28	1	/WK00.MAP	ナズナのかわりに、７人委員会をとっちめてほしいのなのね。
28	1	/WK00.MAP	あんた達は捜してもいないし、どうなることかと心配したよ。
28	1	/WR00.MAP	ドラグーンがカダールの奴らに占拠されてるのは間違いねぇ。
28	1	/WR00.MAP	７人委員会を倒すまではボク達に安息の時はないんだ・・・。
28	1	/WR00.MAP	ミュウの話からすると、そのにじ色の壁がないということは、
28	1	/WR00.MAP	しまった、オレ様としたことが！あれは、幻の霧だったんだ！
28	1	/WR00.MAP	現に、あいつらから受けた傷は、オレ達の体に残ってるだろ？
28	1	/WR00.MAP	大地の叫びを押さえている敵は、なかなかの知恵者にござる。
28	1	/WR00.MAP	弟をカダール軍に誘拐され、その行方を追ってはみたものの、
28	1	/WR00.MAP	それで、我が家では、普段からこのような言葉使いでござる。
28	1	/WR00.MAP	もしかしたら、弟がこの中にとらわれているかもしれませぬ。
28	1	/WR00.MAP	オレ達は、この世界に平和を取り戻すために戦ってきたんだ。
28	1	/WC00.MAP	しっかし、７人委員会を倒すったってどこに行けばいいんだ？
28	1	/WC00.MAP	おっ、そっちの姉ちゃんは、知識が強まっているのだーゼ～！
28	1	/WC00.MAP	海に浮かぶ船みたいなものを思い浮かべてたんだけど・・・。
28	1	/WC00.MAP	とにかく、いよいよ、これで、リグロード大陸へ戻れるんだ！
28	1	/WC00.MAP	なんでも時折、人が違ったような言動をすることがあるとか。
28	1	/WY00.MAP	ゲテン城は代々その時代のゲンユウサイの居城だったからな。
28	1	/WY00.MAP	アスカとの思い出の場所なの。甘い思い出にひたるの、なの！
28	1	/WY00.MAP	では、こうしよう、私が正面から「おとり」として乗り込む。
28	1	/WY00.MAP	で、人質のうち何人かをみせしめのために処刑するって話だ。
28	1	/WY00.MAP	この先のカムイコタンには、獣人の一族が住んでるって話だ。
28	1	/WY00.MAP	今もきかいをうかがってこのあたりをうろついてたところさ。
28	1	/WY00.MAP	イガの里っていうのは、要するに人の住んでるところでしょ。
28	1	/WAZAHELP.MSG	霊体を攻撃する衝撃波を発生させます。対空攻撃が可能です。
28	1	/WAZAHELP.MSG	離れた相手を雷の刃で切り裂く技です。対空攻撃が可能です。
28	1	/WAZAHELP.MSG	空に高く舞い上がり、遠くまで攻撃可能な飛び込み攻撃です。
28	1	/WAZAHELP.MSG	味方を飛び越えながら、空から回復のパワーを振りまきます。
28	1	/WAZAHELP.MSG	ダイブ系の技で、攻撃力は有りますがＭＰの消費が絶大です。
28	1	/WAZAHELP.MSG	荒れ狂う火炎の嵐を巻き起こし、敵の集団を攻撃する技です。
28	1	/WAZAHELP.MSG	落下地点で爆発し、周囲に催眠効果をもつガスを散布します。
28	1	/WAZAHELP.MSG	落下地点で爆発し、周囲に縮小効果をもつガスを散布します。
28	1	/WAZAHELP.MSG	飛び跳ねた振動で、広い範囲に振動による地震を起こします。
28	1	/WAZAHELP.MSG	火炎を投げつけ、落下と共に飛び散らせ、周囲に攻撃します。
28	1	/WAZAHELP.MSG	本から巨大な剣が出現し落下、敵を串刺しにしてしまいます。
28	1	/WAZAHELP.MSG	雄叫びで力をふるい起こしＭＰを１０ポイント回復させます。
28	1	/WAZAHELP.MSG	アダルトタッチで味方一人に大ダメージをあたえます:-)。
28	1	/WAZAHELP.MSG	どなたかお一人のステータス異常を回復することができます。
28	1	/ITEMHELP.MSG	強力なお酒です。敵に投げつけると混乱させる事ができます。
28	1	/ITEMHELP.MSG	身につけていると心が落ち着き、攻撃が当りやすくなります。
28	1	/ITEMHELP.MSG	お守りの一種です。身につけると幸運をもたらしてくれます。
28	1	/ITEMHELP.MSG	指にはめると魔法から身を守るのに絶大な効果を発揮します。
28	1	/ITEMHELP.MSG	秘められた力を引き出すアイテムです。攻撃力が上がります。
28	1	/ITEMHELP.MSG	魔法をお使いになる方のための魔法攻撃から身を守る服です。
28	1	/ITEMHELP.MSG	各部の補強にドラゴンのウロコを用いた戦士用のよろいです。
28	1	/ITEMHELP.MSG	魔法への防御力を高めた法衣で、暗黒の力をも打ち消します。
27	1	/GT00.MAP	ここをカダール軍ガルザード様の居城と知ってのことかっ！
27	1	/FIR3.MAP	で、どうでしょう？リグ２体験版、面白かったでしょうか？
27	1	/FIR2.MAP	私も「鳥の精霊」で、鳥に変化した方が良いのだろうか…？
27	4	/TJ32.MAP	ふふ、自信があるってんなら、運試ししてみちゃどうだい？
27	1	/TM00.MAP	金が足りやがらんぜよ。銭の花は白いけど根は赤いどすえ。
27	2	/BL00.MAP	金が足りないようね。うちは慈善事業じゃないんだからね。
27	1	/CT20.MAP	人も大地も存在しない世界で何を支配しようっていうんだ！
27	1	/CT20.MAP	とにかく、諸君に我らの邪魔をさせるワケにはいかんのだ。
27	1	/CT20.MAP	我らの世界征服の行方が・・・どうなるかも分からず・・・
27	1	/CT20.MAP	だけど、これで本当に、世界は元通りになるのかな・・・？
27	1	/CT20.MAP	壊さない方がよさそうだと思うけど？どう思う、ラスティ？
27	1	/CT20.MAP	坂道では足並みをそろえないと、各個撃破されかねないぞ。
27	1	/CT10.MAP	俺っチにそんなことを教えて何をさせようというんでしか？
27	1	/CT10.MAP	奴等を倒していくしか無いようだな。でわ、いくとするか。
27	1	/OT02.MAP	それよりも、こいつ、どうするんだい。このイクシーズ号。
27	1	/OT01.MAP	この町の武器屋と防具屋を経営してるのは、鷹人間なのよ。
27	1	/OT01.MAP	人間以外の種族ってのは、そんなに珍しいことじゃないわ。
27	1	/OT01.MAP	実はその腕前をみこんで、あなたのお力を借りたいのです。
27	1	/OT01.MAP	そこにはリグロード戦役の英雄の子孫が住んでいるらしい。
27	1	/OT01.MAP	ようこそおいでくだされた。して、何をお求めでござるか？
27	1	/ZM01.MAP	・・・カダールのこと、結局みんなに話せなかった・・・。
27	1	/ZM01.MAP	さっきから、ドラグーン城の方が何か騒がしいようですが、
27	1	/ZM01.MAP	町の者は、みんなドラグーン王家を信頼し慕っております。
27	1	/RS01.MAP	橋も何もないじゃないか・・・。どうしよう・・・ミュウ？
27	1	/RS01.MAP	ボクが【竜変化】で変身するから、向こうの敵は任せてよ。
27	1	/DG21.MAP	クィーンズランドの王子、ラスティ！ミュウを、頼んだぞ！
27	2	/ES01.MAP	その水晶に触れれば、再びカカルクランに行けるでしょう。
27	2	/ES01.MAP	アスカ～、大丈夫なの、なの？ケガとかしてないの、なの？
27	2	/ES10.MAP	カオスの力の影響を受けて凶暴化しているみたいだ・・・。
27	2	/ES10.MAP	アスカを傷つける人は、このナズナが許さないの、なのね！
27	2	/WS10.MAP	あれは、７人委員会！・・・そう、そういうことでしたの。
27	1	/WS00.MAP	といっても、今は何の役にも立ちはしないのでしょうけど。
27	1	/RT20.MAP	お、お父様はそのことを存じていらっしゃったというの！？
27	1	/RT20.MAP	７人委員会率いる・・・カダールが・・・支配する・・・！
27	1	/RT20.MAP	そして、次元の扉の封印もまた、解かれようとしています。
27	1	/RT20.MAP	私には、いえ、この世界全体にとって、時間がないのです。
27	1	/RT20.MAP	・・・アレクトリア大図書館の安全を得ていたのだ・・・。
27	1	/RT20.MAP	されど、今は壊れておるゆえ、とても飛べそうにござらん。
27	1	/RT20.MAP	でも今は壊れてるのだ～ゼー！飛べそうにないのだ～ゼー！
27	1	/RT20.MAP	これがあれば古代遺跡にて我が弟の所在も確認でき申そう。
27	1	/QH00.MAP	やめちまうんですかい。んじゃ、ほかに何か用はあるかい？
27	1	/QH00.MAP	王子、早く帰ってきて、わたくし共を喜ばせて下さいませ。
27	1	/QH00.MAP	大自然のおしおきヨ・・・というワケではなさそうですな。
27	1	/IZ00.MAP	誰かが誰かを好きになるって、そんなに大事なことなのか？
27	1	/IZ00.MAP	では、力とは、何だ、アスカ？何のために力が必要なんだ？
27	1	/IZ00.MAP	マラカイトだね、わかった、きっとさがしだしてみせるよ。
27	1	/ZM00.MAP	人の上に立つからといって、心が傷つかないわけじゃない。
27	1	/ZM00.MAP	・・・カムイ・・・。少しだけ、泣いてもいいかな・・・。
27	1	/ZM00.MAP	王女様！裏切り者かどうかなんて、どうでもいいんですよ。
27	1	/ZM00.MAP	ミュウ様こそ、あたし達ドラグーン国民の希望の星ですわ。
27	1	/ZM00.MAP	ホークアイさん、ミュウ様の家来になる決心はしましたの？
27	1	/ZM00.MAP	そんなに持てないようですじゃ。どうかムリはなさらずに。
27	1	/ZM00.MAP	闘技場の扉は全てを拒むようにしっかりと閉じられている。
27	1	/DG10.MAP	必ず、こいつを倒して、ドラグーン城を取り戻してみせる。
27	1	/IS10.MAP	ドラグーンの竜騎士ミュウです！皆さんを助けにきました！
27	1	/IS10.MAP	あちこち傷んでいるけど、修復不可能ってわけじゃ・・・。
27	1	/IS10.MAP	オルトマとザルマを結ぶ街道の中間地点西の森の近くだよ。
27	3	/KR00.MAP	そんなに持てないだろう？ムリはしない方がいいと思うぜ。
27	1	/KR00.MAP	カダール軍が集めた学者の中には、鷹人間がいたそうだよ。
27	1	/KR00.MAP	こういうの、流行語で、ハレハレガッコンっていうのよね。
27	1	/KR00.MAP	リグロード戦役の英雄、ヘクターの像を破壊したそうです。
27	1	/KR00.MAP	うれしいぞ、うれしいぞ、うれしいぞ。平和になったんだ！
27	1	/KR00.MAP	まったく、怖いなら怖い、嫌なら嫌といえばいいんですよ。
27	1	/KR00.MAP	カダールの連中とモメちまって、ケガをさせられちまった。
27	1	/DS00.MAP	どうやら隠されていた出口が姿をあらわした様子でござる。
27	1	/JG02.MAP	多少の犠牲は、それこそ大事の前の小事というもの・・・。
27	1	/JG00.MAP	カオスの力が、こちらの世界に影響を及ぼすのを防ぐため、
27	1	/JG00.MAP	この俺様の、すばらしく良く強まった魔導の腕がなければ、
27	1	/JG00.MAP	オレには、まだ早いぜ。すまねぇが、選ぶことはできねぇ。
27	1	/JG00.MAP	では、次元の扉を開けます。同行する仲間を選んで下さい。
27	1	/ST10.MAP	まさか、滝の裏側が入口になってるなんて思わなかったよ。
27	1	/OT00.MAP	こんなことは初めてだよ。いったい、何が起こってるんだ？
27	1	/OT00.MAP	この町の東にある断崖は、大地の叫びって呼ばれてるんだ。
27	1	/OT00.MAP	大地の叫びができる時に、ものすごい音と震動があってさ。
27	1	/OT00.MAP	ここからドラグーン城へ向かう途中に落ちてた大きなアレ、
27	1	/OT00.MAP	そんなことしたら、ディアーネ船長に殴られちまいまさァ。
27	1	/OT00.MAP	北か南にアハハンと向えば、カダールへたどりつくのよン。
27	1	/OT00.MAP	ぱふぱふっと北か南にむかえばカダールにたどりつくのヨ。
27	1	/AT20.MAP	さっきの仕掛けは、この橋をかけるためだったのだ～ゼー！
27	1	/AT20.MAP	それもそうだな。ここでグタグダ言っててもしょうがねぇ。
27	1	/AT10.MAP	グラビティに行く前にイクシーズについてもっと調べよう。
27	1	/AT00.MAP	アンジュさんには、危ないところを助けていただき・・・。
27	1	/AT00.MAP	あたしなんか、喧嘩したくても身内なんかいないんだから。
27	1	/AT00.MAP	盗人の上前はねようなんざ、ちゃんちゃらおかしいんだよ！
27	1	/AT00.MAP	文献が詰め込まれてるのは館長室だけではありませんもの。
27	1	/AT00.MAP	まぁ、私だって無駄に年を重ねているわけではないんでね。
27	1	/AT00.MAP	お互いの頭が冷えるまで待ったほうがいいんじゃないかな。
27	1	/AT00.MAP	こんなものがあるなんて、わたくしも初めて知りましたわ。
27	1	/AT00.MAP	海底神殿と呼ばれる信仰の対象となり、現在に至っている。
27	1	/AT00.MAP	正と負、暗黒と光が重なる際、大きな力を生み出すように、
27	1	/AT00.MAP	突然、アーヤの無防備な背中めがけて、殺気が押し寄せた。
27	1	/AT00.MAP	・・・私のような者でも、死ねば平安を得られるだろうか。
27	1	/AT00.MAP	・・・では、今度こそ、本当にさらばだ、我が最愛の娘よ。
27	1	/AT00.MAP	７人委員会の暴走には、そういうワケがあったのね・・・。
27	1	/MP00.MAP	なんだか、リグロードのオルトマと雰囲気が似てる・・・。
27	1	/MP00.MAP	どうやら、７人委員会の連中は、全世界の人間を抹殺して、
27	1	/MP00.MAP	７人委員会の命により、許可のない船の発着を禁止します。
27	1	/MP00.MAP	港には人影もなく、ただ、風だけが吹きつけている・・・。
27	1	/MP00.MAP	店の主人の姿はなく、店内の惨状がすべてを物語っている。
27	1	/MP00.MAP	アレクトリア大図書館が、適任だと思うんですがね・・・。
27	1	/MP00.MAP	ただいま倉庫番募集中！！気の短い人・頭の悪い人お断り。
27	1	/MP00.MAP	注意：荷物は押すことができますが引くことはできません。
27	1	/MP00.MAP	ドリーム・ラビリンスは、近づいてはならない禁断の場所。
27	1	/MP00.MAP	地面を自由に掘り下げて、こっちの足をとめるらしいわよ。
27	1	/KS00.MAP	でも、ガルマンオーブがないから、今は何もできないんだ。
27	1	/KS00.MAP	よし、ついたぞ！ここにガルマンオーブを置くんだったね。
27	1	/GB00.MAP	しかし、熱き死の砂とは、一体どこのことなんでしょうね？
27	1	/GB00.MAP	これを付けて修行すれば、素早さがメキメキ上がるらしい。
27	1	/GB00.MAP	七人委員会の連中が入り込み、中を荒らしてしまったのだ。
27	1	/GB00.MAP	イクシーズでは２種類の鉱物が重要な働きをしているんだ。
27	1	/GB00.MAP	とっておきの情報なのに、あんまり驚かないんだね・・・？
27	1	/GB00.MAP	技の気合い、練気は、次の攻撃に備えて力を貯える技じゃ。
27	1	/GB00.MAP	そんな当り前のことが、実感として分かっているからじゃ。
27	1	/GB00.MAP	こういった魔法力の結晶によって、古代魔法文明時代には、
27	1	/GB00.MAP	伝承にいわく、光なす翼を奉りたる祭壇に魔法球供うべし。
27	1	/IP00.MAP	認めたくないけど、シラナミなら何か分かるかも、なのね。
27	1	/IP00.MAP	どうやら、この扉には、なにか仕掛けられているみたいだ。
27	1	/IP00.MAP	どうやら、この扉には、何かの仕掛けがされているようだ。
27	1	/IP00.MAP	されば、シラナミ嬢に見せるのが、一番適切でござろうな。
27	1	/IP00.MAP	今度こそ、頑張ってここを切り抜けよう。じゃ、いくよ！！
27	1	/SB00.MAP	みんな、体力の消耗に気を付けて！！それじゃ、いくよ！！
27	1	/NT30.MAP	だから・・・ゲートキーはあなたがたの手には渡せません。
27	1	/NT30.MAP	我らは、古代魔法文明の謎をひも解こうとしているのです。
27	1	/NT30.MAP	あなた達が何を成すか、見届けてみたいものですが・・・。
27	1	/NT20.MAP	刑が定まるまで、自分の行いをこの中で反省するのですな。
27	1	/NT20.MAP	７人委員会様の目的とは、ずばり、歴史の中に埋もれていた
27	1	/NT20.MAP	・・・その件に関して、申し上げられることはありません。
27	1	/NT20.MAP	７人委員会の行動は、全世界に混乱と破壊をもたらすもの。
27	1	/NT20.MAP	委員会の目的が、古代魔法文明時代の失われた技術の復活と
27	1	/NT20.MAP	では、この不潔な場所から退出することにいたしましょう。
27	1	/HL10.MAP	弓で攻撃するときは、高い所から低い所を狙うのが有利だ。
27	1	/HL10.MAP	７人委員会が倒されたおかげで、世界に平和が戻るだろう。
27	1	/HL10.MAP	金が足りないよっ。財布が重くなったらまた来ておくれっ。
27	1	/HL00.MAP	この枯木には、何かがありそうだ。押してみようか・・・。
27	1	/HL00.MAP	ここを下れば港町ポポロンへ出ることができるはずですわ。
27	1	/HL00.MAP	とりあえず、あそこまでたどり着けば、こちらのものだね。
27	1	/HL00.MAP	野獣と申しましても、甘く見ると手痛い目にあいましてよ。
27	1	/HL00.MAP	ハイランドにいくには、ここから出なければなりませんわ。
27	2	/KK01.MAP	こいつが爆発すれば、あたり一体をぶっとばすってワケか。
27	1	/CK00.MAP	火薬庫に火をつけたのは、カダールの手の者だって言うぜ。
27	1	/CK00.MAP	その子の雰囲気が、妹のヨモギになんとなく似てるんでな。
27	1	/CK00.MAP	もうしばらく、お兄ちゃんのワガママを許してほしいでし。
27	1	/CK00.MAP	どーなってるの？世界は平和になったんじゃなかったの！？
27	1	/CK00.MAP	カダールのヤツらが襲ってきても、ボク、泣かなかったよ。
27	1	/OB00.MAP	何か仕掛けがありそうだけど、今は打つ手がない・・・か。
27	1	/OB00.MAP	やっぱりここに置く物だったみたいだ。ぴったり収まった。
27	1	/MH00.MAP	平和なんて、もう二度と訪れないと、諦めていたが・・・。
27	1	/MH00.MAP	リグロードもカダールに相当痛めつけられているらしいな。
27	1	/MH00.MAP	なぁに、ちょいとした仕掛けが、あたしの船にはあるのさ。
27	1	/MH00.MAP	じゃあ、あたしは一足先に行って船の準備をしとくからね。
27	1	/MH00.MAP	おや・・・ミュウの姿が見えないね？一体どうしたんだい？
27	1	/MH00.MAP	ミュウを助けだしに行くんだろ？とっとと済ましとくれよ！
27	1	/MH00.MAP	ゲテン城に乗り込んで城を奪い返した連中がいるらしいよ。
27	1	/MH00.MAP	試練の迷宮ってのが、実際どういうものかは知らないけど。
27	1	/MH00.MAP	物語の中でのみ語られるその切れ味は相当なものらしいね。
27	1	/MH00.MAP	世界は平和になったっていうのに、わたしってば不幸だわ。
27	1	/MH00.MAP	こんな魚臭い港町に閉じ込められてどこにもいけやしない。
27	1	/MH00.MAP	海を西か東へ進んだらそのうちにはリグロードにつくやろ。
27	1	/GT20.MAP	これは、ボクがカダールに行った時のカオスゲートだよね。
27	1	/GT20.MAP	ミュウが・・・消えた・・・！ガルザードと一緒に・・・？
27	1	/GT20.MAP	おい、確かヒガタにディアーネとかいう女船長がいたよな？
27	1	/KD00.MAP	どうやら、ここには【天邪の鏡】がぴったりはまるようだ。
27	1	/KD00.MAP	ここには【八坂の勾玉】がぴったりはまるようになってる。
27	1	/KD00.MAP	どうやら、ここには【蓬莱の珠】がぴったりはまるようだ。
27	1	/SK10.MAP	わしの可愛い子供達を傷つけさせるようなことはさせぬぞ！
27	1	/SK10.MAP	・・・大丈夫だよ。無事に母親のところに送り届けるから。
27	1	/SK10.MAP	結界洞の封印解除に必要な物が、これで全部揃ったんだね。
27	1	/SK00.MAP	奥は兵で固められていて、子どもの姿さえ確認できません。
27	1	/SK00.MAP	うまく人質を助けだせたら、ア～ちゃん誉めてくれるかな？
27	1	/HY00.MAP	へばってる場合じゃねぇぞ！みんな、この先が星陵郭だゼ！
27	1	/HY00.MAP	一度、村に戻って、装備を整えた方がいいかもしれないね。
27	1	/HY00.MAP	こんな高いところから滑り落ちたらタダじゃあすまねぇな。
27	1	/KM10.MAP	見知らぬ者よ、今、このときのみでよい、力を貸してくれ！
27	1	/KM10.MAP	善人ぶるつもりはねぇが、オレも黙っては見過ごせないぜ。
27	1	/KM10.MAP	盗むのはお宝ばっかりだったけど、こういうのも面白いね。
27	1	/KM10.MAP	ちょっとつきあってれば、どう動くか丸わかりなんだもの。
27	1	/KM10.MAP	カダール兵をやっつけて、はやく彼女の手当をしなくちゃ！
27	1	/KM00.MAP	カムイ様はワシらカムイコタン一族を束ねる族長ですじゃ。
27	1	/KM00.MAP	今度はあなたが、ミュウさんやラスティさんを手伝う番よ。
27	1	/KM00.MAP	どうしてユーカリさんをカダール軍に渡そうとしていたの？
27	1	/KM00.MAP	ア～ちゃんは、そうだね。そんなことは絶対許さないよね。
27	1	/KM00.MAP	危ないところを助けていただき、ありがとうございました。
27	1	/KM00.MAP	・・・でも、神々は何に怒ってらっしゃるのかしら・・・。
27	1	/KM00.MAP	早くみんなと一緒に暮らせるようになるといいねカムイ様。
27	1	/KM00.MAP	だが、【ヒヒイロカネ】はほとんど見つからない幻の金属。
27	1	/KM00.MAP	そんなワケで、今は、仕事する気にもならないってワケさ。
27	1	/KM00.MAP	あーあ、どこかで、【ヒヒイロカネ】が手に入らないかな。
27	1	/GH00.MAP	言い忘れてたけど、橋に爆薬がしかけられてるらしいのよ！
27	1	/GH00.MAP	敵には構わずにとにかく橋の向こうまでたどりつかなきゃ！
27	1	/HS10.MAP	そ～んでもって、あたいを倒すのは、不可能ですからね～。
27	1	/HS10.MAP	・・・だが、もしかしたら、どこかで役にたつかもしれん。
27	1	/HS10.MAP	何かの役に立つかもしれない、とりあえずしまっておこう。
27	1	/HS00.MAP	イガ最強の名が泣くぜ！くそったれの罠にはまりやがって！
27	1	/HS00.MAP	・・・すまない。ミュウ、ナズナ、つい熱くなっちまって。
27	1	/HS00.MAP	まぁ、何にしろ、今すぐ行動開始ってわけにはいかないな。
27	1	/GM00.MAP	おかげでアスカは月組のシノビ達を助け出せたそうですわ。
27	1	/GM00.MAP	カダールをやっつけるのんに協力してるっちゅう話やけど。
27	1	/GM00.MAP	なにかとてつもないことが、起こってるのんと違うやろか！
27	1	/GM00.MAP	結界洞が封印されてたら手が出せへん。ほんま、腹立つわ。
27	1	/GM00.MAP	今ごろは、きっとカダールに占領されてますのんやろうね。
27	1	/GM00.MAP	技と技の融合は、いろいろと試してみるしかあれしまへん。
27	1	/GM00.MAP	体を調子よう保つためにも有効につかっていかなアカンわ。
27	1	/GM00.MAP	大変や、ああ大変や、大変や。うーん、よろしいおすなぁ。
27	1	/GM00.MAP	こうやってのんびりできるのんも、平和やからこそですわ。
27	1	/GM00.MAP	きっと、今ごろは、最強のシノビ、月組に入ってるやろな。
27	1	/GM00.MAP	この前、こっそりホウショウ院に忍びこんで来たんやけど、
27	1	/GM00.MAP	ボクが強かったら、カダールの連中から、皆を守れるのに。
27	1	/GM00.MAP	アワワワ、えらいこっちゃ、どないしよ、えらいこっちゃ。
27	1	/GM00.MAP	うちも、シラナミみたいに悪いやつをこらしめてみたいわ。
27	1	/GM00.MAP	カダールのヤツらを、誰か追い出してくれんやろか・・・。
27	1	/GM00.MAP	おやおや。残念だけど、お金がないんじゃ、売れないねぇ。
27	1	/GM00.MAP	なんやねん、そんなに持てへんやん。やめとき、やめとき。
27	1	/GM00.MAP	平和になったことだし、そろそろそっとしといてやろうぜ。
27	1	/GM00.MAP	まぁ、とりあえず、茶でも飲んで気持ちを落ち着けようぜ。
27	1	/GM00.MAP	あーあ、まだ若いのに、きっと殺されてしまうんやろなぁ。
27	1	/IY00.MAP	そうすれば、橋がなくても、キミ達は向こう側に行けるよ。
27	1	/NJ10.MAP	あっし達を閉じ込めておけるような牢なんてありませんぜ！
27	1	/NJ10.MAP	お前達には申し訳ないが、しばらくの間、イガの里を頼む。
27	1	/NJ10.MAP	ミュウ様、ラスティ様、ナズナ様、お頭のことを頼みやす。
27	1	/NJ10.MAP	悪い女にひっかかったりしないように見張ってて下さいよ。
27	1	/NJ00.MAP	部屋がなくなってる・・・地の底に落ちてしまったのかな。
27	1	/NJ00.MAP	なんでも、そいつは、【山嵐】って投げ技を使うらしいゼ。
27	1	/IG10.MAP	オレは、オレを信ずる者を犬死にさせたことは一度もない。
27	1	/IG10.MAP	つまり、ムサシ爺っちゃんと一緒に戦った竜騎士の子孫か？
27	1	/IG10.MAP	実は、ドラグーン王国をはじめとするリグロード大陸全体が
27	1	/IG10.MAP	オレの親父が生きてた頃には、あんたのところの親父とは、
27	1	/IG00.MAP	アスカ様、いつになったらイガに戻ってらっしゃいますの？
27	1	/IG00.MAP	最強のシノビ集団月組の復活を願う人は少なくないですわ。
27	1	/IG00.MAP	カダールの連中ときたら、同じ人間とはとても思えないわ。
27	1	/IG00.MAP	なにをはめるのか、どこにあるのか、誰も知らんのじゃよ。
27	1	/IG00.MAP	爺ちゃんからアスカ兄ちゃんと話すなって言われてるんだ。
27	1	/IG00.MAP	忍者屋敷から仲間を助け出した時の話を聞かせておくれよ！
27	1	/IG00.MAP	この老人をあわれとお思いなら、どうか帰ってきて下され。
27	1	/IG00.MAP	そんなに持てやしないわよ。まったく、欲が深いんだから。
27	1	/IG00.MAP	「看板は表かや見まちょう」か。子供の落書だな、こりゃ。
27	1	/IG00.MAP	どうやら、アスカが裏切ったって話は、誤解だったみたい。
27	1	/IG00.MAP	運命の人に出会うための、ひとりぼっちだったの、なのね！
27	1	/IG00.MAP	アスカ兄ちゃんのばかっ！僕達を裏切るつもりなんだろう！
27	1	/NZ00.MAP	どうも、ただの洞窟ってワケじゃないんだろうけど・・・。
27	1	/NZ00.MAP	ここでパンチが飛んでこないと寂しくていけねぇな・・・。
27	2	/WR02.MAP	もとはといえば、ミュウの国を助けるために来たんだもの。
27	2	/WR02.MAP	よぉし、そうと決まれば、オルトマに向けて全速前進だよ！
27	1	/WR02.MAP	いかにも、その手の本は、弟がいくつも書いており申した。
27	1	/WY02.MAP	カダールと戦っている人達を集めて、ガルザードに挑めば、
27	1	/WY02.MAP	道を閉ざすための建物さ。イガの東と西に１つずつあるぜ。
27	1	/WK00.MAP	お父様の魂が、７人委員会の思念に捕らわれているのです！
27	1	/WK00.MAP	不本意ではござるが、ここはミュウ姫様と皆にお任せ申す。
27	1	/WK00.MAP	皆さん、どうか、勝って下さい！世界中の命を守るために！
27	1	/WR00.MAP	ボク達の敵は、７人委員会！今は、やつらを倒すのが先だ。
27	1	/WR00.MAP	もう、ボクのことを心配してくれる人はいないんだ・・・。
27	1	/WR00.MAP	でもカギがかかってるみたいだよ。シラナミちゃん、どう？
27	1	/WR00.MAP	ここでドラグーンについて情報を得られるかもしれないよ。
27	1	/WR00.MAP	幸い、我々にはイクシーズ号が残っていることでもあるし。
27	1	/WC00.MAP	どうにか逃げ出せたみたいだ。武闘司書って、強いんだね。
27	1	/WC00.MAP	特別にリグロードサーガとかリグロード戦役って呼ぶよね。
27	1	/WC00.MAP	ち、違うってば！そういう意味じゃなくて、だから・・・。
27	1	/WC00.MAP	俺様はウィスコの再来とまで呼ばれた大天才なのだ～ゼー！
27	1	/WC00.MAP	その天才が何だってこんなとこに閉じ込められてたんだよ？
27	1	/WC00.MAP	俺様の加入で、戦力は一気に強まりまくって倍増だ～ゼー！
27	1	/WC00.MAP	この人は、きっとボク達の戦いに役立ってくれると思うよ！
27	1	/WC00.MAP	アンジュ様、先ほどは失礼しました。どうぞお通り下さい。
27	1	/WC00.MAP	最近、館長の様子がおかしいと、館内でもっぱらの噂です。
27	1	/WC00.MAP	カダールの兵隊が、この周りをうろつくようになりました。
27	2	/SS10.MAP	敵を全部やっつけないと、この先にはすすめそうにないよ！
27	2	/SS10.MAP	ええい、カダールに刃むかうとは、なんという愚か者達よ！
27	1	/WY00.MAP	［］里の連中は、俺のことを完全に裏切り者と思ってるな。
27	1	/WY00.MAP	なんだか嫌な予感がするわ。もしかして、女のカン・・・？
27	1	/WY00.MAP	みんなは先に村に戻っていてくれ、子供達は必ず助けだす。
27	1	/WY00.MAP	ホウライ山の化け物は、登りにブッ倒したばかりだからな。
27	1	/WY00.MAP	・・・いらないって言ってもどうせついて来るんでしょう？
27	1	/WY00.MAP	よし、ここはオレの出番だな！シノビの技を見せてやるぜ。
27	1	/WY00.MAP	ちょろいもんさ。イガ最強のシノビの名はだてじゃないぜ！
27	1	/WY00.MAP	女義賊のシラナミ～！？もしかして、アスカの知合いなの？
27	1	/WY00.MAP	入れない事だけは確かね。ともかく、イガの里を目指そう。
27	1	/WY00.MAP	クリカラ村が、無くなってる！・・・何があったんだろう？
27	1	/BOT5.MAP	視点５---------離れた斜め視点--------
27	1	/BOT5.MAP	視点６---------斜めの近い視点--------
27	1	/BOT5.MAP	視点７---------クォータビュー--------
27	1	/WAZAHELP.MSG	火炎を伴う剣で敵を攻撃する技です。対空攻撃が可能です。
27	1	/WAZAHELP.MSG	ジャンプして敵を斬りつける技です。対空攻撃が可能です。
27	1	/WAZAHELP.MSG	剣先から強力な衝撃波を発生させ、円形に振り出す技です。
27	1	/WAZAHELP.MSG	敵を粉砕する衝撃波を発生させます。対空攻撃が可能です。
27	1	/WAZAHELP.MSG	３体の分身が同時に敵を攻撃します。対空攻撃が可能です。
27	1	/WAZAHELP.MSG	投げた敵に飛びつき、地面にまっさかさまに叩きつけます。
27	1	/WAZAHELP.MSG	卍型の手裏剣で敵を切り裂く技です。対空攻撃が可能です。
27	1	/WAZAHELP.MSG	空から舞い下りて、敵を飛び越えつつ衝撃波で攻撃します。
27	1	/WAZAHELP.MSG	敵を飛び越えながら、空から混乱の音波をまき散らします。
27	1	/WAZAHELP.MSG	凍てつくような水流を発射し、1/4の確率で凍結します。
27	1	/WAZAHELP.MSG	敵に木の実を投げつけて攻撃します。対空攻撃が可能です。
27	1	/WAZAHELP.MSG	分身とともにありったけの力を込めた、猛烈なパンチです。
27	1	/WAZAHELP.MSG	本の中から闇の者がささやき、1/8の確率で混乱します。
27	1	/WAZAHELP.MSG	気を練り上げ、次ターンでの賢さを１．５倍まで高めます。
27	1	/WAZAHELP.MSG	荒れ狂うプラズマを産み出し、敵に向かって叩きつけます。
27	1	/WAZAHELP.MSG	相手もしくは味方の持つＨＰを１０％～５０％吸収します。
27	1	/WAZAHELP.MSG	相手もしくは味方の持つＭＰを１０％～５０％吸収します。
27	1	/WAZAHELP.MSG	アダルトタッチで敵一体に大ダメージをあたえます:-)。
27	1	/ITEMHELP.MSG	時とともにＨＰを回復してくれるすばらしいアイテムです。
27	1	/ITEMHELP.MSG	聖騎士と呼ばれる特別な騎士たちが愛用した強力な剣です。
27	1	/ITEMHELP.MSG	所有者の運を高める剣です。武器としての効果も十分です。
27	1	/ITEMHELP.MSG	格闘術の入門書です。装備すると防御力が少し上がります。
27	1	/ITEMHELP.MSG	古代ソリトン戦役で発明された、弓兵用の強力な長弓です。
27	1	/ITEMHELP.MSG	つがえた矢に霊的な力をあたえるといわれる特殊な弓です。
27	1	/ITEMHELP.MSG	木綿にあつみをもたせて作られた魔法使いのための服です。
27	1	/ITEMHELP.MSG	白金を加工して作られた、非常に高い防御力を誇る盾です。
26	1	/GT00.MAP	いくよ！ボク達の手でガルザードとの決着をつけるんだ！
26	1	/FIR1.MAP	地形を盛り上げて、敵のいる場所を滑る坂にするんだね！
26	2	/KB00.MAP	こんなところで時間を食うわけにはいかないの、なのね。
26	1	/TM00.MAP	ほいじゃけぇ、迷宮協会で登録しよらにゃいかんわけよ。
26	1	/TM00.MAP	２．アイテムの持ち込み、宝物の持ち出しは自由でっせ！
26	1	/BL00.MAP	そんなに持てっこないでしょ。それぐらい分かるでしよ。
26	2	/BL00.MAP	ご不用になりました品を、引きとらせていただきますわ。
26	1	/BL00.MAP	ありがとうございます。ほかに何か買物はございまして？
26	1	/BL00.MAP	ありがとうございます。ほかに何か売物はございまして？
26	1	/CT20.MAP	ようこそ、ミュウ王女。思ったよりも早い到着でしたな。
26	2	/CT20.MAP	魂となって・・・我らは・・・必ず・・・世界を・・・。
26	1	/CT20.MAP	魔法球は、このままにして、元の世界に戻るの、なのね！
26	1	/CT20.MAP	お父様・・・わたくし、お父様の無念を晴らしましたわ！
26	1	/CT20.MAP	皆の衆、各個撃破されないように気をつけるでござるよ。
26	1	/CT10.MAP	そんなことナズナに教えてどうしろっていうの、なの？！
26	1	/CT10.MAP	つかんでもらって行くか地形をかえていくしかないわね。
26	1	/CT10.MAP	あいつ達を倒すしかないようね。じゃあ、いきましょう。
26	1	/CT10.MAP	あいつ達を倒していくしかないのね。じゃあ、いくのね。
26	1	/CT00.MAP	誤った道を歩む指導者を正すのは、当然のことでしてよ！
26	1	/OT02.MAP	乗せるのはかまやしないんだけど、おアシがねぇ・・・。
26	1	/HL11.MAP	俺様は天才だからして、魔法の修行を続けるのだ～ゼー！
26	1	/OT01.MAP	ちょうど、ドラグーン城のあたりからだったらしいわよ。
26	1	/OT01.MAP	おやめになるのですね。ほかに何かご用はございますか？
26	2	/OT01.MAP	それがしの店の防具は、どれを買っても損はさせ申さん。
26	1	/OT01.MAP	ありがたき幸せ。ほかに何か買うものはござりまするか？
26	1	/OT01.MAP	ありがたき幸せ。ほかに何か売るものはござりまするか？
26	1	/ZM01.MAP	やぁ、ミュウ様じゃないですか。どうなさったんですか？
26	1	/ZM01.MAP	ご迷惑をおかけしております。闘技場は現在建設中です。
26	1	/ZM01.MAP	ご迷惑をおかけしております。カジノは現在建設中です。
26	1	/ZM01.MAP	気に入らねぇか、残念だな。ほかに用はあるかい、姫様？
26	1	/ZM01.MAP	おいおい、そんなに持てねぇだろ。やめとけ、やめとけ。
26	1	/ZM01.MAP	あら？残念ながらお金が足りないようですよ、ミュウ様。
26	1	/RS01.MAP	ミュウを置いて一人で逃げるわけにはいかないよ・・・。
26	1	/RS01.MAP	ラスティのクセにボクに意見するなんて、生意気だぞう！
26	1	/DG21.MAP	・・・その方、ただ、力を誇示したいだけではないのか？
26	2	/ES01.MAP	何人委員会だろうと、ギッタギタにしてやるのだ～ゼー！
26	2	/ES01.MAP	ここをうまく使えば、ずいぶん楽に進めるかもしれない。
26	1	/ES10.MAP	７人委員会の奴らが、カカルクランに手を出したせいか？
26	1	/ES00.MAP	これが、水晶柱か。何か神秘的な雰囲気を持っているな。
26	1	/ES00.MAP	あ、ナズナほどじゃないけど超絶美少女がいるの、なの！
26	1	/MK00.MAP	せまいところだから、みんな落ちないように気をつけて！
26	1	/MK00.MAP	奴等の魔法にどうやって耐えるかで勝負は決まるだろう。
26	1	/WS00.MAP	水晶柱・・・か。はじめてコレを見たのは、１３歳の時。
26	1	/RT20.MAP	我らは、これより次元の扉におもむき、その封印を解く。
26	1	/RT20.MAP	そんなことをすれば、とんでもないことになりましてよ！
26	1	/RT20.MAP	魔法力に優れ・・・武力に優れ・・・人望に優れ・・・、
26	1	/RT20.MAP	とりわけ、空飛ぶ船については大陸屈指の学者でござる。
26	1	/RT20.MAP	でも、今は壊れてて、とても飛べそうな様子じゃないよ。
26	1	/RT20.MAP	でも、今は壊れてるでし。とても飛べそうにないでしよ。
26	1	/RT20.MAP	でも今は壊れてるの、なの。飛べそうにないの、なのね。
26	1	/RT20.MAP	ホークアイの弟ファルコの所在も確認できるってことだ。
26	1	/RT20.MAP	ホークアイの弟ファルコの所在も確認できるってことよ！
26	1	/QH00.MAP	国土のみならず、私達の王と王妃にまで手をかけるとは、
26	1	/QH00.MAP	あの山にそびえ立つ巨大な扉は、次元の扉だそうですね。
26	1	/QH00.MAP	魔法使いが賢者の石を持てば、恐い物はないそうですよ。
26	1	/QH00.MAP	うちのボンクラ王子はどこに行ってしまったんですかね。
26	1	/QH00.MAP	アドバイスする前に、すでに失敗をしていましたからな。
26	1	/QH00.MAP	それもこれも、ひっくりかえせば愛あればこそなのです。
26	1	/IZ00.MAP	自分ばっかりアスカとイチャイチャして、ずっるいのね！
26	1	/IZ00.MAP	そこまで言うんだったら、はっきりさせようじゃねぇか。
26	1	/IZ00.MAP	私にも分からんよ。もし答えが見つかったら教えてくれ。
26	1	/IZ00.MAP	（それにしても、アンジュさん、きれいでしね・・・。）
26	1	/IZ00.MAP	されば、ミュウ姫、愚弟の意見を御一考下さいませぬか？
26	1	/IZ00.MAP	おお、これは姫様！して、首尾の方は、いかがでござる？
26	1	/IZ00.MAP	・・・されど、作業にはいましばらく時間がかかり申す。
26	1	/IZ00.MAP	しかし、いままでになく規模の大きな地震でしたな・・。
26	1	/ZM00.MAP	・・・そう。ボクはみんなに本当のことを言わなかった。
26	1	/ZM00.MAP	事情を知らぬこととは言え、私共の無礼をお許し下さい！
26	1	/ZM00.MAP	まったく、どうなっちまうのかね、リグロードは・・・。
26	1	/ZM00.MAP	王様のことは残念だったね。いい王様だったのに・・・。
26	1	/ZM00.MAP	ミュウ様ばんざい！新しいドラグーン国王にばんざーい！
26	1	/ZM00.MAP	まだドラグーンに戻ってらっしゃらないじゃないですか。
26	1	/ZM00.MAP	まったく、あんたみたいな女を毒婦っていうんだろうね！
26	1	/ZM00.MAP	そんなに持てっこないでしょ。それぐらい分かるでしょ。
26	1	/DG10.MAP	こいつを倒せば、ドラグーン城を取り戻せるってワケか！
26	1	/DG10.MAP	こいつを倒せば、ドラグーン城を取り戻せるんですのね！
26	1	/DG10.MAP	ミュウ様、どうか気をしっかりとお持ちになって下さい。
26	1	/DG00.MAP	なんと非道な・・・。２階にあがるのは無理でござるな。
26	1	/IS10.MAP	姫！光翼船イクシーズ号の修理、拙者におまかせ下され！
26	1	/IS10.MAP	姫、さっそく、イクシーズ号墜落現場に参りましょうぞ！
26	1	/IS10.MAP	姫におかれましては、お気にかかることがござりますか？
26	1	/IS10.MAP	そこには、カオスの力に関することが書いてありました。
26	1	/IS10.MAP	７人委員会はカカルクランのことも調べていたようです。
26	1	/DS10.MAP	【フライサー】の魔法の効果は８から９ターン続くから、
26	1	/IS00.MAP	この戦いに決着がついたら、またゆっくり話をしようや。
26	1	/IS00.MAP	なんて、うふふふ。本当は、絵本で読んだんですけれど。
26	1	/KR00.MAP	古代遺跡に入るには、【古代遺跡の鍵】が必要らしいよ。
26	1	/KR00.MAP	そのかわり、今後は、どんな小さな依頼でも、誠心誠意、
26	1	/KR00.MAP	けっこうです！自分の相手ぐらい、自分でみつけますっ！
26	1	/KR00.MAP	・・・今ちょっと、あたしのことバカだと思ったでしょ？
26	1	/KR00.MAP	かのリグロードの英雄、アーサー王が親しくしておられた
26	1	/KR00.MAP	今また、その次元の扉が、幽玄の森に現れたとか・・・。
26	1	/KR00.MAP	あれは不吉なものだというのがもっぱらのウワサですよ。
26	1	/DS00.MAP	敵の幻術がとけて出口が見えるようになったみたいだね。
26	1	/JG02.MAP	カオスの力は、我ら７人委員会にこそふさわしい・・・。
26	1	/JG00.MAP	その結果、世界に天変地異を引き起こしてしまいました。
26	1	/JG00.MAP	あいつらの野望なんか、あたしがこなごなにしてやるわ！
26	1	/JG00.MAP	ああ、平和を迎えるには、７人委員会をたたかなくては！
26	1	/JG00.MAP	７人委員会の愚かな行いを見すごすことはできませんわ！
26	1	/JG00.MAP	やつらを倒せば、きっと・・・。きっと戻ってこれるよ！
26	1	/JG00.MAP	ズギャっと７人委員会を倒すことは出来ないのだ～ゼー！
26	1	/JG00.MAP	扉を開くたび、この世界にカオスが漏れてしまうのです。
26	1	/JG00.MAP	お帰りなさい。皆さんのおかけで、世界は救われました。
26	1	/JG00.MAP	たくさんの命にかわって、ありがとうを言わせて下さい。
26	1	/JG00.MAP	っもぅ、あたしとナズナとどっちを選ぶのかってことよ！
26	1	/OT00.MAP	やぁ、ホークアイ！カダールの件はカタがついたんだろ？
26	1	/OT00.MAP	サモサだね！言っとくけど、あそこは何もない場所だよ。
26	1	/AT20.MAP	思ったとおり、この石には何か仕掛けがあったみたいね。
26	1	/AT20.MAP	おっとと、あしもとがぐらついてこけそうになったでし。
26	1	/AT20.MAP	さっきのスイッチは、この橋をかけるためだったんだね！
26	1	/AT20.MAP	俺様ほどの天才には、ズギャッとわかってしまうのだが、
26	1	/AT20.MAP	わたくしも、こんな陸地の存在は記憶しておりませんわ。
26	1	/AT10.MAP	地下通路でマラカイトを見つけて、グラビティへ行こう！
26	1	/AT00.MAP	わたくしは自分の正しいと思ったことを行うだけですわ。
26	1	/AT00.MAP	薄暗い書物庫の中に閉じ込められるなんてゴメンですわ。
26	1	/AT00.MAP	それを止めることができなくて、何のための知識ですか！
26	1	/AT00.MAP	それは、ネコ科の大型獣を思わせる、危険な表情だった。
26	1	/MP00.MAP	みんなを運んできてくれてありがとう、ディアーネさん。
26	1	/MP00.MAP	じゃ、行くから。あんた達が成功することを祈ってるよ。
26	1	/MP00.MAP	そんなに持てるのか！？ムリはしない方がいいと思うよ。
26	1	/MP00.MAP	ありがとうございます。ほかに何か買物はございますか？
26	1	/MP00.MAP	ありがとうございます。ほかに何か売物はございますか？
26	1	/MP00.MAP	なかなか倒せないときは攻撃方法を考えてみることだな。
26	1	/MP00.MAP	７人委員会は本当の平和を知ることはできなかったんだ。
26	1	/MP00.MAP	７人委員会によるヤマタイ・リグロードへの侵略行為は、
26	1	/MP00.MAP	アレクトリア大図書館は知識の殿堂と呼ばれていますの。
26	1	/MP00.MAP	お互い、なんとかして相手をけり落とそうとしているわ。
26	1	/MP00.MAP	７人委員会って怖い人達なんだって。本当かなぁ・・・。
26	1	/MP00.MAP	そして、リグロードでは、東か西に向かえばヤマタイに、
26	1	/MP00.MAP	だけどアンジュさんはお父上と喧嘩してる最中じゃない？
26	1	/KS00.MAP	何か特別な儀式を行う場所みたいにも見えるけど・・・。
26	1	/KS00.MAP	こういうときは、近くの村や町でお年寄りに話を聞くと、
26	1	/KS00.MAP	えっと、これが祭壇ね。ここにこれを置くんだったわね。
26	1	/GB00.MAP	この町の者にとって、あの空飛ぶ船は自慢の種なんだよ。
26	1	/GB00.MAP	長老から聞いたところでは、この町の南にある海底神殿に
26	1	/GB00.MAP	カムイさんもステキィィィ！キャーキャーキャーキャー！
26	1	/GB00.MAP	言い伝えが本当なら、少し性格に問題があるらしいわよ。
26	1	/GB00.MAP	弱点をうまくつくと、すごいダメージを与えられるんだ。
26	1	/GB00.MAP	海底神殿は、床が上下する仕組みのトラップがあっての、
26	1	/GB00.MAP	リグロード伝説の英雄達に、乾杯じゃ。うぃー、ひっく。
26	1	/GB00.MAP	人間も、まだまだ捨てたもんじゃないということじゃな。
26	1	/GB00.MAP	伝承にいわく。光なす翼を奉りたる祭壇に宝珠供うべし。
26	1	/DL00.MAP	あ、そうそう、私の本体ではなく分身を倒してしまうと、
26	1	/IP00.MAP	この扉を開けるには、出直してこないとだめみたいだね。
26	1	/IP00.MAP	こっちの扉を開けるには、出直してこないとだめなのね。
26	1	/IP00.MAP	どうやら、もう一度出直したほうがよろしいようですわ。
26	1	/IP00.MAP	こういうのは、シラナミに見せるのが、いいのだ～ゼー！
26	1	/IP00.MAP	ピラミッドの中には、たくさんの障害があるはずですわ。
26	1	/IP00.MAP	さすがにこう仕掛けが多くては、一筋縄ではいかないな。
26	1	/NT30.MAP	命なぞ、長い歴史の中に束の間浮かんだ泡に過ぎません。
26	1	/NT30.MAP	私には・・・もう・・・時間が・・・ありませ・・・ん。
26	1	/NT30.MAP	どうだろう、とりあえずポポロンの様子を探ってみては？
26	1	/NT00.MAP	こうなったら血路を切り開いて進むしかありませんわよ。
26	1	/HL10.MAP	ここは山の途中だから、いつ山がくずれるかと心配でな。
26	1	/HL10.MAP	ガルザード様とラグロス様は、仲が良くないらしいわよ。
26	1	/HL10.MAP	突然、勝てなくなったら、戦い方をかえてみることだな。
26	1	/HL00.MAP	［］これを使って、司書武闘の力を試してみましょうか？
26	1	/HL00.MAP	俺様は枯木を見るとムショーに押したくなるのだ～ゼー！
26	1	/HL00.MAP	わたくし達が目指しているのは、ハイランドではなくて？
26	1	/HL00.MAP	ふむ、ここから先はハイランドに続く道ではないようだ。
26	1	/HL00.MAP	しかし、その前に、野獣達を蹴散らす必要がありますわ。
26	1	/CK00.MAP	なにしろ、砲が造れるのは、俺達イニシエだけだからな。
26	1	/CK00.MAP	あんた達も、火薬庫の消火を手伝ってくれたんだってな。
26	1	/CK00.MAP	オレ達が言い出したことなんだ、そんなに気にするなよ。
26	1	/CK00.MAP	じゃあ、私もお兄ちゃんについてく！ねぇ、いいでしょ？
26	1	/CK00.MAP	あなたたちなら、きっと役立てることができると思うわ。
26	1	/CK00.MAP	だから、心配しないで、おもうぞんぶんあばれてきなよ。
26	1	/CK00.MAP	ふ・・・いい夢見させてもらったよ。じゃあな、アバヨ。
26	1	/MH00.MAP	いや、それ以前に、全国の友人知人達は大丈夫だろうか。
26	1	/MH00.MAP	ずいぶん昔の地図には、闘乱って町が載ってるんだけど、
26	1	/MH00.MAP	なんでも、そこには、試練の迷宮ってものがあるそうだ。
26	1	/MH00.MAP	カダールを倒したのは、ドラグーンの竜騎士だって話だ。
26	1	/MH00.MAP	霊峰フジの結界洞に張られた結界が破られてるらしいぜ。
26	1	/MH00.MAP	カダールの連中がデカい顔してられんのも今のうちさね。
26	1	/MH00.MAP	港の主要部は、われらカダールによって管理されている。
26	1	/MH00.MAP	ワイがええこと教えたるよって、聞いていかなあかんで。
26	1	/MH00.MAP	北か南にむかえばカダールにたどりつくっちゅうことや。
26	1	/GT20.MAP	ディアーネさんなら、きっと僕達の力になってくれるよ！
26	1	/GT20.MAP	そこなら、カダール行きの船が見つかるかもしれねぇゼ。
26	1	/GT10.MAP	だったら、あたしはあたしの心に従って、あんたを討つ！
26	1	/KD00.MAP	うーん、ここにはめ込むような物は持ってないみたいだ。
26	1	/KD00.MAP	あれれ、ここにはめ込むような物は持ってなかったんだ。
26	1	/KD00.MAP	おっと、ここにはめ込むような物は持ってねぇんだよな。
26	1	/KD00.MAP	じゃあ、さっそく、結界が解けるかどうか試してみよう。
26	1	/KD00.MAP	ここには【天邪の鏡】がぴったりはまるようになってる。
26	1	/KD00.MAP	他のヤツはだまされても、オレの目はごまかされねぇゼ。
26	1	/KD00.MAP	他のヒトはごまかせても、あたしの目はごまかせないよ。
26	1	/KD00.MAP	ここには【蓬莱の珠】がぴったりはまるようになってる。
26	1	/SK10.MAP	さては、ガルザードのしわざだな！・・・ひどいことを！
26	1	/SK00.MAP	うまく人質を助け出してアスカに誉めてもらうの、なの。
26	1	/SK00.MAP	まったく、やつららしいやりかただね。ムカムカするよ。
26	1	/SK00.MAP	だが、カギがない以上、こじあけるしかないみてぇだな。
26	1	/HY00.MAP	この道を通って村に戻るんだね。みんな、用意はできた？
26	1	/HY00.MAP	登る時も言ったが、ここの地形は滑りやすくなっている。
26	1	/KM10.MAP	だっ、大丈夫です。私にかまわず、戦って下さい・・・。
26	1	/KM10.MAP	ラスティをちゃんとしたベッドで休ませてあげたいんだ。
26	1	/KM10.MAP	カムイ・・・私のことはいいから・・・お願い、戦って！
26	1	/KM00.MAP	ウワサは聞いてるわ。世界を守ってくれて、ありがとう。
26	1	/KM00.MAP	おやめになるのですね。ほかに何かご用はございやすか？
26	1	/KM00.MAP	でも、皆が皆そんな強さを持ってるわけじゃないと思う。
26	1	/KM00.MAP	しばらくすると、また女や子供を差し出せと言ってきた。
26	1	/KM00.MAP	わたくし達村人一同、おかえりをお待ちしていましたわ。
26	1	/KM00.MAP	おじいちゃんは、あたし達にとても優しくしてくれたよ。
26	1	/HS10.MAP	この扉は、あたいを倒さないと開きませんのことよ～ん。
26	1	/HS10.MAP	あんたぁぁぁぁ！あたしの無念晴らしておくれぇぇぇぇ。
26	1	/HS10.MAP	まずは、ここから抜け出すことを考えなければなるまい。
26	1	/GM00.MAP	洞窟が封印されてたら手が出せへん。ほんま、腹立つわ。
26	1	/GM00.MAP	平和やわ、ああ平和やわ、平和やわ。よろしいおすなぁ。
26	1	/GM00.MAP	化け物が持っているパールやアメジストなんかの宝石は、
26	1	/GM00.MAP	野蛮人どもは文化いうものの何たるかを知らんのどすえ。
26	1	/GM00.MAP	化け物の中には、炎や雷に耐性がある奴もいてますのん。
26	1	/GM00.MAP	平和とともに、ますます発展するゴジョウを見てってや。
26	1	/GM00.MAP	えへへ。これもうちのお父ちゃんからのウケウリやねん。
26	1	/GM00.MAP	えへへ。これ、うちのお父ちゃんからのウケウリやねん。
26	1	/GM00.MAP	ゲームに参加するためには、専用のコインが必要なのよ。
26	1	/GM00.MAP	勝負は時の運ってね。勝っても負けても恨みっこなしよ。
26	1	/GM00.MAP	「S」ですじゃな。本当に買っていただけますのかのゥ？
26	1	/GM00.MAP	そんなに持てませんがな！？ムリはせんにかぎりまっせ。
26	1	/GM00.MAP	なんだか大人になったって感じ。胸がドキドキしちゃう。
26	1	/IY00.MAP	向こう側まで、キミ達をはこんで、そこで「放す」んだ。
26	1	/NJ10.MAP	さぁ、大人しく我らのもとにおいでなさい、ミュウ王女。
26	1	/NJ10.MAP	そのうちどこの洞窟だったか思いだせるかもしれないね、
26	1	/NJ10.MAP	ドタバタしてたドサクサにまぎれて逃げ出してきたんで。
26	1	/NJ10.MAP	こんな美人とよろしくやってたんじゃないでしょうねぇ？
26	1	/IG10.MAP	貴様の可愛い手下どもの命は、我らが握っておるのだぞ！
26	1	/IG10.MAP	おのれ、言わせておけば！その首、うちとってくれる！！
26	1	/IG10.MAP	誰だか知らんが、礼を言わせてもらうぜ。ありがとうよ。
26	1	/IG10.MAP	オレの名を知っているようだが、あんた達は一体・・・？
26	1	/IG10.MAP	ボクはミュウ。リグロード大陸のドラグーン王家の者だ。
26	1	/IG10.MAP	実は、オレの部下達がカダール軍に捕まっちまったのさ。
26	1	/IG10.MAP	・・・それってどう考えても、オレの方が損してないか？
26	1	/IG10.MAP	ところで、キミの部下の皆さんは、どこに捕まってるの？
26	1	/IG00.MAP	カダールがいなくなったと思ったら、今度は一体何なの！
26	1	/IG00.MAP	この里の正面に見えるのがヤマタイ一の山霊峰フジじゃ。
26	1	/IG00.MAP	おいら、きっとヨモギちゃんを幸せにしてみせるからさ。
26	1	/IG00.MAP	イガ最強ってのは、リグロード戦役でも証明されてるゼ。
26	1	/IG00.MAP	原ヤマタイ人が住んでいるとウワサされておりますじゃ。
26	1	/IG00.MAP	生きているもの全てをきらって、こわそうとしてるんだ。
26	1	/IG00.MAP	そんで、赤い仮面をかぶって、正義のために戦うのさっ！
26	1	/IG00.MAP	いちゅになったや、旅をやめて、ここに帰ってくゆのよ。
26	1	/IG00.MAP	もぅ、女をいつまでも待たしぇて、悪いヒトなのよのさ。
26	1	/NZ10.MAP	この人の言う通りなのね。ナズナと契約しなさい、なの。
26	1	/NZ10.MAP	式神は、戦いについちゃ、相当、ウデが立つって聞くぜ？
26	1	/NZ10.MAP	今、オレ達に必要なのは、一緒に戦ってくれるヤツだろ？
26	1	/NZ10.MAP	僕は、僕以外の家族ほとんどが女だったからわかるけど、
26	1	/NZ00.MAP	ここで、ナズナは運命の人、アスカと出会ったの、なの！
26	1	/WY02.MAP	でもいいのかなぁ？歴史ある建物をこんなにしちゃって？
26	1	/WY02.MAP	いや、僕が言いたいのはそういうことじゃなくて・・・。
26	1	/WY02.MAP	オレ達の旅は危険だ。ここらで別れた方が身のためだぞ。
26	1	/WY02.MAP	シラナミちゃんさえ良かったら、仲間になってくれない？
26	1	/WY02.MAP	でも、これから,ボク達、どうすればいいのかな・・・？
26	1	/WY02.MAP	たいしたモンじゃないんだけど、こいつを持っていきな！
26	1	/WK00.MAP	ミュウ・・・お願いです、わたくしを、行かせて下さい！
26	1	/WK00.MAP	死んだら大人しくしててほしいわよね、まったく・・・。
26	1	/WK00.MAP	アンジュさんを悲しませる者は、俺っチ、許さないでし！
26	1	/WR00.MAP	ミュウ、行こうよ、ドラグーン城の人達の安否が心配だ。
26	1	/WR00.MAP	ボク達の敵は７人委員会！今は、やつらを倒すのが先だ。
26	1	/WR00.MAP	君は一人なんかじゃないんだ！ミュウは・・・僕が守る！
26	1	/WR00.MAP	うん、願ってもない手助けだよ。よろしく、ホークアイ。
26	1	/WR00.MAP	その通りでござる。にっくき悪漢共を退治しましょうぞ！
26	1	/WR00.MAP	どうやら、７人委員会は、アレクトリア大図書館を通じて
26	1	/WC00.MAP	アレクトリア大図書館武闘司書のアンジュと申しますの。
26	1	/WC00.MAP	ハイランドという町で情報を集められるかもしれません。
26	1	/WC00.MAP	キスとか抱きつくとかいった方が好ましいか、と・・・。
26	1	/WC00.MAP	そんなことは平和になってからいくらでもしてあげるよ！
26	1	/WC00.MAP	こんなモンにカギなんかかけやがって、どこのどいつだ！
26	1	/WC00.MAP	伝説の魔導士と並び賞される魔導の使い手なのだ～ゼー！
26	1	/WC00.MAP	クリカラだけの問題じゃないでし。世界の危機なんでし。
26	1	/WC00.MAP	やつを操ってたのは、７人委員会に違いないのだ～ゼー！
26	1	/WC00.MAP	館長の奇行の次はカダール。悪い事は重なるもんですな。
26	1	/WC00.MAP	塔に戻る必要はありませんわ。ポポロンへ急ぎましょう。
26	1	/WC00.MAP	せっかく抜け出してきたのに、戻る必要はありませんわ。
26	1	/WC00.MAP	申し訳ありませんが、皆さまにもおつきあい願いますわ。
26	1	/WC00.MAP	イクシーズが飛び出したせいで、入口がふさがれてるね。
26	1	/WY00.MAP	うへぇ、いかにもナニか出そうな、不気味な場所だなあ。
26	1	/WY00.MAP	おとりになる方を多くしないと、陽動作戦にならないね。
26	1	/WY00.MAP	早めに行動しないと、取り返しのつかないことになるぜ。
26	1	/WY00.MAP	どうしてアスカの部下が捕まったのかなと思って・・・。
26	1	/WY00.MAP	ま、あれはオレが応じないことを分かった上での計略さ。
26	1	/WY00.MAP	どうやら、カダール軍に町は制圧されているみたいだね。
26	1	/WY00.MAP	おっと、じゃあ、あたしは乗組員達のところへ帰るから。
26	1	/WY00.MAP	ここにいるのは、忍者屋敷にいるカダール軍の兵士だな。
26	1	/WY00.MAP	カムイコタンの人々に、聖なる山としてまつられている。
26	1	/WY00.MAP	外からの敵にそなえて、ここ以外に道は作ってねぇのさ。
26	1	/BOT4.MAP	クリカラの里にタッチした状態にフラグを補正しました。
26	1	/BOT4.MAP	既に終わっているイベントのセーブデータを補正します。
26	1	/WAZAHELP.MSG	周囲の敵を巻き込みながら、強力な投げ技をしかけます。
26	1	/WAZAHELP.MSG	巨大爆発で衝撃波を発生させます。対空攻撃が可能です。
26	1	/WAZAHELP.MSG	大空に舞い上がり、一気に敵に飛び込むダイブ攻撃です。
26	1	/WAZAHELP.MSG	より長距離まで届く、貫通する弓矢を放って攻撃します。
26	1	/WAZAHELP.MSG	魔法の弓矢を放ち、落下した地点に地震を発生させます。
26	1	/WAZAHELP.MSG	術者自身とその周囲を巻き込む大爆発を起こす爆弾です。
26	1	/WAZAHELP.MSG	ヒョウを使った攻撃です。1/4の確率で凍結させます。
26	1	/WAZAHELP.MSG	天空より星の光が降り注ぎ、大ダメージを与える術です。
26	1	/WAZAHELP.MSG	自らの姿を消して、敵から攻撃を受けないようにします。
26	1	/WAZAHELP.MSG	指定した位置に、移動不可能なブロックを作り出します。
26	1	/WAZAHELP.MSG	どなたかお一人のＨＰを１００回復することができます。
26	1	/WAZAHELP.MSG	どなたかお一人のＨＰを５００回復することができます。
26	1	/WAZAHELP.MSG	どなたかお一人のＨＰを完全に回復することができます。
26	1	/WAZAHELP.MSG	どなたかお一人のＭＰを２００回復することができます。
26	1	/WAZAHELP.MSG	どなたかお一人のＭＰを５００回復することができます。
26	1	/ITEMHELP.MSG	身につけると、名人以上に攻撃が当たりやすくなります。
26	1	/ITEMHELP.MSG	ブラックワード。闇と霊の融合について書かれています。
26	1	/ITEMHELP.MSG	マインドワード。精と星の融合について書かれています。
26	1	/ITEMHELP.MSG	霊的な力を秘めた刀で、装備すると行動力が上がります。
26	1	/ITEMHELP.MSG	ガリア戦役にてレブロウ軍兵士が用いたヘルメットです。
26	1	/ITEMHELP.MSG	騎士の防具として特別に作られた風格のあるよろいです。
26	1	/ITEMHELP.MSG	特別な者にのみ着用がゆるされるという聖なる法衣です。
26	1	/ITEMHELP.MSG	文字どおりにその拳を鋼鉄と化す最高級のグローブです。
26	1	/ITEMHELP.MSG	戦闘用に作られた盾で、あつかいやすく作られています。
25	1	/GT00.MAP	ああ、カダール軍の最高司令ガルザードがいる場所だ。
25	1	/GT00.MAP	ついに、ガルザードとの決戦か！みんな、準備はいい？
25	1	/FIR1.MAP	敵を全滅させるか、「退却」すれば、いいんだったね。
25	2	/KB00.MAP	こんなところで時間を無駄にするわけにはいかないよ。
25	2	/KB00.MAP	こんな奴らを相手に、時間を食うわけにはいかないな。
25	1	/KB10.MAP	カダールの残党でござるな。正面からいくでござるよ。
25	1	/TJ51.MAP	わっはっはっはっ、ほら、賞金のGだ。残念だったな。
25	2	/TJ41.MAP	２組のうち、どちらが勝つか、それを当てるんですわ。
25	1	/TM00.MAP	ありがとよ、このヤロウ。ほかに何か買いやがるのか？
25	1	/TM00.MAP	お客さんら、もう試練の迷宮に挑戦しやぁしたアルか？
25	2	/TM00.MAP	もう一度挑戦するときは登録からやり直してください。
25	1	/CT20.MAP	自分達が何をしようとしているのかわかっているの！？
25	1	/CT20.MAP	下手をして、カオスの力が解放されたらかなわないし。
25	1	/CT20.MAP	魔法球は、このままにしておくのが、いいのだ～ゼー！
25	1	/CT20.MAP	坂道があるから各個撃破されないように気をつけてね。
25	1	/CT20.MAP	どんな力を持っているんだろう。みんな、気をつけて。
25	1	/CT10.MAP	ごらんなさい、この部屋には扉は一つしかありません。
25	1	/CT10.MAP	急な坂なのね！どうやって下りるかが問題なのなのね！
25	1	/CT10.MAP	つかんでもらうか地形を変えてもらうしかないでしね。
25	1	/CT00.MAP	いよいよ敵の攻撃も強力になるはず、皆、気をつけて！
25	1	/CT00.MAP	敵は目と鼻の先ってワケか。やってやろうじゃねえか！
25	1	/CT00.MAP	世界にあだなす悪党どもをとっちめてくれましょうぞ！
25	1	/CT00.MAP	ぬおっ！天才の俺様でも初めて見る敵なのだ～ゼー！！
25	1	/QH01.MAP	いいよ、そんなことは、子供のころから慣れっこだよ。
25	1	/QH01.MAP	こういうチャンスが、そう何回もあるとは思わないで☆
25	1	/OT02.MAP	拙者を・・・、イクシーズ号に置いてはくれませぬか！
25	1	/OT02.MAP	されば、いずれまたおめもじいたしましょうぞ、姫様！
25	1	/OT01.MAP	それより、船を出す前に準備を整えなくていいのかい？
25	2	/OT01.MAP	ご不用になりました品を、引きとらせていただきます。
25	2	/OT01.MAP	ほほう、やめると申されるか。ほかに何かござろうか？
25	1	/ZM01.MAP	女海賊のディアナだって言い伝え、本当なんですかね？
25	1	/ZM01.MAP	ドラグーン城が何者かによって攻撃される夢でしたの。
25	1	/ZM01.MAP	へい、らっしゃい、ミュウ王女！今日はどんな用だね？
25	1	/RS01.MAP	特殊魔法の【保護シールド】をかけていってくれない？
25	2	/WS10.MAP	７人委員会！僕の国を踏みにじった報いを与えてやる！
25	6	/RS00.MAP	くそッ！やっぱり眠り薬が入ってやがったかっ・・・！
25	1	/RT30.MAP	あっちのに乗るとカダールに行くんだったっけ・・・。
25	1	/RT30.MAP	あっちのに乗るとヤマタイに行くんだったっけ・・・。
25	1	/RT20.MAP	見よ、今こそ、次元の扉にかけられたる封印を開く時。
25	1	/RT20.MAP	父上、母上、そして、クィーンズパレスの人達の受けた
25	1	/RT20.MAP	そして、我らの野望の実現のため、早く行って下さい！
25	1	/RT20.MAP	何もかも・・・持った・・・ガルザード・・・兄さん。
25	1	/RT20.MAP	僕が・・・兄さんから・・・魔力を奪った・・・のは、
25	1	/RT20.MAP	アレクトリア大図書館館長は、その知識と引き替えに、
25	1	/RT20.MAP	ラスティの話では、これがあれば古代遺跡の扉を開いて
25	1	/RT20.MAP	こちらの【ゲートキー】は、ガルザードが持っていたと
25	1	/RT20.MAP	とりわけ、空飛ぶ船については大陸屈指の学者なのね。
25	1	/QH00.MAP	はい、はい、いらっしゃいませ。どんな用でしたかの？
25	1	/QH00.MAP	この店の防具は、どれを買ってもソンはしませんじゃ。
25	1	/QH00.MAP	ありがとうございますじゃ。ほかに何か買いますかの？
25	1	/QH00.MAP	ありがとうございますじゃ。ほかに何か売りますかの？
25	1	/QH00.MAP	今回の異変は、リグロード戦役に良く似てるって噂だ。
25	1	/QH00.MAP	こうして営業できるのも、ラスティ様のおかげでさァ！
25	1	/QH00.MAP	ところでラスティ様、世界も平和になったことですし、
25	1	/QH00.MAP	なんでもラスティ王子の行方がわからないんだってさ。
25	1	/QH00.MAP	英雄像が立ってちゃ、奴らも落ち着かないんだろうな。
25	1	/IZ00.MAP	アスカがはっきりしないからこういうことになるのね！
25	1	/IZ00.MAP	なんだよ、急に・・・。ああ、誰よりも強くなりたい。
25	1	/IZ00.MAP	オレは、こいつらに守ってもらおうとは思ってないゼ。
25	1	/IZ00.MAP	ちえっ、全然わかんねぇよ、恋心ってヤツ。オレには。
25	1	/IZ00.MAP	どうやら不都合あるは、ガルマンオーブのみにあらず。
25	1	/IZ00.MAP	サモサまで乗せていってくれる船頭がおりましょうぞ。
25	1	/IZ00.MAP	ありがとう、ディアーネさん。ありがとう、ファルコ。
25	1	/IZ00.MAP	私は、東の幽玄の森にある、次元の扉で待っています。
25	1	/ZM00.MAP	でも、あの時は、ああする以外に方法がなかったんだ。
25	1	/ZM00.MAP	今ごろノコノコ帰ってきたって、もう手遅れなんだよ。
25	1	/ZM00.MAP	ザルマに来たら、竜殺しの酒を飲まなきゃ意味ないぜ。
25	1	/ZM00.MAP	裏切り者！よくまぁ、のこのこと顔を出せたもんだね！
25	1	/ZM00.MAP	早く帰ってきて、私達を導いて下さいよ、ミュウ王女。
25	1	/ZM00.MAP	そんな達人なら、家来に迎えてはどうかと思いまして。
25	1	/ZM00.MAP	ありがとうございますじゃ！ほかに何か買いますかの？
25	1	/ZM00.MAP	ありがとうございますじゃ！ほかに何か売りますかの？
25	1	/DG10.MAP	こいつを倒せば、ドラグーン城を取り戻せるんでしょ。
25	1	/DG10.MAP	こいつを倒して、ドラグーン城を取り戻すのだ～ゼー！
25	1	/DG10.MAP	おや・・・ミュウ王女の姿が見あたらないようですね。
25	1	/DG10.MAP	仲間を集めるのに手間取って、救出が遅れてしまって。
25	1	/DG10.MAP	・・・いや、いいんだ。キミ達のせいじゃない・・・。
25	1	/DG00.MAP	ここがドラグーン城・・・。ボクの育った場所・・・。
25	1	/DG00.MAP	カダールのヤツらめ、好き放題してくれてるようだな。
25	1	/DG00.MAP	・・・これじゃ２階にあがることはできそうもないね。
25	1	/DS10.MAP	・・・まあ、敵をブッ倒してから探しても遅くないか。
25	1	/IS00.MAP	いったい、何を心の支えに生きていたのでござろうか。
25	1	/IS00.MAP	・・・なぁ、ダイガン。オレ達、うまくやってるかな？
25	1	/KR00.MAP	古代遺跡って知ってるかい？この村の南西にあるんだ。
25	1	/KR00.MAP	誰かの噂話で聞いたような気がするけど、本当かねぇ？
25	2	/KR00.MAP	カダールのやつらが、リグロードからいなくなったよ！
25	1	/KR00.MAP	逃げるのにワザワザ旅行社なんか使う人いませんよね。
25	1	/KR00.MAP	ミュウ王女が、カダールの将軍ラグロスを倒したとか！
25	1	/KR00.MAP	ドラグーンの竜騎士にして、ドラグーンの王女・・・。
25	1	/KR00.MAP	冗談でもドラグーンの王女の名を、かたったりしたら、
25	1	/KR00.MAP	どういうことになるか、知らないわけじゃないでしょ？
25	1	/KR00.MAP	ね、アンジュ、こういう場合、他の国ではどうするの？
25	1	/KR00.MAP	まぁ、確かに、王族と知合いだなんて嘘ついちゃねぇ。
25	1	/KR00.MAP	ふだんは森の妖精によって隠されているのだそうです。
25	1	/KR00.MAP	世界に平和が戻って、こんなにうれしいことはないね。
25	1	/KR00.MAP	ああ、このままここで一生を終えるのだろうか・・・。
25	1	/KR00.MAP	ヒガタにいるアケミさんって人に頼まれた手紙なんだ。
25	1	/DS00.MAP	残りの敵なんざ、けちらして、さっさと出口へいくぜ！
25	1	/DS00.MAP	俺様が思ったとおりに、出口があらわれたのだ～ゼー。
25	1	/JG10.MAP	どうやら魔法を使う者が、敵側にもいるようでしてよ。
25	1	/JG10.MAP	ここにいるやつらから魔法力を感じるの～だ～ゼー！。
25	1	/JG00.MAP	ラグロスの塔で、皆さんの目の前から突然消えたのは、
25	1	/ST10.MAP	見て、アローストーンって、これのことじゃないかな？
25	1	/ST00.MAP	・・・つまり、何となく来てみただけなんだな・・・。
25	1	/ST00.MAP	気の済むまで、あちこちつつき回せばいいじゃねぇか。
25	1	/ST00.MAP	あんがい、この滝の裏に通路があったりして・・・ね。
25	1	/OT00.MAP	ここが拙者の経営する店でござる。しばらくお待ちを。
25	1	/OT00.MAP	ま、ここはひとつ、彼女達の言うことを聞いてやろう。
25	1	/OT00.MAP	ホークアイ、あんたもそろそろ帰ってきちゃどうだい？
25	1	/OT00.MAP	いっぺんでいいから、この手で操ってみたいもんだね。
25	1	/OT00.MAP	こわれちまったとなりゃ、それも高望みってもんだね。
25	1	/OT00.MAP	昔みたいにオルトマから自由に船が出せるようになりゃ
25	1	/OT00.MAP	オルトマから自由に船が出せるようになったことだし、
25	1	/OT00.MAP	ヤマタイだね！ってぇことは、目的地は港町ヒガタだ。
25	1	/OT00.MAP	いらっしゃい。ディアーネ船長から話は聞いてまさァ。
25	1	/AT20.MAP	どうやら、この敷石は、なにかのスイッチみたいだね。
25	1	/AT20.MAP	さっきのスイッチは、この橋をかけるためだったんだ！
25	1	/AT20.MAP	もしかして、アンジュのお父様もあいつにやられたの？
25	1	/AT20.MAP	となりゃ、これがマラカイトってことで間違いねぇな。
25	1	/AT20.MAP	ううう・・・。私は死んだのではなかったのか・・・。
25	1	/AT20.MAP	カオスの力は、人の魂の執着を受けて、変化するもの。
25	1	/AT20.MAP	お父様の残したカオスの書にもそう書いてありますわ！
25	1	/AT10.MAP	特に何も見つからない。本当に何もないのかな・・・？
25	1	/AT10.MAP	こうして目の当たりにしていても、信じられませんわ。
25	1	/AT00.MAP	アンジュ、子供じみた英雄気取りはもう卒業しなさい。
25	1	/AT00.MAP	どこへなりと行って、タワゴトをほざいているがいい！
25	1	/AT00.MAP	知識より大切なものが、この世の中にあるってことに。
25	1	/AT00.MAP	お父様とこの手の喧嘩をするのはいつものことですわ。
25	1	/AT00.MAP	皆さんに心配をおかけしたのは申し訳ないですけれど。
25	1	/AT00.MAP	アンジュのお父様が会ってくれるわけない・・・かな？
25	1	/AT00.MAP	７人委員会が捜してた情報が、見つかるかもしれない。
25	1	/AT00.MAP	私はウィスコ。かつて、雲海の賢者と呼ばれた魔導士。
25	1	/AT00.MAP	黒髪の女剣士、雷光のアーヤと、彼女は呼ばれていた。
25	1	/AT00.MAP	ワシを倒すことはできん。夜の闇の中にいる間はな！」
25	1	/AT00.MAP	ほら、ボサっとしてないで、読んでみてよ、アンジュ！
25	1	/AT00.MAP	７人委員会の真の目的は、未知の世界カカルクランと、
25	1	/AT00.MAP	カオスの力への誘惑は、私自身を二つにしてしまった。
25	1	/AT00.MAP	まずはヤマタイを侵略し、ゲンユウサイ伝説を利用し、
25	1	/MP00.MAP	顔色も悪くないようだし、特に問題はないようなのね。
25	1	/MP00.MAP	それでアンジュと協力して、塔を逃げ出してきたんだ。
25	1	/MP00.MAP	自分たちだけの理想郷を作ろうとしているらしいんだ。
25	1	/MP00.MAP	そう言うと思ってたよ。オレは、ミュウについてくぜ。
25	1	/MP00.MAP	よしとくれよ。湿っぽいのは嫌いなんだよ、あたしゃ。
25	1	/MP00.MAP	ご不用になりました品を、買い取らせていただきます。
25	1	/MP00.MAP	憎しみが晴らされたというよりもなんだかあわれでね。
25	1	/MP00.MAP	しかし、最近の地震続きで、復興が少々遅れ気味です。
25	1	/MP00.MAP	こんな日はステキな恋に出会えそうな予感がしますわ。
25	1	/MP00.MAP	うえーん、僕達みんな死ぬのかな・・・。こわいよー。
25	1	/MP00.MAP	旅のまめ知識、各大陸の関係を教えてさしあげますワ。
25	1	/MP00.MAP	海を西か東へ向かえばやがてリグロードに着きますわ。
25	1	/MP00.MAP	な、７人委員会が・・・レ、レジスタンス狩りを・・・
25	1	/MP00.MAP	それがあれば、リグロードに渡ることができるんだね！
25	1	/MP00.MAP	よし、じゃあ、アレクトリア大図書館に行ってみよう！
25	1	/KS00.MAP	近くに村でもあれば、そこで何か分かるかもしれない。
25	1	/KS00.MAP	こういう時は、素直に人に聞くのが一番なのだ～ゼー！
25	1	/KS00.MAP	なんて言ってる間に少しでも行動をするべきですわね。
25	1	/KS00.MAP	詳しく聞いてみれば、何かわかるかもなのだ～ゼー！。
25	1	/GB00.MAP	中でも、最も言い伝えに詳しいのは、我らの長老です。
25	1	/GB00.MAP	海底神殿は、この街の住人にとって自慢の種なんだよ。
25	1	/GB00.MAP	我々には理解できない高度な技術が眠っているようだ。
25	1	/GB00.MAP	もしかして、イクシーズ号のことを御存知なのですか？
25	1	/GB00.MAP	お願いします、リグロードだけの問題じゃないんです！
25	1	/GB00.MAP	それで、そのガルマンオーブってのはどこにあるんだ？
25	1	/GB00.MAP	アローストーンをみつけて、元通りに修理できました。
25	1	/GB00.MAP	そのように、かつて言うたことを覚えておられるかの？
25	2	/GB00.MAP	いらっしゃいませぇ～☆どういったご要件でしょうか？
25	1	/DL00.MAP	いま、１回踏んでしまいましたから、あと３回・・・。
25	1	/DL00.MAP	果たしてここまで来れますかな？くっくっくっ・・・。
25	1	/IP10.MAP	［］おまえ・・・それ、俺をかばってるつもりなのか？
25	1	/IP00.MAP	もう一度出直さないと、この扉は開かないようでしね。
25	1	/IP00.MAP	シラナミならもっと詳しく分かるんじゃないだろうか？
25	1	/IP00.MAP	ははーん、なるほどね。どういう原理か知らないけど、
25	1	/SB00.MAP	あの大きなアゴでやられたら、ただではすまなくてよ。
25	1	/NT21.MAP	ついに、我らの希望の星をこの手に掴む時がきたのだ！
25	1	/NT30.MAP	人の命の重さを考えたことはないのか！ガルザードッ！
25	1	/NT30.MAP	偉大なる目的のためには、多少の犠牲はつきものです。
25	1	/NT30.MAP	新たな時代の幕開けには必要なことだと思いませんか？
25	1	/NT20.MAP	きたるべき時代を切り開く、優秀な者を選ぶためです。
25	1	/NT20.MAP	アレクトリア大図書館武闘司書官アンジュ殿か・・・。
25	1	/NT20.MAP	改心したと言われても、にわかには信じられませんな。
25	1	/NT20.MAP	わたくし、こう見えても司書武闘法の使い手ですのよ！
25	1	/NT00.MAP	［ガルザード］逃げられた・・・か。まぁ、よかろう。
25	1	/HL10.MAP	そんなに持てないだろうっ？ムリはしないようにネっ。
25	1	/HL10.MAP	やめんの、マジぃ？んじゃ、ほかに何か用があんのォ？
25	1	/HL00.MAP	この橋を渡れば、ハイランドに行くことができましね。
25	1	/HL00.MAP	でも、気になる何かが、この木にはありましね・・・。
25	1	/HL00.MAP	やはり、こんな汚い木にさわるのはやめておきますわ。
25	1	/HL00.MAP	こっちに抜けてもハイランドには行けねえみたいだぜ。
25	2	/KK01.MAP	火気厳禁！火事になったら、この大水桶を壊すこと！！
25	1	/KK00.MAP	近寄るとドカンでし！こいつらには気をつけるでしよ。
25	1	/CK00.MAP	これは補給用だから、今すぐ困るってわけじゃないの。
25	1	/CK00.MAP	ま、とりあえず、ヒバリんちに一晩泊めてもらおうぜ。
25	1	/CK00.MAP	そんな危険なところに、行かせるわけにはいかないぜ。
25	1	/CK00.MAP	お兄ちゃんが放ったらかした水を運んでくれたんだよ！
25	1	/CK00.MAP	お兄ちゃんなんかより、だんぜん頼りになるんだから！
25	1	/CK00.MAP	ところで、これは自然に火がついたワケじゃないよね？
25	1	/CK00.MAP	あたしは分かってたわよ、あなたは何かやる男だって。
25	1	/CK00.MAP	でも、あなた達がそれを使いこなせるかどうか・・・。
25	1	/CK00.MAP	タタラのおかげで様々な武器や技術が発明されたのよ。
25	1	/CK00.MAP	いやぁ・・・、ただ夢中で仕事しただけのことでしよ。
25	1	/CK00.MAP	ボクもタタラみたいに立派なイニシエになれるかなァ？
25	1	/CK00.MAP	この炉を使えば、あの金属を加工できるんじゃない！？
25	1	/OB00.MAP	何か仕掛けがありそうだが、今は打つ手がないようだ。
25	1	/OB00.MAP	この先にクリカラって村があるって話らしいが・・・？
25	1	/OB00.MAP	宝剣は外れそうにないね。特に反応もないみたいだし。
25	1	/OB00.MAP	まず、戦いにおいては、高いところにいる方が有利だ。
25	1	/MH00.MAP	ガルザードは、ゲテン城からいなくなったって話だぜ。
25	1	/MH00.MAP	結局のところ、ガルザードはゲンユウサイだったのか？
25	1	/MH00.MAP	最近、そのことが頭から離れなくてね。君はどう思う？
25	1	/MH00.MAP	何度となくヤマタイを統一し、そして他国へ侵略する。
25	1	/MH00.MAP	せいぜい、昔の鉱山の跡があるってのがせきのやまよ。
25	1	/MH00.MAP	ヤマタイは、昔から、内乱の絶えない国だったからね。
25	1	/MH00.MAP	ただし、何もなかったからって苦情は受け付けないぜ。
25	1	/MH00.MAP	ゲンユウサイしかり、カダールもまたしかりだ・・・。
25	1	/MH00.MAP	そういえば、女船長のディアーネがこの町に来てたぜ。
25	1	/MH00.MAP	そうなったら、真っ先に、あの人のところへ旅立つの。
25	1	/MH00.MAP	愛する人とはなればなれでいるのは、つらいことさね。
25	1	/MH00.MAP	あーあ、わたしも、夢を追いかけて生きてみたいなぁ。
25	1	/GT10.MAP	あんたがガルザードだね！人々を苦しめている悪党め！
25	1	/SK10.MAP	まずは、落ちついて、この場所で敵の弓矢を避けよう。
25	1	/SK00.MAP	ここをこうして・・・、待ってて、もう少しだからね！
25	1	/SK00.MAP	みんな、もう少しガマンしてくれ、必ず助けるからな！
25	1	/SK00.MAP	カムイコタンの荒神よ。どうか、我らの仲間に祝福を！
25	1	/SK00.MAP	人質を助ける重要な役目、失敗は許されないゾ・・・。
25	1	/SK00.MAP	でも、カギがない以上、こじあけるしかないみたいだ。
25	1	/HY00.MAP	気をつけろ！高い崖から落されたりしたら命が無いぞ！
25	1	/HY00.MAP	ここが、ホウライ山。私達カムイコタン族の聖なる地。
25	1	/HY00.MAP	もし、ガケから落ちたら大ケガどころでは済まないぞ。
25	1	/HY00.MAP	そこも滑りやすくなっているから、注意が必要だろう。
25	1	/KM10.MAP	うわぁ、ラスティってば、案外、オトコノコなんだぁ。
25	1	/KM10.MAP	分からないけど、ラスティが決めたことだから・・・。
25	1	/KM10.MAP	どんな結果になっても、ラスティから目をそらさない。
25	1	/KM10.MAP	すごい、すごいねぇ。・・・あたし、感動しちゃった。
25	1	/KM10.MAP	その若者は私が運ぼう。大切な人の・・・恩人だから。
25	1	/KM00.MAP	・・・そう。いいわ、気が済むまでいってらっしゃい。
25	1	/KM00.MAP	カダール軍が霊峰フジの洞窟に結界をはっているとか。
25	1	/KM00.MAP	ユーカリ・・・すまない。もうすこし待っていてくれ。
25	1	/KM00.MAP	ご不用になりやした品を、引きとらせていただきやす。
25	1	/KM00.MAP	「S」を買い取らせていただいてよろしいでやんすか？
25	1	/KM00.MAP	そこにいるマーサは、村を襲わないと約束してくれた。
25	1	/KM00.MAP	精霊の力を借りて鳥などに変化することができるのさ。
25	1	/KM00.MAP	カムイコタンの神々のお導きがありますように・・・。
25	1	/KM00.MAP	【ヒヒイロカネ】に熱を加えてやる必要があるんだが、
25	1	/KM00.MAP	【ヒヒイロカネ】を加工できる炉は、みつかったか！？
25	1	/KZ00.MAP	だが、ラスティ、こんなとこに寄り道してていいのか？
25	1	/GH00.MAP	このような者達に害されるとは、さぞや無念であろう。
25	1	/HS10.MAP	これは結界洞を開くための道具、【八坂の勾玉】だな。
25	1	/HS00.MAP	そうか・・・そうよね。アスカがいてくれて良かった。
25	1	/HS00.MAP	貧しい人にめぐんでやるっていう、女義賊の名前だぞ？
25	1	/HS00.MAP	だ・か・ら・！あたしが、そのシラナミなんだってば！
25	1	/GM00.MAP	カダールの将軍ガルザードって奴を知ってはるかしら？
25	1	/GM00.MAP	けど、それだけでは、手に入らへん技もあるんですえ。
25	1	/GM00.MAP	技の中には、相手を弾き飛ばす技もありますのんどす。
25	1	/GM00.MAP	いやぁ、どないなってんのやろ。かなわんわぁ・・・。
25	1	/GM00.MAP	わーい、わーい、外で遊んでても、怒られへんねんで！
25	1	/GM00.MAP	気楽に戦いに参加してウデをみがいたらええと思うで。
25	1	/GM00.MAP	いらっしゃいませ～ん☆夢と希望のカジノへようこそ！
25	1	/GM00.MAP	ふふふ、熱くなってきたわ。さあ、勝負はこれからよ！
25	1	/GM00.MAP	へぇ、いらっしゃいませ。どないなご要件でしたやろ？
25	1	/GM00.MAP	ご不用にならはった品を、引きとらせてもらいますえ。
25	1	/GM00.MAP	さて、ほんなら、カダールの連中に引き渡すとしよか。
25	1	/NJ10.MAP	と、言いたいところですが、実は、侵入者だってんで、
25	1	/NJ10.MAP	ミュウは仲間。式神のナズナは勝手について来たんだ。
25	1	/NJ10.MAP	こう見えて、少し抜けたところのあるお方ですからね、
25	1	/NJ10.MAP	ふふふ、これであなた達はここから逃げられませんよ。
25	1	/NJ00.MAP	わかった、わかった。あんまりべたべたくっつくなよ。
25	1	/NJ00.MAP	邪道我道、なの？それって、呪言じゃないの、なの？！
25	1	/IG10.MAP	・・・わかった。ありがたく助力を受けよう、ミュウ。
25	1	/IG00.MAP	［］そんなに心配なら、みんなの様子を調べてみたら？
25	1	/IG00.MAP	結界洞を抜けた先の裏ヤマタイには、港町のヒガタや、
25	1	/IG00.MAP	歴代ゲンユウサイの住居となったゲテン城があるんだ。
25	1	/IG00.MAP	その３本の柱に何かをはめ込むような穴があるんじゃ。
25	1	/IG00.MAP	アスカ兄ちゃん、世界が滅びるって本当かなァ・・・？
25	1	/IG00.MAP	斬るとか、投げるとかいろんなことができるんだって！
25	1	/IG00.MAP	で、どうなんだい、そろそろ落ち着く気になったかい？
25	1	/IG00.MAP	その中で、イガ最強のシノビ集団、それが月組なのよ。
25	1	/IG00.MAP	アスカ様は、この村の、いや、この国の英雄ですじゃ！
25	1	/IG00.MAP	やだよ、この子は！売れるものなんか持ってないわよ。
25	1	/IG00.MAP	ごめんなさいね。私、あなたのこと誤解してたみたい。
25	1	/IG00.MAP	こんど、その時の話を聞かせてよ！男と男の約束だよ！
25	1	/IG00.MAP	この前ねぇ、看板を裏から読もうとしてゆ人がいたの。
25	1	/IG00.MAP	この町じゃ、オレは裏切り者ってことになってるのさ。
25	1	/NZ10.MAP	ムサシ爺っちゃんも、親父も、式神を従えてたからな。
25	1	/NZ10.MAP	呼ばれて飛び出て式神ナズナ、ついに登場、なのなの！
25	1	/NZ10.MAP	・・・まぁ、いい。確かに仲間は多い方がいいだろう。
25	1	/NZ00.MAP	この奥に式神が眠ってると、言われちゃいるが・・・。
25	1	/NZ00.MAP	透明になっていられるのは４から５ターンってとこだ。
25	1	/NZ00.MAP	攻撃魔法で攻撃するしか方法がねぇから気をつけろよ！
25	2	/WR02.MAP	イクシーズってヤツを、見せちゃもらえないもんかね？
25	2	/WR02.MAP	そのぅ・・・、できたら乗せてほしいんだけど・・・。
25	2	/WR02.MAP	ほ、ホントかい！？ホントに操縦しても良いのかい？！
25	1	/WY02.MAP	でも、僕達だけでガルザードを倒せるのかなぁ・・・？
25	1	/WY02.MAP	ああ、イガの里ってのは、シノビって戦士の故郷だよ。
25	1	/WY02.MAP	ヒガタって港町で、リグロードへの吉報を待ってるよ！
25	1	/WK00.MAP	カムイコタンの荒神よ、私に力と勇気を与えて下さい！
25	1	/WK00.MAP	ミュウ、アンジュ、皆、無理はしないでくれよ・・・。
25	1	/WK00.MAP	こちらのことは心配せずに、存分に戦って下さりませ！
25	1	/WR00.MAP	・・・分かった。じゃあ、ザルマの町に行ってみよう。
25	1	/WR00.MAP	君を支える手がすぐそばにあることを忘れないでくれ。
25	1	/WR00.MAP	ありがとう。ボクは、一人ぼっちなんかじゃないんだ。
25	1	/WR00.MAP	こ、これはっ！クィーンズランドが・・・僕の故郷が！
25	1	/WR00.MAP	交通をしゃ断するために作ったらしいにじ色の壁もね。
25	1	/WR00.MAP	すまねぇ、こればっかりは方法を思いつかねぇ・・・。
25	1	/WR00.MAP	武器や防具は、ヤマタイの商人から仕入れるでござる。
25	1	/WC00.MAP	ここでグズグズはしてられないけど、焦っちゃだめだ。
25	1	/WC00.MAP	その中でも、僕達の先祖、アーサー様達が戦った戦争を
25	1	/WC00.MAP	リグロードサーガ・・・か。よっしゃ、燃えてきたぜ！
25	1	/WC00.MAP	わたくしも７人委員会には思うところがありましてよ。
25	1	/WC00.MAP	何万、いやもっと多くの命を背おっているのでしょう？
25	1	/WC00.MAP	ボクは自分のこと犠牲にしてるなんて思ってないから。
25	1	/WC00.MAP	カダールの人々の命運は、あまりにも重い荷物だろう。
25	1	/WC00.MAP	悪くない、だなんて、ラスティのくせに生意気だぞゥ！
25	1	/WC00.MAP	な、なに涙目になってるのよ！？言葉のアヤだってば！
25	1	/WC00.MAP	１つは、この遺跡がまだ誰にも荒されてないってこと。
25	1	/WC00.MAP	カムイコタンの荒神よ、今こそ、力を貸してください。
25	1	/WC00.MAP	今はこんなところで時間を潰してる場合じゃないよね。
25	1	/WY00.MAP	［］そんなことよりも、オレの手下達は無事だろうか。
25	1	/WY00.MAP	ナズナは仲間になってるし、もうここに用はないよね？
25	1	/WY00.MAP	早めに行動しないと、取り返しのつかないことになる。
25	1	/WY00.MAP	奴等の実力をナメてかかった、馬鹿な頭領がいたのさ。
25	1	/WY00.MAP	実際、オレの返事はどうあれ、イガの里にいた連中は、
25	1	/WY00.MAP	オレを信じ、命を預けてくれた部下達が、ここにいる。
25	1	/WY00.MAP	この場は態勢をたてなおして、次の機会をうかがおう！
25	1	/WY00.MAP	星陵郭の人質救出も大切だけど、準備だって必要だね。
25	1	/WY00.MAP	む、どれどれ・・・。なるほど、確かに水のようだな。
25	1	/WY00.MAP	この道は・・・？山の頂まで続いているみたいだけど。
25	1	/WAZAHELP.MSG	敵を飛び越えながら、広範囲を聖なる力で攻撃します。
25	1	/WAZAHELP.MSG	ハデな音と光の爆発をおこします。爆発力は弱いです。
25	1	/WAZAHELP.MSG	炎が舞い上がり、大地を燃え上がらせる驚異の術です。
25	1	/WAZAHELP.MSG	暗黒の粒子が体を覆い、ＨＰを２桁まで削り取ります。
25	1	/WAZAHELP.MSG	射程範囲内にいる全てのキャラクターを混乱させます。
25	1	/WAZAHELP.MSG	どなたかお一人のＭＰを５０回復することができます。
25	1	/ITEMHELP.MSG	ヤマタイに伝わるアイテムで、一定時間姿を隠します。
25	1	/ITEMHELP.MSG	すばらしい宝石です。アメジストよりも高く売れます。
25	1	/ITEMHELP.MSG	めずらしい宝石です。とても高く売れることでしょう。
25	1	/ITEMHELP.MSG	身につけていると戦闘中に敵がよってこなくなります。
25	1	/ITEMHELP.MSG	身につけると、とても素早く動き回ることができます。
25	1	/ITEMHELP.MSG	この石があれば、はじき飛ばされる事も無くなります。
25	1	/ITEMHELP.MSG	ライトワード。光と闇の融合について書かれています。
25	1	/ITEMHELP.MSG	ソウルワード。霊と精の融合について書かれています。
25	1	/ITEMHELP.MSG	スターワード。星と光の融合について書かれています。
25	1	/ITEMHELP.MSG	竜のウロコを斬りさくほど特別な威力を持った剣です。
25	1	/ITEMHELP.MSG	魔法の攻撃に対する効果を高めた戦士用のよろいです。
25	1	/ITEMHELP.MSG	魔法に対する力をほとんどうばいとってしまう盾です。
24	1	/FIR3.MAP	とりあえず、この続きは製品版で楽しんでください。
24	1	/FIR3.MAP	でも、全滅して、１からやり直しよりかはマシだよ！
24	1	/FIR2.MAP	敵を全滅させるか、「退却」をすればいいんでしね。
24	3	/KB00.MAP	こんなところで足止めされるわけにはいかないでし。
24	3	/KB00.MAP	しかたないでしね、少し痛い目にあわせてやるでし。
24	1	/KB10.MAP	カダールの残党だ！小細工なしの正面突破で行くぞ！
24	1	/KB10.MAP	カダールの残党だ！正面きって戦っても負けないよ！
24	2	/KB10.MAP	なんだ、大したことないのね。さ、先を急ごうっと。
24	1	/KB20.MAP	こんだけばかの相手に負けるわけにゃいかねぇんだ。
24	1	/BL00.MAP	迷宮に挑戦したければ、迷宮協会で登録することだ。
24	1	/BL20.MAP	扉を押しても開かなかった。そこでひいてみた・・・
24	1	/CT20.MAP	精神力だけでは勝てないということを教えてやろう！
24	1	/CT20.MAP	ようし、そうと決まれば、こんなところに用はない。
24	1	/CT10.MAP	ガルザードにラグロス！お前達、生きていたのか！！
24	1	/CT10.MAP	そんなことを私に教えて何をさせようというのだ？！
24	1	/CT10.MAP	急な坂でござるな。どのようにして下りましょうぞ。
24	1	/CT10.MAP	つかんで滑り落ちるか地形を変えていくしかないね。
24	1	/CT10.MAP	つかんでもらうか地形を変えて行くしかないなのね！
24	1	/CT00.MAP	カダールでは見かけたことの無い敵ばかりですわね。
24	1	/IG01.MAP	じゃあ、そういうことにしといてあげますの、なの！
24	1	/IG01.MAP	まったく、こういうときだけ協力しやがって・・・。
24	1	/CK01.MAP	そうですわね。タタラがいてくれますもの・・・ね。
24	1	/OT01.MAP	だから、ボクはヤマタイに、援軍を頼みにいくんだ。
24	1	/OT01.MAP	いらっしゃいませぇ。どういったご要件でしょうか？
24	2	/OT01.MAP	「S」でござるな。買っていただけるのでござるか？
24	1	/OT01.MAP	ありがたき幸せ。ほかに何か買うものはござろうか？
24	1	/OT01.MAP	ありがたき幸せ。ほかに何か売るものはござろうか？
24	2	/OT01.MAP	「S」でござるか。買っていただけるのでござるな？
24	2	/OT01.MAP	そんなに持てますまい。ムリはせぬが肝要でござる。
24	2	/OT01.MAP	「S」をそれがしに売っていただけるのでござるな？
24	1	/ZM01.MAP	あ、ミュウ姫様！今日は、お忍びでデートですかい？
24	1	/ZM01.MAP	今日は大きな軍事訓練でもなさっておいでなんスか？
24	1	/ZM01.MAP	ドラグーンの竜騎士団といえば、俺らの誇りっスよ。
24	1	/ZM01.MAP	わーい、ミュウ姉様、今日は何して遊んでくれるの？
24	1	/WR10.MAP	ここが港町オルトマだよ。やっと着いたね、ミュウ。
24	1	/WR10.MAP	・・・お父様、すぐに援軍を率いて戻って参ります！
24	2	/ES01.MAP	人が通れるほどの大きなひずみが生じているのです。
24	1	/ES01.MAP	ルゥナに、皆がここに戻ってくると教えられたのだ。
24	1	/ES01.MAP	くそっ、俺もカカルクランに乗り込んで暴れたいぜ！
24	2	/ES01.MAP	ううん・・・。ちょっと、ゴミが入っただけ・・・。
24	2	/ES10.MAP	あれが７人委員会か、いかにも悪役って感じだよな。
24	1	/WS01.MAP	妖精ルゥナに、みんながここに帰るって言われたの。
24	1	/ES00.MAP	７人委員会のやつらが次元の扉に手を出したせいか？
24	1	/ES00.MAP	こんなところで時間を浪費してる場合じゃないのに。
24	1	/MK00.MAP	お前が望んだ世界！何を拒む必要があるというのだ！
24	1	/MK00.MAP	奴等の魔法にどうやって耐えるかで勝負は決まるぞ！
24	1	/MK00.MAP	せっまーい所なのね！みんな落ちたらだめなのね！！
24	1	/MK00.MAP	みなさん、落ちないように気を付けてくださいまし。
24	1	/WS00.MAP	あ、でも、水晶柱っていう不思議な建築物があって、
24	1	/WS00.MAP	これは見事だ。ユーカリにも見せてやりたいものだ。
24	1	/RT20.MAP	弱虫王子がどれほど成長したか、とくと拝見しよう。
24	1	/RT20.MAP	７人委員会によって・・・、・・・全ては統制され、
24	1	/RT20.MAP	７人委員会によって・・・、・・・全てが統制され、
24	1	/RT20.MAP	でも、今、壊れてて、とても飛べそうにないんです。
24	1	/RT20.MAP	ラスティの話では、これがあれば古代遺跡の扉を開き
24	1	/RT20.MAP	ホークアイの弟ファルコの所在も確認できましてよ！
24	1	/RT20.MAP	カオスゲートを利用できると、いうことでござるか？
24	1	/RT20.MAP	それに、こちらは、【古代遺跡の鍵】なのだ～ゼー！
24	1	/QH00.MAP	おやまぁ、やめなさるか。ほかに何か用はあるかの？
24	1	/QH00.MAP	これはラスティ様！ようこそおいでくださいました！
24	1	/QH00.MAP	アーサー王は、エリーゼ妃の尻にしかれてましたが、
24	1	/QH00.MAP	たくさんの良き仲間に恵まれておるようですからな。
24	1	/QH00.MAP	人々に親しまれてきた彫像は、無惨に壊されている。
24	1	/QH00.MAP	こんなところで時間をムダにしてる場合じゃないね。
24	1	/QH00.MAP	見るだけならかまわんが、勝手に入ってはならんぞ！
24	1	/IZ00.MAP	この戦いにケリをつけるまでは、返事を待ってくれ。
24	1	/IZ00.MAP	シラナミ達がお前の気持ちを確かめたいと思うのも、
24	1	/IZ00.MAP	それはそれとして、イクシーズはどういたしますの？
24	1	/IZ00.MAP	大丈夫・・・みたいだよ。大きなケガはないみたい。
24	1	/IZ00.MAP	ごめんね、イクシーズ。すぐに直してあげるからね。
24	1	/ZM00.MAP	あっしは最初からミュウ様のことを信じてましたぜ。
24	1	/ZM00.MAP	わたし達のことを今でも怒ってらっしゃるのですか？
24	1	/ZM00.MAP	だって、もうカダールはいなくなったっていうのに、
24	1	/DG10.MAP	こいつを倒して、ドラグーン城を取り戻してやろう！
24	1	/DG10.MAP	そちらに居るのは、クイーンズランドの王子ですな。
24	1	/DG10.MAP	これはこれは、皆さん・・・。お待ちしてましたよ。
24	1	/DG00.MAP	２階にあがるのはあきらめた方がよそさうですわね。
24	1	/DG00.MAP	２階にあがるのはあきらめるしかないようだ～ぜー！
24	1	/IS10.MAP	なに、これぐらいのこと、大したことではござらん。
24	1	/IS10.MAP	一体、７人委員会は、ここで何をしておったのじゃ？
24	1	/IS00.MAP	まさか、あの石像が、ダイガンだったりして・・・。
24	1	/KR00.MAP	まだ結婚もしてないのに、死にたくないよぅ・・・。
24	1	/KR00.MAP	お客さんの心に残る素敵な旅行をお手伝いすること！
24	1	/KR00.MAP	クィーンズランド城を取り壊し塔を建てたらしいよ。
24	1	/KR00.MAP	今だに、それの何がすごいのか、分からんのですよ。
24	1	/DS00.MAP	じゃあ、残りの敵に注意しながら、出口へ向かおう！
24	1	/DS00.MAP	見てみろよ。幻術がとけて出口が姿をあらわしたぜ。
24	1	/DS00.MAP	幻術で隠れていた出口が姿をあらわしたの、なのね。
24	1	/JG10.MAP	次元の扉を閉ざされたボクたちに逃げ道は無いんだ！
24	1	/JG00.MAP	ラグロスの塔では、突然いなくなって失礼しました。
24	1	/JG00.MAP	みんな、がんばって！こっちのことは任せといてよ。
24	1	/JG00.MAP	許せないのだ～ゼー！俺様もつれて行くのだ～ゼー！
24	1	/JG00.MAP	わかりました。でも、できるだけいそいでください。
24	1	/JG00.MAP	本当にそうよね。何度ももうダメだと思ったもんね。
24	1	/JG00.MAP	すまない、シラナミ。なんていうか、オレは・・・。
24	1	/ST10.MAP	あたしも、本当にあるとは思わなかったんだけどネ。
24	1	/OT10.MAP	されば、力を合わせ彼奴らめを蹴散らしましょうぞ！
24	1	/OT00.MAP	これさえあれば、敵の幻術を避けることができ申す。
24	1	/OT00.MAP	ありがたき幸せ。ほかに何か買物はござりまするか？
24	1	/OT00.MAP	ありがたき幸せ。ほかに何か売物はござりまするか？
24	1	/OT00.MAP	はやいとこ、カダールの奴等を追い払っておくれよ！
24	1	/OT00.MAP	ところでホークアイ。ファルコは救出できたのかい？
24	1	/OT00.MAP	・・・っと、その前に、船をなんとかしとかなきゃ。
24	1	/OT00.MAP	サモサでやすね。あそこは何もない場所だが・・・。
24	1	/AT20.MAP	わたくし、こんな陸地の存在は聞いておりませんわ。
24	1	/AT20.MAP	このかがやきは、イクシーズで見たのとおんなじだ。
24	1	/AT20.MAP	この光り方は、イクシーズで見たのと同じじゃない！
24	1	/AT20.MAP	マラカイトをとったからにはこんな所に用はないね。
24	1	/AT20.MAP	最期に、お前の顔が見られるとは、思わなかったよ！
24	1	/AT20.MAP	だって、７人委員会は、確かに倒したハズでしょ！？
24	1	/AT20.MAP	でも、これだけの規模の地震を起こせるのは・・・。
24	1	/AT20.MAP	死してなお・・・安息は許されぬというのか・・・！
24	1	/AT00.MAP	７人委員会には反抗する、牢からは抜け出す・・・。
24	1	/AT00.MAP	お前の浅知恵では、委員会のお考えを理解できまい。
24	1	/AT00.MAP	何日かすれば、向こうからおれるに決まってますわ。
24	1	/AT00.MAP	この様子では、文献の調査は無理なのではないかね？
24	1	/AT00.MAP	それだけに、各地に遺跡や伝承が数多く見られます。
24	1	/AT00.MAP	すなわち「魔法力」を編み出した人々の文明である。
24	1	/AT00.MAP	天変地異が生じたのではないかと、推測されている。
24	1	/AT00.MAP	これらは全て、この古代魔法文明の名残と言えよう。
24	1	/AT00.MAP	ア、アンジュの親父さんが、７人委員会の長だとっ！
24	1	/MP00.MAP	ボクらは７人委員会の塔ってトコに捕まってたんだ。
24	1	/MP00.MAP	「古代魔法文明」時代の失われた技術を復活させて、
24	1	/MP00.MAP	決まってるじゃないか。懐かしの故郷、オルトマさ。
24	1	/MP00.MAP	伝説の魔導士ってのは、言い伝えみたいなものです。
24	1	/MP00.MAP	伝説に名を残すほどスゴ腕の魔法使いってことです。
24	1	/MP00.MAP	空き家あります。　　　　　　　（ポポロン自治会）
24	1	/MP00.MAP	私達は、どこまで痛めつけられればいいのでしょう。
24	1	/MP00.MAP	ささやかな幸せすら許されないのでしょうか・・・。
24	1	/MP00.MAP	私達には幸せになることが許されないのでしょうか？
24	1	/MP00.MAP	町に人が戻ったわ。久しぶりね、こんなにぎわいは。
24	1	/MP00.MAP	いくら遊んでも怒られないなんて、ウソみたいだー！
24	1	/MP00.MAP	次に、あなた達が、今のようにカダールにいるなら、
24	1	/MP00.MAP	この様子じゃあ、リグロードへ船で渡ろうったって、
24	1	/KS00.MAP	近くに村でもあれば、何か話を聞けるかもしれんな。
24	1	/KS00.MAP	でも、ガルマンオーブがないと、ダメなの、なのね。
24	1	/KS00.MAP	妹やクリカラ村の人達のためにも、がんばるでし～。
24	1	/KS00.MAP	ここが祭壇か・・。なるほど、確かにくぼみがある。
24	1	/GB00.MAP	あなた達のおかげで、平和に暮らすことができるよ。
24	1	/GB00.MAP	鉄よりも固く、羽よりも軽いと言われていましたが、
24	1	/GB00.MAP	おかしいじゃない、７人委員会は倒されたんでしょ！
24	1	/GB00.MAP	あ、性格が悪いっていうのは、あくまで言い伝えよ。
24	1	/GB00.MAP	でも、それを乗り越えるからこそ人は強くなれるの。
24	1	/GB00.MAP	神聖魔法には、ダメージを与える強力な魔法もある。
24	1	/GB00.MAP	あんたらも大変なやっかいに巻き込まれたもんだね。
24	1	/GB00.MAP	どうやら、あんた達の成功を祈ることになりそうだ。
24	1	/GB00.MAP	そういえば、地下通路で、見つけたのですが・・・。
24	1	/GB00.MAP	くわしくは知らぬが、リグロードの港町からならば、
24	1	/DL00.MAP	私を倒せたら君たちの勝ち、という事にしましょう。
24	1	/DL00.MAP	くっくっくっくっ・・・おもしろいゲームでしたよ。
24	1	/IP10.MAP	［］これでイクシーズを復活させることができるぞ！
24	1	/IP00.MAP	この調子で、しばらく押し続ければ開きそうですわ。
24	1	/IP00.MAP	このまま押しつづければ、いずれは開きましょうぞ。
24	1	/IP00.MAP	どっかに開けるための仕掛けがあるんだろうけどよ。
24	1	/IP00.MAP	特定の敵を倒すと開くようになる仕掛けらしいわね。
24	1	/IP00.MAP	まず、何とかしてここまでたどり着く必要があるな。
24	1	/NT21.MAP	これは、ボクがヤマタイから来たカオスゲートだね。
24	1	/NT30.MAP	だからって、それを決定する権利は、誰にもない！！
24	1	/NT30.MAP	力を持たぬ正義から生まれる理想論に過ぎませんな。
24	1	/NT30.MAP	理想に近付こうとするからこそ、人は進歩するんだ！
24	1	/NT20.MAP	到着の報告をせねばなりませんので、失礼しますよ。
24	1	/NT20.MAP	やはり、どう考えましても、アレクトリア大図書館の
24	1	/NT00.MAP	ラスティ・・・お願い・・・ボクを、守って・・・。
24	1	/HL10.MAP	最近の地震続きといい、なにかいやな予感がするよ。
24	1	/HL10.MAP	ガルザードが倒されたからって言うわけじゃないが、
24	1	/HL10.MAP	自分で自分の戦いかたにワクをはめてしまうからさ。
24	1	/HL00.MAP	でも、そんなことをしている場合ではありませんわ。
24	1	/HL00.MAP	こんなところに、今にも倒れそうな枯木があるでし。
24	1	/HL00.MAP	やっぱりねっ。枯木が倒れて橋のかわりになったわ。
24	1	/HL00.MAP	そちらに行ったら、７人委員会の塔の裏口ですわよ？
24	2	/KK01.MAP	しかし・・・、これで、言われたことは終らせたぞ。
24	1	/CK00.MAP	なぁんだ、やめちまうのかい。ほかに何か用はある？
24	1	/CK00.MAP	ありがとうございま～す☆ほかに何か買いますかァ？
24	1	/CK00.MAP	ありがとうございま～す☆ほかに何か売りますかァ？
24	1	/CK00.MAP	落すだけで爆発するようなモンも中にはあるからな。
24	1	/CK00.MAP	だけど、新しい砲の仕組みを思いついたとかいって、
24	1	/CK00.MAP	それで、さっきから、がんばってるんだけど・・・。
24	1	/CK00.MAP	ごめんなさい、わたし、自分の名前も言ってないわ。
24	1	/CK00.MAP	もーっ！！仕事場にいないから、心配だったんだよ！
24	1	/CK00.MAP	あ、お姉ちゃん達！よかった、無事だったんですね！
24	1	/CK00.MAP	そ、それはお世話になったでしね。ありがとうでし。
24	1	/CK00.MAP	絶対、絶対、絶対！無事に帰ってきてね、約束だよ。
24	1	/CK00.MAP	あ、これはっ！【ヒヒイロカネ】じゃないでしか！！
24	1	/CK00.MAP	・・・あいつらが部屋にこもってもう３日か・・・。
24	1	/OB00.MAP	はにゃー？ここに何かをはめるようになってるのね。
24	1	/OB00.MAP	宝剣はしっかりとはまってて外れそうにないみたい。
24	1	/OB00.MAP	勝負には負けたが、技ではこちらが勝っていたぞよ。
24	1	/OB00.MAP	なーんてしおらしいことを言うわけがないであろぅ。
24	1	/OB00.MAP	ドラグーン王国の竜騎士ミュウ！この先に用がある。
24	1	/OB00.MAP	注意してればいいのさ。集中と解放とを使い分けろ！
24	1	/OB00.MAP	・・・もうだれも、死なせちゃいけないんだ・・・！
24	1	/OB00.MAP	ここは、おぼろ谷だ。ここを抜ければクリカラだな。
24	1	/MH00.MAP	あんた達がガルザードをやっつけてくれたんだろう？
24	1	/MH00.MAP	そんなことで、本当にミュウを助けだせるのかね！？
24	1	/MH00.MAP	なんでも、リグロードからきた竜騎士だとか・・・。
24	1	/MH00.MAP	カダール軍の次は天変地異かよ。もううんざりだぜ！
24	1	/MH00.MAP	リグロードの竜騎士は、竜に変身できるんだってな？
24	1	/MH00.MAP	最後ぐらい、好きな人と一緒にいたかったな・・・。
24	1	/GT20.MAP	そうとうこたえてるみたいだな。無理もない・・・。
24	1	/GT20.MAP	ミュウはどうやらカダールに行っちまったらしいぜ！
24	1	/GT10.MAP	よくもヤマタイをムチャクチャにしてくれたでしね！
24	1	/GT10.MAP	お前をやっつけて、ヤマタイに平和を取り戻すでし！
24	1	/GT10.MAP	ガルザードよ・・・。今すぐ、カダールへ来るのだ。
24	1	/KD00.MAP	ここには【八坂の勾玉】がぴったりはまるようでし。
24	1	/SK10.MAP	わしの可愛い子供達をどこへ連れていくつもりじゃ！
24	1	/SK10.MAP	・・・うん。分かってるよ、分かってるけど・・・。
24	1	/SK10.MAP	子供達は・・・、子供達だけは傷つけないでおくれ。
24	1	/SK00.MAP	ア～ちゃん、あたし達二人っきりね・・・うふふふ☆
24	1	/SK00.MAP	カムイと協力して、助けにきたよ！みんな大丈夫？！
24	1	/SK00.MAP	子供達は別のところにつれていかれてしまいました。
24	1	/SK00.MAP	でも、カギがない以上、こじあけるしかないみたい。
24	1	/SK00.MAP	でも、カギを開けることなら、あたしにまかせてよ！
24	1	/SK00.MAP	だが、カギがない以上、こじあけるしかないだろう。
24	1	/HY00.MAP	それに敵の数も多い、各個撃破でいくのが常道だな。
24	1	/HY00.MAP	それに敵の数も多い、固まって行動した方がいいよ！
24	1	/HY00.MAP	そんなに気負ってちゃ、後がつづかないよ、ミュウ。
24	1	/HY00.MAP	よし、今度は行けそうだな。みんな、用意はいいか？
24	1	/HY00.MAP	やれやれ。ま、ここを通らないと、始まらないしな。
24	1	/KM10.MAP	それはどうかな。それを伝える者がいなくなったら？
24	1	/KM10.MAP	いまならまだ神聖魔法でなんとかなるかもしれない。
24	1	/KM10.MAP	やりやがった！あいつ、本当に助けちまいやがった！
24	1	/KM10.MAP	はやく決着をつけて、この人の傷の手当をしなきゃ！
24	1	/KM10.MAP	待ってろ、すぐに村に運んで、手当してやるからな！
24	1	/KM00.MAP	おお、おお、カムイ様！ようこそお帰りくだされた。
24	1	/KM00.MAP	大地が怒りに満ちておりますじゃ。恐ろしい・・・。
24	1	/KM00.MAP	ワシらは、みんな、あの二人のことが好きですじゃ。
24	1	/KM00.MAP	カダール軍は、この村の北にあるホウライ山の山頂、
24	1	/KM00.MAP	私はカムイ。このカムイコタン村の族長をしている。
24	1	/KM00.MAP	私達は仕方なく、女や子供を星陵郭に送った・・・。
24	1	/KM00.MAP	でも、皆が皆そんな強さを持ってるわけじゃないよ。
24	1	/KM00.MAP	そんなに死にたいんなら、ボクが手伝ってあげるよ！
24	1	/KM00.MAP	これは、カムイコタンの戦士に伝わる技の奥義書だ。
24	1	/KM00.MAP	鳥に変化して上昇しているときは、叩き落とされると
24	1	/KM00.MAP	皆様の無事をカムイコタンの神々にお祈りしますわ。
24	1	/KM00.MAP	【ヒヒイロカネ】って特別な鉱石から作るカタナだ。
24	1	/KZ00.MAP	ま、今じゃ、忍術そのものがオレ達の売物だけどよ。
24	1	/HS00.MAP	・・・まぁいいわ。ともかく、みんなケガは無いね？
24	1	/HS00.MAP	せっかくイガ最強のシノビを助けにきてあげたのに。
24	1	/HS00.MAP	おっと、いけねぇ。確かに、ミュウの言うとおりだ。
24	1	/HS00.MAP	橋が壊されて、ここに閉じ込められたと知った時は、
24	1	/GM00.MAP	・・・ミュウ、看板は正面からでないと読めないよ。
24	1	/GM00.MAP	この災害は、どうやら、ゴジョウだけやないらしい。
24	1	/GM00.MAP	カダールの奴らを追い出してくれてホンマおおきに。
24	1	/GM00.MAP	ようやってくれたね。ホンマにありがたいこっちゃ。
24	1	/GM00.MAP	これからゴジョウの橋も修復していかなあかんしな。
24	1	/GM00.MAP	そやけど、シラナミはどこに居てるんでしょうなぁ。
24	1	/GM00.MAP	平和になったことやし、戻ってきてほしいですなァ。
24	1	/GM00.MAP	もちろん、味方かて、足を滑らせれば落ちますけど。
24	1	/GM00.MAP	竜騎士の仲間になった言うのん、ほんまですやろか？
24	1	/GM00.MAP	男と女の間には、深くて暗い川がある、言いますな。
24	1	/GM00.MAP	それぐらい、お互いに分からんっちゅうことですわ。
24	1	/GM00.MAP	それじゃないのね。じゃあ、どれと交換するかしら？
24	1	/GM00.MAP	ありがとうございます。ほかに何か買いますかのゥ？
24	1	/GM00.MAP	ありがとうございます。ほかに何か売りますかのゥ？
24	1	/GM00.MAP	なんや、やめんのんかい。ほかに用はあるのんかい？
24	1	/GM00.MAP	ここまで耐えるとは！さすがはイガ最強のシノビや。
24	1	/GM00.MAP	だから、ね、ア～ちゃん、許してあげようよ・・・。
24	1	/GM00.MAP	へぇ、今まで通った町と較べても、確かに大きいね！
24	1	/NJ10.MAP	これはこれは！あなたがウワサのミュウ王女ですな。
24	1	/NJ10.MAP	来いよ！イガ最強という言葉の意味を教えてやるぜ。
24	1	/NJ10.MAP	これを止めるには、私を倒すしか方法はないのです。
24	1	/NJ00.MAP	まいったぜ！またとんだドジを踏むところだったぜ。
24	1	/NJ00.MAP	みんな大丈夫？態勢を立て直して、もう一度挑戦だ！
24	1	/IG10.MAP	リグロードを襲った、カダールとかいう国の連中だ！
24	1	/IG10.MAP	イガ最強のシノビという言葉の意味を教えてやるよ！
24	1	/IG10.MAP	もしかして、リグロード戦役で、オレの先祖・・・、
24	1	/IG10.MAP	クィーンズランドの王子で、リグロード戦役を戦った
24	1	/IG10.MAP	男の子がそんな小さいことに拘ってちゃ、ダ・メ・☆
24	1	/IG00.MAP	かっこいいわよねぇー。わたし、あこがれちゃうわ！
24	1	/IG00.MAP	そこには、とてつもなく強い武将がいる、とも聞く。
24	1	/IG00.MAP	忍道は、体術を極めた忍者が身につける技なんだよ。
24	1	/IG00.MAP	ゲテン城にカダール軍のお偉いさんがいるらしいよ。
24	1	/IG00.MAP	おやまぁ、そんなに持てないわよ。おやめ、おやめ。
24	1	/IG00.MAP	「S」ねえ。気がかわらないうちに買っとこうかね。
24	1	/IG00.MAP	これは、シノビ文字だ。しかし、ヘタクソな字だな。
24	1	/IG00.MAP	・・・ま、たまには違う趣味の人もいるんだけどね。
24	1	/IG00.MAP	あのね、夢でね、大きな球のようなものが見えたの。
24	1	/NZ10.MAP	ナズナを目覚めさせてくれたのはあなたなの、なの？
24	1	/NZ10.MAP	というわけで、ナズナは未来の夫と共に戦うのなの！
24	1	/NZ00.MAP	あたしがいながら・・・ひどいわ！よよよよ・・・。
24	1	/NZ00.MAP	攻撃魔法で攻撃するしか方法がねぇから気をつけろ！
24	1	/NZ00.MAP	うーん・・・。どうも、ただの洞窟とは思えないね。
24	1	/NZ00.MAP	ああ、自然発生にしちゃ、怪物達が多すぎるもんな。
24	1	/NZ00.MAP	式神が人々に疎ましがられるのは、それが原因でな。
24	1	/NZ00.MAP	でも、もし味方になってくれれば、心強いんでしょ？
24	2	/WR02.MAP	なんだ、そんなこと！？いいよ、好きなだけ見てよ。
24	2	/WR02.MAP	あ、はは、はははは、あたしったら何言ってんだろ。
24	1	/WR02.MAP	古代魔法文明か・・・。ところで、弟さんの名前は？
24	1	/WY02.MAP	あたしだって、危ない橋はいくつも渡ってきたわよ。
24	1	/WY02.MAP	やはり、この人数では、まだ万全とはいいがたいな。
24	1	/WY02.MAP	すまないね、こんな港でもないところに船をつけて。
24	1	/WY02.MAP	【マナのしずく】はＭＰを回復させるアイテムだし、
24	1	/WY02.MAP	見て見て、ディアーネさんの船が遠ざかっていくよ。
24	1	/WK00.MAP	君一人の力で、どうにかできるってもんじゃないよ。
24	1	/WK00.MAP	ちぇ、居残りか・・・。そっちは頼んだぞ、ミュウ！
24	1	/WK00.MAP	ミュウ・・・気をつけてね。アンジュも皆も・・・。
24	1	/WR00.MAP	いつか、修理する方法がみつかるかもしれないけど。
24	1	/WR00.MAP	それを調べもせずに、突っ込もうってのか、ミュウ？
24	1	/WR00.MAP	気休めはやめてよ。ボクは、家族を全て失ったんだ！
24	1	/WR00.MAP	あぶないところを助けてもらってどうもありがとう。
24	1	/WR00.MAP	弟を捜すためにも越えなければならぬ場所でござる。
24	1	/WR00.MAP	じゃあ、まずオルトマからカダール兵を追い出そう！
24	1	/WR00.MAP	じゃあ、さっさと出発するよ！さぁ、乗った乗った！
24	1	/WC00.MAP	僕達のやろうとしていることはまるで、サーガだね。
24	1	/WC00.MAP	・・・え？それって、ボク達の仲間に入るってこと？
24	1	/WC00.MAP	おあつらえむきだな、まずはそこを目指すとするか。
24	1	/WC00.MAP	でしたら、多少の自己犠牲はやむを得ないことです。
24	1	/WC00.MAP	あの、できれば、そういった乱暴な愛情表現よりは、
24	1	/WC00.MAP	ん？もしかしてラスティはミュウのこと好きでしか？
24	1	/WC00.MAP	カギがかかってるってことは、２つの意味があるの。
24	1	/WC00.MAP	ショボまった場所に閉じ込めた罪は重いのだ～ゼー！
24	1	/WC00.MAP	古代魔法文明についての文献もあるらしいのですが。
24	1	/WC00.MAP	でも、アンジュから頼んで文献を見せてもらえれば、
24	1	/WC00.MAP	ガルマンオーブが眠る場所って、ここじゃないかな？
24	2	/SS10.MAP	そろそろ、甘やかすのをやめたらどうだ、ラスティ。
24	1	/WY00.MAP	里のうわさじゃあここに式神が眠ってるっていうぜ。
24	1	/WY00.MAP	お金やものを貰うためにやったんじゃないんだから。
24	1	/WY00.MAP	何ならこのまま帰ってこなくてもいいの、なのね～。
24	1	/WY00.MAP	ありがと。んじゃ、ちょっくら行ってくっかんね～。
24	1	/WY00.MAP	まかせて！んじゃ、ちょっくら行ってくっかんね～。
24	1	/WY00.MAP	そのスキに、残りは裏口から侵入し人質を解放する。
24	1	/WY00.MAP	おい、ナズナ・・・。今の話に対抗意識燃やすなよ。
24	1	/WY00.MAP	よし、ガルザードの奴をぶっ倒したらここにおいで。
24	1	/WY00.MAP	ミュウ・・・、そっちはイガの里じゃないと思うよ。
24	1	/WY00.MAP	わかってるよ。ちょっとのぞいてみただけじゃない。
24	1	/WY00.MAP	そうだね。でも、それじゃあ、これからどうするの？
24	1	/WY00.MAP	つい神経質になってしまって。失礼なことをしたな。
24	1	/WY00.MAP	まちがいなく、敵が待ちかまえていやがるだろうな。
24	1	/WAZAHELP.MSG	３本の竜巻によって一気にダメージを与える技です。
24	1	/WAZAHELP.MSG	大空に舞い上がり、一気に飛び込むダイブ攻撃です。
24	1	/WAZAHELP.MSG	指定ポイントにつかんだキャラクターを落とします。
24	1	/WAZAHELP.MSG	放った火薬矢が落下した地点で大爆発を起こします。
24	1	/WAZAHELP.MSG	落下地点で爆発し、周囲に操りのガスを散布します。
24	1	/WAZAHELP.MSG	落下地点で爆裂し、周囲に凍結のガスを散布します。
24	1	/WAZAHELP.MSG	落下地点で爆裂し、周囲に混乱のガスを散布します。
24	1	/WAZAHELP.MSG	精霊の気の力で体力を３００ポイント回復できます。
24	1	/WAZAHELP.MSG	瞑想に入ることで最大ＭＰの１０％を回復できます。
24	1	/WAZAHELP.MSG	猛烈な吹雪を作り出し1/4の確率で凍結させます。
24	1	/WAZAHELP.MSG	味方の集団に対して強力になる術をかけるものです。
24	1	/WAZAHELP.MSG	味方キャラクターのステータス異常を回復させます。
24	1	/WAZAHELP.MSG	聖なるエネルギーをビーム状に放出して攻撃します。
24	1	/ITEMHELP.MSG	身につけると坂道でも軽やかに進むことができます。
24	1	/ITEMHELP.MSG	火の奥義書。火と風の融合について書かれています。
24	1	/ITEMHELP.MSG	風の奥義書。風と雷の融合について書かれています。
24	1	/ITEMHELP.MSG	雷の奥義書。雷と水の融合について書かれています。
24	1	/ITEMHELP.MSG	水の奥義書。水と地の融合について書かれています。
24	1	/ITEMHELP.MSG	地の奥義書。地と火の融合について書かれています。
24	1	/ITEMHELP.MSG	タカオからアケミへの、思いやりあふれる手紙です。
24	1	/ITEMHELP.MSG	使用する者の命をすいとると言われる強力な剣です。
24	1	/ITEMHELP.MSG	強力な刀ですが、手にした者は混乱状態になります。
24	1	/ITEMHELP.MSG	猛獣ガジェルのひげを弦に用いためずらしい弓です。
24	1	/ITEMHELP.MSG	けものの皮をなめして作られた魔法使い用の服です。
24	1	/KEYHELP.MAT	他のキーは使用しません。　　　　　　　［５／５］
23	1	/FIR0.MAP	敵を全滅させるか、「退却」をすればいいんだね！
23	2	/KB00.MAP	こんな突発的な戦いでケガをしちゃつまらないよ。
23	2	/KB00.MAP	こんなところで無駄にするわけにゃいかねぇんだ。
23	1	/KB10.MAP	命がおしくなかったら、かかってくるのだ～ゼー！
23	2	/TM40.MAP	おめでとうございます。最下層に到着致しました。
23	1	/TM00.MAP	ありがとよ、このヤロウ。ほかに売りやがるのか？
23	1	/TM00.MAP	やめやがりますか。ほかに何かありやがりますか？
23	1	/TM00.MAP	登録して、はじめて試練の迷宮に入れますねんけど
23	1	/TM00.MAP	３．モンスター達はお金をもってないのだ～ゼー。
23	2	/BL00.MAP	金が足りないじゃないか。貧乏人には用はないの。
23	5	/BL00.MAP	「S」を買い取らせていただいてよろしいですか？
23	1	/BL00.MAP	２．アイテムの持ち込み、宝物の持ち出しは自由。
23	1	/CT20.MAP	下手すりゃ、カオスの力が解放されちまいそうだ。
23	1	/CT20.MAP	魔法球は、このままにして、元の世界に戻るでし！
23	1	/CT20.MAP	各個撃破されないように気をつけなきゃだめだね。
23	1	/CT20.MAP	どのような力を持っているというのでござろうか。
23	1	/CT10.MAP	我らは、心弱きゆえ、傷つけあうことを選びし者。
23	1	/CT10.MAP	そんなことをオレに教えて何をさせようってんだ！
23	1	/CT10.MAP	困りましたわね。どのようにして下りましょうか。
23	1	/CT00.MAP	ナズナだって、７人委員会には怒ってるの、なの！
23	1	/CT00.MAP	世界に混乱をまきちらした報いをうけてもらうぞ！
23	1	/QH01.MAP	・・・ふゥ。本当にキスするとは思わなかったよ。
23	2	/NZ11.MAP	AA= = E・、@A@A@A@A A!A =
23	1	/ZM01.MAP	ご尊顔を拝する栄誉にあずかり、鼻が高いっスよ。
23	1	/ZM01.MAP	ウチの防具は、どれを買ってもソンはさせないよ。
23	1	/WR10.MAP	うん。とにかくヤマタイに行く船をさがさなきゃ。
23	1	/RS01.MAP	ボクが「竜変化」で竜に変身して、向こうに渡る。
23	1	/DG21.MAP	お父様、そろそろ、実戦をさせてもらえませんか？
23	2	/ES01.MAP	こ、ここは・・・リグロード？！それに、ルゥナ！
23	2	/ES01.MAP	しかし、７人委員会がカカルクランにいることで、
23	2	/ES01.MAP	このままこのひずみが大きくなると世界は・・・。
23	2	/ES01.MAP	皆、しばらく見ない間に一回り成長したようだな。
23	2	/ES10.MAP	７人委員会を倒せば、怪物共もおとなしくなるかと
23	2	/ES10.MAP	あれが７人委員会でござるか。許せんでござるな。
23	1	/WS01.MAP	妖精ルゥナに、みんなが帰るって教えられたのね。
23	1	/ES00.MAP	・・・と、思ったら、ナズナが映ってたの、なの！
23	1	/MK00.MAP	この戦場はせまい！落ちないように気を付けろ！！
23	1	/MK00.MAP	せまいところでしね。みんな、気をつけるでしよ。
23	1	/MK00.MAP	魔法にどうやって耐えるかで勝負は決まるでしよ！
23	1	/RT20.MAP	ガルザードの失敗で、竜騎士の小娘を取り逃がし、
23	1	/RT20.MAP	７人委員会は、一体、何をしようとしているんだ！
23	1	/RT20.MAP	ねね、ミュウ、ラグロスがこんなもの持ってたよ！
23	1	/RT20.MAP	だが、今は壊れてて、とても飛べそうにはないゼ。
23	1	/RT20.MAP	【ゲートキー】と、【古代遺跡の鍵】を見つけた。
23	1	/RT20.MAP	それに、こちらは、【古代遺跡の鍵】でござるな。
23	1	/QH00.MAP	やだ、やめちゃうのぉ？じゃあ、ほかに用はある？
23	1	/QH00.MAP	あの、売れるものはないみたいですけどォ・・・？
23	1	/QH00.MAP	ありがとうございますゥ。ほかに何か買いますか？
23	1	/QH00.MAP	ありがとうございますゥ。ほかに何か売りますか？
23	1	/QH00.MAP	そろそろ戻ってきて、王座を継いじゃどうですか。
23	1	/QH00.MAP	ライトワードは、お役に立っていますでしょうか？
23	1	/QH00.MAP	いつ、自分達のケツに火がつくかわかりゃしない。
23	1	/IZ00.MAP	あ、ああ、オレは大丈夫だ。大丈夫か、シラナミ？
23	1	/IZ00.MAP	だが、オレにはまだ力が足りねぇ・・・。それが？
23	1	/IZ00.MAP	そうは言っても、お嬢さん方の気持ちは変らんよ。
23	1	/IZ00.MAP	古代魔法文明の技術と知識の全てが、今ここにっ！
23	1	/IZ00.MAP	奴らめが、幽玄の森を守る封印を解いたでござる。
23	1	/IZ00.MAP	ディアーネさん！あれれ、船の修理もやってるの？
23	1	/IZ00.MAP	イクシーズ復活には、もう一品必要なのでござる。
23	1	/IZ00.MAP	やや、これは姫様！首尾はどうでござりまするか？
23	1	/IZ00.MAP	状況を整えるという大役を、宿命づけられたる身。
23	1	/ZM00.MAP	どうか、リグロードの平和を取り戻して下さい！！
23	1	/ZM00.MAP	どこかの誰かさんが、コソコソ逃げたりしなきゃ、
23	1	/ZM00.MAP	わたしは信じてましたよ、お・ひ・め・さ・ま・！
23	1	/ZM00.MAP	あ、ミュウ姉様だ！ひどいこといって、ごめんね。
23	1	/ZM00.MAP	おお、やめなさるのか。ほかに何かありますかの？
23	1	/DG10.MAP	こいつを倒せば、ドラグーン城を取り戻せるでし！
23	1	/DG10.MAP	こいつを倒せば、ドラグーン城を取り戻せるのね！
23	1	/DG10.MAP	しかし、国民の不信の声は今や、天にとどくほど。
23	1	/DG10.MAP	おまえ達を倒すために、はるばる旅してきたんだ！
23	1	/DG00.MAP	２階にあがるのはあきらめるしかないの、なのね。
23	1	/IS10.MAP	で・・・では、もはや見る影もなしでござるか！？
23	1	/DS10.MAP	まあ、敵をブッ倒してから探しても遅くねぇだろ。
23	1	/DS10.MAP	もし【フライサー】の魔法を使うことができれば、
23	1	/DS10.MAP	地形を気にせず、反対側へ渡れるんだけど・・・。
23	1	/IS00.MAP	今は目の前の敵を倒すことに集中した方がいいよ。
23	1	/IS00.MAP	でないと、弟を捜す以前に、敵にやられちゃうよ！
23	1	/IS00.MAP	ほほう、これが伝説に言う、宝の番人でござるか。
23	1	/IS00.MAP	・・・確か、その怪力で幾多の強敵を倒したとか。
23	1	/KR00.MAP	あんた達の活躍のおかげだよ！とにかくめでたい！
23	1	/KR00.MAP	失礼しました。すっかり我を忘れてしまいまして。
23	1	/KR00.MAP	で、本日は、どういった御用件でしたでしょうか？
23	1	/KR00.MAP	もう、いいよ。別に被害があったわけじゃないし。
23	1	/KR00.MAP	コルベツアー社は、伝統ある旅行会社なんですよ。
23	1	/KR00.MAP	ここの村人にとって、数少ない自慢の種なんです。
23	1	/KR00.MAP	その手紙を、ヒガタにいる、アケミに渡してくれ。
23	1	/DS00.MAP	わたくしの思ったとおり、出口が出現しましてよ。
23	1	/JG02.MAP	絶対唯一の存在によって世界は永遠の安定を得る。
23	1	/JG00.MAP	オレの分まで、やつらをぶちのめしてきてくれよ！
23	1	/JG00.MAP	あなた達のおかげで、世界は救われました・・・。
23	1	/ST00.MAP	あんがい、滝の裏に通路があったりして・・・ね。
23	1	/OT00.MAP	いったいどこからそんな物がわいて出てきたんだ？
23	1	/OT00.MAP	そうかい。じゃ、気が向いたら、声をかけとくれ！
23	1	/OT00.MAP	空飛ぶ船ってヤツを、いっぺん拝んでみたいんだ。
23	1	/OT00.MAP	よし、それじゃ、ミュウ、イクシーズ号で会おう！
23	1	/OT00.MAP	うふふ☆やっとあたしに話しかけてくれたわねン。
23	1	/AT20.MAP	まさか、アンジュの親父もあいつにやられたのか？
23	1	/AT20.MAP	もし、この溶岩の川に落ちたりしたら、終りだね。
23	1	/AT20.MAP	この光ぐあいはイクシーズで見たのにそっくりだ。
23	1	/AT20.MAP	ついに見つけたのだ～ゼー。マラカイトだ～ゼー。
23	1	/AT20.MAP	ご自分の過ちをつぐなうなら、生きるべきですわ！
23	1	/AT20.MAP	娘よ・・・私は疲れたのだ・・・。さらば・・・。
23	1	/AT10.MAP	あれ・・・？ここだけなんだか他と違うぞ・・・。
23	1	/AT00.MAP	娘だと思って甘やかしておれば、うぬぼれおって！
23	1	/AT00.MAP	年下の女の子からかわいいと言われてもな・・・。
23	1	/AT00.MAP	・・・はぁ。ヒバリは元気にしているでしかねぇ？
23	1	/AT00.MAP	大丈夫だよ！年の割にしっかりした子だったもの。
23	1	/AT00.MAP	どこかに、何かの仕掛けがあるのかもしれないな。
23	1	/AT00.MAP	何にしろ好都合よね。このスキに中を調べましょ！
23	1	/AT00.MAP	だが、それが本当かどうかを実証した者はいない。
23	1	/AT00.MAP	古代魔法文明崩壊後、そこは付近の住民によって、
23	2	/AT00.MAP	北か南にむかえばカダールにたどりつくであろう。
23	1	/AT00.MAP	さらばだ、わが娘よ。私は自らの人生に幕を引く。
23	1	/MP00.MAP	ミュウ・・・何があったんだい、君らしくもない。
23	1	/MP00.MAP	ウチの防具は、どれを買ってもソンはしないって。
23	1	/MP00.MAP	おやめになるのですね。ほかに何かございますか？
23	1	/MP00.MAP	レジスタンス狩り以後しばらくさびれていました。
23	1	/MP00.MAP	あなたも命が惜しければ近寄らないことですわね。
23	1	/MP00.MAP	武力に優れているんだけど、魔力に劣っているわ。
23	1	/MP00.MAP	同じく将軍のラグロスはガルザードと反対なのよ。
23	1	/KS00.MAP	近くに村でもあれば、話を聞けるんでしが・・・。
23	1	/KS00.MAP	ガルマンオーブがないから、今は何もできないね。
23	1	/KS00.MAP	こ、ここだな。ここに魔法球を置くんだったよね。
23	1	/KS00.MAP	この祭壇にガルマンオーブを置けばいいんでしね。
23	1	/KS00.MAP	あれはなんでしょう・・・？台座のようですけど。
23	1	/KS00.MAP	どうしてこんなに、デコボコしているのでしょう？
23	1	/GB00.MAP	何か聞きたいことがあったら長老に聞くといいよ。
23	1	/GB00.MAP	長老の家は、町の一番奥にある立派なお屋敷だよ。
23	1	/GB00.MAP	いやァ、そんなおどろいた顔されると照れるなァ。
23	1	/GB00.MAP	世界が滅びるのよ！世界が滅びるのに違いないわ！
23	1	/GB00.MAP	お願いします。イクシーズ号を使わせてください！
23	1	/GB00.MAP	それがどこにあるのかは、我々も詳しくは知らぬ。
23	1	/GB00.MAP	魔法球、すなわちガルマンオーブと呼ばれるものの
23	1	/GB00.MAP	まずは、マラカイトを手に入れてはどうじゃろう？
23	1	/GB00.MAP	詳しくは知らぬが、リグロードの港町からならば、
23	1	/DL00.MAP	まぁ、それも、あと２回で終らせてもらいますよ。
23	1	/DL00.MAP	ぐ・・・、ま、まさか私が負けるなどとは・・・。
23	1	/IP10.MAP	これだから脳ミソが筋肉の野蛮人は嫌なのですわ！
23	1	/IP00.MAP	でも、わたくしでは、手におえかねるようですわ。
23	1	/IP00.MAP	なにかの仕掛けがしてあって、開かないみたいだ。
23	1	/IP00.MAP	この扉には、なにか仕掛けがしてあるみたいだよ。
23	1	/IP00.MAP	どこかにこの扉を動かすしくみがありましょうぞ。
23	1	/SB00.MAP	それでは、少し道案内をしておきましょうかしら。
23	1	/NT30.MAP	私にいわせれば、弱いということは、それだけで、
23	1	/NT30.MAP	もし、あなた方の理想が真に正しいのなら・・・。
23	1	/NT20.MAP	ここを出たあかつきには、わたくしの仲間達にも、
23	1	/HL10.MAP	７人委員会のやり方には皆不満を抱いていたんだ。
23	1	/HL10.MAP	なんていうか、これが自由って感じなのかしらね？
23	1	/HL00.MAP	ふごっ！俺とした事が、間違えているのだ～ゼー！
23	2	/KK01.MAP	これが爆発したら、大変なことになるの、なのね。
23	2	/KK01.MAP	［］これが爆発したら、大変なことになるでしよ。
23	1	/KK00.MAP	しかし扉は熱膨張によって開きにくくなっている。
23	1	/KK00.MAP	これが大水桶なのね？サッっと壊すの、なのね！！
23	1	/KK00.MAP	俺っちを手伝ってくれるでしか？ありがたいでし。
23	1	/KK00.MAP	そいつをぶち壊せば水が流れて火はきえるのでし。
23	1	/CK00.MAP	ウチの防具なら、どれを買っても絶対損しないよ。
23	1	/CK00.MAP	大したことはできませんけど、何かお礼を・・・。
23	1	/CK00.MAP	・・・わかった。好きなだけ行ってくればいいわ。
23	1	/CK00.MAP	タタラ、あいつらをギャフンと言わせてやってよ！
23	1	/CK00.MAP	ヒバリちゃんのことは、あたしにまかせといてよ！
23	1	/CK00.MAP	ヒバリが心配でし。怖がってないでしかね・・・。
23	1	/OB00.MAP	宝剣はガッチリはまってて外れそうにないようだ。
23	1	/OB00.MAP	まぁ、くれるっていうんだから、もらっとこうぜ。
23	1	/OB00.MAP	リグロード大陸、ドラグーン王国の竜騎士ミュウ！
23	1	/MH00.MAP	ゲテン城からガルザードを追い出したんだってよ。
23	2	/MH00.MAP	おや、やめるのかね・・・。ほかに何かあるかの？
23	1	/MH00.MAP	この地震続きで、倉庫の中の荷物がすぐ崩れてね。
23	1	/MH00.MAP	むこうには知合いも少なくないから、心配なんだ。
23	1	/MH00.MAP	昔、昔、大昔の船は、空を飛んだっていうけどね。
23	1	/MH00.MAP	やっぱり平和ってのは長く続かないもんなのかね。
23	1	/MH00.MAP	ひえええっ、こんなことは今まで見たこともない。
23	1	/MH00.MAP	思ったとおり、あの城は、いわくつきの場所だね。
23	2	/MH00.MAP	そうかい。じゃ、あたしはここで待ってるからね。
23	1	/GT20.MAP	よし、ヒガタに行って、ディアーネさんに会おう！
23	1	/GT10.MAP	ならば、私は、私自身の良心に従い、お前を討つ！
23	1	/KD00.MAP	ここにはめ込むような物は持ってないの、なのね。
23	1	/KD00.MAP	ここには【天邪の鏡】がぴったりはまるようでし。
23	1	/KD00.MAP	ここには【蓬莱の珠】がぴったりはまるようでし。
23	1	/KD00.MAP	いま、そんな危険な賭けをする必要もないだろう。
23	1	/KD00.MAP	ヘタなことをすると、何が起こるかわからないよ！
23	1	/KD00.MAP	無理に通ろうとしても、黒焦げになるだけだろう。
23	1	/SK10.MAP	ああ。これでゲテン城に乗り込むことができるぜ。
23	1	/SK00.MAP	みんな、待ってて、今すぐに出してあげるからね！
23	1	/HY00.MAP	そんなこと言ったって、敵は容赦してくれないぜ！
23	1	/HY00.MAP	まだ、星陵郭には子供たちがとらわれているんだ。
23	1	/KM00.MAP	もうどこにもいかずに、この村を守ってくだされ。
23	1	/KM00.MAP	ほんにあんた達にはなんとお礼を言ったらよいか。
23	1	/KM00.MAP	これで元通りみんな平和に暮らすことができるわ。
23	1	/KM00.MAP	おっと！残念でやすがお金が足りないようでやす。
23	1	/KM00.MAP	星陵郭に行って、人質になってる人々を助けだす。
23	1	/KM00.MAP	ユーカリさんがどれだけ悲しむかと思って・・・。
23	1	/KM00.MAP	全くだぜ！ラスティの努力が無駄になっちまわぁ。
23	1	/KM00.MAP	ありがとうございました。おかげで助かりました。
23	1	/KM00.MAP	もうみんなと一緒に暮らせるんだよね、カムイ様！
23	1	/KM00.MAP	そうでし！クリカラ村の鉱炉を使えばいいんでし！
23	1	/HS10.MAP	なめた口をきけるのもこれが最後だと思いやがれ。
23	1	/HS10.MAP	どうだろうと、邪魔をする奴は叩き潰すだけだぜ。
23	1	/HS00.MAP	・・・すまない、ミュウ。つい熱くなっちまって。
23	1	/HS00.MAP	ラスティ、体の方は大丈夫なの？どこも痛くない？
23	1	/HS00.MAP	それは、本名。今は、シラナミって呼ばれてるの。
23	1	/GM00.MAP	ホウショウ院は、いったいいつ参拝できるんやろ。
23	1	/GM00.MAP	その調子でがんばってや。期待してますよってに。
23	1	/GM00.MAP	カダールの連中、負けたんやて。ええ気味やわァ。
23	1	/GM00.MAP	お店に持っていったら高う買い取ってくれますえ。
23	1	/GM00.MAP	かしこく戦うんやったら、弱点を突かなあかんで。
23	1	/GM00.MAP	おかげさんで商売の方も、ボチボチいってますわ。
23	1	/GM00.MAP	はて、金が足りぬようですがのゥ。年ですかのゥ？
23	1	/GM00.MAP	まぁ、いらっしゃい。ゆっくり見てっておくれよ。
23	1	/GM00.MAP	ラスティ・・・。・・・鼻に何かついているわよ？
23	1	/GM00.MAP	いややわ。長い物には巻かれろ、言いますやんか。
23	1	/GM00.MAP	命だけは、だとぉ！？お前のせいで、オレ達はっ！
23	1	/GM00.MAP	そうだよ。こんな状況を作ったのは、カダールだ！
23	1	/GM00.MAP	わかった、わかった！わかったから、離れてくれ！
23	1	/NJ10.MAP	おっと、忘れるなよ！お前の相手は、このオレだ。
23	1	/NJ10.MAP	あなたの部下の命は、我々の手中にあるのですよ。
23	1	/NJ10.MAP	背中を見せるのはしゃくだが退却するしかないな！
23	1	/NJ10.MAP	しかし、お頭、あっし達が臭い飯を食ってる間に、
23	1	/NJ00.MAP	底の見えない穴がある。奥の部屋は見当たらない。
23	1	/NJ00.MAP	オレとしたことが、無駄な時間を使っちまったぜ。
23	1	/IG10.MAP	英雄アーサー様とエリーゼ様の血を引いているの。
23	1	/IG10.MAP	カダール軍を名乗る軍団に侵略を受けているんだ。
23	1	/IG10.MAP	じゃあ、ボク達が、キミの仲間の救出を手伝うよ！
23	1	/IG00.MAP	お前とは話しとうない。出ていってくれんかのう。
23	1	/IG00.MAP	裏ヤマタイ地方へ続く唯一の通り道だったんだが。
23	1	/IG00.MAP	わーい、アスカお兄ちゃんだ！おかえりなさい！！
23	1	/IG00.MAP	月組は、ムサシ様を祖とするイガ流忍術の直系よ。
23	1	/IG00.MAP	裏切り者に売るような防具は置いてないんだがね。
23	1	/IG00.MAP	売るものがないようじゃの。人をバカにしよって。
23	1	/IG00.MAP	お嫁しゃんになってあげないかやね！べーっ、だ。
23	1	/NZ10.MAP	うふふふふ、なのなの。あなたとっても幸運なの。
23	1	/NZ10.MAP	こういう状態をロマンチック大暴走っていうんだ。
23	1	/NZ10.MAP	王子様が現れるのを、待ち続けていたの、なのね！
23	1	/NZ00.MAP	さてと、もう一度ここについて説明しておこうか？
23	1	/NZ00.MAP	なら、ここについて、もう一度説明しておこうか？
23	2	/WR02.MAP	今のボク達の敵は、７人委員会だって分かってる。
23	1	/WR02.MAP	まあ、怪物どもが住み着くことは考えられるから、
23	1	/WR02.MAP	古代魔法文明がどうの、と、申しておりましたが。
23	1	/WR02.MAP	あのファルコって、ホークアイの弟さんのことだ！
23	1	/WY02.MAP	仲が良かろうが悪かろうが、オレには関係ないし。
23	1	/WY02.MAP	確かに、ある意味、この状況は手詰りに見えるな。
23	1	/WY02.MAP	【回復薬】は、ＨＰを回復させるアイテムでしょ。
23	1	/WY02.MAP	こうなったら、君たちだけでも、逃げるのでし！！
23	1	/WK00.MAP	カオスの力は、人が扱うには大きすぎる力なのね。
23	1	/WK00.MAP	ルゥナ！それに、ディアーネさんにファルコまで！
23	1	/WK00.MAP	じゃあ、一足先に、リグロードに行くから・・・。
23	1	/WR00.MAP	世界が本当に平和になったのか、確かめなくちゃ！
23	1	/WR00.MAP	たとえ、罠だとしても、最後まであきらめないよ！
23	1	/WR00.MAP	戦って、戦って・・・、立ったまま、死んでやる。
23	1	/WR00.MAP	親父だってそうしたんだ。俺にだって、できるさ。
23	1	/WR00.MAP	姫って言葉は、ちょっとばかし似合わないけどな。
23	1	/WR00.MAP	拙者、こう見えても、多少、武道の心得がござる。
23	1	/WR00.MAP	どうにかして、扉を開く方法はないのでござるか？
23	1	/WR00.MAP	カオスの力に関する知識を集めていたのでしょう？
23	1	/WC00.MAP	皆様そうおっしゃいますわ。これも人徳でしょう。
23	1	/WC00.MAP	さ、参りましょう。ポポロンは、東にありますわ。
23	1	/WC00.MAP	じゃあ、ア～ちゃんに聞いてみようじゃないのよ！
23	1	/WC00.MAP	なんだって、俺は、こんな目に会う運命なんだ～？
23	1	/WC00.MAP	私たちが逃げ出してきた、７人委員会の塔ですわ。
23	1	/WC00.MAP	やめてよ、二人とも。ボクのことで喧嘩しないで。
23	1	/WC00.MAP	ミュウ、飛ぶか？いい風が吹いて来てるようだぜ？
23	1	/WC00.MAP	俺様がどうしゃべろうと俺様の勝手なのだ～ゼー！
23	1	/WC00.MAP	ナズナがいれば十分なのね！ね、ね、アスカぁ～。
23	1	/WC00.MAP	ところで、館長様がお捜しでいらっしゃいました。
23	1	/WC00.MAP	［門番］結果、カダール兵に口止めされた・・・。
23	1	/WC00.MAP	そっちは塔の裏庭だよ。今は、行く必要はないよ。
23	1	/WC00.MAP	父上・・・いえ、館長以外は閲覧できないのです。
23	1	/WC00.MAP	魔法球も手に入れたことだし、海底神殿へ急ごう！
23	1	/WC00.MAP	ここよりも先に行くべきところがあるはずですわ。
23	1	/WY00.MAP	このままじゃ、村が危ない！このまま突っ込むよ！
23	1	/WY00.MAP	わかった。じゃあ、遠慮なく力を貸してもらうよ。
23	1	/WY00.MAP	先のリグロード戦役で、ムサシじっちゃんなんかと
23	1	/WY00.MAP	でも、なんだろ？ここ？なんだか関所みたいだね。
23	1	/WY00.MAP	今はこんなところにかまっている場合じゃないよ。
23	1	/WY00.MAP	この焼け跡は・・・？ここで何があったんだろう？
23	1	/BOT4.MAP	マラカイトを入手した状態にフラグ補正しました。
23	1	/BOT4.MAP	変更しました。それでＯＫならセーブしてください
23	1	/WAZAHELP.MSG	大地を使って増幅した衝撃波を敵に与える技です。
23	1	/WAZAHELP.MSG	風の刃を前方に打ち出して、敵を攻撃する技です。
23	1	/WAZAHELP.MSG	飛び跳ねた振動で、周囲に回復の波動を伝えます。
23	1	/WAZAHELP.MSG	雷の精霊を宿し、敵に向かって電撃を放つ術です。
23	1	/WAZAHELP.MSG	風の精霊の力を借りて、物を押すことができます。
23	1	/WAZAHELP.MSG	敵の魔法を、命中率・威力ともに完全に封じます。
23	1	/WAZAHELP.MSG	休憩することで最大ＨＰの１０％を回復できます。
23	1	/WAZAHELP.MSG	3/4の確率で敵の攻撃をそのまま弾き返します。
23	1	/WAZAHELP.MSG	隕石が落ちてきて爆発し、大きな被害を与えます。
23	1	/ITEMHELP.MSG	おぼろ谷でミズタマから手に入れたアイテムです。
23	1	/ITEMHELP.MSG	変わった名前ですが、攻撃力はすばらしい剣です。
23	1	/ITEMHELP.MSG	この刀によってキズを負わされた者を眠らせます。
23	1	/ITEMHELP.MSG	高名な賢者が書いた書物です。賢さが上がります。
23	1	/ITEMHELP.MSG	つがえた矢に光が宿り、霊的な効力を発揮します。
23	1	/ITEMHELP.MSG	霊的な力をふうじこめた魔法使いのための服です。
22	1	/GT00.MAP	・・・やだ、なんか緊張してきちゃった・・・。
22	1	/GT00.MAP	それにしても、見てみろよ、すごい数の敵だゼ。
22	1	/FIR0.MAP	分かった！「技を使う」にある「竜の技」だね！
22	4	/TJ32.MAP	敵の強さに応じたグッドな賞品をもらえるのさ。
22	5	/TJ20.MAP	自信があるなら、運を天に任せてみたらどうサ？
22	5	/TJ41.MAP	おいでやす。ここは栄光への近道、闘技場です。
22	1	/TM00.MAP	この町には、試練の迷宮っつう場所があるズラ。
22	1	/TM00.MAP	４．迷宮内で得た経験値は全て無効となります。
22	1	/TM00.MAP	ほいじゃけん、レベルアップはありませんがな。
22	1	/TM00.MAP	じゃっどん、技のレベルアップは可能でごわす。
22	2	/BL00.MAP	いらっしゃいませ。どういったご要件でしょう？
22	1	/BL00.MAP	登録して、はじめて試練の迷宮に入れるのだが、
22	1	/CT20.MAP	我らは、いまだ目的を成しておらぬというのに。
22	1	/CT20.MAP	魔法球は、このままにして、元の世界に戻ろう。
22	1	/CT20.MAP	魔法球は、このままにして、元の世界に戻ろう！
22	1	/CT20.MAP	一体どんな力を持っているというんだろうねぇ。
22	1	/CT10.MAP	賢人によって封印されたる理由は、そこにあり。
22	1	/CT10.MAP	・・・気をつけよ、ミュウ。思念に気をつけよ。
22	1	/CT10.MAP	なんだこれは！どうやって下りるかが問題だな。
22	1	/CT10.MAP	急な坂でしね。どうやって下に下りるでしかね。
22	1	/CT10.MAP	奴等を倒すしかないようだね。じゃあ、いこう。
22	1	/OT02.MAP	ファルコ、ディアーネ、ホークアイありがとう！
22	1	/OT02.MAP	ディアーネ殿！貴殿を見込んで、頼みがござる！
22	1	/IG01.MAP	じゃあ、鍵のついた倉庫に隠しておくのなのね！
22	1	/GM01.MAP	ここらでお別れを言うわ！さようなら、ミュウ！
22	1	/CK01.MAP	ミュウ！わたくし、あなたにお礼を言いますわ。
22	1	/OT01.MAP	準備ができたら、もう一度あたいに声をかけな。
22	1	/OT01.MAP	お父様・・・必ず、援軍を連れて戻ってきます！
22	1	/OT01.MAP	ヤマタイには他にもシノビの里なんかがあって、
22	3	/OT01.MAP	ありがとうございます。ほかに何か買いますか？
22	3	/OT01.MAP	ありがとうございます。ほかに何か売りますか？
22	2	/OT01.MAP	ようこそおいでくだされた。何用でござろうか？
22	1	/ZM01.MAP	じゃあ、おいら、気をきかして、一人で遊ぶよ。
22	1	/ZM01.MAP	ミュウ様をからかうのも、愛情表現なのですよ。
22	1	/ZM01.MAP	まいどあり！ほかに何か買うかい、ミュウ王女？
22	1	/ZM01.MAP	まいどあり！ほかに何か売るかい、ミュウ王女？
22	1	/KB01.MAP	ほら、特殊魔法で、土地を盛り上げる魔法だよ！
22	1	/WR10.MAP	ザルマのみんなの様子も見ておかないと・・・。
22	1	/WR10.MAP	こんなところでグズグズしてられない、行こう！
22	1	/WR10.MAP	リグロードの東側にいる人達は無事かな・・・？
22	1	/RS01.MAP	で、でも、向こう側へ行く前に、お願いだから、
22	1	/ES01.MAP	ルゥナに、みんながここに帰るって言われたの。
22	1	/ES01.MAP	みんな、大丈夫？僕もいっしょに戦いたいなぁ。
22	2	/ES01.MAP	この続きは、また後でするの、なのね、アスカ！
22	4	/ES10.MAP	水晶に七人委員会メンバー達の姿が写っている。
22	2	/ES10.MAP	こんな天変地異が続くのは、奴らのしわざだな！
22	2	/ES10.MAP	やつらを倒すのは私達をおいて他にはあるまい。
22	1	/WS01.MAP	だが、天才の俺様は分かっていてたのだ～ゼー！
22	2	/WS10.MAP	あれは７人委員会？どうして、こんなところに？
22	2	/WS10.MAP	いったい、どういう仕組みになっているでしか？
22	1	/WS00.MAP	リグロード名所巡りの観光旅行じゃねぇんだぜ。
22	1	/RT20.MAP	それがため、我らの計画に困難が生じた・・・。
22	1	/RT20.MAP	今、それができるのは、あなた達だけなのです。
22	1	/RT20.MAP	父上が古代遺跡につけたという鍵じゃないかな？
22	1	/RT20.MAP	でも、今、壊れてて、とても飛べそうにないよ。
22	1	/RT20.MAP	しかし、今は壊れてて、とても飛べそうにない。
22	1	/RT20.MAP	それに、こちらは、【古代遺跡の鍵】ですわね。
22	1	/QH00.MAP	「S」ですねっ☆もち、買ってもらえますよね？
22	1	/QH00.MAP	ラスティ様、カダールも追い払ったことですし、
22	1	/QH00.MAP	王子、我が家に伝わるこの書をお使いください。
22	1	/QH00.MAP	しかも、私達の城を土足で汚して！許せません！
22	1	/QH00.MAP	ディバンドソードとどちらが強いんでしょうね。
22	1	/QH00.MAP	自然にキズはふさがり、力がわいて来るという。
22	1	/QH00.MAP	それはそれは、美しい衣だと聞いてるでちゅー。
22	1	/QH00.MAP	だから・・・、それまで待っててくれますよね。
22	1	/QH00.MAP	この先は、ラグロス様のおわすラグロスの塔だ。
22	1	/IZ00.MAP	あのなぁ・・・。いいかげんにしろよ、お前ら。
22	2	/IZ00.MAP	行こうぜ、オレ達の戦いはまだ終っちゃいねえ。
22	1	/IZ00.MAP	わかった、ラグロスの塔だね。みんな、いこう！
22	1	/IZ00.MAP	ファルコにゃ力仕事は向いてないようだからね。
22	1	/IZ00.MAP	まさに、イクシーズを修理するには不可欠な品。
22	1	/IZ00.MAP	・・・と、喜んでばかりはおられんのでござる。
22	1	/IZ00.MAP	されど、我ら、姫様が最良の状態で戦えるよう、
22	1	/IZ00.MAP	安心しな、ファルコ。傷一つついちゃいないよ。
22	1	/ZM00.MAP	ドラグーン城はカダールに占拠されちまったよ。
22	1	/ZM00.MAP	ドラグーンの国民はみんなそれを望んでやすよ。
22	1	/ZM00.MAP	世界は平和になったんじゃなかったんですかね？
22	1	/ZM00.MAP	技と技の融合に成功した者は、ほとんどいない。
22	1	/ZM00.MAP	ザルマに何の用ですか、お・ひ・め・さ・ま・！
22	1	/ZM00.MAP	いえね、どうしてこんな話をするかっていうと、
22	1	/ZM00.MAP	不用になった品を、引きとってやってもいいぜ。
22	2	/ZM00.MAP	「S」でございますね。買っていただけますの？
22	1	/ZM00.MAP	「S」を買いとらせていただけばよろしいので？
22	1	/DG10.MAP	こいつを倒して、ドラグーン城を取り戻すんだ！
22	1	/IS10.MAP	弟さん・・・だよね？良かったね、ホークアイ！
22	1	/IS10.MAP	ぬおおおぉぉぉぉぉ。拙者、拙者感激でござる。
22	1	/IS10.MAP	我々は古代魔法文明に関して研究をしています。
22	1	/IS10.MAP	その本の題名は、確か・・・カオスの書でした。
22	1	/DS10.MAP	先に進もうにも、出口が見当たらないようだが？
22	3	/KR00.MAP	ウチの防具なら、どれを買ってもソンはないよ。
22	1	/KR00.MAP	カダールを追い出したっていう新しい英雄は！ 
22	1	/KR00.MAP	こんな田舎にミュウ王女がいらっしゃるなんて。
22	1	/KR00.MAP	ハレハレガッコンはイヤな時に使う言葉なのよ。
22	1	/KR00.MAP	早く傷をなおして、あいつの喜ぶ顔を見たいな。
22	1	/DS00.MAP	ほら、幻術で隠れてた出口が姿をあらわしたわ。
22	1	/DS00.MAP	幻術がとけて、出口があらわれたようでござる。
22	1	/JG02.MAP	世界に破壊と混乱をもたらそうとしているのは！
22	1	/JG02.MAP	我らは世界に新しい秩序をもたらさんとする者。
22	1	/JG02.MAP	沢山の命を犠牲にして、何が新しい秩序ですか！
22	1	/JG00.MAP	みんな、とにかく無事に戻ってくるの、なのね！
22	1	/JG00.MAP	そして約束してくれ、必ず生きて戻ると・・・。
22	1	/JG00.MAP	その他の皆さんも、無事にかえってくるでしよ！
22	1	/JG00.MAP	ありがとう・・・。考えさせていただきますわ。
22	1	/JG00.MAP	あたしは、この世界の行く末を心配してないよ。
22	1	/JG00.MAP	そうなのね！もちろん、ナズナを選ぶのなのね！
22	1	/JG00.MAP	・・・シラナミ。おまえと、一生を共にしよう。
22	1	/OT00.MAP	ついでだから、この町で装備を整えておこうよ。
22	1	/OT00.MAP	いいじゃない、たまには、少し息抜きしたって！
22	1	/OT00.MAP	ありがたき幸せ。ほかに何か買物はござろうか？
22	1	/OT00.MAP	ありがたき幸せ。ほかに何か売物はござろうか？
22	1	/OT00.MAP	だったら、帰ってきて、また店をやってくれよ。
22	1	/OT00.MAP	ディアーネさんとホークアイって知り合いなの？
22	1	/OT00.MAP	まぁ、気がむいたら、声をかけておくんなさい。
22	1	/AT20.MAP	さっきの仕掛けは、この橋をかけるためなのね。
22	1	/AT20.MAP	さっきの仕掛けは、この橋をかけるためでしね！
22	1	/AT20.MAP	うにゃ？イクシーズで見たのとおんなじなのね。
22	1	/AT20.MAP	そーなのね。きっとこれが、マラカイトなのね。
22	1	/AT00.MAP	アンジュ！一体どこをほっつき歩いていたのだ！
22	1	/AT00.MAP	アンジュと共に脱走した話を聞いていたのでね。
22	1	/AT00.MAP	後悔したくないのなら、行って謝ってきなさい。
22	1	/AT00.MAP	こらぁ！人が黙ってればいい気になりやがって！
22	1	/AT00.MAP	じゃあ、館長室以外だけでも、調べておこうよ。
22	1	/AT00.MAP	まず、館長さんにあいさつしてからにしようよ。
22	1	/AT00.MAP	アーヤの声が、ナイフのように夜を切り裂いた。
22	1	/AT00.MAP	「何がおかしい！」レイスと化した男が叫んだ。
22	1	/AT00.MAP	「これが、父から受け継いだ奥義、天舞光輪斬」
22	1	/AT00.MAP	次元の扉の眠るリグロード大陸を攻め落とした。
22	1	/MP00.MAP	あたしがいないで、ここまで来られるもんかね。
22	1	/MP00.MAP	じゃ、悪いけど、あたしゃ、お先に失礼するよ。
22	1	/MP00.MAP	砂漠には、アリジゴクってモンスターがいるの。
22	1	/MP00.MAP	特殊魔法の確率も高度の差で変化するみたいよ。
22	1	/MP00.MAP	あんなことがあったのがウソみたいに思えるわ。
22	1	/MP00.MAP	この一大事に、父子喧嘩など関係ありませんわ！
22	1	/KS00.MAP	何にせよ特別な場所ではあるのだろうが・・・、
22	1	/KS00.MAP	近くに村でもあれば、何かわかるかもしれない。
22	1	/KS00.MAP	あとはガルマンオーブを捜しだすだけですわね。
22	1	/KS00.MAP	ガルマンオーブのありかに目星が立たないなら、
22	1	/GB00.MAP	こんなとこにいられない、とにかく逃げ出そう！
22	1	/GB00.MAP	チャンスがあったらどんどん使っていきなさい。
22	1	/GB00.MAP	こんな風に何もかもが一度に起こることもある。
22	1	/GB00.MAP	サモサに渡るための手段が見つかるやもしれぬ。
22	1	/GB00.MAP	イクシーズの修理に役立てばよろしいのじゃが。
22	2	/GB00.MAP	あらン？残念ながらお金が足りないようですわ。
22	1	/DL00.MAP	まあ、それも、これで最後にしてもらいますよ。
22	1	/DL00.MAP	ぐずぐずしていると閉じ込められるのだ～ゼー。
22	1	/IP00.MAP	ズギャッ？反対側の扉があいてしまった～ゼー！
22	1	/IP00.MAP	この調子で押し続ければ、開くかもしれねえな。
22	1	/IP00.MAP	この調子で何度か押せば、開くかもしれないわ。
22	1	/IP00.MAP	でも、がんばって押しつづければ開きそうでし。
22	1	/SB00.MAP	あれは、アリジゴクという名前の生き物ですわ。
22	1	/NT30.MAP	強い者に虐げられても文句はいえないのですよ。
22	1	/NT20.MAP	報告を終えたら、また様子を見に参りますので。
22	1	/NT20.MAP	全世界の書物が収められたまさに、知識の殿堂！
22	1	/NT20.MAP	あら、少し気合いが足りなかったようですわね。
22	1	/NT00.MAP	追っ手がかかる前に、早くここから逃げだそう。
22	1	/HL00.MAP	これは・・・枯木？ちょっと押してみようかナ？
22	1	/HL00.MAP	動かないってわけじゃないんだろうけど・・・。
22	1	/HL00.MAP	あたしのカンでは、この枯木に何かありそうね。
22	1	/HL00.MAP	枯木が倒れたおかけで、橋ができたの、なのね。
22	1	/HL00.MAP	ふーむ・・・。なにかありそうなんだが・・・。
22	1	/HL00.MAP	しかし、この木にはなにかがありそうだ～ゼー！
22	1	/HL00.MAP	あれ？ハイランドはこっちじゃないみたいだね。
22	1	/HL00.MAP	あれ？こっちはハイランドじゃないみたいだよ。
22	1	/HL00.MAP	ここからはハイランドに出られないのだ～ゼ～。
22	1	/HL00.MAP	何とかして、ここを抜けなければならなくてよ。
22	2	/KK01.MAP	これが爆発したら、すごいことになるんでしょ？
22	1	/KK00.MAP	火を消すには、この大水桶を、壊すしかない！！
22	1	/CK00.MAP	いやぁ・・・、そう言われると、照れるでしね。
22	1	/CK00.MAP	じゃあ、村を出て西にある火薬工場があります。
22	1	/CK00.MAP	水を運ぶ途中で、仕事場にこもってしまったの。
22	1	/CK00.MAP	そうだ！よければウチに泊まっていって下さい。
22	1	/CK00.MAP	わたしの名前はヒバリ、兄はタタラといいます。
22	1	/CK00.MAP	すみません・・・。面倒なこと頼んでしまって。
22	1	/CK00.MAP	危なかったでし。おかげで村は助かったでしよ。
22	1	/CK00.MAP	それは駄目でし。とっても危険な旅なんでしよ。
22	1	/CK00.MAP	・・・じゃあ、行ってらっしゃい、お兄ちゃん！
22	1	/CK00.MAP	それじゃ、皆さん、よろしくおねがいするでし。
22	1	/CK00.MAP	もうヒバリちゃんには会った？きっと喜ぶわよ。
22	1	/CK00.MAP	しかし、残念でしが、量が少ないでしね・・・。
22	1	/CK00.MAP	このカタナ・・・！すげえ、すごすぎるゼっ！！
22	1	/OB00.MAP	これがあれば、この先へ進むことができるぞよ。
22	1	/OB00.MAP	ど～して、女の子にはそんなに優しいかなぁ～？
22	1	/OB00.MAP	もし足を踏み外せば、ただじゃ済まないだろう。
22	1	/MH00.MAP	平和になったなんて、やっぱり嘘だったんだね。
22	2	/MH00.MAP	ありがたや、ありがたや。ほかに何か買うかの？
22	2	/MH00.MAP	ありがたや、ありがたや。ほかに何か売るかの？
22	1	/MH00.MAP	その町に行ったことのある者は誰もいないんだ。
22	1	/MH00.MAP	わはははは！リグロード万歳！ドラグーン万歳！
22	1	/MH00.MAP	闘乱って町の言い伝えを聞いたことはあるかい？
22	1	/MH00.MAP	ミュウは【タカオの手紙】をアケミに手渡した。
22	1	/MH00.MAP	いままで生きてきて、こんなことは初めてだよ。
22	1	/GT20.MAP	では、カダールへ行くにはどうすればいいのだ？
22	1	/GT10.MAP	それを言うわけにはいきませんね、ミュウ王女。
22	1	/GT10.MAP	それを言うわけにはいきませんな、ミュウ王女。
22	1	/KD00.MAP	八坂の勾玉なら、もう設置してあったんだっけ。
22	1	/KD00.MAP	やーね、八坂の勾玉は、もう設置してあるわよ。
22	1	/SK00.MAP	みんな、待ってて、今すぐに出してあげるから！
22	1	/SK00.MAP	みんな、待っててくれ、今すぐに出してやるぞ！
22	1	/SK00.MAP	ケガしたらどんどん治すから遠慮無く言ってね！
22	1	/SK00.MAP	オレとしちゃ、陽動隊の方が良かったんだがな。
22	1	/SK00.MAP	でも、カギがないから、こじあけるしかないよ。
22	1	/HY00.MAP	何度登っても楽じゃないね。星陵郭への山道は！
22	1	/HY00.MAP	よし、ここから外に出て、村で装備を固めよう！
22	1	/HY00.MAP	気をつけて！滑り落ちたらケガじゃすまないよ！
22	1	/HY00.MAP	もう一回、危険な場所を言う。良く聞いてくれ。
22	1	/KM10.MAP	痛い思いをしたくなければ、女を置いていきな！
22	1	/KM10.MAP	だめです！この人達は私達には関係ありません！
22	1	/KM00.MAP	おかえりなさいが言える様に準備しておくわね。
22	1	/KM00.MAP	・・・わかったわ。行ってらっしゃい、あなた。
22	1	/KM00.MAP	ありがとうごぜえやす。ほかに何か買いやすか？
22	1	/KM00.MAP	ありがとうございやす。ほかに何か売りやすか？
22	1	/KM00.MAP	人質にされてる女子供のことはどうするんだよ？
22	1	/KM00.MAP	あんた、ラスティのやったこと見てなかったの？
22	1	/KM00.MAP	はっはっはっはっ・・・わーっはっはっはっは！
22	1	/KM00.MAP	大切な者を守ってこそ、カムイコタンの族長だ！
22	1	/KM00.MAP	小さい者達の笑顔を守ってこそ、獣王カムイだ！
22	1	/KM00.MAP	せめても一太刀、浴びせることはできるだろう。
22	1	/KM00.MAP	カダールによって荒されているとも聞いている。
22	1	/KM00.MAP	よう、カムイ！ウワサはこっちにも届いてるぜ。
22	1	/GH00.MAP	ふ、良く調べたものだ。だが、逃しはせぬぞ！！
22	1	/HS10.MAP	結界洞を開くための道具、【八坂の勾玉】だな。
22	1	/HS10.MAP	いや、こんなものを調べている場合ではないな。
22	1	/HS10.MAP	敵のリーダーが大切に持っていたくらいだから、
22	1	/HS00.MAP	絶対に見つけ出して、思い知らせてやるからな！
22	1	/HS00.MAP	でも、おかげで、ア～ちゃんとまた会えたもの。
22	1	/GM00.MAP	なんでも、リグロードの竜騎士一行に加わって、
22	1	/GM00.MAP	敵のストロング技には、注意せなあきまへんえ。
22	1	/GM00.MAP	化け物が持つ技の中には、強力な技があるんや。
22	1	/GM00.MAP	盗賊の技は、様々な物を盗むことが出来るんや。
22	1	/GM00.MAP	防御は決しておろそかにできるものと違うねん。
22	1	/GM00.MAP	えへへ、これお父ちゃんからのウケウリやねん。
22	1	/GM00.MAP	竜騎士がカダールをやっつけたって聞いたけど。
22	1	/GM00.MAP	交換しないのね。じゃあ、またいらしてね～ん☆
22	1	/GM00.MAP	いらっしゃいませ。どういった御用件ですかの？
22	1	/GM00.MAP	おおきに、ありがとう。ほかに何か買いますか？
22	1	/GM00.MAP	おおきに、ありがとう。ほかに何か売りますか？
22	1	/GM00.MAP	ふ、若さというのは時に無謀なものだな・・・。
22	1	/GM00.MAP	あ・・なんだか・・・急に・・・眠気が・・・。
22	1	/GM00.MAP	ナズナも・・・眠く・・・なったの・・・なの。
22	1	/GM00.MAP	生け捕りにすると結構な賞金がもらえますねん。
22	1	/GM00.MAP	ひいいぃぃぃ。ど、どうか、命だけはご勘弁を！
22	1	/GM00.MAP	お、おおきに！おおきにありがとうございます！
22	1	/GM00.MAP	ま、またのご来店をお待ちしておりますよって。
22	1	/GM00.MAP	性根を入れ替えてちゃんと働いてるみたいだね。
22	1	/NJ10.MAP	人質がなくてもあなたに勝てるって、自信がね。
22	1	/NJ10.MAP	イガ最強のシノビが情けないこと言わないでよ！
22	1	/NJ10.MAP	ところで、お頭。その連れの方達はどなたです？
22	1	/NJ10.MAP	そいつを返さなけりゃ、オレの面子が立たない。
22	1	/NJ10.MAP	ミュウ様、ラスティ様、お頭のことを頼みやす。
22	1	/NJ00.MAP	戦場に突入する前に、説明しておくことがある。
22	1	/IG10.MAP	イガ最強のシノビ集団「月組」を束ねる頭領だ。
22	1	/IG10.MAP	ボクがここにやってきたのは、父上に言われて、
22	1	/IG00.MAP	なんだいなんだい、一体、どうなってるんだい！
22	1	/IG00.MAP	あっちへお行き！さあ、はやくでていっとくれ！
22	1	/IG00.MAP	なんでかねえ。最近地震が多いと思わないかい？
22	1	/IG00.MAP	そこには精霊の力を借りて獣になることができる
22	1	/IG00.MAP	ふん、売れるものなんか持ってないじゃないか。
22	1	/IG00.MAP	いらっしゃい！・・・なんだ、お前達か・・・。
22	1	/IG00.MAP	さすがに魔法の攻撃は当たっちゃうんだけどね。
22	1	/IG00.MAP	僕、アスカ兄ちゃんみたいなシノビになるんだ！
22	1	/NZ10.MAP	ヘンな目で見ないでよ！ラスティのエッチ！！！
22	1	/NZ10.MAP	アスカまで！どうして、こんなのと契約するの！
22	1	/NZ10.MAP	きゃ～、恥ずかしいけど、あこがれちゃう～ん☆
22	1	/NZ10.MAP	そして、ついに結婚なのね！文金高島田なのね！
22	1	/NZ10.MAP	・・・誰だ！こんなとこに式神を封印した奴ぁ！
22	1	/NZ00.MAP	ラスティ、こんなトコに寄り道してていいのか？
22	1	/WR02.MAP	え、ええ。わたくしでしたら、大丈夫でしてよ。
22	2	/WR02.MAP	お願い、みんな！ドラグーンの安否が心配なの。
22	2	/WR02.MAP	舞い上がっちまって、カッコ悪いったらないね。
22	1	/WR02.MAP	今度通るときも、少々、用心しても損はねぇな。
22	1	/WY02.MAP	形あるものは、いつか壊れるって言うじゃない！
22	1	/WY02.MAP	第一、ボク達がやったわけじゃないからいいの！
22	1	/WY02.MAP	ナズナはアスカについていくだけなの、なのね。
22	1	/WY02.MAP	それだとイガからかなり遠くなっちまうんだよ。
22	1	/WY02.MAP	ところで、イガの里っていうのはどこにあるの？
22	1	/WK00.MAP	やったね！あたし達、本当に世界を守ったんだ！
22	1	/WK00.MAP	さぁ、帰ろう・・・。ボク達の生まれた場所へ！
22	1	/WK00.MAP	アンジュさん・・・俺っチ・・・待ってるでし。
22	1	/WR00.MAP	となりゃ、城の中には手が加えられてるはずだ。
22	1	/WR00.MAP	それが責任であれ、悲しみであれ、同じことさ。
22	1	/WR00.MAP	そのために、私達は、こうして一緒にいるんだ。
22	1	/WR00.MAP	ありがとう、カムイ。ありがとうみんな・・・。
22	1	/WR00.MAP	７人委員会を倒して、世界に平和を取り戻すよ！
22	1	/WR00.MAP	自国の指導者が他国に迷惑をかけているならば、
22	1	/WR00.MAP	カダールに襲われてドラグーンから逃げ出した、
22	1	/WR00.MAP	それに、拙者でなければできぬ手助けがござる。
22	1	/WR00.MAP	さっきは不覚をとったけど、今度は負けないぞ！
22	1	/WR00.MAP	そのカギをつかえば、中に入ることができ申す。
22	1	/WR00.MAP	こんな変わりはてた姿になってるなんて・・・。
22	1	/WC00.MAP	どうやら、お仲間とは合流できたようですわね。
22	1	/WC00.MAP	私も君達と知り合ってから、ずっと考えていた。
22	1	/WC00.MAP	あ、どさくさにまぎれて、くっつくな、なのね！
22	1	/WC00.MAP	ガルザードと７人委員会はここにいるはずです。
22	1	/WC00.MAP	・・・そりゃあ、ちょっとは、しょうがないよ。
22	1	/WC00.MAP	それが人の上に立つってことだとオレも思うぜ。
22	1	/WC00.MAP	ミュウ、あんたが飛ぶための風に俺達はなろう。
22	1	/WC00.MAP	男だったら、ドーンと行くだ～ゼー、ドーンと！
22	1	/WC00.MAP	ふゥ～。いやぁ、まいった、まいっただ～ゼー！
22	1	/WC00.MAP	もっちろん、あたしも一緒よ、ね、アーちゃん。
22	1	/WC00.MAP	そっか・・・。じゃあ、港町ポポロンへ行こう。
22	1	/WY00.MAP	君達に助けてもらった礼をしたいのだが・・・。
22	1	/WY00.MAP	ああ。だが、どこにいるのかは分からないんだ。
22	1	/WY00.MAP	どっちに転んでも、奴らの得になるってわけさ。
22	1	/WY00.MAP	どこかに逃げのびてればいいんだけどね・・・。
22	1	/WY00.MAP	だが、今はそのナゾを解明してるヒマはねぇな。
22	1	/BOT5.MAP	ＢＯＯＴ５は視点切替と仲間の選択ができます。
22	1	/BOT5.MAP	視点０---ほぼ真上からの視点（近）----
22	1	/BOT5.MAP	視点１---ほぼ真上からの視点（遠）----
22	1	/BOT5.MAP	視点２---低い視点（一番接近する）----
22	1	/WAZAHELP.MSG	剣を振るい、円形の衝撃波を発して攻撃します。
22	1	/WAZAHELP.MSG	風を起こして、敵一体を後方に吹き飛ばします。
22	1	/WAZAHELP.MSG	聖なる力を持つ強力なブレスで敵を攻撃します。
22	1	/WAZAHELP.MSG	鉄砲から弾を撃ち出す技です。射程は短いです。
22	1	/WAZAHELP.MSG	地面を揺らして地震を起こし、攻撃する術です。
22	1	/WAZAHELP.MSG	まばゆい光が周囲を貫き、大爆発を起こします。
22	1	/ITEMHELP.MSG	アケミからタカオへの、愛情あふれる手紙です。
22	1	/ITEMHELP.MSG	神をも殺す事ができるといわれる伝説の剣です。
22	1	/ITEMHELP.MSG	トラキア式と呼ばれる戦士用のヘルメットです。
22	1	/ITEMHELP.MSG	妖しくかがやく星を宿した特別なグローブです。
21	1	/GT00.MAP	シラナミ～っ！アスカにくっつくな、なのッ！
21	1	/GT00.MAP	そして、ボク達の手でガルザードを倒すんだ！
21	1	/FIR3.MAP	ふふふ。このゲームの関係者を装った者です。
21	15	/TJ32.MAP	対戦する敵を選んで、１０ターン以内に倒せば
21	3	/TJ61.MAP	参加しなくたって賭けをする事はできるのサ。
21	4	/TJ20.MAP	敵の強さに応じたグーな賞品をもらえるのサ。
21	2	/TJ51.MAP	ま、参加しなくても賭けをする事はできるよ。
21	3	/TJ11.MAP	敵の強さに応じたイカす賞品をもらえるのさ。
21	2	/TJ41.MAP	それとも、賭けに参加しはったらどないです。
21	3	/TJ01.MAP	敵の強さに応じた賞品がもらえますのんやで。
21	1	/TM00.MAP	売れるものは持ってやがらんじゃろぞなもし。
21	2	/TM00.MAP	おめでとうございます。ランクインしました。
21	2	/BL00.MAP	あら？残念ながらお金が足りないようですわ。
21	1	/BL00.MAP	腕に覚えがあるなら、試してみちゃどうだい。
21	1	/BL00.MAP	いくつか注意があるので、まぁ、聞いてくれ。
21	2	/CT20.MAP	覚えて・・・おけ！・・・魂は・・・不滅だ。
21	1	/CT20.MAP	魔法球はこのままにして、元の世界に戻ろう。
21	1	/CT20.MAP	やったぁ、なのね！７人委員会を倒したのね！
21	1	/CT20.MAP	ついに我が事成れり！７人委員会を倒したり！
21	1	/CT20.MAP	ついに７人委員会の連中を倒したのだ～ゼー！
21	1	/CT20.MAP	いっきに上に行けないから気をつけるのなの！
21	1	/CT10.MAP	それにラグロス！お前達、生きていたのか！！
21	1	/JG01.MAP	ミュウ王女！ご無事でいらっしゃいますか！！
21	1	/JG01.MAP	皆を故郷に送り届けたいんだけど、いいかな？
21	1	/QH01.MAP	どうせ、僕は、ミュウの欲求不満解消係だよ。
21	1	/OT02.MAP	いいねぇ・・・！あたいが船を操って・・・。
21	1	/IG01.MAP	そうなのね！ナズナ達も幸せになるのなのね！
21	1	/CK01.MAP	さようなら、アンジュ！さようなら、タタラ！
21	1	/OT01.MAP	あら？残念ながらお金が足りないようですよ。
21	2	/OT01.MAP	やめるのでござるな。ほかに用はござろうか？
21	1	/ZM01.MAP	・・・ミュウ、まだ誰にも話を聞いてないよ？
21	1	/ZM01.MAP	これは、ミュウ様！ようこそ、ザルマの町へ！
21	1	/ZM01.MAP	「S」を買いとればいいんだね、ミュウ王女？
21	1	/ZM01.MAP	あの、ミュウ様、売るものがないようですが。
21	1	/KB01.MAP	おまえたち全員、身柄を預からせてもらうぞ！
21	1	/WR10.MAP	ザルマの町に寄ってこの先の様子を探ろうよ。
21	1	/RS01.MAP	ラスティには、こちらの敵の相手を任せたよ！
21	2	/ES10.MAP	７人委員会のクソったれ共は倒したってのに、
21	1	/WS01.MAP	みんな、大丈夫？僕もいっしょに戦いたいよ！
21	1	/MK00.MAP	せまい所だな。みんな、落ちるんじゃないぞ！
21	1	/MK00.MAP	皆の衆、落ちないようにお気を付けくだされ。
21	1	/WS00.MAP	いつか、平和になったら、試してみるでしか。
21	1	/RT30.MAP	これに乗るとヤマタイに行くんだっけ・・・。
21	1	/RT30.MAP	これに乗るとカダールに行くんだっけ・・・。
21	1	/RT20.MAP	目の前で宮殿仕えの者達を痛ぶってやったら、
21	1	/RT20.MAP	僕は・・・兄さんが・・・うらやましかった。
21	1	/RT20.MAP	私は、幽玄の森の守り人、森の妖精、ルゥナ。
21	1	/RT20.MAP	でも、今壊れてて、とても飛べそうにないよ。
21	1	/RT20.MAP	古代遺跡にて我が弟の所在も確認でき申そう。
21	1	/RT20.MAP	ということは、この【ゲートキー】を使えば、
21	1	/RT20.MAP	それに、こちらは、【古代遺跡の鍵】なのね。
21	1	/QH00.MAP	そんなに持てますまい？ムリはせんことじゃ。
21	1	/QH00.MAP	あ、あなたは！ラスティ王子ではないですか！
21	1	/QH00.MAP	さっさと帰ってきて、王位を継ぎゃいいのに。
21	1	/QH00.MAP	なんと！ラグロスの塔から帰ってきたですと！
21	1	/QH00.MAP	泉には、その由来を説明するプレートがある。
21	1	/QH00.MAP	敵の強さに応じたすごい賞品をもらえるのさ。
21	1	/IZ00.MAP	ナズナ、しっかりして！あたしがついてるわ！
21	1	/IZ00.MAP	大切な人を守りたいと思う気持ちが力になる。
21	1	/IZ00.MAP	して、その後、首尾の方は、いかがでござる？
21	1	/IZ00.MAP	オルトマへ向かわれてはいかがでござろうか。
21	1	/IZ00.MAP	御意。オルトマは、リグロードきっての港町。
21	1	/IZ00.MAP	マラカイトとアローストーンが揃いましたな。
21	1	/IZ00.MAP	光翼船イクシーズ、いつでも出発できまする！
21	1	/ZM00.MAP	いらっしゃいやし！うわさは聞いていますぜ！
21	1	/ZM00.MAP	これは、ようこそ。どのような御用ですじゃ？
21	1	/ZM00.MAP	当店の防具は、どれも一流品ぞろいですじゃ。
21	1	/DG10.MAP	ミュウ様・・・！強くなられましたな・・・。
21	1	/DG00.MAP	この分じゃ、２階はガレキの下ってトコだな。
21	1	/DG00.MAP	２階にあがるのはあきらめた方がよそさうだ。
21	1	/DG00.MAP	２階にあがるのはあきらめた方がよそさうね。
21	1	/DG00.MAP	２階にあがるのはあきらめるしかないでしね。
21	1	/IS10.MAP	７人委員会は一体何を考えているのでしょう。
21	1	/KR00.MAP	平和になったおかげでもぅ、ウハウハですよ。
21	1	/KR00.MAP	え・・・いや・・・、だって、そのぅ・・・。
21	1	/KR00.MAP	ちょっとー、平和になったんじゃなかったの！
21	1	/KR00.MAP	世界に平和が戻りました。よかったよかった。
21	1	/DS00.MAP	残りの敵に注意しながら、出口へ向かおうよ。
21	1	/JG10.MAP	俺っチの砲を使って、向こうまで吹き飛ばす！
21	1	/JG00.MAP	アレクトリア大図書館武闘司書の一人として、
21	1	/JG00.MAP	皆さんが中に入ったら、次元の扉を閉じます。
21	1	/JG00.MAP	沢山の命とともに、皆さんの健闘を祈ります。
21	1	/JG00.MAP	ルゥナ！まだ７人委員会を倒していないんだ。
21	1	/JG00.MAP	・・・アンジュ・・・。元気を出して・・・。
21	1	/JG00.MAP	ああ、そう！それは、ようございましたわね！
21	1	/JG00.MAP	ああ。恥ずかしいから、何回も言わせるなよ。
21	1	/OT10.MAP	リグロードの海の玄関オルトマを封鎖するは、
21	1	/OT00.MAP	おいおい、オレ達は遊びに来たんじゃねぇぞ！
21	1	/OT00.MAP	これはお館様！して、何をお求めでござるか？
21	1	/OT00.MAP	カダールの連中はもうやっつけたんですから、
21	1	/OT00.MAP	いやいやそんなこと。でも、良かったですね。
21	1	/OT00.MAP	このあたしが、どこへでも連れてってやるさ！
21	1	/OT00.MAP	ようやくカダールから助け出したでござるよ。
21	1	/OT00.MAP	このあたしが、どこへでも連れてってやるよ！
21	1	/OT00.MAP	それでも行くってんなら、さ、乗った乗った！
21	1	/OT00.MAP	どこにあるんだい、イクシーズってやつは！？
21	1	/OT00.MAP	じゃ、各大陸の位置関係を教えてあ・げ・る☆
21	1	/OT00.MAP	まずゥ、あなた達がヤマタイにいるとしてェ、
21	1	/AT20.MAP	この石には、何か仕掛けがありそうでしてよ。
21	1	/AT20.MAP	まさか・・・。カオスの力の・・・暴走っ！？
21	1	/AT10.MAP	グラビティの先にイクシーズがある・・・か。
21	1	/AT10.MAP	今のところ役に立ちそうな物はなさそうだね。
21	1	/AT00.MAP	気がつくと、まるで知らない場所にいました。
21	1	/AT00.MAP	わたくしは、このようなカビ臭い本と一緒に、
21	1	/AT00.MAP	何のための、アレクトリア大図書館ですかッ！
21	1	/AT00.MAP	２度とこの館長室に入ることはできんと思え！
21	1	/AT00.MAP	あぁ！何よ、何よ、２人の世界作っちゃって！
21	1	/AT00.MAP	もぅ、俺は聞かねぇぞ！何も聞かねぇからな！
21	1	/AT00.MAP	そうですわね。その表現、気に入りましてよ。
21	1	/AT00.MAP	でも、勝手に調べたりして、怒られないかな？
21	1	/AT00.MAP	７人委員会は、共同で国家の政治だけでなく、
21	1	/AT00.MAP	貴様ごときの剣では、私を倒すことはできぬ」
21	1	/AT00.MAP	重要な世界的資産として、認定されています。
21	1	/AT00.MAP	そこにある力、カオスを研究することだった。
21	1	/AT00.MAP	それから？それからどうなったの、アンジュ？
21	1	/AT00.MAP	あ、アンジュ様！か、館長の机の上に・・・！
21	1	/MP00.MAP	お前は殺しても死なない女だって知ってたぜ。
21	1	/MP00.MAP	気がついたらガルザードに捕まっていたんだ。
21	1	/MP00.MAP	あそこには友達だの何だのが残ってるんでね。
21	1	/MP00.MAP	ボク達も、行こう！戦いは始まったばかりだ。
21	1	/MP00.MAP	いらっしゃいませ。どういったご用でしょう？
21	1	/MP00.MAP	そして、争いがいかに無意味かということも。
21	1	/MP00.MAP	魔力に優れているけど、武力に劣っているの。
21	1	/MP00.MAP	７人委員会という悪い種は取りのぞかれたわ。
21	1	/MP00.MAP	北か南に向かえばカダールにたどりつくのよ。
21	1	/MP00.MAP	しっかりして！いったい何があったんですの！
21	1	/KS00.MAP	近くに村があれば、情報収集もできるんだが。
21	1	/KS00.MAP	まずは、ガルマンオーブを捜すのが先決だね。
21	1	/GB00.MAP	じゃあ、パワーリストって、知っているかい？
21	1	/GB00.MAP	雲海の賢者と呼ばれたウィスコ様が有名だね。
21	1	/GB00.MAP	じゃあ、なんで、こんな天変地異が続くのよ！
21	1	/GB00.MAP	念のためにもう一度繰り返させてもらうかの。
21	1	/DL00.MAP	もう、後が無いですよ？くっくっくっ・・・。
21	1	/DL00.MAP	俺様が見つけた道をよく見ておくのだ～ゼー！
21	1	/IP10.MAP	［］ようし、ガルマンオーブは手に入れたし、
21	1	/IP10.MAP	何用あってここにきたのだ、竜騎士よ・・・。
21	1	/IP10.MAP	我らの役割は、ガルマンオーブの守護にあり。
21	1	/IP10.MAP	やはり、あの物質はガルマンオーブですのね。
21	1	/IP00.MAP	どうやら、反対側の扉が開く仕掛けみたいだ。
21	1	/IP00.MAP	この扉にはなにか仕掛けがしてあるみたいね。
21	1	/IP00.MAP	この扉には、何かの仕掛けがされていますわ。
21	1	/IP00.MAP	そうだ、シラナミちゃんなら何か分かるかも！
21	1	/NT21.MAP	ガルザードよ。行って、奴らを叩き潰すのだ！
21	1	/NT30.MAP	議論したところで、結局は、時間の無駄です。
21	1	/NT20.MAP	これは、７人委員会を統べる長の口癖ですが。
21	1	/NT20.MAP	まぁ、あなた、いつの間にいらしたんですの？
21	1	/NT00.MAP	追っ手がかかる前に、ここから逃げだそうよ。
21	1	/HL10.MAP	魔法力そのものは大したことがないって話だ。
21	1	/HL00.MAP	この橋を渡れば、ハイランドに行けるわけよ。
21	1	/HL00.MAP	多少強引でも、とにかく突破するしかないね。
21	1	/HL00.MAP	そうだね、みんな、がんばってきり抜けよう！
21	1	/HL00.MAP	敵はいないようだね。さっさと通り抜けよう！
21	1	/KK00.MAP	これが大水桶だな。とっとと、ぶっ壊すぜ！！
21	1	/KK00.MAP	キミがヒバリちゃんのお兄さんのタタラさん？
21	1	/KK00.MAP	隣に消火用の水が詰まった樽があるでしから、
21	1	/KK00.MAP	開くまで何度も調べてみないといけないでし。
21	1	/KK00.MAP	おいタタラ！ぼーっとしてないで指示をくれ！
21	1	/CK00.MAP	お、どうしたんだ、一体？ハラでも痛いのか？
21	1	/CK00.MAP	わたしには、ちょっと重すぎるみたい・・・。
21	1	/CK00.MAP	そうだな、一人ほどつまらないことはないな。
21	1	/CK00.MAP	こんどは、どんな武器を考えつくのかしらね。
21	1	/CK00.MAP	俺っチは、ただ、仕事が好きなだけでしから。
21	1	/CK00.MAP	ねぇねぇ、ボクにイニシエの仕事を教えてよ！
21	1	/CK00.MAP	そうだな。せいぜいカタナが一振ってとこか。
21	1	/OB00.MAP	見て！ここに何かをはめるようになってるよ。
21	1	/OB00.MAP	言うこと聞かないヤツは殴って使うものだぜ。
21	1	/OB00.MAP	宝剣はガッチリはまってて外れそうにねぇな。
21	1	/OB00.MAP	そんなことじゃ、ごまかされないんだからね。
21	1	/OB00.MAP	ほほほ、では、さらばじゃ！今度は勝つぞよ！
21	1	/MH00.MAP	平和っていいものね。ずっと続けばいいのに。
21	1	/MH00.MAP	積み下ろしとか、結構手間がかかるんだよね。
21	1	/MH00.MAP	どうにかこうにかこの町にも平和が訪れたよ。
21	1	/MH00.MAP	まとまって対抗するってことができないのさ。
21	1	/MH00.MAP	どうやらカダールに行ってしまったみたいで。
21	1	/MH00.MAP	こんな恐ろしい時は、飲まずにいられないよ。
21	1	/MH00.MAP	このまま世界は滅んでしまうのかしら・・・。
21	1	/GT10.MAP	オレは、テメェをぶっ倒しに来たんだからな！
21	1	/GT10.MAP	だったら、ナズナが、あんたを討つの、なの！
21	1	/KD00.MAP	ここにはめ込むような物は持ってないみたい。
21	1	/KD00.MAP	ここにはめ込むような物は持ってないようだ。
21	1	/KD00.MAP	ここにはめ込むような物は持ってないでしよ。
21	1	/KD00.MAP	天邪の鏡なら、もう設置してあったんだっけ。
21	1	/KD00.MAP	やーね、天邪の鏡は、もう設置してあるわよ。
21	1	/KD00.MAP	蓬莱の珠なら、もう設置してあったんだっけ。
21	1	/KD00.MAP	やーね、蓬莱の珠は、もう設置してあるわよ。
21	1	/KD00.MAP	ここが結界洞かぁ・・・。この足元の模様は？
21	1	/KD00.MAP	うーん、今の状態でここを通るのは無理だよ。
21	1	/SK00.MAP	獣王の名にかけて、絶対に人質を助けだすぞ！
21	1	/HY00.MAP	待っていてくれ、みんな。今、助けに行くぞ！
21	1	/KM10.MAP	この女も、星陵郭の人質も、命はないと思え！
21	1	/KM10.MAP	こうなったら、星陵郭の人質を処刑してやる！
21	1	/KM10.MAP	信用して。ラスティなら、きっと助けるから。
21	1	/KM00.MAP	ユーカリさん・・・だっけ？彼女はどうだい？
21	1	/KM00.MAP	できるものなら、私がかわりに行きたかった。
21	1	/KM00.MAP	アンタ一人で行ったって犬死にするだけだぞ。
21	1	/KM00.MAP	カムイコタンの荒神も、さぞ、お喜びだろう。
21	1	/KM00.MAP	カムイコタンの荒神よ！我らをお守り下さい！
21	1	/KM00.MAP	そしたら、あの名刀を再現してみせるんだが。
21	1	/KM00.MAP	出来上がったカタナは、あんた達にやるから！
21	1	/KZ00.MAP	きっとどこかの装置を制御するんだと思うよ。
21	1	/HS10.MAP	ききわけのない子は、おしりペンペンよ～ん。
21	1	/HS00.MAP	なんだとっ！！これが落ちついてられるかっ！
21	1	/HS00.MAP	・・・いや・・・。少なくとも記憶にはない。
21	1	/HS00.MAP	そうよ、タマモよ！忘れるなんてあんまりよ！
21	1	/HS00.MAP	そうだよ！それはミュウに対して失礼・・・。
21	1	/HS00.MAP	ちょっと待って！涙の対面は後でもできるわ。
21	1	/HS00.MAP	どちらかを倒したからって油断するな・・・。
21	1	/GM00.MAP	人間が獣になるやなんて、信じられへんなぁ。
21	1	/GM00.MAP	他の局面でも必要になるかも知れまへんけど。
21	1	/GM00.MAP	ダメージもある程度は減らしてくれるねんで。
21	1	/GM00.MAP	そう言うたら、シラナミがリグロードから来た
21	1	/GM00.MAP	あいつらゴジョウ大橋になんか細工してたで！
21	1	/GM00.MAP	なんや、やめますのん。ほかに何かどないだ？
21	1	/GM00.MAP	あら？残念ながらおぜぜが足らんようですえ。
21	1	/GM00.MAP	あ、本当だ！ミュウの胸がドキドキしてるよ！
21	1	/GM00.MAP	やっぱり眠り薬が入ってやがったかっ・・・！
21	1	/GM00.MAP	じゃあな。２度となめたマネすんじゃねえぞ。
21	1	/NJ10.MAP	ガルザード様からおウワサはかねがね・・・。
21	1	/NJ10.MAP	馬鹿言うな。ちっとばかし、油断しただけだ。
21	1	/NJ10.MAP	力まかせの支配に屈するほど、僕は弱くない！
21	1	/NJ00.MAP	聞いたところでは、この奥に敵の大将がいて、
21	1	/IG10.MAP	時間がたって自然に効果がきれるのを待つか、
21	1	/IG00.MAP	んふ。あたちがお嫁しゃんになってあげゆ～。
21	1	/NZ10.MAP	うふっ☆結婚を前提に友達からなの、なのね。
21	1	/NZ00.MAP	ううん、アスカったら、照れ屋さんなのなの☆
21	2	/WR02.MAP	たまたま、それが、ドラグーンだってだけさ。
21	2	/WR02.MAP	ところで、ミュウ、そいつは一体何なんだい？
21	2	/WR02.MAP	ファルコに任せておけば大丈夫だよ、きっと！
21	1	/WR02.MAP	これでカダールに連れ去られた弟を探せ申す。
21	1	/WR02.MAP	なんですって！今、何とおっしゃいまして！？
21	1	/WY02.MAP	あらあら。仲がいいんだか悪いんだか・・・。
21	1	/WY02.MAP	自分の命が大事だなんて思ったことないもの。
21	1	/WY02.MAP	これでお前も、カダールに狙われるだろうし。
21	1	/WY02.MAP	よぅし、関所の向こうに仲間を捜しに行こう！
21	1	/WK00.MAP	アンジュさん・・・俺っチ、心配でし・・・。
21	1	/WK00.MAP	こっちの世界は、天変地異で大混乱だってのに
21	1	/WR00.MAP	・・・う、うん。お父様のことも気になるし。
21	1	/WR00.MAP	それに、カダール軍が、リグロード大陸東西の
21	1	/WR00.MAP	うん。だけど、嫌な感じが胸から取れないの。
21	1	/WC00.MAP	その導きが、戦えと命じているのではないか？
21	1	/WC00.MAP	でも、それって、敵の本拠地なんじゃないの？
21	1	/WC00.MAP	さて、ラスティ、こういう結末だが、どうだ？
21	1	/WC00.MAP	それは前から分かってただろう？逆だよ、逆！
21	1	/WC00.MAP	じゃあ、ミュウはラスティのこと嫌いでしか？
21	1	/WC00.MAP	はっはっはっ、チャンスだ～ゼー、ラスティ！
21	1	/WC00.MAP	俺様は、ウソと玉ねぎは大嫌いなのだ～ゼー！
21	1	/WC00.MAP	わかった、わかった。ミュウの決めたことだ。
21	1	/WC00.MAP	俺様を閉じ込めたのは、マジシャンだったが、
21	1	/WC00.MAP	入れなくなってても、問題ないんじゃないか？
21	1	/WC00.MAP	う、うーん・・・。何かが違うような・・・。
21	2	/SS10.MAP	ここをカダール軍の関所と知ってのことか！？
21	1	/WY00.MAP	昔、何代目かのゲンユウサイが作ったもので、
21	1	/WY00.MAP	今度はみんなで突入しよう。総力戦になるよ。
21	1	/WY00.MAP	カダールが最初にヤマタイに侵攻してきた時、
21	1	/WY00.MAP	これで、ゴジョウの町へ行くことができるゼ！
21	1	/WY00.MAP	とにかく！せっかく通れるようになったんだ、
21	1	/WY00.MAP	今はまだ守りが固くて、突破できそうにない。
21	1	/WY00.MAP	じゃあ、まずはカムイコタンの村をめざそう。
21	1	/WY00.MAP	オレ達は、オレ達にできることをやるまでだ。
21	1	/BOT5.MAP	ＢＯＯＴ５メニュー            
21	1	/WAZAHELP.MSG	自分の分身が敵に向かって突進攻撃をします。
21	1	/WAZAHELP.MSG	より強力な３本の衝撃波で敵に斬りつけます。
21	1	/WAZAHELP.MSG	見た目は派手ですが、効果は期待できません。
21	1	/WAZAHELP.MSG	恐怖の音波を発して、敵を混乱させる技です。
21	1	/WAZAHELP.MSG	相手の心を奪い、操り状態にしてしまいます。
21	1	/WAZAHELP.MSG	落下地点で爆発し、敵にダメージを与えます。
21	1	/WAZAHELP.MSG	敵を弾き飛ばしてしまう強力な体当たりです。
21	1	/WAZAHELP.MSG	飛び跳ねた振動で周囲にダメージを与えます。
21	1	/WAZAHELP.MSG	本から巨大な腕が出現し、敵を叩き潰します。
21	1	/WAZAHELP.MSG	本から黄泉の使者が出現し、敵を攻撃します。
21	1	/WAZAHELP.MSG	敵に向かって溶解性の強い液体を噴出します。
21	1	/WAZAHELP.MSG	これを浴びたものは、縮小されてしまいます。
21	1	/WAZAHELP.MSG	サンダードラゴンによる強力な放電攻撃です。
21	1	/ITEMHELP.MSG	ＨＰとＭＰを完全に回復することができます。
21	1	/ITEMHELP.MSG	ステータスの異常を回復することができます。
21	1	/ITEMHELP.MSG	美しい真珠です。お店で売ることができます。
21	1	/ITEMHELP.MSG	身につけると素早く動き回ることができます。
21	1	/ITEMHELP.MSG	身につけると、行動範囲が大きく広がります。
21	1	/ITEMHELP.MSG	身につけると、力が増し攻撃力が上がります。
21	1	/ITEMHELP.MSG	時と共にＭＰを回復してくれる貴重な石です。
21	1	/ITEMHELP.MSG	魔法球。力を秘めた古代魔法文明の遺産です。
21	1	/ITEMHELP.MSG	カオスゲートを使用するためのアイテムです。
21	1	/ITEMHELP.MSG	幻影を打ち消し、真実の姿を明らかにします。
21	1	/ITEMHELP.MSG	イクシーズ号を呼び出すためのアイテムです。
21	1	/ITEMHELP.MSG	戦士がかぶる、ごく一般的なヘルメットです。
20	1	/GT00.MAP	いよいよ、決戦だね！みんな、準備はいい？
20	2	/KB00.MAP	クセ者共め！拙者の刀のサビにしてくれる！
20	3	/KB00.MAP	次からはせいぜい気をつけることですわね。
20	1	/TM00.MAP	売れるものなんか持ってやがらねぇクセに。
20	1	/TM00.MAP	そんなに持てねぇクセに。欲張りやがって。
20	1	/BL00.MAP	４．迷宮内で得た経験値は全て無効となる。
20	2	/CT20.MAP	このような場所で・・・果てる・・・のか。
20	1	/CT20.MAP	やりましたわ！７人委員会を倒しましたわ！
20	1	/CT10.MAP	そんなことを気にする必要はありませんよ。
20	1	/CT10.MAP	あなた達は、ここから進めないのですから！
20	1	/CT10.MAP	理解できましたね？では、お死になさいな！
20	1	/CT10.MAP	生きてはおらぬ。これは我らの思念・・・。
20	1	/CT10.MAP	あらぁ、どうやって下りればいいのかなぁ。
20	1	/CT10.MAP	奴等を倒すしかない。よしっ、いこうぜっ！
20	1	/CT00.MAP	ここに７人委員会の連中がいるのか・・・。
20	1	/OT02.MAP	元気でね、ミュウ。いい女王になるんだよ！
20	1	/IG01.MAP	けっこう、面白かったぜ！またな、ミュウ！
20	1	/ZM01.MAP	おっと、答えていただくには及びませんや。
20	1	/ZM01.MAP	よう、姫様じゃねぇか！今日は何にするね？
20	1	/ZM01.MAP	「S」だな。買ってもらえるのかい、姫様？
20	3	/ZM01.MAP	「S」ですね。お買いあげいただけますか？
20	1	/WR10.MAP	見つからないうちに、ここから離れようよ。
20	1	/WR10.MAP	どうやら、魔法で作り出した壁みたいだね。
20	1	/RS01.MAP	怖いんだったら、一人で「退却」すれば！？
20	1	/DG21.MAP	ほんと、誰に似たんだかわがままで・・・。
20	1	/DG21.MAP	何か？クィーンズランドの王子ラスティよ。
20	1	/MP01.MAP	今や平和の時は終りを告げようとしていた。
20	2	/ES10.MAP	この水晶柱のせいでもござるまいが・・・。
20	1	/WS01.MAP	妖精のルゥナが教えてくれたたのだ～ゼー！
20	1	/ES00.MAP	俺様のイカす肉体が映っているのだ～ゼー！
20	1	/MK00.MAP	な、なに！？いくつもの声が、響いてくる！
20	1	/MK00.MAP	敵の魔法に耐えるられるかどうかが問題ね。
20	1	/WS00.MAP	これは、また、ズイブンと硬い鉱物でしね。
20	1	/RT20.MAP	もはやお前達にそれを防ぐことはできまい。
20	1	/RT20.MAP	うかがったものと同じもののようですわね。
20	1	/RT20.MAP	それに、こちらは、【古代遺跡の鍵】でし。
20	1	/QH00.MAP	「S」を買い取らせてもらっていいんだな？
20	1	/QH00.MAP	「S」ですの。買っていただけますかのぅ？
20	1	/QH00.MAP	ラスティ王子、いったい、これは何事です？
20	1	/QH00.MAP	まったく、あのボケナスぶりは、血筋だね。
20	1	/QH00.MAP	いったい、何がどうなっておりますのやら。
20	1	/IZ00.MAP	しっかりしろ！大丈夫だ、オレがついてる。
20	1	/IZ00.MAP	・・・って、おい。顔が笑ってるぞ・・・。
20	1	/IZ00.MAP	７人委員会と関係なければ良いけど・・・。
20	2	/IZ00.MAP	残念だけど、ここに置いていくしかないよ。
20	1	/IZ00.MAP	なるほど、思うたようにはまいりませぬか。
20	1	/IZ00.MAP	これでようやく、イクシーズの修理に必要な
20	1	/IZ00.MAP	姫様！ついに、ついに完成いたしましたぞ！
20	1	/IZ00.MAP	さ、姫様、イクシーズ号、発進のご命令を！
20	1	/IZ00.MAP	リグロード大陸中央にある次元の扉に向けて
20	2	/IZ00.MAP	ミュウは、【風のメダリオン】を入手した。
20	1	/IZ00.MAP	私です・・・。次元の扉を守るルゥナです。
20	1	/ZM00.MAP	よくもまぁ、この町に帰ってこれたものだ。
20	1	/ZM00.MAP	ううん。これも、人の上に立つ者の・・・。
20	1	/ZM00.MAP	人に理解されないことは、悲しいことだね。
20	1	/ZM00.MAP	ドラグーン城を取り戻されたのでしょう？！
20	1	/ZM00.MAP	まったく、お人好しだぜ、オレ達の姫様は！
20	1	/ZM00.MAP	どのツラ下げてここに戻ってこれるのかね！
20	1	/ZM00.MAP	ミュウ様こそが、俺達の王女にふさわしい。
20	1	/ZM00.MAP	フンっ、今さら戻ってきたって遅いんだよ。
20	1	/ZM00.MAP	いったい、どういうことなんですかしらね。
20	1	/ZM00.MAP	ミュウ姉様、うらぎってなんかいないよね？
20	2	/ZM00.MAP	やめるのか。じゃあ、ほかに何かあるかい？
20	2	/ZM00.MAP	不用になった品を、引きとらせてもらうぜ。
20	1	/DG10.MAP	恐怖で支配するより、よっぽど簡単なこと。
20	1	/DG00.MAP	壊されてる！これじゃ２階にはあがれない！
20	1	/DG00.MAP	この階段から、地下に降りることができる。
20	1	/DG00.MAP	ここを取り返したら一緒に捜してあげるよ。
20	1	/DG00.MAP	この様子じゃ２階に行くのは無理そうだね。
20	1	/IS10.MAP	ここでもガルマンオーブが見つかったの！？
20	1	/IS10.MAP	何とっっっ！！イクシーズ号復活とな！！！
20	1	/IS10.MAP	復活したイクシーズ号は、いずこにありや！
20	1	/IS10.MAP	一命にかえましても、修理つかまつる所存。
20	1	/KR00.MAP	いったいどうなっちまうのかね、この国は。
20	1	/KR00.MAP	一度見たら、忘れることなど絶対ないです。
20	1	/KR00.MAP	こ、こ、こ、これは失礼をいたしました！！
20	1	/KR00.MAP	ちょっとだけなら手伝ってもいいんだけど。
20	1	/KR00.MAP	クィーンズハートを占領したカダール軍は、
20	1	/DS00.MAP	残りの敵に注意しながら、出口へ向かおう！
20	1	/JG10.MAP	ここが次元の道か・・・。皆、気をつけて！
20	1	/JG00.MAP	アスカ・・・。きっと帰ってきてね、なの。
20	1	/JG00.MAP	ああ・・・。帰ってくるゼ・・・約束する。
20	1	/JG00.MAP	もう一度カカルクランに乗り込みたいんだ！
20	1	/OT10.MAP	他国への援軍要請を封じるためでござろう。
20	1	/OT00.MAP	これでは、コルベの村に連絡がつかないぜ。
20	1	/OT00.MAP	次に、あなた達が、カダールにいるとして、
20	1	/AT20.MAP	ぬお？足元の敷石がしずみこんだ～ゼー！！
20	1	/AT20.MAP	にゃにゃにゃっ！橋がかかったの、なのね！
20	1	/AT20.MAP	７人委員会様に逆らうレジスタンス達めっ！
20	1	/AT20.MAP	ふぅむ・・・。この手触り、この色・・・。
20	1	/AT10.MAP	これって、リグロードにある水晶柱のこと？
20	1	/AT10.MAP	それが見つかれば、イクシーズが直るんだ！
20	1	/AT10.MAP	役に立ちそうなのはないみたいに見えるね。
20	1	/AT10.MAP	おいおい、アンタが言い出したことだろう？
20	1	/AT00.MAP	ナズナだって、根無しの独りぼっちなのね。
20	1	/AT00.MAP	何だよ、ナズナ！しけた面すんじゃねぇよ。
20	1	/AT00.MAP	そうすれば寂しいなんて思わないの、なの！
20	1	/AT00.MAP	君にも、いつか分かる時がくると思うがね。
20	1	/AT00.MAP	その声には、混じり気なしの狂気があった。
20	1	/AT00.MAP	机の上に手紙みたいなものがおいてあるよ。
20	1	/AT00.MAP	強すぎる力ゆえに、それを手中にした人間が
20	1	/AT00.MAP	リグロード大陸では、戦力的に脅威となる、
20	1	/MP00.MAP	なんだ、やめんのか。ほかに用はあるかい？
20	1	/MP00.MAP	おや？残念ながらお金が足りないようです。
20	1	/MP00.MAP	いったいどうなってしまうんだろう・・・。
20	1	/MP00.MAP	平和の大切さが、身にしみてわかりますね。
20	1	/MP00.MAP	国民の間には不安と不満が広がっています。
20	1	/MP00.MAP	ガルザードは、７人委員会直属の将軍なの。
20	1	/MP00.MAP	また友達と遊べるようになってうれしいよ。
20	1	/KS00.MAP	しかし、どうして、こんな場所に魔物達が？
20	1	/KS00.MAP	まずはガルマンオーブを捜しに行かなきゃ。
20	1	/GB00.MAP	こんな閉ざされた町にはいい男もいないし、
20	1	/GB00.MAP	なんて、ちょっと、お説教っぽかったわね。
20	1	/GB00.MAP	この年寄りに話かけてくれてありがとうよ。
20	1	/GB00.MAP	７人委員会が世界征服に乗り出したのです。
20	1	/GB00.MAP	そのために、いにしえの魔法球を使用する。
20	1	/GB00.MAP	おお！イクシーズはその後どうなったかの？
20	1	/GB00.MAP	ふぉっふぉっふぉっ、それはなによりじゃ。
20	2	/GB00.MAP	「S」を売っていただいてよろしいですか？
20	1	/DL00.MAP	とうとう、３回目を踏んでしまいましたね。
20	1	/IP10.MAP	今度こそ、そのガルマンオーブをもらうよ！
20	1	/IP10.MAP	否。ガルマンオーブを渡すこと、あたわじ。
20	1	/IP00.MAP	反対側の扉が開く仕掛けのようでござるな。
20	1	/SB00.MAP	アンジュ、この砂漠はどこまで続いてるの？
20	2	/NT21.MAP	こっちはリグロード行きのゲートだったね。
20	1	/NT30.MAP	再生のために、破壊は必要不可欠なのです。
20	1	/NT30.MAP	ポポロン・・・でしたね、その街の名前は。
20	1	/NT20.MAP	［］こんなところで・・・散るのか・・・。
20	1	/NT20.MAP	なな・・・・は・・・き・・・おか・・・・
20	1	/NT20.MAP	じゃあ、ここを逃げ出すために協力しない？
20	1	/NT00.MAP	このあたりの道は滑りやすいようですわね。
20	1	/NT00.MAP	今度だって、やれるよ！行こう、ラスティ！
20	1	/NT00.MAP	ここを抜ければ、この場所を出られますわ。
20	1	/NT00.MAP	少しでも早く、ここから逃げ出しましょう。
20	1	/HL10.MAP	気に入らなかったかいっ？ほかには何かっ？
20	1	/HL10.MAP	ってゆーか、ゆっくりみてけばいいじゃん。
20	1	/HL10.MAP	むかつくー。金持ってないのに来ないでよ！
20	1	/HL00.MAP	あたしの目に狂いはなかったってことよね。
20	1	/HL00.MAP	ふごっ！！やっぱりやめておくのだ～ゼー！
20	1	/HL00.MAP	ハイランドに行けなくちゃ意味がないのね。
20	2	/KK01.MAP	・・・今のはちょっと年寄りっぽかったな。
20	1	/CK00.MAP	看板の裏には「ヒバリ命」と書かれている。
20	1	/CK00.MAP	あんな奴らの言うことを誰が聞くものかよ。
20	1	/CK00.MAP	商売に関しちゃ、それなりに信用できるぜ。
20	1	/CK00.MAP	俺達はイニシエといって渡来系の技術者だ。
20	1	/CK00.MAP	俺っチには、全てが終ったと思えないでし。
20	1	/CK00.MAP	もう、お兄ちゃんなんか心配してあげない！
20	1	/CK00.MAP	この人達のおかげでみんな助かったでしよ。
20	1	/OB00.MAP	おや？ここに何かをはめるようになってる。
20	1	/OB00.MAP	あら？ここに何かをはめるようになってる。
20	1	/OB00.MAP	そんな！いいがかりじゃないか、とほほ～。
20	1	/OB00.MAP	この前は負けたが、今度こそは勝つぞえ～！
20	1	/OB00.MAP	ドラグーン城を占領した高飛車女のこと！？
20	2	/MH00.MAP	おやおや、何か売りに来てくれたんかのぅ？
20	1	/MH00.MAP	隠し金山ってのがあるって話、本当かねぇ。
20	1	/MH00.MAP	ははあ、それで、船を接収されたんでしょ？
20	1	/MH00.MAP	ゲテン城にゃカダールの連中が駐留してる。
20	1	/MH00.MAP	ディアーネってのは、スゴ腕の船長らしい。
20	1	/MH00.MAP	お願い、あの人にどうかその手紙を渡して。
20	1	/MH00.MAP	そんで、あんたらがカダールにおるとして、
20	1	/GT20.MAP	くそっ、この上に乗っても何も起こらねえ！
20	1	/GT20.MAP	こうしてる間にも、時は過ぎていくんだぜ。
20	1	/GT10.MAP	軍人として、指令に従ったまでのことです。
20	1	/KD00.MAP	八坂の勾玉は、もう設置してあるの、なの。
20	1	/KD00.MAP	で、その特別な道具って何？どこにあるの？
20	1	/KD00.MAP	ここを抜ければ、いよいよ、ゲテン城だね。
20	1	/KD00.MAP	ちっ、ぶっ壊すってワケにゃいかねぇのか？
20	1	/SK10.MAP	竜騎士の誇りにかけて誓ってもらえるかの？
20	1	/SK00.MAP	みんな、待ってろ、今すぐに出してやるゼ！
20	1	/SK00.MAP	アスカと一緒ならどこだって行くの、なの！
20	1	/SK00.MAP	どうなってんだ、こりゃ？女しかいないぜ。
20	1	/SK00.MAP	子供達はきっと助ける。私を信用してくれ！
20	1	/HY00.MAP	この先が星陵郭だ。気をゆるめずに行こう。
20	1	/HY00.MAP	一度村に戻って、装備を整えた方がいいゼ。
20	1	/HY00.MAP	へっへっへっ！たまんねぇな、この緊張感！
20	1	/HY00.MAP	みんな、足元に気をつけて進もう。いくよ！
20	1	/KM10.MAP	・・・さて、どう始末つけるんだ、アンタ？
20	1	/KM10.MAP	ひどいなぁ、命の恩人を置いていくなんて。
20	1	/KM10.MAP	カダール兵め・・・ひでぇことをしやがる！
20	1	/KM00.MAP	ユーカリ様は、カムイ様の婚約者ですじゃ。
20	1	/KM00.MAP	それがこんなことになってしもうて・・・。
20	1	/KM00.MAP	うちの店では防具も扱っておりますのじゃ。
20	1	/KM00.MAP	「S」ですかの。買うていただけますかの？
20	1	/KM00.MAP	ありがたいことじゃ。ほかに何か買うかの？
20	1	/KM00.MAP	ありがたいことじゃ。ほかに何か売るかの？
20	1	/KM00.MAP	よし。じゃあ、事情を説明してもらおうか？
20	1	/KM00.MAP	ラスティが、それを見せてくれたじゃない！
20	1	/KM00.MAP	これを持っていけば必ずと役に立つだろう。
20	1	/KM00.MAP	大きなダメージを受けるから気を付けろよ。
20	1	/KM00.MAP	ユーカリのことを、はなしちゃだめですよ。
20	1	/KM00.MAP	できたカタナをくれるって件、忘れんなよ！
20	1	/HS10.MAP	さぁ～さ、おとなしく牢にもどりなさ～い。
20	1	/HS10.MAP	ききわけの無い子はおしりペンペンよ～ん。
20	1	/HS00.MAP	将来を誓いあった女のことを忘れるなんて！
20	1	/HS00.MAP	分かった、分かった。謝ればいいんだろう？
20	1	/HS00.MAP	こんなところだが、今じゃ、我が家同然さ。
20	1	/GM00.MAP	ゴジョウはヤマタイの文化的中心都市どす。
20	1	/GM00.MAP	また悪いヤツらが何かしよったんやろか？！
20	1	/GM00.MAP	イガのシノビのとこに修行に行ってんねん。
20	1	/GM00.MAP	【アイテム名】ね。これでよかったかしら？
20	1	/GM00.MAP	そうですか。またお越し下さいますかのゥ。
20	1	/GM00.MAP	「S」を売っていただいてよろしいおすか？
20	1	/GM00.MAP	ああん、また地震～？もう、嫌になるわね！
20	1	/GM00.MAP	ミュウ、ラスティ、ナズナ飲むんじゃない！
20	1	/GM00.MAP	ここが、ヤマタイ最大の都市、ゴジョウだ。
20	1	/IY00.MAP	ここを越えれば、忍者屋敷なんだが・・・。
20	1	/IY00.MAP	ボクが竜に変身して、キミ達を「つかむ」。
20	1	/NJ10.MAP	違うな。奴らの命はオレが握っているのさ。
20	1	/NJ10.MAP	それが、オレ達シノビのやりかたなんでな。
20	1	/NJ10.MAP	ほほう。負け犬が舞い戻って何のようです？
20	1	/NJ10.MAP	おまえ達を助けるのを手伝ってくれたんだ。
20	1	/IG10.MAP	ステータス異常は２から３ターンの間続く。
20	1	/IG10.MAP	ありがと。キミのそういうとこ、好きだよ。
20	1	/IG00.MAP	アスカ殿、もう世界は平和になったんじゃ。
20	1	/IG00.MAP	結界洞を入った所に３本の柱があるんじゃ。
20	1	/IG00.MAP	世界は平和になったんじゃなかったのかい！
20	1	/IG00.MAP	なにさ、仲間を売るなんて、見損なったわ！
20	1	/NZ10.MAP	ふぅん、アスカって、式神に詳しいんだね。
20	1	/NZ10.MAP	まあ、オレにはまだそんな縁はないけどな。
20	1	/NZ10.MAP	さっきから聞いてれば、なに言ってるのよ！
20	1	/NZ10.MAP	わかった、わかった。勝手にしろよ、もう。
20	1	/NZ00.MAP	本当かどうか、調べるだけ、調べてみるか。
20	1	/NZ00.MAP	せっかくだから、もう一度調べてみようか。
20	1	/WR02.MAP	魔法力がどんどん強まっていくのだ～ゼー！
20	1	/WR02.MAP	でも、どうして弟さんは誘拐されたのかな？
20	1	/WY02.MAP	ボク達の不安要素はそこなんだよね・・・。
20	1	/WY02.MAP	なんでもいいから、早く陸地に上がろうよ。
20	1	/WY02.MAP	うぷっ。き゛、気゛持゛ち゛悪゛ぅ゛い゛。
20	1	/WY02.MAP	うん。本当にヤマタイまで来たんだ・・・。
20	1	/WY02.MAP	北の方向に歩いていくんだって言ってたよ。
20	1	/WY02.MAP	開かない！？中からカギがかけられてる！！
20	1	/WY02.MAP	逃げるんだ！ここで死ぬわけにはいかねぇ！
20	1	/WK00.MAP	・・・ここは！カカルクランじゃないか！！
20	1	/WK00.MAP	お父様の魂を、解放してさしあげなければ！
20	1	/WK00.MAP	故郷のことは心配するな。私に任せてくれ。
20	1	/WK00.MAP	弟と共に、世界を守ってみせるでござるよ。
20	1	/WR00.MAP	ああ、見る度に無念がこみあげてきますわ。
20	1	/WR00.MAP	それを調べもせずに、突っ込もうってのか？
20	1	/WR00.MAP	そんなことないよ、僕達がいるじゃないか！
20	1	/WR00.MAP	今はまだ、城を再建している場合じゃない。
20	1	/WR00.MAP	うん、それに、にじ色の壁もなくなってる！
20	1	/WR00.MAP	リグロードがどうなったのか確かめなきゃ！
20	1	/WR00.MAP	敵の見せた幻覚に惑わされたのでござるよ。
20	1	/WR00.MAP	あの時みたいに、もう、逃げるのは嫌だよ！
20	1	/WR00.MAP	ひょっとして弟もここにいるのでは・・・？
20	1	/WR00.MAP	さすれば、弟の所在も確かめられましょう。
20	1	/WR00.MAP	そんなことがあったとは、知らなかったゼ。
20	1	/WC00.MAP	後ほど、この場所でお会いいたしましょう。
20	1	/WC00.MAP	うん、まず、ガルザードとの決着をつける。
20	1	/WC00.MAP	ありがと。そう言ってくれると思ってたよ。
20	1	/WC00.MAP	・・・でも、そういうとこも・・・好きッ☆
20	1	/WC00.MAP	そして、君とミュウとを、我々が支えよう。
20	1	/WC00.MAP	あ・・・うん・・・そうか・・・そうだね。
20	1	/WC00.MAP	やっぱり、ミュウもラスティのこと・・・。
20	1	/WC00.MAP	そうかな？けっこう、かわいいと思うけど。
20	1	/WC00.MAP	他に目に付くものって、何かあったっけ？ 
20	2	/SS10.MAP	てめえら、家族が大事なら邪魔をするな！！
20	1	/WY00.MAP	どうやら子供達は別の部屋にいるらしいな。
20	1	/WY00.MAP	色々と物いりなんだから、貰っておいたら？
20	1	/WY00.MAP	ここに人質がとらえられているってわけか。
20	1	/WY00.MAP	待ってろよ！すぐに助け出してやるからな！
20	1	/WY00.MAP	オレがカダールと通じていると思い込んだ。
20	1	/WY00.MAP	おや、ミュウ、それにラスティじゃないか！
20	1	/WY00.MAP	ボクと一緒に戦ってくれている仲間達だよ。
20	1	/WY00.MAP	ありがとう、ディアーネさんも気をつけて！
20	1	/WY00.MAP	・・・イガの里は、こっちじゃないのかな？
20	1	/WY00.MAP	くっ・・・、数が違いすぎる、圧倒的だよ。
20	1	/WY00.MAP	よし、じゃあ、港町ヒガタに行ってみよう。
20	1	/WAZAHELP.MSG	敵の集団から一度にお金を奪い取る技です。
20	1	/WAZAHELP.MSG	敵を貫通する弓矢を３本同時に放つ技です。
20	1	/WAZAHELP.MSG	放った火薬矢が落下した地点で爆発します。
20	1	/WAZAHELP.MSG	敵を貫通する巨大な鉄の弾を撃ち出します。
20	1	/WAZAHELP.MSG	味方のＨＰを３００ポイント回復できます。
20	1	/WAZAHELP.MSG	精霊の力を借りて、姿を透明にする技です。
20	1	/WAZAHELP.MSG	木霊の力で、強烈な眠気を催させる術です。
20	1	/WAZAHELP.MSG	鳥の姿を型どった炎が敵に襲いかかります。
20	1	/WAZAHELP.MSG	回復効果を持つフィールドを作り出します。
20	1	/ITEMHELP.MSG	-怩gＰを１００回復することができます。
20	1	/ITEMHELP.MSG	美しい宝石です。真珠よりも高く売れます。
20	1	/ITEMHELP.MSG	イクシーズ号の修理に必要なアイテムです。
20	1	/ITEMHELP.MSG	軽量化された剣です。素早さが上がります。
20	1	/ITEMHELP.MSG	細身で斬れ味鋭く、あつかいやすい刀です。
20	1	/ITEMHELP.MSG	魔法をお使いになる方のための軽装服です。
20	1	/ITEMHELP.MSG	暗黒の力を打ちくだく聖なるグローブです。
20	1	/ITEMHELP.MSG	黄金色にかがやく、美しく頑丈な防具です。
19	1	/GT00.MAP	みんな、怪我しないように気をつけてよ！
19	1	/GT00.MAP	今こそ獣王カムイの力をみせつけてやる！
19	1	/GT00.MAP	みんな、できるだけ固まって行動しよう！
19	1	/GT00.MAP	バカね。それが分かれば苦労しないわよ。
19	1	/GT00.MAP	よし、行くよ！ここの敵を全部倒すんだ！
19	1	/GT00.MAP	この先に、目指すガルザードがいるはず。
19	1	/FIR3.MAP	よし…じゃあみんな！気をつけていくよ！
19	3	/KB00.MAP	へ、口ほどにもねぇ。よし、先へ進むぜ。
19	1	/KB10.MAP	カダールの残党だ！正面からつっきるよ！
19	1	/KB10.MAP	カダールの残党だよ！みんな、慎重にね！
19	1	/KB20.MAP	相手にとって不足はなし！いくでざるよ！
19	2	/TJ41.MAP	へたしたら命を落とすかもしれまへんな。
19	3	/TJ01.MAP	ご自分の実力を試してみたらどないです？
19	1	/TM00.MAP	この店の防具は、どれも一級品ですばい。
19	3	/BL00.MAP	売れるものなんか持ってないじゃないか。
19	1	/BL00.MAP	この町には、試練の迷宮って場所がある。
19	1	/CT20.MAP	ばーか、元通りになるに決まってるだろ！
19	1	/CT20.MAP	本当に、これで世界がもと通りになるの？
19	1	/CT20.MAP	どのような力を持っているのでしょうか。
19	1	/CT10.MAP	ようこそ、カカルクランへ！ミュウ王女。
19	1	/CT10.MAP	伝説に名を残すであろう英雄達よ・・・。
19	1	/CT10.MAP	・・・いったい、何のことなのだ～ゼー？
19	1	/OT02.MAP	それがし、船の修理を受け持つでござる。
19	1	/OT01.MAP	ディアーネさんは海賊の子孫って話だぜ。
19	1	/OT01.MAP	でもこの町は、港と船で栄えてきた町よ。
19	1	/OT01.MAP	一体、ドラグーンに何が起こってるんだ？
19	2	/OT01.MAP	「S」を売っていただけるのでござるか？
19	2	/OT01.MAP	はて、売れるものはないようでござるが。
19	1	/ZM01.MAP	これは、姫様、わがあばら屋へようこそ。
19	1	/ZM01.MAP	それとも、体調の方が優れないのですか？
19	1	/ZM01.MAP	ありがとよ、姫様。ほかに何か買うかい？
19	1	/ZM01.MAP	ありがとよ、姫様。ほかに何か売るかい？
19	1	/ZM01.MAP	そうか。また来てくれよな、ミュウ王女。
19	1	/ZM01.MAP	どれを買ってくれるんだい、ミュウ王女？
19	1	/ZM01.MAP	どれを売ってくれるんだい、ミュウ王女？
19	1	/WR10.MAP	ヤマタイへ行くわよ！目指すはイガの里！
19	1	/RS01.MAP	やったぁ！！さ、お父様に報告に行こう。
19	1	/ES01.MAP	妖精のルゥナが教えてくれたのだ～ゼー！
19	2	/ES10.MAP	７人委員会め！僕がこの手で倒してやる！
19	1	/MK00.MAP	うわぁぁぁぁっ！やめろ、やめるんだっ！
19	1	/MK00.MAP	けれど、それでは、お父様の魂が・・・！
19	1	/MK00.MAP	わははははははっ！死ね、死んでしまえ！
19	1	/MK00.MAP	こんな世界などなくなってしまえばいい！
19	1	/WS00.MAP	お父様に連れられてきたんだっけ・・・。
19	1	/RT20.MAP	屈辱と苦痛を、１０倍にして返してやる！
19	1	/RT20.MAP	あなた達は、空飛ぶ船を持っていますね？
19	1	/RT20.MAP	それに、こっちは、【古代遺跡の鍵】か。
19	1	/RT20.MAP	それに、こっちは、【古代遺跡の鍵】だ。
19	1	/RT20.MAP	カオスゲートとやらを利用できますのね！
19	1	/RT20.MAP	それに、こっちは、【古代遺跡の鍵】ね。
19	1	/RT20.MAP	それに、こちらは、【古代遺跡の鍵】だ。
19	1	/RT00.MAP	一体、何がおこっているんだろう・・・？
19	1	/QH00.MAP	「S」を買いとればよろしいんですかの？
19	1	/QH00.MAP	いやぁ、王子、ご立派になられて・・・。
19	1	/QH00.MAP	ラグロスの塔の中を知る者はおりません。
19	1	/QH00.MAP	許さない・・・許さないぞ、ラグロス！！
19	1	/QH00.MAP	かつてリグロード戦役の英雄の像として、
19	1	/IZ00.MAP	ひとつ聞くが、強くなりたいか、アスカ？
19	2	/IZ00.MAP	あんなに苦労して手に入れた船ですのに。
19	1	/IZ00.MAP	弟よ、本当にこれを直せるのであろうな？
19	1	/IZ00.MAP	ラグロスの塔にカオス・ゲートがござる。
19	1	/IZ00.MAP	おお、これはマラカイトではござらんか！
19	1	/IZ00.MAP	おおっ、アローストーンではござらんか！
19	1	/ZM00.MAP	つらい決断だったな・・・ミュウ・・・。
19	1	/ZM00.MAP	カムイは、そっと、ミュウを抱きしめた。
19	1	/ZM00.MAP	リグロードを救えるのは王女様だけです。
19	1	/ZM00.MAP	人間、やれば何でもできるもんなんだな。
19	1	/ZM00.MAP	ボクも、たくさん友達できるといいなー。
19	2	/ZM00.MAP	「S」を買い取らせてもらっていいかい？
19	1	/ZM00.MAP	売れるものはお持ちでないようですじゃ。
19	1	/ZM00.MAP	「S」ですな。買っていただけますんで？
19	1	/DG10.MAP	アレクトリア大図書館の武闘司書・・・。
19	1	/DG10.MAP	おまえ達を倒すために仲間を集めてきた！
19	1	/DG10.MAP	さあ、雌雄を決しようではありませんか。
19	1	/IS10.MAP	実はイクシーズ号を復活させた時・・・。
19	1	/IS10.MAP	それで、イクシーズ号はどこにござるか！
19	1	/IS10.MAP	そして、ある文献の解読をさせたのです。
19	1	/IS00.MAP	今は目の前の敵を倒すことに集中しよう。
19	1	/IS00.MAP	おっと、俺が弱気になってどうするんだ。
19	3	/KR00.MAP	なんだ、やめちまうのかい。ほかに何か？
19	1	/KR00.MAP	かつては古代魔法文明の遺産が眠ってた。
19	1	/KR00.MAP	いけませんな。何事も押しが大切ですぞ！
19	1	/KR00.MAP	ひえー！これじゃ旅行どころじゃないよ！
19	1	/KR00.MAP	世界は平和になったってウソだったのか？
19	1	/KR00.MAP	あ、あんたの持っている、それは・・・！
19	1	/DS00.MAP	ミュウ様、その前に周りをご覧くだされ。
19	1	/DS00.MAP	出口がいつのまにかあらわれているでし！
19	1	/DS00.MAP	幻術がとけて、出口があらわれたようだ。
19	1	/JG00.MAP	アンジュさん！ケガに気をつけるでしよ！
19	1	/JG00.MAP	ファルコさん達が迎えに来てくれたんだ。
19	1	/JG00.MAP	たくさんの命にかわってお礼を言います。
19	1	/ST10.MAP	ああ。きっと、これが捜してたものだな。
19	1	/ST10.MAP	これでイクシーズを直すことができるね。
19	1	/ST00.MAP	どうせ、何となく来てみただけなんだろ。
19	1	/OT00.MAP	うちの船を使ってくれるお得意さんだよ。
19	1	/OT00.MAP	そいつがあれば空飛ぶ船が直るんだろう？
19	1	/OT00.MAP	ヤマタイでやすね。さ、乗ってくだせぇ。
19	1	/AT20.MAP	この石には何か仕掛けがあるみたいだゼ。
19	1	/AT20.MAP	まずいな、先へ進む道がみあたらねぇゼ。
19	1	/AT20.MAP	間違いないでし、これがマラカイトでし。
19	1	/AT20.MAP	来たれかし、我らが主よ。来たれかし！！
19	1	/AT00.MAP	それは、カオスゲートと呼ばれるものだ。
19	1	/AT00.MAP	ゲートキーがなければ、働かないのだよ。
19	1	/AT00.MAP	ナズナ、寂しいの、なの。だから・・・。
19	1	/AT00.MAP	アスカ、シラナミがいじめるの、なの～☆
19	1	/AT00.MAP	今でも、館長室以外なら見て回れますわ。
19	1	/AT00.MAP	父子喧嘩は犬も食わねぇって言うからな。
19	1	/AT00.MAP	ねぇ、ちょっと、鍵開いてるみたいだよ？
19	1	/AT00.MAP	カダールは世界の南に位置する大陸です。
19	2	/AT00.MAP	北か南に向えば、カダールへたどりつく。
19	1	/AT00.MAP	７人委員会の長であることを、告白する。
19	1	/MP00.MAP	大丈夫だった？ひどいことされなかった？
19	1	/MP00.MAP	おや？売るものはないようですが・・・。
19	1	/MP00.MAP	伝説の魔導士と呼ばれた最新の例ですね。
19	1	/MP00.MAP	うそでしょう！冗談がお好きなんですね。
19	1	/KS00.MAP	自然発生したってわけじゃなさそうだゼ。
19	1	/KS00.MAP	にゃ？なんだか不思議な感じがするのね。
19	1	/KS00.MAP	とは言っても、雲をつかむような話よね。
19	1	/KS00.MAP	ここにガルマンオーブを置くのだ～ゼー！
19	1	/GB00.MAP	どこかに眠る神秘の宝、パワーアンクル。
19	1	/GB00.MAP	ようこそ、忘れられた街、グラビティへ。
19	1	/GB00.MAP	おお、これぞまさしく、ガルマンオーブ！
19	1	/GB00.MAP	イクシーズは元々この地で作られたもの。
19	1	/GB00.MAP	それこそが、イクシーズを成している物。
19	1	/GB00.MAP	これを入手しておるとなれば、話は早い。
19	2	/GB00.MAP	「S」ですわね。買っていただけまして？
19	1	/IP10.MAP	よし、もっと近くに行って調べてみよう。
19	1	/IP00.MAP	出直してこないとこの扉はひらかないね。
19	1	/IP00.MAP	ふむ、反対側の扉が開く仕掛けらしいな。
19	1	/IP00.MAP	まったく開かないわけじゃねえみたいだ。
19	1	/IP00.MAP	重い扉だが、押しつづければ開きそうだ。
19	1	/IP00.MAP	この扉にはなにか仕掛けがしてあるのね。
19	1	/IP00.MAP	ここは専門家に意見を聞くべきですわね。
19	1	/IP00.MAP	シラナミなら分かるかもしれませんわね。
19	1	/IP00.MAP	ぬお～！これは仕掛け扉なのだ～ゼー！！
19	1	/IP00.MAP	まず、この扉をどうやって開けるかだな。
19	1	/NT21.MAP	では、後のことを頼んだぞ、ガルザード。
19	1	/NT21.MAP	こっちはヤマタイ行きのゲートだったね。
19	1	/NT30.MAP	ゲートキーは、こなごなにくだけちった。
19	1	/NT30.MAP	今は時間を浪費している場合じゃないよ！
19	1	/NT20.MAP	仕方ありませんわ、本気をだしましょう。
19	1	/NT20.MAP	司書武闘法って・・・す、すごいんだね。
19	1	/NT20.MAP	正義はどこにいっちまったのかね・・・。
19	1	/NT00.MAP	わたくし達の逃避行が露見したのですわ。
19	1	/HL10.MAP	「S」だな。買ってもらえるってのかい？
19	1	/HL10.MAP	へい、まいどっ。何を捜してるんだいっ？
19	1	/HL10.MAP	また来て？何か買ってって？みたいなァ。
19	1	/HL10.MAP	「S」を買ってもいいの？マジでいいの？
19	1	/HL00.MAP	ぐらぐらして、今にも倒れそうな枯木だ。
19	1	/HL00.MAP	ちょっと押せば、きっとたおれるでしね。
19	1	/HL00.MAP	よっしゃ！枯木が橋がわりになったゼ！！
19	1	/HL00.MAP	ハイランドは、ホンの目と鼻の先ですわ。
19	1	/HL00.MAP	ぬおおおお～。枯木が橋になった～ゼー！
19	2	/KK01.MAP	これが爆発したら、すごいことになるね。
19	2	/KK01.MAP	やったの、なの！これでいいの、なのね！
19	1	/KK00.MAP	ここは、このタタラにまかせておくでし！
19	2	/CK00.MAP	そんなに持てねぇだろ。無理するなって。
19	1	/CK00.MAP	ありがとうよ！あんた達は村の救世主だ！
19	1	/CK00.MAP	クリカラ村に帰ってきてくれるんだよね？
19	1	/CK00.MAP	そうか？中から物音が聞こえるようだが。
19	1	/CK00.MAP	大変！火薬工場で火事が起こったみたい！
19	1	/CK00.MAP	火薬工場の消火を手伝いにいかなくちゃ！
19	1	/CK00.MAP	・・・わかりました。じゃあ、頼みます。
19	1	/CK00.MAP	えっ！お兄ちゃん、どっか行っちゃうの？
19	1	/CK00.MAP	あたし、ちょっとイイモノもってるのよ。
19	1	/CK00.MAP	うわーん、怖いよー。おかーちゃーん！！
19	1	/CK00.MAP	これは砲と言って、砲術で使う武器でし。
19	1	/CK00.MAP	約束通り、そいつは、あんた達のモンだ。
19	1	/OB00.MAP	ん～？橋も何もないみたいだけど・・・。
19	1	/OB00.MAP	あ、ここに何か仕掛けがあるみたいだゾ！
19	1	/OB00.MAP	今日はこのぐらいにしといてやるぞえ～！
19	1	/OB00.MAP	ほほほほほ！負け犬が帰ってきよったえ！
19	1	/MH00.MAP	カダールって国を、まだ見たことないの。
19	2	/MH00.MAP	いらっしゃい。ゆるりと見てっておくれ。
19	1	/MH00.MAP	安心して働けるってのは、いいもんだね。
19	1	/MH00.MAP	ようし、じゃあ、ミュウを助けに出発だ！
19	1	/MH00.MAP	ボクでよければ、手紙を運んであげるよ！
19	1	/MH00.MAP	手紙には、ケガの様子が書いてあったわ。
19	1	/MH00.MAP	いったい、世界はどうなっちまうのかね。
19	1	/MH00.MAP	昔からそういういわくつきの場所なのさ。
19	1	/GT20.MAP	こっちはカダール行きのゲートだったね。
19	1	/GT20.MAP	私は、これからカダール本国へ戻ります。
19	1	/GT10.MAP	計画・・・？何の計画のことなの、なの？
19	1	/KD00.MAP	天邪の鏡は、もう設置してあるの、なの。
19	1	/KD00.MAP	八坂の勾玉は、もう設置してあるようだ。
19	1	/KD00.MAP	八坂の勾玉は、もう設置してあるでしよ。
19	1	/KD00.MAP	蓬莱の珠は、もう設置してあるの、なの。
19	1	/KD00.MAP	ラスティは【八坂の勾玉】をはめ込んだ。
19	1	/KD00.MAP	シラナミは【八坂の勾玉】をはめ込んだ。
19	1	/SK10.MAP	わしの・・・可愛い・・・子供達・・・。
19	1	/SK00.MAP	くそっ・・・、まだ開かねぇのか・・・！
19	1	/SK00.MAP	よぉし、いっちょハデにぶちかますかぁ！
19	1	/SK00.MAP	ちえっ、ア～ちゃんと一緒が良かったな。
19	1	/SK00.MAP	母親と子供を別々にするなんてひどいッ！
19	1	/HY00.MAP	そうだぜ、緊張と弛緩を使いわけるんだ。
19	1	/HY00.MAP	浮かれている場合ではないぞ。見てくれ。
19	1	/HY00.MAP	ここを登ると星陵郭に出るんだったよね？
19	1	/HY00.MAP	ああ、足元がおぼつかない場所だったぜ。
19	1	/HY00.MAP	ここは一旦村に戻って、準備を整えよう！
19	1	/KM10.MAP	おおおおぉぉぉぉぉぉぉぉッッ！！！！！
19	1	/KM10.MAP	・・・え？何を・・・言っている・・・？
19	1	/KM10.MAP	ボクは誰にもラスティの邪魔をさせない。
19	1	/KM10.MAP	・・・ミュウ。僕・・・助けたよ・・・。
19	1	/KM00.MAP	もう、ずっと、ここにいられるんでしょ？
19	1	/KM00.MAP	カムイ、お願い、みんなを助けて・・・。
19	1	/KM00.MAP	毎日聞こえてくるのは嫌なうわさばかり。
19	1	/KM00.MAP	やめなさるか。ほかに用はありますかの？
19	1	/KM00.MAP	らっしゃい！どういったご要件でやしょ？
19	1	/KM00.MAP	「S」でやすね。買っていただけやすか？
19	1	/KM00.MAP	おい、どうした？錯乱しちまったのかな？
19	1	/KM00.MAP	それじゃ、ラスティがかわいそうなのね。
19	1	/KM00.MAP	お願いです。子供達を助け出して下さい！
19	1	/KM00.MAP	俺は、以前、カタナ職人をしていたんだ。
19	1	/KM00.MAP	そいつがあれば、俺の夢がかなう・・・。
19	1	/KZ00.MAP	え？でも、どの石も金には見えないけど？
19	1	/HS10.MAP	なんだろう？とりあえずしまっておこう。
19	1	/HS00.MAP	ここを仕切ってる怪物は、２匹いるんだ。
19	1	/HS00.MAP	あ？ああ、それはせっちんって言うんだ。
19	1	/GM00.MAP	シラナミがおらんようになって寂しいわ。
19	1	/GM00.MAP	うちの兄ちゃんはごっつい頭ええねんで。
19	1	/GM00.MAP	ゴジョウ大橋は現在封鎖されてますねん。
19	1	/GM00.MAP	いらっしゃいませ。何にいたしましょう？
19	1	/GM00.MAP	さて、どれをお買いあげいただきますか？
19	1	/GM00.MAP	何をお買いあげいただきましょうかのゥ？
19	1	/GM00.MAP	売れるものは見あたらぬようですがのゥ。
19	1	/GM00.MAP	「S」をお譲りいただいてよろしいので？
19	1	/GM00.MAP	そうかね。じゃあ、またよっておくれよ。
19	1	/GM00.MAP	今は店主をからかってる場合じゃないゼ。
19	1	/GM00.MAP	ゴジョウ大橋は現在利用できませんねん。
19	1	/NJ10.MAP	しかし、あなたは手を出せないはずでは？
19	1	/NJ00.MAP	そして、そこでは、槍が飛び出してくる。
19	1	/IG10.MAP	何故だ！何故それほどまで意地を張る！？
19	1	/IG10.MAP	今度もそうだと、奴らは信じているのさ。
19	1	/IG10.MAP	でも、問題はそれだけじゃないんでしょ？
19	1	/IG10.MAP	今のオレは、奴らを助けるのに手一杯だ。
19	1	/IG00.MAP	忍者屋敷はイガの里の西にありますじゃ。
19	1	/IG00.MAP	ごめんなさい、ひどいこと言って・・・。
19	1	/IG00.MAP	この里の東にナズナ洞って場所があるの。
19	1	/IG00.MAP	みんな、あなたの帰りを待っているのよ。
19	1	/NZ10.MAP	まるで女の子みたいに感傷的じゃないか？
19	1	/NZ10.MAP	ひどい！ボクだって女の子なんだからね！
19	1	/NZ10.MAP	ど、どうして僕ばっかり！トホホ・・・。
19	1	/NZ10.MAP	・・・何やら脅迫めいて聞こえるんだが？
19	1	/NZ10.MAP	あら～ん、分かってるじゃないの、なの！
19	1	/NZ10.MAP	どうしましょう、迷ってしまうの、なの。
19	1	/NZ10.MAP	ちょっと！ア～ちゃん、どういうことよ！
19	1	/NZ10.MAP	やれやれ。こんなことになると思ったぜ。
19	1	/NZ00.MAP	ここは昔から怪物のたまり場になってる。
19	2	/WR02.MAP	ミュウ、お願いがあるんだけどさ・・・。
19	1	/WY02.MAP	喧嘩するほど仲がいいって本当みたいね。
19	1	/WY02.MAP	あのな。そういうことを言うのはやめろ。
19	1	/WY02.MAP	なぁに、遠慮はいらないよ。とっときな！
19	1	/WK00.MAP	このルゥナって妖精から話は聞いてるよ！
19	1	/WR00.MAP	ドラグーン城・・・ボクの生まれた場所。
19	1	/WR00.MAP	ドラグーンはそっちじゃないよ、ミュウ。
19	1	/WR00.MAP	すばらしいっ！拙者感激いたしましたぞ！
19	1	/WR00.MAP	じゃあ、クイーンズランドにあるんだね。
19	1	/WR00.MAP	オルトマに帰りたいなら、いっておくれ。
19	1	/WC00.MAP	態勢を整えてから、もう一度挑戦しよう。
19	1	/WC00.MAP	大歓迎だよ！一緒に７人委員会を倒そう！
19	1	/WC00.MAP	７人委員会の塔のすぐそばにありますわ。
19	1	/WC00.MAP	それを知ってたら苦労はしてないでしょ！
19	1	/WC00.MAP	お父様の残した本にも記述がありますわ！
19	1	/WC00.MAP	ヒバリ・・・兄ちゃんはがんばるでしよ。
19	1	/WC00.MAP	いったいどうなっているんでしょうかね。
19	1	/WY00.MAP	くそっ！思ったより火のまわりが早いぜ！
19	1	/WY00.MAP	ミュウ、シラナミなら大丈夫だと思うぜ。
19	1	/WY00.MAP	じゃあアスカ、気を付けてね。頼んだよ！
19	1	/WY00.MAP	これで、関所はいつでも自由に通れるね！
19	1	/WY00.MAP	そうかい。旅はうまくいってるようだね。
19	1	/WY00.MAP	あたしがリグロードまで運んであげるよ。
19	1	/WY00.MAP	ちっ！多勢に無勢たぁ、このことかっ！？
19	1	/WY00.MAP	ヒガタに戻るんだな。なら、出発するぜ。
19	1	/BOT5.MAP	視点３-２２度の視点ややクォータビュー
19	1	/WAZAHELP.MSG	ダッシュしながら突きを繰りだす技です。
19	1	/WAZAHELP.MSG	口から強力な炎をふきつけて攻撃します。
19	1	/WAZAHELP.MSG	モンスターの持ち物や持ち金を調べます。
19	1	/WAZAHELP.MSG	敵を貫通する鉄の弾を撃ち出す砲筒です。
19	1	/WAZAHELP.MSG	地面を陥没させる威力を持つ迫撃砲です。
19	1	/WAZAHELP.MSG	本から稲妻が飛び出し、敵を攻撃します。
19	1	/WAZAHELP.MSG	本から隕石が飛び出し、敵を攻撃します。
19	1	/WAZAHELP.MSG	全てを滅ぼすといわれる強力な術法です。
19	1	/WAZAHELP.MSG	敵の思考を乱すことで混乱をさそいます。
19	1	/ITEMHELP.MSG	ホウショウ院で手に入れたアイテムです。
19	1	/ITEMHELP.MSG	獣人に対して特に有効な、伝説の剣です。
19	1	/ITEMHELP.MSG	忍者が使用するために工夫された刀です。
19	1	/ITEMHELP.MSG	頭に装着し、頭部を完全にガードします。
19	1	/ITEMHELP.MSG	円形の盾です。敵の武器を受け流します。
19	1	/ITEMHELP.MSG	魔を防ぐと伝えられる銀を用いた盾です。
18	1	/GT00.MAP	あそこには何か仕掛けがありそうだよ！
18	1	/GT00.MAP	ちょっとしたコツよ。たとえば・・・。
18	3	/KB00.MAP	ズギャっとやっつけてやるのだ～ゼー！
18	2	/KB00.MAP	ふ、たわいのない。さあ、先を急ごう。
18	2	/KB00.MAP	つまらぬものを切ってしまった・・・。
18	1	/KB20.MAP	数は多くないけど、油断せずにいこう！
18	1	/KB20.MAP	数は多くないけど、みんな、慎重にね！
18	2	/TJ01.MAP	やるやおまへんか。ほな、賞品のGや。
18	1	/TM00.MAP	来やがりましたか。何の用じゃらほい？
18	1	/TM00.MAP	そうどすか。ほなまた来やがれですわ。
18	1	/TM00.MAP	そんなに持てないじゃあーりませんか。
18	1	/TM00.MAP	ありがとさん。ほかに何か買いまっか？
18	1	/TM00.MAP	うじゃうじゃ。ほかに何か売りまっか？
18	1	/TM00.MAP	ようこそきやがったな、隠れ里闘乱へ。
18	1	/TM00.MAP	お客さんらどこから来なすったアルか？
18	2	/BL00.MAP	ウチの防具は、あんたらには合わんよ。
18	3	/BL00.MAP	「S」ですね。買っていただけますか？
18	1	/BL00.MAP	３．モンスター達はお金をもってない。
18	1	/CT20.MAP	これで世界はもと通りなのかな・・・？
18	1	/CT20.MAP	やったでし！７人委員会を倒したでし！
18	1	/CT20.MAP	ヒバリは元気にしてるでしかね・・・。
18	1	/CT20.MAP	魔法球はいかがいたしたものか・・・。
18	1	/CT20.MAP	どのような力を持っているのだろうか。
18	1	/CT10.MAP	どこにも行くことはできないのですよ。
18	1	/CT10.MAP	カカルクランは、強き思念が残る場所。
18	1	/CT10.MAP	俺様は俺様のために戦うだけだ～ゼー！
18	1	/CT10.MAP	・・・気をつけよ。思念に気をつけよ。
18	1	/CT10.MAP	・・・いったい、何のことでござろう？
18	1	/CT10.MAP	地形を変えてもらうしか無いようだな。
18	1	/JG01.MAP	本当、この子は、心配させてくれるよ。
18	1	/QH01.MAP	うん・・・。長い、旅だったね・・・。
18	1	/OT02.MAP	すごいね！世界の海を駆けめぐるんだ！
18	1	/IG01.MAP	アスカ！本当に、その女でいいわけ！？
18	1	/IG01.MAP	くす☆アスカ、二人のこと、頼んだよ！
18	1	/OT01.MAP	ドラグーン城に何か起こったのかしら。
18	1	/OT01.MAP	正確なところ、何があったってんだい？
18	2	/OT01.MAP	準備はいいかい？よければ出航するよ？
18	1	/OT01.MAP	あら？お荷物がいっぱいのようですよ？
18	1	/OT01.MAP	何を買っていただけるのでござろうか？
18	1	/OT01.MAP	何を売っていただけるのでござろうか？
18	1	/ZM01.MAP	若いってのは、うらやましいですなァ。
18	1	/ZM01.MAP	ところで、町の者には会われましたか？
18	1	/ZM01.MAP	さては、恋でもしてらっしゃるのかの。
18	1	/ZM01.MAP	どれをお買いもとめですか、ミュウ様？
18	1	/ZM01.MAP	ミュウ様、どれをお売りいただくので？
18	1	/WR10.MAP	だいじょうぶだよ・・・きっと・・・。
18	1	/DG21.MAP	笑止！！我が魔法力を見せてくれる！！
18	2	/ES01.MAP	あん、もう皆帰ってきちゃったのなの！
18	2	/ES01.MAP	この空の色、そして、風の香り・・・。
18	1	/ES10.MAP	カオスの力の波動が強まっているんだ！
18	2	/ES10.MAP	水晶柱が原因とも思えませんし・・・。
18	2	/ES10.MAP	この水晶柱に何か原因があるでしかね？
18	2	/WS10.MAP	７人委員会のクソったれ共じゃねぇか。
18	2	/WS10.MAP	待ってろよ、決着をつけてやるからな！
18	1	/WS00.MAP	特に、用事があったわけじゃないけど。
18	1	/WS00.MAP	・・・ま、でも、話のタネにはなるか。
18	1	/WS00.MAP	これは、古代魔法文明の遺跡ですわね。
18	2	/RT30.MAP	よし、どこに行くか、確かめてみよう。
18	1	/RT20.MAP	どうか、この場は私にお任せください。
18	1	/RT20.MAP	カオスの力を使ってどうするつもりだ！
18	1	/RT00.MAP	集中攻撃されないように気を付けよう。
18	1	/QH00.MAP	売れるものは持っておらんようじゃが。
18	1	/QH00.MAP	来年オープン！ただいま開店準備中！！
18	1	/QH00.MAP	それで、いつ王座を継がれるのですか？
18	1	/QH00.MAP	ラグロスの奴、いい気になりやがって！
18	1	/QH00.MAP	魔法の力が自然に回復するらしいです。
18	1	/QH00.MAP	でも、こんなことをしたのは失敗だね。
18	1	/QH00.MAP	この泉の前でくちづけを交わすのです。
18	1	/IZ00.MAP	・・・あ！浮かれてる場合じゃないよ！
18	1	/IZ00.MAP	この魔力の揺らぎは、何なのだ～ゼー？
18	2	/IZ00.MAP	【風のメダリオン】と申す品でござる。
18	1	/ZM00.MAP	ただ、人よりも我慢をしているだけだ。
18	1	/ZM00.MAP	もう済んだことだから、いいじゃない。
18	1	/ZM00.MAP	あ、ミュウ様！ハナシは聞いてますぜ。
18	1	/ZM00.MAP	何か、良くないことの前触れだろうか？
18	1	/ZM00.MAP	ところでこんなウワサをご存じですか？
18	1	/ZM00.MAP	なんだ、やめるのか。で、ほかに何か？
18	2	/ZM00.MAP	よ、いらっしゃい。何が必要なんだね？
18	2	/ZM00.MAP	おや？残念だがお金が足りないようだ。
18	2	/ZM00.MAP	いらっしゃいませ。何にするのかしら？
18	2	/ZM00.MAP	まぁ、残念だわ。ほかに用はあります？
18	1	/ZM00.MAP	それでは、どれを売っていただけます？
18	1	/ZM00.MAP	あらまぁ、そんなに持てないでしょう？
18	1	/ZM00.MAP	そうじゃ！売りに来なさったんじゃな。
18	1	/IS10.MAP	ミュウ殿には、感謝してもしつくせぬ。
18	1	/IS10.MAP	では、しばらく待つといたしましょう。
18	1	/DS10.MAP	なんだろう、この霧みたいなの・・・？
18	1	/KR00.MAP	あらまぁ、そんなに持てないでしょう。
18	1	/KR00.MAP	そりゃ、もぅ、大変な美少女でしたよ。
18	1	/KR00.MAP	だけど、キミのことは見たことないな。
18	1	/KR00.MAP	当然、逮捕・投獄・拷問・死刑ですわ。
18	1	/KR00.MAP	どうか、命だけは、命だけはぁぁぁぁ。
18	1	/KR00.MAP	うん。ちゃんと渡したから、安心して。
18	1	/KR00.MAP	あんた達には、世話になったな・・・。
18	1	/JG02.MAP	世界に新たなる安定をもたらす者なり。
18	1	/JG00.MAP	ナズナも、アスカと同じ気持ちなのね！
18	1	/JG00.MAP	ヒバリとの約束をはたす時がきたでし！
18	1	/JG00.MAP	ア～ちゃん・・・、がんばってきてね！
18	1	/JG00.MAP	ずっと、ずっと、待ってるから・・・。
18	1	/JG00.MAP	皆さん・・・どうか、ご無事で・・・。
18	1	/JG00.MAP	こっちの事は俺っチに任しておくでし！
18	1	/JG00.MAP	私は、この幽玄の森を再び封印します。
18	1	/JG00.MAP	悔しくなんか、ないの、なのね・・・。
18	1	/OT00.MAP	シラナミの言うことも、もっともだな。
18	1	/OT00.MAP	して、何を売っていただけましょうか？
18	1	/OT00.MAP	弟さんと一緒に、戻ってきて下さいよ。
18	1	/OT00.MAP	きれいさっぱり消えちまったらしいぜ。
18	1	/OT00.MAP	そりゃ悪いこと聞いちまったね・・・。
18	1	/OT00.MAP	で、その船は、いまどこにあるんだい？
18	1	/OT00.MAP	ドラグーンだね！一足先に行ってるよ！
18	1	/AT20.MAP	ん・・・？そこにいるのは、だれだ！！
18	1	/AT20.MAP	これがマラカイトに間違いなさそうね。
18	1	/AT20.MAP	ズバリ、これが、マラカイトですわね。
18	1	/AT20.MAP	イクシーズで見たのと同じでござるな。
18	1	/AT20.MAP	これがマラカイトに違いありますまい。
18	1	/AT20.MAP	アンジュ、ダメだ！行っちゃいけない！
18	1	/AT10.MAP	早いとこ、イクシーズを直さなきゃな。
18	2	/AT00.MAP	こんな所にまで、７人委員会の影響が。
18	1	/AT00.MAP	わたくしのことはわたくしが決めます。
18	1	/AT00.MAP	後悔することになりましてよ、お父様？
18	1	/AT00.MAP	おい、あんた、謝るなら今のうちだぜ。
18	1	/AT00.MAP	それが愛だとおっしゃりたいんですの？
18	1	/AT00.MAP	勝手に調べたりして、怒られないかな？
18	1	/AT00.MAP	ファルコ著「オーバーテクノロジーズ」
18	1	/AT00.MAP	しかし、これは想像の域を出ていない。
18	1	/AT00.MAP	司書が言っていたのは、あれのことだ。
18	1	/AT00.MAP	とにかく、ご覧になって下さい・・・！
18	1	/MP00.MAP	ありがとうみんな。心配かけてごめん。
18	1	/MP00.MAP	いったい、何がおこってるんでしょう？
18	1	/MP00.MAP	我々に安息は許されないのでしょうか。
18	1	/MP00.MAP	このまま世界は滅びてしまうのかしら？
18	1	/MP00.MAP	まず、あなた達がヤマタイにいるとき、
18	1	/MP00.MAP	７人委員会が、レジスタンス狩りを！？
18	1	/MP00.MAP	・・・まだあきらめるのは早いですわ。
18	1	/MP00.MAP	地下閲覧室が本当かどうかはともかく、
18	1	/KS00.MAP	きっと何かいわれのある場所なのなの。
18	1	/KS00.MAP	ここが話に聞いた海底神殿ってワケね。
18	1	/KS00.MAP	我ながら、すばらしい思い付きですわ！
18	1	/KS00.MAP	これを・・・ここに置いて・・・っと。
18	1	/KS00.MAP	ぬおお～っ。これが祭壇なのだ～ゼー。
18	1	/GB00.MAP	長老は何でも知ってらっしゃるのだよ。
18	1	/GB00.MAP	神秘の力でみるみる力が付くらしいよ。
18	1	/GB00.MAP	きゃー！アスカさーん、かっこいいー！
18	1	/GB00.MAP	見ろよ！水の力で石を浮かばせてるぜ！
18	1	/GB00.MAP	魔法球はガルマンオーブともよばれる。
18	1	/GB00.MAP	あらン？　売るものがないようですわ☆
18	1	/DL00.MAP	おっと、これはしゃべり過ぎましたね。
18	1	/DL00.MAP	ここにはおもしろい仕掛けがあってね。
18	1	/DL00.MAP	ほうら、また踏んだ。あと２回ですよ。
18	1	/IP10.MAP	私も実物は、みたことがありませんわ。
18	1	/IP00.MAP	反対側の扉が開く仕掛けみたいでしね。
18	1	/IP00.MAP	もう一度出直さなけりゃだめだ～ゼー！
18	1	/IP00.MAP	きっと何かの仕掛けがされているでし。
18	1	/IP00.MAP	シラナミなら何か分かるかもしれない。
18	1	/IP00.MAP	この扉には、何か仕掛けがありますぞ。
18	1	/IP00.MAP	あの階段の上にはなにかありそうだな。
18	1	/IP00.MAP	じゃ、いくよ！！みんな、気を付けて！
18	1	/NT21.MAP	・・・誰だろうとかまわん、叩き潰せ。
18	1	/NT30.MAP	・・・第２の魔法文明を築くのですよ。
18	1	/NT30.MAP	その前にポポロンの様子が心配ですわ！
18	1	/NT30.MAP	それがあれば、カオスゲートを使って、
18	1	/NT20.MAP	彼女は自分の世界に入っているようだ。
18	1	/NT20.MAP	それが、アレクトリア大図書館ですわ！
18	1	/HL10.MAP	７人委員会が倒され、平和が戻ったよ！
18	1	/HL10.MAP	カダール万歳！７人委員会に栄光あれ！
18	1	/HL10.MAP	売れるものは持ってないようだけどっ？
18	1	/HL10.MAP	「S」だね。買ってもらえるのかいっ？
18	1	/HL10.MAP	まいどありっ！ほかに何か買うかいっ？
18	1	/HL10.MAP	まいどありっ！ほかに何か売るかいっ？
18	1	/HL10.MAP	むかつきー？売るものないじゃんよォ。
18	1	/HL00.MAP	お？この枯木は、今にも倒れそうだゼ。
18	1	/HL00.MAP	とりあえず、今はやめておくか・・・。
18	1	/KK00.MAP	あ、熱い！ここは一旦引くしかないの？
18	1	/CK00.MAP	奴らは代々毒に強い体質らしいからな。
18	1	/CK00.MAP	へえ、アスカって子供に優しいんだね。
18	1	/CK00.MAP	無理しないで、危なくなったら逃げて！
18	1	/CK00.MAP	火事の時も、わたしを助けてくれたし。
18	1	/CK00.MAP	もう、家族がいなくなるなんてヤだよ！
18	1	/CK00.MAP	村の自慢は、なんといってもタタラね。
18	1	/CK00.MAP	カダールのヤツら、本当に許せないわ！
18	1	/CK00.MAP	俺っチ、カタナなんて作れないでしよ。
18	1	/OB00.MAP	おかしいな・・・。何も見あたらない。
18	1	/OB00.MAP	【荒魂の宝剣】を仕掛けにはめこんだ。
18	1	/MH00.MAP	まったく、感心なヤツもいたもんだね。
18	1	/MH00.MAP	リグロード万歳！ドラグーン王家万歳！
18	1	/MH00.MAP	用意ができたら、さんばしに来とくれ。
18	1	/MH00.MAP	へへへ、俺が言っても説得力がないな。
18	1	/MH00.MAP	この先、部外者は立ち入り禁止である。
18	1	/GT10.MAP	よろしいでしょう。かかってきなさい！
18	1	/GT10.MAP	少し、おしゃべりがすぎたようですね。
18	1	/GT10.MAP	軍人として、指令に従ったまでのこと。
18	1	/KD00.MAP	天邪の鏡は、もう設置してあるようだ。
18	1	/KD00.MAP	天邪の鏡は、もう設置してあるでしよ。
18	1	/KD00.MAP	八坂の勾玉なら、もう設置してあるぜ。
18	1	/KD00.MAP	八坂の勾玉は、すでに設置されている。
18	1	/KD00.MAP	蓬莱の珠は、もう設置してあるようだ。
18	1	/KD00.MAP	蓬莱の珠は、もう設置してあるでしよ。
18	1	/KD00.MAP	ラスティは【天邪の鏡】をはめ込んだ。
18	1	/KD00.MAP	シラナミは【天邪の鏡】をはめ込んだ。
18	1	/KD00.MAP	ミュウは【八坂の勾玉】をはめ込んだ。
18	1	/KD00.MAP	アスカは【八坂の勾玉】をはめ込んだ。
18	1	/KD00.MAP	ナズナは【八坂の勾玉】をはめ込んだ。
18	1	/KD00.MAP	カムイは【八坂の勾玉】をはめ込んだ。
18	1	/KD00.MAP	タタラは【八坂の勾玉】をはめ込んだ。
18	1	/KD00.MAP	ラスティは【蓬莱の珠】をはめ込んだ。
18	1	/KD00.MAP	シラナミは【蓬莱の珠】をはめ込んだ。
18	1	/SK00.MAP	くっ・・・、まだ開かないのか・・・！
18	1	/SK00.MAP	久しぶりの二人っきりね、なの・・・。
18	1	/SK00.MAP	うにゃ？思ったより人数が少ないのね？
18	1	/HY00.MAP	へぇ、なんだか、神秘的なところだな。
18	1	/HY00.MAP	ナズナも、ここを気に入ったの、なの。
18	1	/HY00.MAP	またここを通るの？嫌だなあ・・・・。
18	1	/KM10.MAP	あんなに真剣なラスティは初めて見た。
18	1	/KM10.MAP	おいてけぼりたぁ、寂しいじゃねぇか！
18	1	/KM00.MAP	カムイ！・・・一体どうなっているの？
18	1	/KM00.MAP	売れるものは持ってないようですがの。
18	1	/KM00.MAP	おや？売るものがないようでやんすよ。
18	1	/KM00.MAP	けっ！ことなかれ主義の腰抜けどもめ。
18	1	/KM00.MAP	女子供の人質は、反乱防止のためだろ？
18	1	/KM00.MAP	ほら、目の輝きがさっきまでとは違う。
18	1	/KM00.MAP	イガを越えたところに西の関所がある。
18	1	/KM00.MAP	カムイ様、ユーカリが待っていますわ。
18	1	/KM00.MAP	カムイ様だ！カムイ様がかえってきた！
18	1	/GH00.MAP	その無念、われが晴らしてくれようぞ！
18	1	/HS10.MAP	どこかに、こいつの相棒がいるのかな？
18	1	/HS10.MAP	・・・なにこれ？あたし、わかんない。
18	1	/HS00.MAP	ア～ちゃん？随分久しぶりに聞いたな。
18	1	/HS00.MAP	うん。態勢を整えて、もう一度進もう！
18	1	/GM00.MAP	せちがらい世の中に、ええ話ですなぁ。
18	1	/GM00.MAP	いやぁ、アスカさまさまやわァ・・・。
18	1	/GM00.MAP	その中で新しい技を生み出すのんどす。
18	1	/GM00.MAP	人間や化け物には、弱点があんねんて。
18	1	/GM00.MAP	大きなったら、立派な盗人になんねん！
18	1	/GM00.MAP	イガ最強と言われる月組の頭領やねん。
18	1	/GM00.MAP	次に、ゲームのむずかしさを決めてね。
18	1	/GM00.MAP	チェンジするカードを選んでくださる？
18	1	/GM00.MAP	売れるものをお持ちでないようですが。
18	1	/GM00.MAP	これ以上はお持ちになれないようです。
18	1	/GM00.MAP	おや、やめるのかい。ほかに何かある？
18	1	/GM00.MAP	「S」を売ってもらってもいいんだね？
18	1	/GM00.MAP	「S」ですな。買うていただけますか？
18	1	/GM00.MAP	み、みんな！どうし・・・た・・・・。
18	1	/NJ10.MAP	全リグロード大陸と全ヤマタイ・・・。
18	1	/NJ10.MAP	結界洞の先には、ゲテン城があるのよ。
18	1	/NJ00.MAP	さあ、アスカの仲間を助けに行こうよ！
18	1	/NJ00.MAP	掛け軸には「邪道我道」と書いてある。
18	1	/IG10.MAP	どうも、はじめまして。よ、よろしく。
18	1	/IG00.MAP	悪が栄えることはできないってことさ。
18	1	/IG00.MAP	へへへ、アニキって呼んでもいいかい？
18	1	/IG00.MAP	いつまでもフラフラしてちゃダメだよ！
18	1	/IG00.MAP	よくぞぬれぎぬをはらされましたじゃ！
18	1	/IG00.MAP	あら、やめるの。ほかに用はあるかい？
18	1	/IG00.MAP	「S」を買いとってやればいいんだろ？
18	1	/IG00.MAP	あなたに話すことなんて、何もないわ。
18	1	/IG00.MAP	世界はなくなっちゃうのかなァ・・・？
18	1	/NZ10.MAP	ああ、異界から召喚した精霊の一種だ。
18	1	/NZ10.MAP	純白のウェディングドレスもステキよ？
18	1	/NZ00.MAP	ここはナズナが眠っていた洞窟なのね。
18	1	/WR02.MAP	リグロードは一体どうしてしまったの！
18	2	/WR02.MAP	うん。お願いします、ディアーネさん！
18	1	/WR02.MAP	どうしたの？何か思い当たることでも？
18	1	/WY02.MAP	なんとか橋が落ちる前に脱出できたね。
18	1	/WY02.MAP	ナズナ、ちょっと黙っててくれないか？
18	1	/WY02.MAP	もっと仲間が必要ってことなの、なの？
18	1	/WK00.MAP	これで、世界に平和が戻ったの、なの！
18	1	/WK00.MAP	いくよ、７人委員会の思念を倒すんだ！
18	1	/WK00.MAP	ズギャっとやっつけちまうのだ～ゼー！
18	1	/WR00.MAP	はやる気持ちは分かるけどな、ミュウ。
18	1	/WR00.MAP	なんだよ、二人して口ごもって・・・。
18	1	/WR00.MAP	あんまり行きたくないな・・・なんて。
18	1	/WR00.MAP	今ここで、ヤケになってどうするのさ！
18	1	/WR00.MAP	今はまだ、城を再建する時期じゃない。
18	1	/WR00.MAP	うん、それが不思議なんだけど・・・。
18	1	/WR00.MAP	いつか、ぜったい、元通りにするんだ。
18	1	/WR00.MAP	ああ。良くできた幻は現実と変らねぇ。
18	1	/WR00.MAP	おお、ドラグーンの姫君でござったか！
18	1	/WR00.MAP	・・・決着をつけてやるぞ、ラグロス！
18	1	/WR00.MAP	みんな何やってんの！さぁ、行こうよ！
18	1	/WR00.MAP	何か気になることでもあるの、ミュウ？
18	1	/WR00.MAP	［］だったら、こうしたらどうだろう？
18	1	/WC00.MAP	宿命・・・、あるいは運命ってヤツか。
18	1	/WC00.MAP	ありていに申すと、そうなりましてよ。
18	1	/WC00.MAP	いよいよ決戦ってわけだな。燃えるぜ！
18	1	/WC00.MAP	アンジュ、ごめん、きついこと言って。
18	1	/WC00.MAP	ふむ、若いということは素晴らしいね。
18	1	/WC00.MAP	はっきり言って、役に立つのだ～ゼー！
18	1	/WC00.MAP	何はともあれ、ご無事でなによりです！
18	1	/WC00.MAP	なにかの前触れで無ければよいですが。
18	1	/WC00.MAP	ってことは、ここに手がかりは無いな。
18	2	/SS10.MAP	オレ達がやってんのは、戦争なんだぜ！
18	1	/WY00.MAP	うむう～。シラナミ～、ジャマなのね。
18	1	/WY00.MAP	よし、じゃあ、このメンバーでいこう。
18	1	/WY00.MAP	おいおい。縁起でもねえ事言うなよな。
18	1	/WY00.MAP	ここにキミの部下が捕まってるんだね？
18	1	/WY00.MAP	きゃ～、恥ずかしい～ン、なのなのォ☆
18	1	/WY00.MAP	で、そっちはこれからどうするんだい？
18	1	/WY00.MAP	おっと、こっちはただの倉庫みたいだ。
18	1	/WY00.MAP	何だ、お前達は！ここで何をしている！
18	1	/WY00.MAP	いままでのことを記録しておきますか？
18	1	/WY00.MAP	ここは・・・オボロ谷の前じゃないの！
18	1	/WAZAHELP.MSG	忍びの技で鋭く斬り付けて攻撃します。
18	1	/WAZAHELP.MSG	遠距離まで届く弓矢で敵を射抜きます。
18	1	/WAZAHELP.MSG	敵を貫通する弓矢を放って攻撃します。
18	1	/WAZAHELP.MSG	敵を焼きつくす３本の炎を発射します。
18	1	/WAZAHELP.MSG	本から炎が吹き出し、敵を攻撃します。
18	1	/WAZAHELP.MSG	本から氷が飛び出し、敵を攻撃します。
18	1	/WAZAHELP.MSG	見えない敵を見える状態にする術です。
18	1	/WAZAHELP.MSG	敵の眠気を誘い、眠らせてしまいます。
18	1	/ITEMHELP.MSG	ＨＰを５００回復することができます。
18	1	/ITEMHELP.MSG	ＨＰを完全に回復することができます。
18	1	/ITEMHELP.MSG	ＭＰを２００回復することができます。
18	1	/ITEMHELP.MSG	ＭＰを５００回復することができます。
18	1	/ITEMHELP.MSG	身につけると、行動範囲が広がります。
18	1	/ITEMHELP.MSG	ピラミッドの神秘の扉を開くカギです。
18	1	/ITEMHELP.MSG	雷のごとき一撃を敵にあたえる刀です。
18	1	/ITEMHELP.MSG	普通の弓よりも強力な矢を放つ弓です。
18	1	/ITEMHELP.MSG	特に水に対しての守りを高める盾です。
18	1	/ITEMHELP.MSG	暗黒の力をよせつけない聖なる盾です。
17	1	/GT00.MAP	いつでもいいぜ！叩きのめしてやる！
17	1	/GT00.MAP	みんな、無事だね。・・・よかった。
17	1	/KB10.MAP	むっ、カダールの生き残りだ～ゼー！
17	2	/KB10.MAP	よし、倒したぞ。さあ、先を急ごう。
17	8	/TJ32.MAP	やるじゃないか。そら、賞品のGだ。
17	1	/TM00.MAP	売りに来やがっちゃったワケですね？
17	1	/TM00.MAP	決心がついたら、登録するぞなもし。
17	2	/BL00.MAP	来ちまったのかい。で、何にするね？
17	2	/BL00.MAP	あら？売るものがないようですわよ。
17	1	/BL00.MAP	しかし、技のレベルアップは可能だ。
17	1	/BL00.MAP	決心がついたら、登録してってくれ。
17	1	/CT20.MAP	魔法球は壊さないほうがいいわよね。
17	1	/CT20.MAP	これで世界も平和になるの、なのね。
17	1	/CT20.MAP	みんな、各個撃破されちゃだめだよ！
17	1	/CT20.MAP	一体どんな力を持っているのかしら。
17	1	/CT20.MAP	どんな力を持っているというのなの？
17	1	/CT20.MAP	一体どんな力を持っているのでしか？
17	1	/CT10.MAP	困ったねぇ。どうやって下りようか。
17	1	/CT00.MAP	見たこともないような敵ばかりだな。
17	1	/OT02.MAP	いいね、それ。いい考えだと思うよ！
17	1	/OT02.MAP	心から礼を言いますぞ、ミュウ姫様。
17	1	/IG01.MAP	さよなら、ミュウ！幸せになってね！
17	1	/CK01.MAP	ここが、俺っチの故郷クリカラでし。
17	1	/CK01.MAP	自然だけは沢山あるところですのね。
17	1	/OT01.MAP	確か、弟は学者をしているって話だ。
17	2	/OT01.MAP	売りにいらっしゃったのでござるか？
17	1	/OT01.MAP	して、何を売っていただけましょう？
17	2	/OT01.MAP	持ち合わせが足りぬようでござるが？
17	1	/ZM01.MAP	「S」を売ってくれるのかい、姫様？
17	1	/ZM01.MAP	「S」だね。買ってもらえるのかい？
17	1	/WR10.MAP	確かに、ボクも聞いたことがあるよ。
17	1	/RS01.MAP	向こう側に、飛んでいって敵を倒す。
17	1	/DG21.MAP	おお、ミュウ、見事な戦いだったぞ！
17	1	/WS01.MAP	ア～ちゃん・・・元気だった・・・？
17	1	/ES00.MAP	ふぅむ、これが、水晶柱でござるか。
17	1	/MK00.MAP	そうだ、我々は世界を支配するのだ！
17	1	/MK00.MAP	我らが世界を支配するのだあああぁ！
17	1	/MK00.MAP	ジャマするものはつぶしてくれるわ！
17	1	/WS00.MAP	こんなところに何か意味があるのか？
17	1	/RT20.MAP	ご高説をたまわり・・・いたみいる。
17	1	/RT20.MAP	そんなこと、物理的に不可能ですわ！
17	1	/RT20.MAP	最期に、我らの目的を教えてやろう。
17	1	/RT20.MAP	・・・けして、不可能ではないのだ。
17	1	/RT20.MAP	だけど・・・あいつだけは許さない！
17	13	/QH00.MAP	みんな！イクシーズの修理を急ごう！
17	1	/QH00.MAP	そんなに持てないんじゃないですか？
17	1	/QH00.MAP	あなた、ラスティ王子に似てますね。
17	1	/IZ00.MAP	船体の補修、出力装置の調整・・・。
17	1	/IZ00.MAP	うん。・・・なんか照れるな・・・。
17	2	/IZ00.MAP	うん、分かった。どうもありがとう。
17	1	/ZM00.MAP	ごめん、みんな。もう大丈夫だから。
17	1	/ZM00.MAP	こんなことにはならなかったのにな。
17	1	/ZM00.MAP	ところで、こんな噂を御存知ですか？
17	1	/ZM00.MAP	オレはミュウ様のことを信じてたぜ！
17	1	/ZM00.MAP	おほめにあずかり、恐縮でござるよ。
17	1	/ZM00.MAP	ミュウ姉様は友達が沢山いていいね。
17	1	/ZM00.MAP	なんだ。売るものがないじゃないか。
17	3	/ZM00.MAP	ありがとうよ。ほかに何か買うかい？
17	3	/ZM00.MAP	ありがとうよ。ほかに何か売るかい？
17	2	/ZM00.MAP	「S」を売っていただけるんですの？
17	1	/IS10.MAP	カオスの満ちる世界、カカルクラン。
17	1	/IS00.MAP	弟は一体どこにいるのでござろうか？
17	1	/KR00.MAP	それで、どれを売っていただけます？
17	1	/KR00.MAP	どうか、ひらに、ひらにご容赦をっ！
17	1	/KR00.MAP	あんた達も、一度立ち寄ってみなよ。
17	1	/KR00.MAP	もう、この世も終りなんですかね！？
17	1	/KR00.MAP	ったく、ハレハレガッコンだよなぁ。
17	1	/KR00.MAP	言い伝えとして、聞いたところでは、
17	1	/KR00.MAP	じゃあ、これ、間違いなく渡したよ！
17	1	/KR00.MAP	手紙は、手紙は渡してもらえたかい？
17	1	/JG10.MAP	・・・ってワケにはいかないでしね。
17	1	/JG10.MAP	空中戦なら、拙者におまかせ下され！
17	1	/JG00.MAP	僕だって、あいつらだけは許せない！
17	1	/JG00.MAP	そう言ってくれると思っていました。
17	1	/JG00.MAP	なんだ？ヒョットコみてぇな顔して。
17	1	/OT10.MAP	なんだって、奴らがこんなところに！
17	1	/OT00.MAP	賛成！お買物って、楽しいんだよね。
17	1	/OT00.MAP	何を買っていただけるのでござるか？
17	1	/OT00.MAP	何を売っていただけるのでござるか？
17	1	/OT00.MAP	カダールの連中はやっつけたんだろ？
17	1	/OT00.MAP	お心づかいいただき、かたじけない。
17	1	/AT20.MAP	みんな！あそこに、出口がみえるよ。
17	1	/AT20.MAP	きっとこれが、マラカイトなのだな。
17	1	/AT20.MAP	だが、これで、心残りはなくなった。
17	1	/AT20.MAP	・・・若さとは、まぶしいものだな。
17	1	/AT10.MAP	イクシーズについてもっと調べよう。
17	1	/AT10.MAP	これだよ！ファルコの言ってたのは！
17	1	/AT00.MAP	図書整理中につき立ち入り禁止です。
17	1	/AT00.MAP	アスカぁ、ナズナが意地悪言うのぉ。
17	1	/AT00.MAP	アスカは尻に敷かれるタイプだねぇ。
17	1	/AT00.MAP	そんなことはありえませんわ。館長！
17	1	/AT00.MAP	「忘れるな、我が名は雷光のアーヤ。
17	1	/AT00.MAP	「確かに、あの時、私の手で・・・」
17	1	/AT00.MAP	私は、自分を止めることができない。
17	1	/AT00.MAP	・・・お父様は、地下通路にいます！
17	1	/MP00.MAP	・・・えっ？失礼するって、どこへ？
17	1	/MP00.MAP	まさかぁ！冗談がお好きなんですね。
17	1	/MP00.MAP	これは一体誰のしわざなんでしょう？
17	1	/MP00.MAP	世界が滅びる前ぶれってことかしら？
17	1	/KS00.MAP	見てみろよ！こりゃいったいなんだ？
17	1	/KS00.MAP	これが光なす翼の起動装置ですのね。
17	1	/GB00.MAP	死の砂漠には出口がふたつあるんだ。
17	1	/GB00.MAP	世界はこのまま崩壊してしまうかね？
17	1	/GB00.MAP	実際のはなし、すごいと思うだろ？！
17	1	/GB00.MAP	だから、使いようによっては便利だ。
17	1	/GB00.MAP	とりあえず悲鳴をあげておきましょ。
17	1	/GB00.MAP	すべては、光なす翼を守らんがため。
17	1	/IP10.MAP	ガルマンオーブを捜しているのです。
17	1	/IP00.MAP	反対側の扉が開いちゃったの、なの。
17	1	/NT21.MAP	は！成功をお祈りいたしております。
17	2	/NT21.MAP	一体、どこにつながっているんだろ？
17	1	/NT30.MAP	ふふふ、わたしの負けですか・・・。
17	1	/NT30.MAP	愚かな人類を粛正せんがため・・・。
17	1	/NT30.MAP	その世界で何をするつもりですの！？
17	1	/NT20.MAP	そうですわ！そうに違いないですわ！
17	1	/NT20.MAP	居心地はどうですかな？ミュウ王女。
17	1	/NT20.MAP	しかし、貴殿の命も明朝まで・・・。
17	1	/NT20.MAP	すべては「大事の前の小事」ですよ。
17	1	/NT20.MAP	俺は港町ポポロンで、捕まったんだ。
17	1	/NT20.MAP	そんなあなたには餓鬼玉をあげるね。
17	1	/NT10.MAP	だが、両側にいる兵がやっかいだな。
17	1	/NT00.MAP	ここを抜ければ、外に出られますわ。
17	1	/NT00.MAP	不潔なベッドはもうこりごりですわ。
17	1	/HL10.MAP	そんなに持てねぇだろ。やめときな。
17	1	/HL10.MAP	ウチの防具は、どれも一級品だよっ。
17	1	/HL00.MAP	どうも、この枯木が気になるな・・・
17	1	/HL00.MAP	これでハイランドにいけるの、なの。
17	1	/HL00.MAP	う～ん・・気にはなるんだけど・・・
17	1	/HL00.MAP	でも、なにかが気にかかりましてよ。
17	1	/HL00.MAP	それには、まず、ここをどう渡るかを
17	2	/KK01.MAP	もし爆発したりしたら、一大事だな。
17	2	/KK01.MAP	ここに水を入れるってぇ、ワケだな。
17	2	/KK01.MAP	ここに水を入れればいいの、なのね。
17	1	/KK00.MAP	とにかく時間がないでし！急ぐでし！
17	1	/CK00.MAP	はい、いらっしゃい。どんな用だい？
17	1	/CK00.MAP	そうかい・・・。また来ておくれよ。
17	1	/CK00.MAP	売れるものを持ってないようだけど？
17	1	/CK00.MAP	「S」を売ってもらっていいんだね？
17	1	/CK00.MAP	あらン？売るものがないようですわ☆
17	1	/CK00.MAP	そうだ！ボク達が手伝ってあげるよ。
17	1	/CK00.MAP	お兄ちゃんがこの水を運んできたの。
17	1	/CK00.MAP	でも、こんな沢山の水を何に使うの？
17	1	/CK00.MAP	いったい、何が起こってるの・・・。
17	1	/CK00.MAP	ウソついたら針千本のませるからね！
17	1	/CK00.MAP	やっぱりカダールのせいだったのね。
17	1	/CK00.MAP	それ以上近寄らない方がいいでしよ。
17	1	/CK00.MAP	じゃあここはひとまずおあずけだね。
17	1	/OB00.MAP	アスカは仕掛けをけとばした・・・。
17	1	/OB00.MAP	それは、キミがラスティだからだよ。
17	1	/OB00.MAP	ここにいても時間の無駄ってワケだ。
17	1	/MH00.MAP	世の中ってのは分からないもんだね。
17	1	/MH00.MAP	そんな夢みたいな話があるわけねぇ。
17	1	/MH00.MAP	あ、ありがとうございますぅぅぅぅ。
17	1	/MH00.MAP	男の子がめそめそ泣くんじゃないよ！
17	1	/MH00.MAP	まぁ確かに、平和にはなったけどよ。
17	1	/MH00.MAP	しかも、小娘だっていうじゃねぇか。
17	1	/MH00.MAP	何にしても、平和が戻ってよかった。
17	1	/MH00.MAP	ああ・・・確かに、あの人の字だわ。
17	1	/GT20.MAP	じゃあ、港町ヒガタに行ってみよう。
17	1	/GT10.MAP	計画・・・？一体、何の計画でしか？
17	1	/GT10.MAP	７人委員会様よりおよびがかかった。
17	1	/KD00.MAP	天邪の鏡なら、もう設置してあるぜ。
17	1	/KD00.MAP	天邪の鏡は、すでに設置されている。
17	1	/KD00.MAP	八坂の勾玉は、もう設置してあるよ。
17	1	/KD00.MAP	蓬莱の珠なら、もう設置してあるぜ。
17	1	/KD00.MAP	蓬莱の珠は、すでに設置されている。
17	1	/KD00.MAP	ミュウは【天邪の鏡】をはめ込んだ。
17	1	/KD00.MAP	アスカは【天邪の鏡】をはめ込んだ。
17	1	/KD00.MAP	ナズナは【天邪の鏡】をはめ込んだ。
17	1	/KD00.MAP	カムイは【天邪の鏡】をはめ込んだ。
17	1	/KD00.MAP	タタラは【天邪の鏡】をはめ込んだ。
17	1	/KD00.MAP	ミュウは【蓬莱の珠】をはめ込んだ。
17	1	/KD00.MAP	アスカは【蓬莱の珠】をはめ込んだ。
17	1	/KD00.MAP	ナズナは【蓬莱の珠】をはめ込んだ。
17	1	/KD00.MAP	カムイは【蓬莱の珠】をはめ込んだ。
17	1	/KD00.MAP	タタラは【蓬莱の珠】をはめ込んだ。
17	1	/SK10.MAP	わしはどうなってもいいから・・・。
17	1	/SK10.MAP	竜騎士の誇りと名誉にかけて誓うよ。
17	1	/SK10.MAP	結界洞を開く【蓬莱の珠】か・・・。
17	1	/SK10.MAP	そうだね・・・。さあ、先を急ごう。
17	1	/SK00.MAP	いやーん、まだ開かないの、なのね。
17	1	/SK00.MAP	子供達は？子供達はどこにいるんだ？
17	1	/SK00.MAP	お願いです！子供達を助けて下さい！
17	1	/SK00.MAP	分かった！でも、一旦、外へ出よう。
17	1	/SK00.MAP	何回も、「調べる」するしかないね。
17	1	/HY00.MAP	いよいよ、この先が星陵郭、なのね。
17	1	/HY00.MAP	村に戻って装備を整えるの、なのね。
17	1	/HY00.MAP	精霊の働きを強く感じるの、なのね。
17	1	/HY00.MAP	あそこは山道になっていて坂が急だ。
17	1	/KM10.MAP	なにを！こい！叩きのめしてくれる！
17	1	/KM10.MAP	・・・助かるかどうか、じゃないよ。
17	1	/KM10.MAP	ううん、それができた人はいないよ。
17	1	/KM10.MAP	もうしゃべらないで。じっとしてて。
17	1	/KM10.MAP	年上でも何でも、嘘をつく人は嫌い。
17	1	/KM00.MAP	だから、思う存分暴れてらっしゃい！
17	1	/KM00.MAP	いらっしゃいませ。何にしますかの？
17	1	/KM00.MAP	それで、カムイ、その後どうしたの？
17	1	/KM00.MAP	生きて行く上で、大切なこと・・・？
17	1	/KM00.MAP	友というのは、ありがたいものだな。
17	1	/KM00.MAP	友を失うということは悲しいことだ。
17	1	/KZ00.MAP	ここはもう捨てられた場所なのかな？
17	1	/GH00.MAP	われとてこの地方を任されたオトコ。
17	1	/HS10.MAP	となりゃ、問題は、弓を使う敵だな。
17	1	/HS10.MAP	たぶん結界洞を開くための道具だね。
17	1	/HS00.MAP	あたしのこと、覚えてないですって！
17	1	/HS00.MAP	・・・いや。そう言われても・・・。
17	1	/HS00.MAP	いいわ、忘れてたのは許してあげる。
17	1	/HS00.MAP	すまない。ここを出してくれないか？
17	1	/HS00.MAP	それこそどういうことよ、ラスティ！
17	1	/HS00.MAP	便所だよ、便所。臭いでわかるだろ？
17	1	/GM00.MAP	看板は正面からでないと読めないよ。
17	1	/GM00.MAP	強さいうのんは、何なんですやろな。
17	1	/GM00.MAP	ウチはこう見えても、武道家の娘や。
17	1	/GM00.MAP	そこんとこ注意せんとあきませんえ。
17	1	/GM00.MAP	うふ。イガのアスカって知ってはる？
17	1	/GM00.MAP	さて、どれをお売りいただけますか？
17	1	/GM00.MAP	おや、何も売るものがないようだね？
17	1	/GM00.MAP	売れるものなんか持ってぇへんやん。
17	1	/GM00.MAP	用もないことだし、このまま帰ろう。
17	1	/NJ10.MAP	カダールのために戦う？馬鹿言うな。
17	1	/NJ10.MAP	カダールの思うようにはさせないゾ！
17	1	/NJ10.MAP	くっつくなって言ってるだろうがっ！
17	1	/NJ10.MAP	だったら、力ずくで取り返すまでだ！
17	1	/NJ00.MAP	そこには落し穴がしかけられている。
17	1	/IG00.MAP	あなたたちに話すような事はないわ！
17	1	/IG00.MAP	言い伝えなんかじゃないの、なのね！
17	1	/IG00.MAP	今はどうなっておることやら・・・。
17	1	/IG00.MAP	それを求めるもまた、よろしかろう。
17	1	/IG00.MAP	魅了の技は、異性にはよく効くのよ。
17	1	/IG00.MAP	それは、可愛いナズナのことなのね！
17	1	/IG00.MAP	さすがは、イガ最強のシノビだよね！
17	1	/IG00.MAP	きゃー、アシュカじゃないのよのさ。
17	1	/IG00.MAP	行こうぜ、仲間を早く助けたいんだ。
17	1	/NZ00.MAP	とくにあいつは強敵だ。注意しろよ。
17	1	/WR02.MAP	くわしくは知らないんだけど・・・。
17	1	/WR02.MAP	ようやくこちら側に渡れたでござる。
17	1	/WR02.MAP	学者？一体、何の研究をしていたの？
17	1	/WY02.MAP	そうなの、なの！危険なのよ、なの！
17	1	/WY02.MAP	ど、どうしたらいいんだろう・・・。
17	1	/WY02.MAP	うん。ありがとう、ディアーネさん。
17	1	/WY02.MAP	見て！なんて、大きな山なの・・・！
17	1	/WY02.MAP	リグロードでは見られない風景だね。
17	1	/WY02.MAP	タタラは再び工場へと入っていった。
17	1	/WK00.MAP	このままでは、お父様の魂は・・・。
17	1	/WK00.MAP	ようし、いっちょ、ハデに暴れるか！
17	1	/WK00.MAP	ディアーネさん・・・。ありがとう！
17	1	/WR00.MAP	［］あたしもア～ちゃんに賛成だよ。
17	1	/WR00.MAP	ア～ちゃんとなら、どこでも行くよ！
17	1	/WR00.MAP	クィーンズランドへの街道が・・・。
17	1	/WR00.MAP	ボクはミュウ。ドラグーンの竜騎士。
17	1	/WR00.MAP	足手まといにはならぬ自信がござる。
17	1	/WR00.MAP	クィーンズハートの町に入りますか？
17	1	/WR00.MAP	だが、戦いはもう終った、そうだろ？
17	1	/WR00.MAP	カダールのアレクトリア大図書館へ？
17	1	/WC00.MAP	それで、これからどういたしますの？
17	1	/WC00.MAP	決戦に備えて一旦ここで休憩しよう！
17	1	/WC00.MAP	でしたら、多少の無理も必要ですわ。
17	1	/WC00.MAP	そんな生ぬるいことでは困りますわ。
17	1	/WC00.MAP	ナズナも怪しいと思ってたの、なの！
17	1	/WC00.MAP	おまえ達は、どっちの味方だ～ゼー？
17	1	/WC00.MAP	あれは！カカルクランで見た魔法球！
17	1	/WC00.MAP	ちょっとどころじゃないと思うけど。
17	1	/WC00.MAP	うん。僕も同じ気持ちだよ、ミュウ！
17	1	/WC00.MAP	わたくしを誰だと思っているのです！
17	1	/WC00.MAP	失礼しました。どうぞお通り下さい。
17	1	/WY00.MAP	しかし、こりゃ、いよいよヤバいな。
17	1	/WY00.MAP	イガの里はこの先じゃないみたいね。
17	1	/WY00.MAP	まず、彼を助けるべきじゃないかな？
17	1	/WY00.MAP	ヒガタに戻りたいなら、言ってくれ。
17	1	/WAZAHELP.MSG	敵から、敵の持つ技を盗み取ります。
17	1	/WAZAHELP.MSG	相手の力を奪い、弱くさせる技です。
17	1	/WAZAHELP.MSG	雷の力をもつ弓矢で敵を射抜きます。
17	1	/WAZAHELP.MSG	敵を貫通する炎の弓矢で攻撃します。
17	1	/WAZAHELP.MSG	球状の火炎が敵に襲いかかる術です。
17	1	/WAZAHELP.MSG	大地震を起こして敵を巻き込みます。
17	1	/ITEMHELP.MSG	ＭＰを５０回復することができます。
17	1	/ITEMHELP.MSG	身につけると、防御力が上がります。
17	1	/ITEMHELP.MSG	忍者屋敷で手に入れたアイテムです。
17	1	/ITEMHELP.MSG	一般的に使われている短めの剣です。
17	1	/ITEMHELP.MSG	聖なる竜の力を宿した最強の刀です。
17	1	/ITEMHELP.MSG	手にはめて手を守るための防具です。
17	1	/ITEMHELP.MSG	金属片をはり合わせたグローブです。
17	1	/ITEMHELP.MSG	全身を守るのに適した大型の盾です。
16	153	/GT00.MAP	　　　　　扉は開きませんでした。
16	3	/TJ72.MAP	参加しないまでも賭けはできるぜ。
16	9	/TJ72.MAP	わっはっはっはっ、残念だったな。
16	3	/KB00.MAP	ズギャっとやっつけたのだ～ゼー！
16	5	/TJ51.MAP	ここは栄光への近道、闘技場だよ。
16	2	/TJ01.MAP	わはははははは、残念でしたなぁ。
16	1	/TM00.MAP	１．パーティは８名までぞなもし！
16	2	/BL00.MAP	ふん、来やがったか。何の用じゃ？
16	2	/BL00.MAP	「S」を買いとれというのじゃな？
16	1	/BL00.MAP	したがって、レベルアップはない。
16	1	/CT20.MAP	剣剣剣椥椥椥阜阜mkmmlkjj
16	1	/CT20.MAP	獄獄獄洽洽洽獄獄sqssrqpp
16	1	/CT10.MAP	ミュウよ、われらの思いに答えよ。
16	1	/CT10.MAP	・・・いったい、何のことだろう。
16	1	/CT10.MAP	お前達、生きていたでござるか！！
16	1	/CT10.MAP	・・・いったい、何のことだろう？
16	1	/CT10.MAP	・・・いったい、何のことなんだ？
16	1	/CT10.MAP	・・・いったい、何のことですの？
16	1	/CT10.MAP	・・・いったい、何のことなのよ？
16	1	/CT10.MAP	・・・いったい、何のことでしか？
16	1	/CT10.MAP	鳥になって仲間をつかんで下りるか
16	1	/CT00.MAP	見たことの無いな敵ばかりでしね。
16	1	/OT02.MAP	そして、拙者が、商いをする、と。
16	1	/OT02.MAP	じゃあ、ボク達は、これで・・・。
16	1	/IG01.MAP	年とともにシワも増えるの、なの！
16	1	/IG01.MAP	もちろん、アスカとナズナなのね！
16	1	/OT01.MAP	どれをお売りくださるのでしょう？
16	1	/OT01.MAP	あら？売るものがないようですよ。
16	2	/OT01.MAP	持ち合わせが足りぬようでござる。
16	1	/ZM01.MAP	そのためにもオルトマへ急ごう！！
16	1	/ZM01.MAP	武器を買ってくれんのかい、姫様。
16	1	/KB01.MAP	命が惜しかったら、この場を去れ！
16	1	/RS01.MAP	ボクの精神力に余裕があったらね！
16	2	/ES01.MAP	この世界を、ボクたちで守るんだ！
16	2	/ES10.MAP	この水晶柱が原因とも思えないが。
16	1	/ES00.MAP	じゃ、せいぜい気をつけて行こう。
16	1	/MK00.MAP	馬鹿め！これはお前が望んだ結末。
16	1	/RT20.MAP	我らの野望を邪魔する者は許さん！
16	1	/RT20.MAP	お前の両親には失望させられたよ。
16	1	/RT20.MAP	・・・ガルマンオーブがあれば！！
16	1	/RT20.MAP	そんな知識を一体どこから・・・？
16	1	/RT20.MAP	そして・・・・・・世界は永遠に、
16	1	/RT20.MAP	お願いです、私達を助けて下さい。
16	1	/RT20.MAP	こちらの鍵はどこの鍵ですかしら？
16	1	/RT20.MAP	私の命も、もはやここまで・・・。
16	1	/RT00.MAP	丐仟丐箱箱丐悛丐愨憫愨悛悛悛丐箱
16	1	/RT00.MAP	仟仟仟箱箱丐悛丐愨憫愨悛悛悛丐箱
16	1	/QH00.MAP	「S」かい。こいつでいいのかい？
16	1	/QH00.MAP	まいどありっ。ほかに何か買うか？
16	1	/QH00.MAP	まいどありっ。ほかに何か売るか？
16	1	/QH00.MAP	じゃあ、何を売ってもらえますぅ？
16	1	/QH00.MAP	「S」を売ってくれるんですねっ？
16	1	/QH00.MAP	ちょっと、あんた、聞いたかい！？
16	1	/QH00.MAP	そこのところどうなんだ、オイっ！
16	1	/QH00.MAP	世界はどうなってるのでしょうか。
16	1	/QH00.MAP	不老長寿の宝、神仙の玉を持てば、
16	1	/IZ00.MAP	あんたには分かるのかよ、カムイ？
16	1	/IZ00.MAP	カダールのアレクトリア大図書館？
16	2	/IZ00.MAP	姫様、どうかこれをお受取下さい。
16	2	/IZ00.MAP	我らを呼び出すための品でござる。
16	1	/IZ00.MAP	まさか、これも７人委員会の仕業？
16	1	/ZM00.MAP	みんなには申し訳ないと思ってる。
16	1	/ZM00.MAP	パニックをふせぐためには・・・。
16	1	/ZM00.MAP	確かに、その節は、失礼しました。
16	1	/ZM00.MAP	きっと、カダール軍の仕業ですわ！
16	1	/ZM00.MAP	残念ですじゃ。またおいで下され。
16	1	/ZM00.MAP	どれを売っていただけますのじゃ？
16	1	/DG10.MAP	じ・・・じつは・・。王は・・・。
16	1	/DG00.MAP	思ったより足場が悪いようですわ。
16	1	/DS10.MAP	なんだろう、これ。・・・霧かな？
16	1	/DS10.MAP	どこにも、出口が見当たらねぇぜ。
16	1	/IS00.MAP	もしかしたら、宝石だったりして！
16	4	/KR00.MAP	売れるものは持ってないようだが。
16	1	/KR00.MAP	いやぁ、ここだけのはなしですよ。
16	1	/KR00.MAP	意中の人がいらっしゃるのですか？
16	1	/KR00.MAP	ラグロスの塔、とか言うらしいよ。
16	1	/KR00.MAP	く・・・傷にひびきやがる・・・。
16	1	/DS00.MAP	かくなる上は、正々堂々と勝負ぞ！
16	1	/JG10.MAP	この崖、どうやって向こうへ渡る？
16	1	/JG00.MAP	ミュウ・・・気をつけてね・・・。
16	1	/JG00.MAP	ずっと、いてもらってもいいでし。
16	1	/JG00.MAP	・・・よ、よかったわね、ナズナ。
16	1	/ST10.MAP	アローストーンを、入手しました。
16	1	/OT00.MAP	知合いの船乗りにあずけておくか。
16	1	/OT00.MAP	で、どちらまで船を出しますかね？
16	1	/AT20.MAP	この石はなにかのスイッチでしか？
16	1	/AT20.MAP	ぬおっ！橋がかかったのだ～ゼー！
16	1	/AT20.MAP	許せないゾ！カダールのヤツらめ！
16	1	/AT20.MAP	こんなところに陸地ができてるぜ！
16	1	/AT20.MAP	イクシーズで見たのと同じでしね。
16	1	/AT10.MAP	ウィスコって奴もうかばれねえぜ。
16	1	/AT00.MAP	すべては大事の前の小事にすぎん。
16	1	/AT00.MAP	カオスゲートは魔法の転移装置だ。
16	1	/AT00.MAP	だまれ！いいから出ていくのだ！！
16	1	/AT00.MAP	だが、それと家族ってのは別だぜ。
16	1	/AT00.MAP	ふんっ！恋なんて下らないですわ。
16	1	/AT00.MAP	下らないわよ。時間の無駄ですわ。
16	1	/AT00.MAP	それを言うなら、夫婦喧嘩でしょ？
16	1	/AT00.MAP	鍵をかけ忘れる方が悪いのですわ。
16	1	/AT00.MAP	「いい夢、旅気分～カダール編」１
16	1	/AT00.MAP	「いい夢、旅気分～カダール編」２
16	1	/AT00.MAP	「いい夢、旅気分～カダール編」３
16	1	/AT00.MAP	「いい夢、旅気分～カダール編」４
16	1	/AT00.MAP	いえ、わたくしには分かりますわ。
16	1	/AT00.MAP	分かった・・・。行こう、みんな！
16	1	/MP00.MAP	ラスティ！それに・・・みんな！！
16	1	/MP00.MAP	野望を実現しようとしてるらしい。
16	1	/MP00.MAP	港にも活気がもどりはじめている。
16	3	/MP00.MAP	まいどあり。ほかに何か売るかい？
16	1	/MP00.MAP	ズバリそれは、俺のことだ～ゼー！
16	1	/MP00.MAP	７人委員会は建国以来の制度です。
16	1	/MP00.MAP	町にも活気がもどってきましたね。
16	1	/MP00.MAP	７人委員会・・・許せない・・・。
16	1	/GB00.MAP	ありがとう。世界は救われました。
16	1	/GB00.MAP	えっ、他に何か知らないのかって？
16	1	/GB00.MAP	その後、イクシーズの調子はどう？
16	1	/GB00.MAP	生きてるってすばらしいわ・・・。
16	1	/GB00.MAP	神聖な武器か魔法で攻撃するんだ。
16	1	/GB00.MAP	ゆくえは、我々も詳しくは知らぬ。
16	1	/GB00.MAP	存分に光なす翼をお使いなされよ。
16	1	/GB00.MAP	これはすでに入手済みじゃったな。
16	2	/GB00.MAP	ごゆっくりごらんくださいませ～☆
16	1	/DL00.MAP	おやおや・・・また来たんですか。
16	1	/DL00.MAP	ぐわっ・・・だ～・・・ゼー・・・
16	1	/IP10.MAP	アンジュ、あれがガルマンオーブ？
16	1	/IP00.MAP	反対側の扉が開く仕掛けらしいな。
16	1	/IP00.MAP	反対側の扉が開く仕掛けのようね。
16	1	/IP00.MAP	あら、反対側の扉が開きましたわ。
16	1	/IP00.MAP	押しつづければ開きそうだ～ゼー！
16	1	/IP00.MAP	どっちにしろ僕じゃわからないや。
16	1	/SB00.MAP	なんだ、この異常な暑さは・・・？
16	1	/NT30.MAP	おひさしぶりですな、ミュウ王女。
16	1	/NT30.MAP	あいつを倒すことだけを考えよう。
16	1	/NT30.MAP	そんな・・・ことのために・・・？
16	1	/NT30.MAP	それが・・・どうだというのです？
16	1	/NT30.MAP	７人委員会の計画を阻止しなきゃ！
16	1	/NT30.MAP	どうやってリグロードに戻るんだ？
16	1	/NT20.MAP	お前達の思い通りにはさせないゾ！
16	1	/NT20.MAP	さっきからいたんですケド・・・。
16	1	/NT20.MAP	ドラグーン王国の竜騎士、ミュウ。
16	1	/NT20.MAP	デバックモードを使うなんて・・・
16	1	/HL10.MAP	これはきっと７人委員会の呪いだ！
16	1	/HL10.MAP	でも、これからは、自由なんだね！
16	1	/HL10.MAP	いったい、どうしちまったのかね。
16	1	/HL10.MAP	このごろは、客足もさっぱりだよ。
16	1	/HL10.MAP	なんだ、やめんのか。ほかに何か？
16	1	/HL10.MAP	売れるものを持ってないようだが？
16	1	/HL10.MAP	ありがとよ。ほかに何か買うかい？
16	1	/HL10.MAP	「S」を売ってくれるってのかい？
16	1	/HL10.MAP	ありがとよ。ほかに何か売るかい？
16	1	/HL10.MAP	すると・・・売りに来たんだねっ？
16	1	/HL10.MAP	「S」を買いとればいいんだねっ？
16	1	/HL10.MAP	「S」でいいの？マジで買うワケ？
16	1	/HL00.MAP	・・・枯木はビクともしなかった！
16	1	/HL00.MAP	あれ？へ～んな、枯木があるのね。
16	1	/HL00.MAP	あっ！枯木が倒れて橋になったよ。
16	1	/HL00.MAP	・・・それにしても、気になるな。
16	1	/HL00.MAP	今はやめておいたほうがいいかな？
16	1	/HL00.MAP	また牢に逆戻りなんてゴメンだよ。
16	1	/HL00.MAP	ええ。わたくしもそう思いますわ。
16	1	/KK00.MAP	さっそく、この大水桶を壊すでし！
16	1	/KK00.MAP	どうしたらいいの？早く、教えて。
16	2	/CK00.MAP	よう、いらっしゃい。何にするね？
16	2	/CK00.MAP	まいどあり。ほかに何か買うかい？
16	1	/CK00.MAP	そうか！売りに来てくれたんだね。
16	2	/CK00.MAP	まいどあり！ほかに何か買うかい？
16	2	/CK00.MAP	まいどあり！ほかに何か売るかい？
16	1	/CK00.MAP	う～ん。やっぱり重たいな・・・。
16	1	/CK00.MAP	そんな気をつかわなくてもいいよ。
16	1	/CK00.MAP	・・・ヒバリ・・・。スマンでし。
16	1	/CK00.MAP	お兄ちゃん、無事に帰ってきてね。
16	1	/CK00.MAP	おお、ヒバリ、無事だったでしか？
16	1	/CK00.MAP	タタラじゃない！おかえりなさい！
16	1	/CK00.MAP	いわゆる、芸術作品ってワケでし。
16	1	/OB00.MAP	仕掛けの方も反応が無いの、なの。
16	1	/OB00.MAP	・・・その方も大変よのぅ・・・。
16	1	/OB00.MAP	ここには何か仕掛けがありそうだ。
16	1	/MH00.MAP	世界はどうなってしまうのだろう。
16	1	/MH00.MAP	隠し金山のウワサを知ってるかい？
16	1	/MH00.MAP	故郷のオルトマに帰ってるのかね？
16	1	/MH00.MAP	カダール万歳！ガルザード様万歳！
16	1	/MH00.MAP	ホレ、お前ェらも、一緒にどうだ？
16	1	/MH00.MAP	おや、もうオルトマに戻るのかい？
16	1	/GT20.MAP	この近くにヒガタって港町がある。
16	1	/GT10.MAP	ならば確かめさせてもらいますよ！
16	1	/GT10.MAP	どこへ逃げた！！ガルザード！！！
16	1	/GT10.MAP	ミュウ、見て！あの扉の向こうだ！
16	1	/KD00.MAP	天邪の鏡は、もう設置してあるよ。
16	1	/KD00.MAP	蓬莱の珠は、もう設置してあるよ。
16	1	/KD00.MAP	このままでは、通れそうにないね。
16	1	/KD00.MAP	ここは、通れそうにないの、なの。
16	1	/KD00.MAP	これは、あたしでも通れないわね。
16	1	/SK10.MAP	#2UU鮱皜UuU硤皛W-2""
16	1	/SK00.MAP	今すぐに出してあげるの、なのね！
16	1	/SK00.MAP	ア～ちゃんの背中はあたしが守る！
16	1	/SK00.MAP	アスカとは別なのね、なの・・・。
16	1	/SK00.MAP	大丈夫、僕がついてるよ、ミュウ。
16	1	/SK00.MAP	もしかして、子供達はもう・・・？
16	1	/SK00.MAP	落ちついて！指示に従って下さい！
16	1	/HY00.MAP	ホウライ山に巣食う化け物どもだ！
16	1	/KM10.MAP	おい、大丈夫なのか、ラスティは？
16	1	/KM10.MAP	ほら、手拭。使うといいの、なの。
16	1	/KM10.MAP	・・・うん、ラスティ・・・うん。
16	1	/KM10.MAP	うん。心配してくれてありがとう。
16	1	/KM10.MAP	痛いの痛いのとんでけー、なのね！
16	1	/KM10.MAP	・・・カムイ・・・戦って・・・。
16	1	/KM00.MAP	売りに来ていただいたのですかの。
16	1	/KM00.MAP	「S」を売っていただけるのかの？
16	1	/KM00.MAP	そうすれば、答えはでるはずだよ。
16	1	/KM00.MAP	大地の精霊が嘆き悲しんでいます。
16	1	/KM00.MAP	きっと無事に帰ってきて下さいね。
16	1	/KM00.MAP	おじいちゃん、元気かなァ・・・。
16	1	/KM00.MAP	どうして、そんなこと知ってるの？
16	1	/KM00.MAP	俺は、カタナ職人をしていたんだ。
16	1	/KM00.MAP	あ、そうか！さっそく案内します。
16	1	/KM00.MAP	大地が怒りにふるえている・・・。
16	1	/KZ00.MAP	金鉱脈を掘り出していたらしいな。
16	1	/GH00.MAP	さきほど聞こえしわが相棒の悲鳴。
16	1	/GH00.MAP	ふーん、だ。ア～ちゃんの意地悪！
16	1	/HS10.MAP	ちぇっ。もぅ、気付かれちゃった。
16	1	/HS10.MAP	・・・お父様、待っていて下さい。
16	1	/HS10.MAP	ああ、その金属で武器をつくりゃ、
16	1	/HS00.MAP	うにゃ？ここは、どこなの、なの？
16	1	/HS00.MAP	感動～！ミュウが珍しく優しいっ！
16	1	/HS00.MAP	どうもありがとう！タマモちゃん！
16	1	/HS00.MAP	あ、待って、あたしも一緒に行く！
16	1	/HS00.MAP	さぁ、俺にかまわず、行ってくれ！
16	1	/GM00.MAP	結界がとければよろしいのになァ。
16	1	/GM00.MAP	これでこの国もひと段落付いたわ。
16	1	/GM00.MAP	やることはぎょうさんありますわ。
16	1	/GM00.MAP	ウチはこう見えても、武道家の娘。
16	1	/GM00.MAP	あー、平和はよろしいなぁ・・・。
16	1	/GM00.MAP	時には退却する勇気も必要どすえ。
16	1	/GM00.MAP	これが平和っちゅうことやねんな！
16	1	/GM00.MAP	平和っちゅうのんは、よろしいな。
16	1	/GM00.MAP	じゃあ、このリストから選んでね。
16	1	/GM00.MAP	「S」を売ってくださるのですか？
16	1	/GM00.MAP	おお！売っていただけるのですな。
16	1	/GM00.MAP	へい、毎度。どんな用でっしゃろ？
16	1	/GM00.MAP	そうや！売りに来はったんですな。
16	1	/GM00.MAP	そうでっか。また来ておくれよし。
16	1	/GM00.MAP	売れるもんなんか持ってまへんで。
16	1	/GM00.MAP	まぁ？売るものがあれしまへんえ。
16	1	/GM00.MAP	あー、とりあえず、お茶でいいや。
16	1	/GM00.MAP	承知しました。お茶でよろしいか？
16	1	/GM00.MAP	ミュウ、ラスティ飲むんじゃない！
16	1	/GM00.MAP	む・・・、クスリ・・・か・・・。
16	1	/GM00.MAP	シラナミ！アスカにくっつくな～！
16	1	/GM00.MAP	ナズナは町より草原が好きなのね。
16	1	/NJ10.MAP	よう、また会ったな、クソったれ！
16	1	/NJ10.MAP	・・・あ、ああ。それもそうだな。
16	1	/NJ10.MAP	このほかに２つ必要ってことだね。
16	1	/NJ10.MAP	クィーンズランドのラスティです。
16	1	/NJ10.MAP	へい！どこへなりとも参りますぜ！
16	1	/NJ10.MAP	おやおや、たいそうな自信ですな。
16	1	/NJ00.MAP	ここを進めば、奥の部屋があるぜ。
16	1	/NJ00.MAP	そこんとこ、分かってんだろうな？
16	1	/IG10.MAP	うん？囲まれてるのは、誰だろう？
16	1	/IG10.MAP	鳥は風に乗る。天の高みを目指す。
16	1	/IG10.MAP	誰だか知らねえが、恩にきるぜっ！
16	1	/IG00.MAP	皆さんもありがとうございました！
16	1	/IG00.MAP	ええ？あなた・・・まさか・・・？
16	1	/IG00.MAP	平和になって良かったのう・・・。
16	1	/IG00.MAP	ねぇ、悪者はやっつけたんでしょ？
16	1	/IG00.MAP	あ、看板の裏に何か書いてあるよ？
16	1	/IG00.MAP	アスカ、はっきり言っておくけど。
16	1	/NZ10.MAP	氷の封印が解けようとしてるんだ！
16	1	/NZ00.MAP	ナズナの運命を決めた場所なのね。
16	1	/WR02.MAP	一体、何がどうなってやがるんだ！
16	2	/WR02.MAP	私達は、お前についていくだけだ。
16	1	/WY02.MAP	こんなにもらっちゃっていいの？！
16	1	/WY02.MAP	上陸したら、北の方角に向かいな。
16	1	/WY02.MAP	はなして！タタラを助けるんだ！！
16	1	/WR00.MAP	ボク達のために働いてくれたのに。
16	1	/WR00.MAP	みんな、そのために、力を貸して！
16	1	/WR00.MAP	今は、クィーンズランドへ急ごう！
16	1	/WR00.MAP	そういえば、あなたは一体・・・？
16	1	/WR00.MAP	確かに、な。どうするよ、ミュウ？
16	1	/WR00.MAP	だとしたら、注意した方がいいよ。
16	1	/WR00.MAP	じゃあ、まずはオルトマへ行こう。
16	1	/WR00.MAP	クィーンズランドパレスが・・・。
16	1	/WC00.MAP	いい性格してるヨ、ほんと・・・。
16	1	/WC00.MAP	アンジュが仲間からはずれました。
16	1	/WC00.MAP	ミュウ！待ちくたびれましたわよ。
16	1	/WC00.MAP	ね、ね、あたしの方がいいわよね？
16	1	/WC00.MAP	うん・・・でも、僕、心配なんだ。
16	1	/WC00.MAP	キスしたり、抱きついたり・・・？
16	1	/WC00.MAP	どこかにカギがあるってことかぁ。
16	1	/WC00.MAP	ボクは自分の直感を信じてるんだ。
16	1	/WC00.MAP	聞いてるこっちがイライラするぜ。
16	1	/WC00.MAP	これはアンジュ様！ささ、どうぞ！
16	1	/WC00.MAP	ドリームラビリンスに入りますか？
16	1	/WC00.MAP	イシスのピラミッドに入りますか？
16	1	/WC00.MAP	ま、イクシーズを手に入れたんだ。
16	2	/SS10.MAP	カダールの兵士とはちあわせた！！
16	1	/WY00.MAP	みんな！もう一回入ってみようよ。
16	1	/WY00.MAP	もう陽動なんていってられないな。
16	1	/WY00.MAP	そうだね。よく考えなきゃ・・・。
16	1	/WY00.MAP	アスカ。死んじゃだめ、なのね～。
16	1	/WY00.MAP	これでカムイコタンにも行けるぜ。
16	1	/WY00.MAP	獣人って、一体、どんな種族なの？
16	1	/WY00.MAP	ディアーネさんは大丈夫でしたか？
16	1	/WY00.MAP	いや・・・実はそうでもないのさ。
16	1	/WY00.MAP	ミュウ！カダールの兵隊がいるよ！
16	1	/WY00.MAP	体勢を立て直してもう一度いくよ！
16	1	/WY00.MAP	よし、じゃあ、気をつけていこう！
16	1	/WY00.MAP	そうか。ならもう少しまってるぜ。
16	1	/BOT4.MAP	BOOT4のメニューなの、なの？
16	1	/BOT4.MAP	↓↓↓↓ＢＯＯＴ４のアレ↓↓↓↓
16	1	/WAZAHELP.MSG	円を描く太刀筋で敵を斬る技です。
16	1	/WAZAHELP.MSG	光の衝撃波で、敵を切り裂きます。
16	1	/WAZAHELP.MSG	敵からアイテムを盗み出す技です。
16	1	/WAZAHELP.MSG	自分のＨＰを仲間に受け渡します。
16	1	/WAZAHELP.MSG	自分のＭＰを仲間に受け渡します。
16	1	/WAZAHELP.MSG	聖なる力を持つ弓矢を放つ技です。
16	1	/WAZAHELP.MSG	味方のステータスを回復できます。
16	1	/WAZAHELP.MSG	敵を操り人形のように操る術です。
16	1	/ITEMHELP.MSG	星陵郭で手に入れたアイテムです。
16	1	/ITEMHELP.MSG	巨大な剣です。攻撃力も高いです。
16	1	/ITEMHELP.MSG	とても攻撃力の高い大型の剣です。
16	1	/ITEMHELP.MSG	雷に対しての守りを高める盾です。
16	1	/ITEMHELP.MSG	火に対しての守りを高める盾です。
15	1	/GT00.MAP	平気。ア～ちゃんが一緒だから。
15	1	/FIR3.MAP	その時一陣の風が、吹き抜けた！
15	2	/KB00.MAP	ザコはひっこんでればいいのに。
15	1	/KB20.MAP	正面きって戦っても負けないよ！
15	8	/TJ32.MAP	わはははははは、残念だったな。
15	8	/TJ61.MAP	ここは栄光への近道、闘技場サ。
15	1	/TM00.MAP	「S」でっしゃろ。買うアルか？
15	1	/BL00.MAP	どーも。ほかに何か買うのかね？
15	1	/BL00.MAP	どーも。ほかに何か売るのかね？
15	3	/BL00.MAP	ごゆっくりごらんくださいませ。
15	2	/BL00.MAP	何を売っていただけるのかしら？
15	1	/BL20.MAP	・・・がやっぱり開かなかった。
15	1	/CT20.MAP	ここで諸君を徹底的に粉砕する！
15	1	/CT10.MAP	そ、その声は・・・ガルザード！
15	1	/CT10.MAP	思念は、時を越えて生き続ける。
15	1	/CT10.MAP	お前達、死んだはずだ～ゼー！！
15	1	/CT10.MAP	・・・いったい、何のことなの？
15	1	/CT10.MAP	これが魔法球なのかなぁ・・・。
15	1	/CT00.MAP	ここに７人委員会の連中がいる。
15	1	/QH01.MAP	ラスティのくせに、生意気だゾ☆
15	1	/QH01.MAP	ラスティのくせに生意気・・・。
15	1	/QH01.MAP	そういうこと言う口は、こうだ！
15	1	/IG01.MAP	アスカ、さよなら、なの・・・。
15	1	/AT01.MAP	どうしたの？忘れ物でもしたの？
15	2	/OT01.MAP	売れるものはないようでござる。
15	1	/ZM01.MAP	そうなんでしょ、そうなんスね？
15	1	/ZM01.MAP	いざって時は頼りにしてますよ。
15	1	/WR10.MAP	リグロード大陸、ドラグーン城。
15	1	/WR10.MAP	うん・・・。行こう、ラスティ！
15	1	/RS01.MAP	敵を倒したら、訓練は終りだよ。
15	1	/DG21.MAP	い、いえ。なんでもありません。
15	2	/ES01.MAP	ア～ちゃんってば照れやさんっ☆
15	2	/ES10.MAP	あれが７人委員会なのだ～ゼー！
15	2	/WS10.MAP	あれは、７人委員会なの、なの！
15	1	/ES00.MAP	これが水晶柱・・・きれいねぇ。
15	1	/RT20.MAP	・・・ああ・・・兄さん・・・。
15	1	/RT20.MAP	亡くなったようですわね・・・。
15	1	/QH00.MAP	らっしゃい！どういった要件で？
15	1	/QH00.MAP	不用になった物を、引きとるぜ。
15	1	/QH00.MAP	そうですか。また来てくだされ。
15	1	/QH00.MAP	あなた達こそ、本当の英雄です！
15	1	/QH00.MAP	悪は自らを滅ぼすと言われます。
15	1	/IZ00.MAP	ここは・・・リグロード大陸だ！
15	1	/IZ00.MAP	リグロードに帰ってきたんだ！！
15	1	/IZ00.MAP	じゃあ、一体どうすればいいの？
15	1	/IZ00.MAP	さすがは兄上、ご明察でござる。
15	1	/IZ00.MAP	ディアーネ殿、いかがなされた？
15	1	/IZ00.MAP	わかった。頼んだよ、ファルコ。
15	2	/IZ00.MAP	どうか、お持ちになって下され。
15	1	/IZ00.MAP	イクシーズは無事でござるか！？
15	1	/IZ00.MAP	・・・まずは一安心でござるな。
15	1	/IZ00.MAP	一体、何が起こってるんだろう？
15	1	/IZ00.MAP	皆さん！大変な事になりました。
15	1	/ZM00.MAP	もうアンタなんか用なしなのさ。
15	1	/ZM00.MAP	なんでも、流派は我流ですとか。
15	1	/ZM00.MAP	・・・どーしてだまってるのさ！
15	1	/ZM00.MAP	「S」を買い取っていいんだな？
15	2	/ZM00.MAP	おや？売るものがないようだぜ。
15	2	/ZM00.MAP	またいらっしゃってくださいね。
15	2	/ZM00.MAP	売れるものはないようですけど？
15	1	/IS10.MAP	兄ともどもお礼を申し上げます。
15	1	/DS10.MAP	どうやら特に害はないみたいだ。
15	1	/DS10.MAP	まずはこの敵を何とかしようよ。
15	1	/IS00.MAP	・・・怖い考えになっちゃった。
15	3	/KR00.MAP	へい、まいどっ！どんな用だね？
15	1	/KR00.MAP	まいどあり！ほかに何か買うか？
15	4	/KR00.MAP	「S」を買いとればいいんだね？
15	1	/KR00.MAP	まいどあり！ほかに何か売るか？
15	1	/KR00.MAP	世界が平和になって良かったよ。
15	1	/KR00.MAP	いらっしゃい！あんたたちだろ？
15	1	/KR00.MAP	え？ゆ、許していただけるので？
15	1	/KR00.MAP	ははァ！一命にかえましても！！
15	1	/KR00.MAP	世界が平和になってよかったよ。
15	1	/KR00.MAP	コルベツアー社を知ってるかい？
15	1	/KR00.MAP	ホント、ハレハレガッコンよね。
15	1	/KR00.MAP	きゃー、超ハレハレガッコン！！
15	1	/KR00.MAP	このまま世界は滅ぶのか・・・。
15	1	/DS00.MAP	我らの幻術の霧をうち破るとは！
15	1	/JG00.MAP	あ、ああ、そうか・・・すまん。
15	1	/JG00.MAP	さぁ、アスカ！どっちを選ぶの！
15	1	/JG00.MAP	ナズナ。おまえと離れたくない。
15	1	/JG00.MAP	では、この森を再び封印します。
15	1	/ST00.MAP	お、おい、何で黙ってるんだよ。
15	1	/OT00.MAP	【真実の指輪】を入手しました。
15	1	/OT00.MAP	うん。見てるだけで楽しいよね。
15	1	/OT00.MAP	それがまぁ、名前の由来なんだ。
15	1	/OT00.MAP	弟さんの行方はわかりましたか？
15	1	/OT00.MAP	おやまぁ、そいつぁ残念だねえ。
15	1	/OT00.MAP	どこか行きたいとこはあるかい？
15	1	/OT00.MAP	もちろん、お代はタダでいいさ。
15	1	/AT20.MAP	きっと、これがマラカイトだね！
15	1	/AT10.MAP	このままだと、大変な事になる！
15	1	/AT10.MAP	アローストーンとマラカイトか。
15	1	/AT00.MAP	いや、な、何でもないのですよ。
15	1	/AT00.MAP	それがどうしたとおっしゃるの？
15	1	/AT00.MAP	アスカはあたしのモンなのよ！！
15	1	/AT00.MAP	愛情のなせるワザってとこかな？
15	1	/AT00.MAP	確かに、めったにない機会だぜ！
15	1	/AT00.MAP	入ってみないとわからない、か。
15	1	/AT00.MAP	男は何も言わずその場に倒れた。
15	1	/AT00.MAP	アレクトリア図書館にようこそ。
15	1	/MP00.MAP	それが、会うなり言うことなの！
15	1	/MP00.MAP	・・・ほっ。女の子かぁ・・・。
15	1	/MP00.MAP	そう簡単にはいかねぇらしいな。
15	1	/MP00.MAP	で、これからどうするつもりだ？
15	1	/MP00.MAP	よう、らっしゃい。何にするね？
15	1	/MP00.MAP	売れるものなんか持ってないぜ。
15	1	/MP00.MAP	おいおい、そんなに持てねぇぜ。
15	1	/MP00.MAP	へい、らっしゃい。どんな用で？
15	1	/MP00.MAP	やめちまうのかい。ほかに何か？
15	1	/MP00.MAP	何をお売りくださるのでしょう？
15	1	/MP00.MAP	７人委員会が倒されたそうだよ。
15	1	/MP00.MAP	あれ？他にも何か書いてあるゾ。
15	1	/MP00.MAP	本は、道具屋に売っていますよ。
15	1	/MP00.MAP	ええ。光翼船イクシーズ・・・。
15	1	/MP00.MAP	・・・で、それはどこにあるの？
15	1	/KS00.MAP	ふゥ・・・。やっとついたでし。
15	1	/GB00.MAP	蒼のパールという宝石があるわ。
15	1	/GB00.MAP	人生って苦労の連続よね・・・。
15	1	/GB00.MAP	どうもありがとうございました。
15	1	/GB00.MAP	ミュウは、マラカイトを見せた。
15	1	/DL00.MAP	さ、はやく脱出するのだ～ゼー。
15	1	/DL00.MAP	４回目を踏んでしまいましたよ。
15	1	/IP10.MAP	我らの眠りを覚ますのは何者だ！
15	1	/IP00.MAP	少しずつなら動くようですわね。
15	1	/IP00.MAP	これは仕掛け扉なのだ～ゼー！！
15	1	/IP00.MAP	一体、どうすれば開くんだろう？
15	1	/NT21.MAP	何故、そのような些末なことを？
15	1	/NT21.MAP	我らの計画は最終段階に入った。
15	1	/NT30.MAP	・・・こわしてしまいましょう。
15	1	/NT20.MAP	多少の流血はやむをえませんよ。
15	1	/NT10.MAP	あそこから奥に行けそうですわ。
15	1	/NT00.MAP	わたくしは「アンジュ」ですわ。
15	1	/NT00.MAP	よし、ここから外にでられるぞ！
15	1	/HL10.MAP	君達のおかげだよ、ありがとう。
15	1	/HL10.MAP	命中率がずいぶん上がるからな。
15	1	/HL10.MAP	地震ってのは、いやなもんだな。
15	1	/HL00.MAP	アンジュは、とりあえず諦めた。
15	1	/HL00.MAP	よし、いっちょ押してみるか！！
15	1	/HL00.MAP	これで、ハイランドに行けるゼ！
15	1	/HL00.MAP	枯木で谷に橋がかかりましたわ。
15	1	/HL00.MAP	ハイランドに行き着くためには、
15	1	/KK00.MAP	これが大水桶ね！？壊すわよ！！
15	1	/KK00.MAP	この大水桶を壊せばいいのだな。
15	1	/KK00.MAP	そんなことより、消火が先だよ！
15	2	/CK00.MAP	残念だよ。ほかに用はあるかい？
15	2	/CK00.MAP	「S」か。さっそく、買うかい？
15	1	/CK00.MAP	じゃあ、僕も書いておこうかな。
15	1	/CK00.MAP	ヒバリちゃんを安心させてやれ。
15	1	/CK00.MAP	後のことは僕たちにまかせてよ。
15	1	/CK00.MAP	・・・だが、どうも、ヘンだな。
15	1	/CK00.MAP	まさか・・・。奴等の仕業か！！
15	1	/CK00.MAP	そこんところが問題なのよねェ。
15	1	/CK00.MAP	あ、タタラだ！おかえりなさい！
15	1	/CK00.MAP	へへへ、愛されちゃってるねぇ。
15	1	/OB00.MAP	宝剣は外れないみたい、なのね。
15	1	/OB00.MAP	そ、それだけは勘弁してたもれ。
15	1	/OB00.MAP	いいじゃない、許してあげれば。
15	1	/OB00.MAP	【荒魂の宝剣】を入手しました。
15	1	/OB00.MAP	馬鹿とは言ってないけど・・・。
15	1	/OB00.MAP	ヒバリは元気にしてるでしかね。
15	2	/MH00.MAP	そうかい。また、よっておくれ。
15	2	/MH00.MAP	何も売るものがないようじゃが？
15	2	/MH00.MAP	「S」を売ってもいいんじゃね？
15	1	/MH00.MAP	世界はどうなっているんだろう。
15	1	/MH00.MAP	これじゃ仕事になりゃしないよ！
15	1	/MH00.MAP	わかった、あたしに任せときな！
15	1	/MH00.MAP	じゃあ、出航するよ。出航用意！
15	1	/MH00.MAP	ヤマタイ・・・ば、万歳・・・。
15	1	/MH00.MAP	あの娘にかわってお礼を言うよ。
15	1	/GT20.MAP	くッ！ラ・・・ラスティ・・・！
15	1	/GT20.MAP	カダールに行くとか言ってたよ？
15	1	/GT20.MAP	わからないことばっかりなのね。
15	1	/GT20.MAP	おい、ラスティ、しっかりしろ！
15	1	/GT20.MAP	もちろん、助けに行くんだろ？！
15	1	/GT20.MAP	あんた、ミュウに惚れてんだろ？
15	1	/GT20.MAP	判ってる！判ってるけど・・・。
15	1	/GT10.MAP	ならば、力ずくで聞き出すまで！
15	1	/GT10.MAP	計画・・・？何を言ってるんだ？
15	1	/KD00.MAP	それが結界洞と呼ばれる由縁さ。
15	1	/SK10.MAP	・・・なんだか、かわいそうだ。
15	1	/SK00.MAP	くっ・・・、まだ開かないの？！
15	1	/SK00.MAP	くっ・・・、まだ開かないのか！
15	1	/SK00.MAP	ミュウ・・・大丈夫かな・・・。
15	1	/SK00.MAP	一人の方が気楽なんだが・・・。
15	1	/SK00.MAP	何回も、「調べる」しかないね。
15	1	/SK00.MAP	何回も、「調べる」しかないよ。
15	1	/SK00.MAP	何回も、「調べる」の、なのね！
15	1	/HY00.MAP	どうにかたどりついたようだな。
15	1	/HY00.MAP	ようやく、この先が星陵郭よね。
15	1	/HY00.MAP	そこも滑りやすくなっているぞ。
15	1	/HY00.MAP	念のために説明をしておこうか？
15	1	/KM10.MAP	ここは、私一人で行くとしよう。
15	1	/KM10.MAP	これも村のためだ、堪えてくれ。
15	1	/KM10.MAP	私がふがいないばかりに・・・。
15	1	/KM10.MAP	おい、ユーカリ！しっかりしろ！
15	1	/KM10.MAP	魔法は精神力を奪っていくんだ。
15	1	/KM10.MAP	一体どうなるんだ、ラスティは？
15	1	/KM10.MAP	カダール兵め・・・許さないぞ！
15	1	/KM10.MAP	しかし、それでは人質が・・・。
15	1	/KM00.MAP	でも、浮気だけは許さないわよ！
15	1	/KM00.MAP	どれを買うていただけますかの？
15	1	/KM00.MAP	どれを売っていただけますかの？
15	1	/KM00.MAP	ごゆっくりごらんくだせぇやし。
15	1	/KM00.MAP	そんなわけにはいかない・・・。
15	1	/KM00.MAP	思わぬ大怪我をすることになる。
15	1	/KM00.MAP	カムイ様、おかえりなさいませ。
15	1	/KM00.MAP	ずーっとこの村にいるんでしょ？
15	1	/KM00.MAP	ユーカリ姉様が、心配してたよ。
15	1	/KM00.MAP	ありがてぇ！・・・こ、これは！
15	1	/KM00.MAP	くそ・・・どうすればいいんだ。
15	1	/HS10.MAP	【八坂の勾玉】を入手しました。
15	1	/HS10.MAP	なにこれ？あたし、わかんない。
15	1	/HS00.MAP	・・・あ、あれ？ここは・・・？
15	1	/HS00.MAP	人が心配してるのに・・・何よ！
15	1	/HS00.MAP	なんだとは、ご挨拶じゃないの。
15	1	/HS00.MAP	ナズナだって、ナズナだってっ！
15	1	/HS00.MAP	・・・そうか、苦労したんだな。
15	1	/HS00.MAP	む～！！アスカにくっつくな～。
15	1	/GM00.MAP	怪物にも情ってあるのんやろか？
15	1	/GM00.MAP	この町には、闘技場があんねん。
15	1	/GM00.MAP	もう、いつでもお嫁にいけるわ。
15	1	/GM00.MAP	いくら両替してくれるのかしら？
15	1	/GM00.MAP	カードのチェンジはするかしら？
15	1	/GM00.MAP	うふ、悪くない勝負だったわよ。
15	1	/GM00.MAP	コインを景品に交換するかしら？
15	1	/GM00.MAP	何を売っていただけますかのゥ？
15	1	/GM00.MAP	まいど！ほかに何か買いまっか？
15	1	/GM00.MAP	まいど！ほかに何か売りまっか？
15	1	/GM00.MAP	ゆっくり見ていっておくれよし。
15	1	/GM00.MAP	あの事、まだ気にかけてたんだ。
15	1	/GM00.MAP	へぇ、これが飲み屋かぁ・・・。
15	1	/GM00.MAP	ラスティ・・・その手はなぁに？
15	1	/GM00.MAP	裏切り・・・者・・・め・・・！
15	1	/GM00.MAP	へぇ、おこしやす・・・。あっ！
15	1	/IY00.MAP	しまった！橋が落されてやがる！
15	1	/NJ10.MAP	よう、さっきは世話になったな。
15	1	/NJ10.MAP	よし、堂々と胸を張って行くか！
15	1	/NJ10.MAP	まぁ、何にしろ無事でよかった。
15	1	/NJ10.MAP	ドラグーンの竜騎士ミュウです。
15	1	/NJ10.MAP	それよりも、今後のことだがな。
15	1	/NJ00.MAP	さっきのおかえしをしてやるぜ！
15	1	/NJ00.MAP	なんだよ、ただの壁じゃねぇか。
15	1	/IG10.MAP	で、こっちにいるのがラスティ。
15	1	/IG10.MAP	悪いが、そいつは無理な相談だ。
15	1	/IG10.MAP	・・・ば、馬鹿、何言ってんだ。
15	1	/IG00.MAP	わー、大変じゃ、大変じゃーっ！
15	1	/IG00.MAP	へぇ、おっちゃん、物知りだね！
15	1	/IG00.MAP	まぁ、たった一人の妹だからな。
15	1	/IG00.MAP	ウワサではないぞ。本当にいる。
15	1	/IG00.MAP	まいどあり～。ほかに何か買う？
15	1	/IG00.MAP	まいどあり～。ほかに何か売る？
15	1	/IG00.MAP	やめるのね、ハイハイ。ほかに？
15	1	/IG00.MAP	それがすごくイヤな感じなんだ。
15	1	/IG00.MAP	もうカダーユは倒したのよのさ。
15	1	/IG00.MAP	どうしてあんな風に言われるの？
15	1	/NZ10.MAP	本当、まるで眠ってるみたいだ。
15	1	/NZ10.MAP	いや、オレ達は別に何も・・・。
15	1	/NZ00.MAP	何ワケのわからんことを・・・。
15	1	/WY02.MAP	シラナミが仲間に加わりました。
15	1	/WY02.MAP	ミュウ、無事でいてくれ・・・。
15	1	/WY02.MAP	ディアーネさん、ありがとう！！
15	1	/WY02.MAP	そんなっ、君はどうするのっ！？
15	1	/WY02.MAP	俺っちは火を消しにいくでし！！
15	1	/WY02.MAP	だめだ、今からでは間に合わん！
15	1	/WK00.MAP	本当に・・・それでよろしくて？
15	1	/WR00.MAP	ここが、ドラグーン城か・・・。
15	1	/WR00.MAP	あそこで探りを入れちゃどうだ？
15	1	/WR00.MAP	お父様、見守って下さい・・・。
15	1	/WR00.MAP	ぜひともお仲間に入れて下され。
15	1	/WC00.MAP	カダールの海の玄関口ですもの。
15	1	/WC00.MAP	平たく言えばそうなりましてよ。
15	1	/WC00.MAP	思ったよりも手ごわいですわね。
15	1	/WC00.MAP	アスカはナズナのものなのねっ！
15	1	/WC00.MAP	俺様の名前は、キングだ～ゼー！
15	1	/WC00.MAP	ミュウはいきさつを話しました。
15	1	/WY00.MAP	さっ！帰りましょ、ア～ちゃん。
15	1	/WY00.MAP	絶対、無事に戻ってきてやるぅ！
15	1	/WY00.MAP	水を運んでいるんだけど・・・。
15	1	/WY00.MAP	何だ・・・！ああ、あんた達か。
15	1	/WY00.MAP	なんせ、そのための１本道だゼ。
15	1	/WAZAHELP.MSG	影共々に敵を斬る暗黒剣技です。
15	1	/WAZAHELP.MSG	上昇して、上空飛行に移ります。
15	1	/WAZAHELP.MSG	下降して、低空飛行に移ります。
15	1	/WAZAHELP.MSG	小さな竜巻を発生させる技です。
15	1	/WAZAHELP.MSG	敵を焼き払う炎を吹き出します。
15	1	/WAZAHELP.MSG	高確率で敵の攻撃を回避します。
15	1	/ITEMHELP.MSG	たっぷりと水の入った水桶です。
14	153	/GT00.MAP	　　宝箱は開きませんでした。
14	1	/GT00.MAP	見ろ！あんなところに通路が！
14	2	/KB00.MAP	手早くカタをつけてしまおう。
14	2	/KB00.MAP	再教育の必要がありましてよ。
14	2	/TM40.MAP	帰り道もお気を付けください。
14	1	/TM00.MAP	来やがったな。で、何にする？
14	2	/BL00.MAP	あら、やめるの。ほかに何か？
14	1	/BL00.MAP	警告！ここから先、試練の迷宮
14	1	/CT20.MAP	その心意気は見事だが・・・。
14	1	/CT20.MAP	考えられないことじゃないね。
14	1	/CT20.MAP	魔法球は壊すには及ばねぇな。
14	1	/CT10.MAP	お前は！７人委員会はどこだ！
14	1	/CT10.MAP	ガルザード！それにラグロス！
14	1	/CT10.MAP	この声には聞き覚えがあるゼ！
14	1	/CT10.MAP	思い・・・何のことだ～ゼー？
14	1	/CT10.MAP	・・・いったい、何のことだ？
14	1	/CT10.MAP	どうやって下まで下りるかな。
14	1	/CT10.MAP	ふごっ、急な坂なのだ～ゼー！
14	1	/CT10.MAP	これが魔法球のようですわね。
14	1	/CT00.MAP	見たことがない敵ばかりだね。
14	1	/CT00.MAP	見たことない敵ばかりなのね。
14	2	/QH01.MAP	DDDDDDDN泗舛""23
14	1	/QH01.MAP	どっちでも、一緒でしょうが。
14	1	/IG01.MAP	オレはカボチャかなんかか？！
14	2	/CK01.MAP	DDD妊DIDDDDDI粕H
14	4	/WR01.MAP	DDDDDDDDD劔剩DDD
14	1	/OT01.MAP	ありがとう、ディアーネさん。
14	1	/OT01.MAP	あんた達、外から来たんだろ？
14	2	/OT01.MAP	して、何をお求めでござるか？
14	2	/OT01.MAP	そんなに持てないでござろう。
14	2	/OT01.MAP	売りに来られたと申されるか。
14	1	/ZM01.MAP	いらっしゃいませ、ミュウ様。
14	1	/ZM01.MAP	また来てくれよ、頼むぜ姫様。
14	1	/RS01.MAP	向こう側の敵はボクに任せて。
14	1	/DG21.MAP	ねぇ、お父様、いいでしょう？
14	1	/DG21.MAP	・・・竜騎士は・・・退かぬ！
14	1	/DG21.MAP	では、もう一度挑戦するのだ！
14	1	/ES01.MAP	ルゥナに教えてもらったのね。
14	1	/ES01.MAP	ア～ちゃん・・・元気だった？
14	2	/ES01.MAP	俺様を連れて行くのだ～ゼー！
14	2	/ES10.MAP	この水晶柱のせいかな・・・？
14	2	/ES10.MAP	この水晶柱のせい、なのなの？
14	1	/RT20.MAP	いいだろう・・・教えてやる。
14	1	/RT20.MAP	・・・いや、不可能ではない。
14	1	/RT20.MAP	・・・アレクトリア大図書館。
14	1	/RT20.MAP	死んじゃったみたいね・・・。
14	1	/RT20.MAP	死んでしまったでしね・・・。
14	1	/RT20.MAP	確かに持ってはいるが・・・。
14	3	/QH00.MAP	ま、また揺れたでござるな！ 
14	1	/QH00.MAP	まいどあり！また来てくれよ。
14	1	/QH00.MAP	お？　売るものは無ぇようだ。
14	1	/QH00.MAP	お？金が足りねぇみたいだぜ。
14	1	/QH00.MAP	えーっと、何を買いますかぁ？
14	1	/QH00.MAP	おお、売りに来なさったんで？
14	1	/QH00.MAP	何を買ってくれるんですかの？
14	1	/QH00.MAP	何を売ってくれるんですかの？
14	1	/QH00.MAP	神聖なる我が王国に栄光あれ！
14	1	/QH00.MAP	ひいいいいい、怖いよおおお。
14	1	/QH00.MAP	どうしてこんなことを・・・。
14	1	/IZ00.MAP	なぁ、教えてくれよ、カムイ。
14	1	/IZ00.MAP	・・・ふむ、なるほど・・・。
14	1	/IZ00.MAP	して、その方はなんといたす？
14	1	/IZ00.MAP	マラカイトと申す品でござる。
14	1	/IZ00.MAP	バッチリだよ！見てよ、これ！
14	1	/IZ00.MAP	さあ、ミュウ、乗った乗った！
14	1	/ZM00.MAP	まったく、ありがたいこった！
14	2	/ZM00.MAP	「S」だな。それにするかい？
14	2	/ZM00.MAP	武器を買っていただけますの？
14	2	/ZM00.MAP	売りに来ていただけましたの？
14	1	/ZM00.MAP	それでは、どれになさいます？
14	1	/ZM00.MAP	どーも。ほかに何か買うのか？
14	1	/ZM00.MAP	どーも。ほかに何か売るのか？
14	1	/ZM00.MAP	どれが御入り用ですじゃろう？
14	1	/DG10.MAP	姫様・・・申し訳ありません！
14	1	/IS10.MAP	おお、助かった！助かったぞ！
14	1	/IS10.MAP	どこでござる！どこにござる！
14	1	/DS10.MAP	みんな、ちょっと待ってくれ。
14	1	/IS00.MAP	あれは、ダイガンじゃないか！
14	1	/KR00.MAP	こ、この地震はいったい？！ 
14	1	/KR00.MAP	まあ、ゆっくりしてってくれ。
14	1	/KR00.MAP	ご、ご、ご、ご冗談でしょう？
14	1	/KR00.MAP	許していただけるのですね！！
14	1	/KR00.MAP	ありがとうございますぅぅぅ。
14	1	/DS00.MAP	【真実の指輪】のおかげだね！
14	1	/JG00.MAP	あらかじめ言っておきますが、
14	1	/JG00.MAP	ボク達でやるしかないんだよ！
14	1	/JG00.MAP	あたし、待ってるから・・・。
14	1	/JG00.MAP	あ、ありがとう・・・タタラ。
14	1	/JG00.MAP	ミュウ姫様！そして、皆の衆！
14	1	/JG00.MAP	皆さん、忘れないでください。
14	1	/JG00.MAP	そんな、ボク達はただ・・・。
14	1	/OT00.MAP	わたくし、服が見たいですわ。
14	1	/OT00.MAP	あんた達の活躍のおかげだよ！
14	1	/OT00.MAP	弟さん見つかったんですって？
14	1	/OT00.MAP	これで、コルベにもいけるぜ。
14	1	/OT00.MAP	コルベあたりもヤバイかもな。
14	1	/OT00.MAP	ありがとう。ディアーネさん！
14	1	/OT00.MAP	おや、ホークアイじゃないか！
14	1	/OT00.MAP	そいつぁよかったじゃないか！
14	1	/OT00.MAP	遠慮することはありませんや。
14	1	/OT00.MAP	ずっと待ってたんだからァん。
14	1	/AT20.MAP	きっとこれがマラカイトだよ！
14	1	/AT20.MAP	なんだ！何が起こってるんだ！
14	1	/AT10.MAP	許せない！７人委員会・・・！
14	1	/AT00.MAP	・・・恥ずかしいじゃないか。
14	1	/AT00.MAP	みんな仲が良くていいでしね。
14	1	/AT00.MAP	やっぱり誰もいないみたいだ。
14	1	/AT00.MAP	地下図書閲覧室に入りますか？
14	1	/AT00.MAP	どこへつながってるんだろう？
14	1	/AT00.MAP	ウィスコ著、「魔法科学入門」
14	2	/AT00.MAP	ヤマタイにおるとするならば、
14	1	/AT00.MAP	骨と皮ばかりの顔がのぞいた。
14	1	/AT00.MAP	なんとしても、止めなければ！
14	1	/MP00.MAP	なんでも、やつらはそのために
14	1	/MP00.MAP	もちろん俺様も一緒だ～ゼ～！
14	1	/MP00.MAP	まいど。ほかに何か買うかい？
14	2	/MP00.MAP	まいどあり！ほかに何か買う？
14	2	/MP00.MAP	まいどあり！ほかに何か売る？
14	1	/MP00.MAP	この世界は滅ぶんでしょうか。
14	1	/MP00.MAP	船乗りも船もありゃしねぇぜ？
14	1	/KS00.MAP	さて、どうしたものか・・・。
14	1	/KS00.MAP	おや、これは一体何でしかね？
14	1	/GB00.MAP	片方はドリームラビリンスに、
14	1	/GB00.MAP	とてもめずらしい宝石なのよ。
14	1	/GB00.MAP	化け物には弱点と耐性がある。
14	1	/GB00.MAP	人は生まれた以上死ぬが定め。
14	1	/GB00.MAP	では汝らに光なす翼を託そう。
14	1	/GB00.MAP	今やそれが一番の楽しみじゃ。
14	1	/DL00.MAP	ぐおっ！い、痛いのだ～ゼー。
14	1	/DL00.MAP	ふぁはっはっはっはっ・・・！
14	1	/DL00.MAP	どこからか声が聞こえてくる。
14	1	/IP10.MAP	悪かったなぁ、脳ミソ筋肉で。
14	1	/IP10.MAP	ガルマンオーブを手に入れた。
14	1	/IP00.MAP	なにかやばそうな雰囲気だな。
14	1	/NT30.MAP	粛正させていただきましたよ。
14	1	/NT30.MAP	そして・・・もうすぐ・・・。
14	1	/NT30.MAP	そんなこと、絶対に許さない！
14	1	/NT30.MAP	リグロードが、世界が危ない！
14	1	/NT20.MAP	負け犬の遠吠え・・・ですか。
14	1	/NT20.MAP	・・・なるほど・・・それで？
14	1	/NT20.MAP	ドラグーン王国を知ってるの？
14	1	/NT20.MAP	絶対に阻止せねばなりません。
14	1	/NT00.MAP	そうですわね。行きましょう！
14	1	/HL10.MAP	これ、憶えておくといいわよ。
14	1	/HL10.MAP	そうかい。また来てくれよっ。
14	1	/HL00.MAP	アンジュは枯木を押してみた。
14	1	/HL00.MAP	ミュウは、とりあえず諦めた。
14	1	/HL00.MAP	ためしに押してみるの、なの。
14	1	/HL00.MAP	押せば、倒れるかもしれんな。
14	1	/HL00.MAP	これでハイランドに行けるね！
14	1	/HL00.MAP	でも何だか気になるの、なの。
14	1	/HL00.MAP	うん。気をひきしめて行こう！
14	2	/KK01.MAP	突然、爆発したりしないよね？
14	2	/KK01.MAP	できた！これでいいんだよね。
14	2	/KK01.MAP	もうここに用はないんだけど。
14	3	/CK00.MAP	「S」を売ってくれるのかね？
14	1	/CK00.MAP	おっと、忘れるところだった。
14	1	/CK00.MAP	なんだか他人に思えねぇんだ。
14	1	/CK00.MAP	後のことはあたし達に任せて。
14	1	/CK00.MAP	お兄ちゃん！無事だったのね！
14	1	/CK00.MAP	タタラが仲間に加わりました。
14	1	/CK00.MAP	奥義書は役にたってるかしら？
14	1	/OB00.MAP	何もおこらないみたいだけど？
14	1	/OB00.MAP	もう、反応はないみたいだね。
14	1	/OB00.MAP	だめ！水汲みさせるんだから！
14	1	/OB00.MAP	・・・うん。それもそうだね。
14	1	/OB00.MAP	・・・みんな、行こう・・・。
14	1	/OB00.MAP	橋でもあればいいのに・・・。
14	1	/MH00.MAP	終りだ、世界は滅びるんだよ！
14	1	/MH00.MAP	そうか・・・残念だな・・・。
14	1	/MH00.MAP	ええっ？ミュウ一人だけかい？
14	1	/MH00.MAP	じゃあ、もうしばらく待つよ。
14	1	/MH00.MAP	おっと、このことは内緒だぜ。
14	1	/GT20.MAP	俺っチどうすればいいでしか？
14	1	/GT10.MAP	計画・・・？一体何のことだ！
14	1	/GT10.MAP	余裕ぶっこいてんじゃねぇぞ！
14	1	/GT10.MAP	計画・・・一体、何の計画よ？
14	1	/KD00.MAP	じゃあ、その時にまた来よう。
14	1	/KD00.MAP	軍隊ってのはそういうもんさ。
14	1	/SK10.MAP	【蓬莱の珠】を入手しました。
14	1	/SK00.MAP	まだ、奥に子供たちが．．．。
14	1	/SK00.MAP	私よりも、子供たちを．．．。
14	1	/SK00.MAP	何回も、「調べる」しかねぇ。
14	1	/SK00.MAP	何回も、「調べる」しかない。
14	1	/HY00.MAP	ここから外に出るの、なのね。
14	1	/KM10.MAP	よし、あの女の人を助けるよ！
14	1	/KM10.MAP	僕に手助けさせてもらえない？
14	1	/KM10.MAP	そうか・・・そうだな・・・。
14	1	/KM10.MAP	一人で行くと思ったの、なの！
14	1	/KM10.MAP	カムイが仲間に加わりました。
14	1	/KM00.MAP	どうもありがとうございます。
14	1	/KM00.MAP	カムイ！旅は終ったの・・・？
14	1	/KM00.MAP	どれをお買いもとめでやすか？
14	1	/KM00.MAP	どれをお売りくださりやすか？
14	1	/KM00.MAP	どうか子供達も助けて下さい。
14	1	/KM00.MAP	頼む、そいつをゆずってくれ。
14	1	/KZ00.MAP	ミュウのことはどうする気だ？
14	1	/HS00.MAP	［］びくともしない・・・か。
14	1	/HS00.MAP	う・・・。ここは一体・・・？
14	1	/HS00.MAP	ふぅ。どうやら無事なようね。
14	1	/HS00.MAP	アスカ、お願い、落ちついて。
14	1	/HS00.MAP	いや、そう言われても・・・。
14	1	/HS00.MAP	ん？それは、どういうことよ？
14	1	/HS00.MAP	ここまで引いて正解だったな。
14	1	/GM00.MAP	あんたはん、知ってはります？
14	1	/GM00.MAP	え？あんたたちが、そうなん？
14	1	/GM00.MAP	頭使ってナンボのもんですわ。
14	1	/GM00.MAP	今、ちょっとバカにしたやろ？
14	1	/GM00.MAP	安心してママごともできへん。
14	1	/GM00.MAP	あら、コインが足りないわよ。
14	1	/GM00.MAP	おや、何か売りに来たのかい？
14	1	/GM00.MAP	「S」を買えばよろしいんで？
14	1	/GM00.MAP	「S」ですな。買わはります？
14	1	/GM00.MAP	まいどっ。ほかに何か買うけ？
14	1	/GM00.MAP	まいどっ。ほかに何か売るけ？
14	1	/GM00.MAP	まあ、繁盛してるみたいだな。
14	1	/GM00.MAP	ラスティは不意に眠り込んだ。
14	1	/GM00.MAP	ちょ、ちょっと、ラスティ！？
14	1	/NJ10.MAP	よし、オレの部下達はどこだ？
14	1	/NJ10.MAP	【天邪の鏡】を入手しました。
14	1	/NJ10.MAP	・・・わかってないでしょう？
14	1	/NJ10.MAP	では、宴をはじめましょうぞ！
14	1	/NJ00.MAP	そこは、炎が吹き出してくる。
14	1	/IG10.MAP	オレの名は、飛ぶ鳥のアスカ。
14	1	/IG10.MAP	やっぱり彼が、アスカなんだ！
14	1	/IG10.MAP	アスカ！ボク達も、手伝うよ！
14	1	/IG10.MAP	アスカが仲間に加わりました。
14	1	/IG00.MAP	最初は疑っていたけど・・・。
14	1	/IG00.MAP	ナズナ洞って知ってるかしら？
14	1	/IG00.MAP	あら、本気よ。うふふ・・・☆
14	1	/IG00.MAP	立派なこころがけじゃないか！
14	1	/IG00.MAP	そうか！　売りに来たんだな。
14	1	/IG00.MAP	ヨモギちゃんがかわいそうよ。
14	1	/IG00.MAP	僕も空を飛べたらなぁ・・・。
14	1	/NZ10.MAP	って、言われてもなァ・・・。
14	1	/NZ10.MAP	ちょ～っと、待ちなさいよっ！
14	1	/NZ10.MAP	そうよ、責任者出てきなさい！
14	1	/NZ10.MAP	ナズナが仲間に加わりました。
14	1	/NZ00.MAP	それと式神と何か関係あるの？
14	1	/WR02.MAP	アンジュさん大丈夫でしか！？
14	1	/WR02.MAP	わっ！イクシーズ号が落ちる！
14	2	/WR02.MAP	なに？ボクにできることかな？
14	1	/WR02.MAP	そうだね。まずは先を急ごう！
14	1	/WY02.MAP	ちえっ、ひでえ言いぐさだな！
14	1	/WK00.MAP	カオスの祭壇に向かいますか？
14	1	/WK00.MAP	何度見ても、いやな風景だね。
14	1	/WK00.MAP	いったんリグロードに戻ろう！
14	1	/WK00.MAP	ああ、俺達が、勝ったんだ！！
14	1	/WK00.MAP	いったい、どうなってやがる！
14	1	/WK00.MAP	世界は僕達で守ってみせるよ。
14	1	/WR00.MAP	ごめんね。イクシーズ・・・。
14	1	/WR00.MAP	うん。行こう、ドラグーンへ！
14	1	/WR00.MAP	うん。さぁ、行くよ、みんな！
14	1	/WR00.MAP	行こう、ミュウ！王を助けに！
14	1	/WR00.MAP	そして、お父様の意思を継ぐ！
14	1	/WR00.MAP	ナズナも、力を貸すの、なの！
14	1	/WR00.MAP	港町オルトマの前でござるよ。
14	1	/WR00.MAP	一行はお互いに自己紹介した。
14	1	/WR00.MAP	これも、７人委員会の仕業か！
14	1	/WR00.MAP	それはそうでござるが・・・。
14	1	/WR00.MAP	胸を張っていこうぜ、ミュウ！
14	1	/WR00.MAP	小さくなる必要なんかねぇよ。
14	1	/WC00.MAP	ここが７人委員会の塔ですわ。
14	1	/WC00.MAP	なるほど、うまいこと言うぜ！
14	1	/WC00.MAP	あたし達、仲間なんですもの。
14	1	/WC00.MAP	わたくしも言いすぎましたわ。
14	1	/WC00.MAP	とにかく！行くよ、みんな！！
14	1	/WC00.MAP	どうやらカギが必要みたいよ。
14	1	/WC00.MAP	まぁ！伝説の魔導士ですって！
14	1	/WC00.MAP	おい、ミュウ、大丈夫なのか？
14	1	/WC00.MAP	アンジュ様！ご無事でしたか！
14	1	/WC00.MAP	７人委員会の塔に入りますか？
14	1	/WC00.MAP	ハイランドの町に入りますか？
14	1	/WC00.MAP	よぅし、じゃ、入ってみよう！
14	1	/WC00.MAP	グラビティの町に入りますか？
14	1	/WY00.MAP	あんた達だけでも戻れるだろ。
14	1	/WY00.MAP	ついたぞ、ここが、星陵郭だ。
14	1	/WY00.MAP	そうだな、それがよさそうだ。
14	1	/WY00.MAP	ひとつだけ、聞いていいかな？
14	1	/WY00.MAP	女義賊かぁ、かっこいい～っ！
14	1	/WY00.MAP	まぁ、話すと長くなるんだが、
14	1	/WY00.MAP	うん、よろしくお願いします。
14	1	/WY00.MAP	村の人達はどうしたんだろう？
14	1	/BOT4.MAP	イベントを試したいってワケ？
14	1	/BOT4.MAP	↓↓↓セーブデータ補正↓↓↓
14	1	/WAZAHELP.MSG	敵からお金を盗み出す技です。
14	1	/WAZAHELP.MSG	弓矢を３本同時に放つ技です。
14	1	/WAZAHELP.MSG	電撃を宿した爪で攻撃します。
14	1	/WAZAHELP.MSG	鳥に変化することができます。
14	1	/WAZAHELP.MSG	熊に変化することができます。
14	1	/WAZAHELP.MSG	強力な火炎で敵を攻撃します。
14	1	/WAZAHELP.MSG	敵の心を虜にし、操る術です。
14	1	/ITEMHELP.MSG	古代遺跡の扉を開くカギです。
14	1	/ITEMHELP.MSG	名人長船がきたえた名刀です。
13	1	/FIR3.MAP	おめでとう！よくやったね。
13	3	/FIR2.MAP	よしっ！敵を全部倒したぞ！
13	18	/TJ72.MAP	残念だったな。時間切れだ。
13	2	/KB00.MAP	サクサクと片付けちゃおっ。
13	3	/TJ11.MAP	運試ししてみちゃどうだい？
13	2	/TJ01.MAP	残念でんなぁ。時間切れや。
13	1	/TM00.MAP	で、どれを買いやがるんだ？
13	1	/TM00.MAP	で、どれを売りやがるんだ？
13	1	/TM00.MAP	「S」かよ。本当だろうな？
13	1	/TM00.MAP	どれを買いやがるとですか？
13	2	/BL00.MAP	「S」じゃな。買うのかね？
13	2	/BL00.MAP	そんなに持てんじゃろうが。
13	1	/CT20.MAP	ふっ・・・。・・・神、か。
13	1	/CT20.MAP	う、うん。そうだね・・・。
13	1	/CT20.MAP	ユーカリ・・・今、戻るよ。
13	1	/CT20.MAP	魔法球はどうするでしかね？
13	2	/CT10.MAP	qzqzqzレレレqzqz
13	1	/CT10.MAP	r{hqhqzホホドqhq
13	1	/CT10.MAP	oxhqhqzホホドqhq
13	1	/CT10.MAP	luhqhqzホホドqhq
13	1	/CT10.MAP	お前達、生きていたのか！！
13	1	/CT10.MAP	生きていたのですか・・・？
13	1	/CT10.MAP	そ、その声は、確か・・・。
13	1	/CT10.MAP	これが魔法球みたいなのね。
13	1	/CT00.MAP	女zホテnenenS\S\
13	1	/CT00.MAP	粕幡幡enenenS\S\
13	1	/CT00.MAP	封仏仏enenenS\S\
13	1	/CT00.MAP	末蜜蜜enenenS\S\
13	1	/CT00.MAP	見覚えの無い敵ばかりだな。
13	1	/QH01.MAP	ラスティ・・・ありがとう。
13	1	/OT02.MAP	もったいないお言葉・・・。
13	1	/OT02.MAP	なんだい、やぶからぼうに？
13	1	/OT02.MAP	まさに適材適所でござるな！
13	2	/KM01.MAP	胼U薀E珉DNTTDB$$
13	2	/OT01.MAP	ごゆっくりごらんください。
13	1	/OT01.MAP	どれをお買いもとめですか？
13	1	/ZM01.MAP	・・・ミュウは悪くないよ。
13	1	/ZM01.MAP	さて、姫様、どれを買うね？
13	1	/ZM01.MAP	さて、姫様、どれを売るね？
13	3	/ZM01.MAP	そうか！売りに来たんだな。
13	1	/KB01.MAP	あ、そうか！よし、行くよ！
13	1	/WR10.MAP	オルトマの町に入りますか？
13	1	/RS01.MAP	ボクが竜に変身するでしょ。
13	1	/NT31.MAP	今こそ、我ら委員会の計画を
13	2	/ES01.MAP	あれ？！どうしてここに！？
13	2	/ES01.MAP	おいおい、そんな大げさな。
13	2	/ES10.MAP	カカルクランに行きますか？
13	2	/ES10.MAP	どういうことだろう・・・。
13	1	/MK00.MAP	・・・はい、お父様・・・。
13	3	/RT30.MAP	カオスゲートを使いますか？
13	1	/RT20.MAP	死んだ者のこと。捨ておけ。
13	1	/RT20.MAP	ほぅ、これはラスティ王子。
13	1	/RT20.MAP	私は、心底がっかりきたよ。
13	1	/RT20.MAP	そ、そんな、そんな・・・。
13	1	/RT00.MAP	ここから奥に進めそうだよ。
13	1	/QH00.MAP	また来てくれなきゃいやよ。
13	1	/QH00.MAP	一体、何がおこってるんだ？
13	1	/QH00.MAP	え、あなた達がラグロスを！
13	1	/QH00.MAP	はっ！・・・まさか・・・！
13	1	/IZ00.MAP	イクシーズから離れますか？
13	1	/IZ00.MAP	わたくしも、大丈夫ですわ。
13	1	/IZ00.MAP	・・・わかったの、なのね。
13	1	/IZ00.MAP	どうかお気になさらぬよう。
13	1	/IZ00.MAP	はっ！一命にかえましても！
13	1	/IZ00.MAP	［ファルコ］どうか、姫様。
13	1	/IZ00.MAP	光翼船イクシーズ、発進！！
13	1	/IZ00.MAP	ミュウ・・・ミュウ・・・。
13	1	/ZM00.MAP	そうだろう、そうだろうよ。
13	1	/ZM00.MAP	ほんと、失礼しちゃうわよ！
13	1	/ZM00.MAP	・・・え？・・・あ、うん。
13	1	/ZM00.MAP	どーも。ほかに何か買うか？
13	1	/ZM00.MAP	どーも。ほかに何か売るか？
13	3	/ZM00.MAP	どれを売ってくれるんだい？
13	1	/ZM00.MAP	どーも。ほかに何か買うの？
13	1	/ZM00.MAP	どーも。ほかに何か売るの？
13	2	/ZM00.MAP	金が足りないようですわね。
13	1	/DG10.MAP	隠れ里クリカラのイニシエ。
13	1	/DG10.MAP	ボクは逃げてなんかいない！
13	1	/DG00.MAP	俺様の天才的頭脳によれば、
13	1	/IS10.MAP	イクシーズまで戻りますか？
13	1	/DS10.MAP	この地形のせいじゃないか？
13	1	/KR00.MAP	それで、どれになさいます？
13	1	/KR00.MAP	そんな・・・まさか・・・。
13	1	/KR00.MAP	あ、う、うん、まだ・・・。
13	1	/KR00.MAP	は、はぁ・・・そうですか。
13	1	/KR00.MAP	平和はいいわよね、平和は！
13	1	/KR00.MAP	大変だ大変だ大変だ大変だ。
13	1	/JG02.MAP	どこへなりと失せるがよい！
13	1	/JG00.MAP	拙者も同じ気持ちでござる。
13	1	/JG00.MAP	では、次元の扉をあけます。
13	1	/JG00.MAP	みんな、ミュウを頼んだよ！
13	1	/JG00.MAP	やっぱり、つらくて・・・。
13	1	/JG00.MAP	ぬおおおおおおおおおおっ！
13	1	/JG00.MAP	ご武運をお祈りしてますぞ！
13	1	/JG00.MAP	では、次元の扉を閉めます。
13	1	/JG00.MAP	じゃあ、どうすればいいの。
13	1	/JG00.MAP	では、皆さん、さようなら。
13	1	/OT00.MAP	まったく、ついてませんね。
13	1	/OT00.MAP	それが、さっぱりでござる。
13	1	/OT00.MAP	いったいどこへ消えたんだ？
13	1	/AT20.MAP	先に進む道がないみたいだ。
13	1	/AT20.MAP	ファルコも喜びましょうぞ！
13	1	/AT20.MAP	許すまじ、死の安息・・・。
13	1	/AT20.MAP	ここは危険だ、外に出よう！
13	1	/AT10.MAP	７人委員会のやつら・・・。
13	1	/AT10.MAP	もう一回調べてみようかな。
13	1	/AT10.MAP	マインドワードを見つけた！
13	1	/AT10.MAP	本当にあったなんて・・・。
13	1	/AT00.MAP	まったくおまえという娘は！
13	1	/AT00.MAP	あれは一体、何でしょうか？
13	1	/AT00.MAP	私が？馬鹿なことを言うな。
13	1	/AT00.MAP	ああ、そうだったな・・・。
13	1	/AT00.MAP	ウィスコ著「魔法科学入門」
13	1	/AT00.MAP	宛名がかいてあるようだが？
13	1	/MP00.MAP	本当、無事でよかったでし。
13	1	/MP00.MAP	一体それは何のためだろう？
13	1	/MP00.MAP	古代魔法文明だって・・・？
13	1	/MP00.MAP	みんな・・・、ありがとう！
13	1	/MP00.MAP	「S」を売ってくれるのか？
13	1	/MP00.MAP	そうか！売りに来たんだね。
13	1	/MP00.MAP	何をお買いもとめでしょう？
13	1	/MP00.MAP	こうして、戻ってきたのさ。
13	1	/MP00.MAP	アレクトリア大図書館には、
13	1	/MP00.MAP	裏側から看板は読めません。
13	1	/MP00.MAP	［］明るい活動・・・ねぇ。
13	1	/MP00.MAP	町に笑い声が戻りましたわ。
13	1	/MP00.MAP	気を付けたほうがいいわよ。
13	1	/MP00.MAP	父ちゃんに聞いたんだけど、
13	1	/MP00.MAP	だけど、まいったな・・・。
13	1	/KS00.MAP	ここは一体・・・何だろう？
13	1	/KS00.MAP	何だか特別な場所のようだ。
13	1	/KS00.MAP	何か分かると思うんだけど。
13	1	/KS00.MAP	ここが海底神殿かぁ・・・。
13	1	/KS00.MAP	ここが海底神殿ってワケか。
13	1	/GB00.MAP	キャーキャーキャーキャー！
13	1	/GB00.MAP	すごいでしょ、長老ってば。
13	1	/GB00.MAP	ありがとう。ごくろうさま。
13	2	/GB00.MAP	どれをお買いもとめですの？
13	1	/GB00.MAP	グラビティの町を出ますか？
13	1	/IP10.MAP	これがガルマンオーブかぁ。
13	1	/IP10.MAP	ドラグーンの竜騎士ミュウ。
13	1	/IP00.MAP	少しずつなら動くみたいね。
13	1	/IP00.MAP	う～ん．．．重い扉でしね。
13	1	/IP00.MAP	なるほど、これはアレよね、
13	1	/IP00.MAP	扉にせこい細工しやがって。
13	1	/NT21.MAP	・・・いや、なんでもない。
13	1	/NT30.MAP	ガルザードォォォォッッ！！
13	1	/NT20.MAP	きてはアアアァァァァ～ッ！
13	1	/NT20.MAP	ざっと、こんなものですわ。
13	1	/NT00.MAP	気をつけてまいりましょう。
13	1	/NT00.MAP	あ、ううん、なんでもない。
13	1	/NT00.MAP	ここから外に出られますわ。
13	1	/HL10.MAP	ありがとよ、また来てくれ。
13	1	/HL10.MAP	なにを売ってくれんのよぉ？
13	1	/HL00.MAP	ミュウは枯木を押してみた。
13	1	/HL00.MAP	枯木の幹を押してみますか？
13	1	/HL00.MAP	あれ？押せば倒れそうだよ！
13	1	/HL00.MAP	やっぱり、やめておこうか。
13	1	/HL00.MAP	考えなくてはなりませんわ。
13	1	/HL00.MAP	どこへ行きますか？    
13	2	/KK01.MAP	ここに、入れればいいのね。
13	2	/KK01.MAP	ここに水を入れるんだよね。
13	2	/KK01.MAP	えーっと、水桶は何処かな？
13	1	/KK00.MAP	この大水桶を、壊さなきゃ！
13	1	/KK00.MAP	おおっ、間に合ったでし！！
13	1	/KK00.MAP	命あってのものだねでしよ！
13	3	/CK00.MAP	武器を買ってくれるのかい。
13	1	/CK00.MAP	どれを買ってくれるんだね？
13	1	/CK00.MAP	どれを売ってくれるんだね？
13	1	/CK00.MAP	お帰りなさい、お兄ちゃん。
13	1	/CK00.MAP	もうどこにもいかないよね？
13	1	/CK00.MAP	中には誰もいないようだね。
13	1	/CK00.MAP	だったら、一緒にこないか？
13	1	/CK00.MAP	いいでし、力を貸すでしよ。
13	1	/CK00.MAP	できたぜ、俺の最高傑作が！
13	1	/OB00.MAP	何も見あたらないじゃない。
13	1	/OB00.MAP	何も見あたらないの、なの。
13	1	/OB00.MAP	特に反応も無いみてぇだし。
13	1	/OB00.MAP	仕掛けの方も反応が無いね。
13	1	/OB00.MAP	もう何も起こらないようだ。
13	1	/OB00.MAP	礼に従い、名乗りをあげい！
13	1	/OB00.MAP	アヤヒメ？・・・誰だっけ？
13	1	/OB00.MAP	ここは滑りやすくなってる。
13	1	/OB00.MAP	ミュウ・・・しかし・・・。
13	2	/MH00.MAP	おい、人が近付いてくるぜ。
13	1	/MH00.MAP	おや、ラスティじゃないか！
13	1	/MH00.MAP	・・・愛してるって・・・。
13	1	/MH00.MAP	ありがとう、皆さん・・・。
13	1	/MH00.MAP	どや、タメになったやろう？
13	1	/GT20.MAP	逃がさないと言ったはずだ！
13	1	/GT20.MAP	周りの反応も消えているな。
13	1	/GT10.MAP	計画・・・一体何のことだ！
13	1	/GT10.MAP	諸君と遊ぶのもここまでだ。
13	1	/KD00.MAP	やっぱり思ったとおりだね。
13	1	/KD00.MAP	これでゲテン城に行けるね。
13	1	/SK10.MAP	Q餬bmblfmbKU鑁l
13	1	/SK10.MAP	だが、油断するな、ミュウ！
13	1	/SK00.MAP	わーい！開いたの、なのね！
13	1	/SK00.MAP	子供達はどこに行ったんだ？
13	1	/HY00.MAP	やれやれ。やっと着いたぁ。
13	1	/HY00.MAP	よし、ここから外に出るよ。
13	1	/HY00.MAP	ここから、外に出られるゼ！
13	1	/HY00.MAP	ここから外にでられるわよ。
13	1	/HY00.MAP	ここはいっきに突破するよ！
13	1	/HY00.MAP	あそこを抜ければ星陵郭だ。
13	1	/KM10.MAP	お願いです、やめて下さい！
13	1	/KM10.MAP	ええい、ジャマをするな！！
13	1	/KM10.MAP	あたし、見直しちゃったな。
13	1	/KM10.MAP	ナズナも見直したの、なの。
13	1	/KM10.MAP	・・・私・・・助かったの？
13	1	/KM10.MAP	だとよ、ミュウ、どうする？
13	1	/KM10.MAP	実際、分かりやすい人よね。
13	1	/KM10.MAP	じゃあ、皆で行くとしよう。
13	1	/KM00.MAP	ありがとう、私は決心した。
13	1	/KM00.MAP	怖いよ～、怖いよ～・・・。
13	1	/KM00.MAP	おかえりなさい、カムイ様。
13	1	/KM00.MAP	うん！さっそく案内するよ。
13	1	/KZ00.MAP	だから、金には価値がある。
13	1	/KZ00.MAP	ところで、あれは何だろう？
13	1	/KZ00.MAP	ちょっと探検してみようよ。
13	1	/GH00.MAP	そういうことは先に言えよ！
13	1	/HS10.MAP	カギがかかっているようだ。
13	1	/HS10.MAP	結界洞と関係があるのかな？
13	1	/HS10.MAP	その金属で武器をつくりゃ、
13	1	/HS10.MAP	とりあえずもっておこうか。
13	1	/HS00.MAP	ねぇ・・・アスカ？起きて！
13	1	/HS00.MAP	どういうことよ、アスカっ！
13	1	/HS00.MAP	腕がなるわね。ア～ちゃん。
13	1	/HS00.MAP	みんな準備はいい？いくよ！
13	1	/GM00.MAP	えらいことになってますわ。
13	1	/GM00.MAP	注意せなあきませんわなぁ。
13	1	/GM00.MAP	えーん、えーん、怖いよー。
13	1	/GM00.MAP	ゲームのランクを決めてね。
13	1	/GM00.MAP	じゃあ、カードを配るわよ。
13	1	/GM00.MAP	お売りいただけるのですか。
13	1	/GM00.MAP	ゆっくり見てっておくれよ。
13	1	/GM00.MAP	どれを買ってくれるんだい？
13	1	/GM00.MAP	何をお買いもとめですのん？
13	1	/GM00.MAP	何を売ってくらはるんです？
13	1	/GM00.MAP	へい、毎度。何にしまひょ？
13	1	/GM00.MAP	武器を買うてくれんのかい。
13	1	/GM00.MAP	「S」を売ってくれるんけ？
13	1	/GM00.MAP	あー、おいしかった・・・。
13	1	/GM00.MAP	当店特製の味付けですがな。
13	1	/GM00.MAP	何の・・・つもり・・・だ！
13	1	/NJ10.MAP	怒った顔も素敵なの、なの。
13	1	/NJ10.MAP	すまんな、役に立てなくて。
13	1	/NJ10.MAP	誰がおとなしく従うもんか！
13	1	/NJ10.MAP	ご理解いただけましたかな？
13	1	/NJ00.MAP	よし、みんな、聞いてくれ。
13	2	/NJ00.MAP	もう一度説明を聞きますか？
13	1	/NJ00.MAP	・・・うん、やっぱり壁だ。
13	1	/IG00.MAP	ごめんよ、アスカ兄ちゃん。
13	1	/IG00.MAP	アスカ様！ごぶじでしたか！
13	1	/IG00.MAP	いらっしゃい。何にするね？
13	1	/IG00.MAP	そんなに持てないじゃろう？
13	1	/IG00.MAP	わかった、わかった・・・。
13	1	/NZ10.MAP	入った時もそう言ってたね。
13	1	/NZ10.MAP	式神が契約の押し売りかぁ？
13	1	/NZ10.MAP	・・・お～い、もしもーし？
13	1	/NZ10.MAP	もう誰にも止められないよ。
13	1	/NZ00.MAP	・・・ミュウも、ね・・・。
13	2	/WR02.MAP	適当なところから当ろうぜ。
13	1	/WR02.MAP	それが皆目見当つきませぬ。
13	1	/WY02.MAP	あっと、忘れるとこだった。
13	1	/WY02.MAP	扉を開けるのを手伝って！！
13	1	/WK00.MAP	ここがカカルクラン・・・。
13	1	/WK00.MAP	わっ！吸い込まれる・・・！
13	1	/WK00.MAP	みんなで力をあわせるんだ！
13	1	/WK00.MAP	水晶柱から声がしましたわ！
13	1	/WR00.MAP	ドラグーン城に入りますか？
13	1	/WR00.MAP	一人ぼっち・・・か・・・。
13	1	/WR00.MAP	そんなもの、跡形も無いぜ？
13	1	/WR00.MAP	港町オルトマに入りますか？
13	1	/WR00.MAP	目が醒めたようでござるな。
13	1	/WR00.MAP	確かに敵を倒したハズだぜ！
13	1	/WR00.MAP	ラグロスの塔に入りますか？
13	1	/WR00.MAP	バトラムの町に入りますか？
13	1	/WR00.MAP	イクシーズに近寄りますか？
13	1	/WC00.MAP	・・・これからどうするの？
13	1	/WC00.MAP	でも、無理してるじゃない？
13	1	/WC00.MAP	そうと決まれば、シラナミ！
13	1	/WC00.MAP	港町ポポロンに入りますか？
13	1	/WC00.MAP	ううん。無かったと思うよ。
13	1	/WC00.MAP	しょうがない、他を探そう。
13	1	/WC00.MAP	ここが、海底神殿ですのね。
13	1	/WC00.MAP	アンジュが仲間に加わった。
13	2	/SS10.MAP	カダール兵の残党がいた！！
13	1	/WY00.MAP	急いで忍者屋敷へ向かおう。
13	1	/WY00.MAP	よし。中に入ってみようよ！
13	1	/WY00.MAP	さて、私の目的は果たした。
13	1	/WY00.MAP	お礼なんて、そんな・・・。
13	1	/WY00.MAP	情けないこと言わないでよ。
13	1	/WY00.MAP	カムイが仲間になりました。
13	1	/WY00.MAP	これでどうだろう、ミュウ？
13	1	/WY00.MAP	で、中の様子はどうだった？
13	1	/WY00.MAP	みんな！もう一度いくよっ！
13	1	/WY00.MAP	ナズナ、うれしい～、なの！
13	1	/WY00.MAP	一旦退却して正解だったな。
13	1	/WY00.MAP	これがシノビの家なのかな？
13	1	/WY00.MAP	ゴジョウの町に入りますか？
13	1	/WY00.MAP	ゴジョウ大橋を通りますか？
13	1	/WY00.MAP	ホウショウ院に入りますか？
13	1	/WY00.MAP	カムイコタンに入りますか？
13	1	/WY00.MAP	あの山は、ホウライ山だな。
13	1	/WY00.MAP	忍者屋敷へと通じる山道さ。
13	1	/WY00.MAP	本当に、火事なのか・・・？
13	1	/BOT5.MAP	ホークアイを仲間に入れる？
13	1	/BOT4.MAP	↓↓↓イベントのアレ↓↓↓
13	1	/WAZAHELP.MSG	離れた敵を鋭く突く技です。
13	1	/WAZAHELP.MSG	敵を投げ攻撃をする技です。
13	1	/WAZAHELP.MSG	力任せに殴り付ける技です。
13	1	/WAZAHELP.MSG	電撃を敵にぶつける術です。
13	1	/WAZAHELP.MSG	敵の集団を弱体化させます。
13	1	/ITEMHELP.MSG	実戦用にきたえた長剣です。
12	1	/GT00.MAP	ここがゲテン城か・・・。
12	1	/FIR3.MAP	おめでとう！よくやった！
12	3	/KB00.MAP	みんな、ケガはないかい？
12	1	/KB10.MAP	カダール軍の残党でしね。
12	1	/KB20.MAP	小細工なしの正面突破だ！
12	1	/TM00.MAP	やめやがった。ほかには？
12	1	/TM00.MAP	「S」を売りやがるのか？
12	2	/TM00.MAP	試練の迷宮に入りますか？
12	1	/BL00.MAP	どーも。ほかに何か買う？
12	2	/BL00.MAP	「S」を売ってくれるの？
12	1	/BL00.MAP	どーも。ほかに何か売る？
12	2	/BL00.MAP	ひやかしか。ほかに何か？
12	1	/BL00.MAP	１．パーティは８名まで。
12	1	/CT20.MAP	剣沺椌惧悖悛悖沺據沾撩惧
12	1	/CT20.MAP	神に・・・なるつもり？！
12	1	/CT20.MAP	ちっ、この坂が厄介だな。
12	1	/CT10.MAP	駁hqhqzホホドqhq
12	1	/CT10.MAP	糖hqhqzホホドqhq
12	1	/CT10.MAP	兆hqhqzホホドqhq
12	1	/CT10.MAP	あんた達、生きてたの？！
12	1	/CT10.MAP	む・・・その声は・・・！
12	1	/CT10.MAP	思い・・・どういうこと？
12	1	/CT10.MAP	こいつが魔法球か・・・。
12	1	/CT10.MAP	これが魔法球でござるか。
12	1	/CT00.MAP	ミュウは・・・僕が守る！
12	1	/CT00.MAP	見たことない敵みたいね。
12	1	/CT00.MAP	あそこが出口みたいだね。
12	1	/QH01.MAP	もぅ・・・。・・・ばか☆
12	1	/IG01.MAP	さよならなのね、ミュウ！
12	2	/OT01.MAP	武器をお求めでござるか？
12	2	/OT01.MAP	またおこしくだされたし。
12	1	/ZM01.MAP	・・・うん、分かってる。
12	1	/ZM01.MAP	売りに来たのかい、姫様。
12	1	/KB01.MAP	【アースモール】・・・？
12	2	/WR10.MAP	ザルマの町に入りますか？
12	1	/DG21.MAP	は、はい。ドラグーン王。
12	1	/DG21.MAP	そりゃそうだけど・・・。
12	2	/ES01.MAP	おかえりなさい、皆さん。
12	2	/ES01.MAP	ルゥナさんに聞いたでし。
12	2	/ES10.MAP	この水晶柱のせいなのか？
12	2	/ES10.MAP	美しさは罪なのだ～ゼー！
12	2	/ES10.MAP	あれは７人委員会の姿だ！
12	2	/ES10.MAP	あれが７人委員会なのね。
12	2	/ES10.MAP	あれが７人委員会でしか。
12	2	/WS10.MAP	あれは７人委員会・・・。
12	1	/ES00.MAP	なんだザコばっかりだな。
12	1	/MK00.MAP	これが・・・思念・・・？
12	1	/MK00.MAP	いまさら裏切るつもりか！
12	1	/WS00.MAP	これが、水晶柱か・・・。
12	1	/RT20.MAP	でも、どうすれば・・・？
12	1	/RT20.MAP	どうか、御決断くだされ。
12	1	/RT20.MAP	死んだの、なのね・・・。
12	2	/RT20.MAP	それはそうだけど・・・。
12	1	/RT20.MAP	持ってるの、なの・・・。
12	1	/RT20.MAP	ルゥナは突然消えさった。
12	1	/RT20.MAP	ラスティ、落ち着くんだ。
12	3	/QH00.MAP	ゆっくり見てってくれよ。
12	5	/QH00.MAP	どれを売ってくれるんだ？
12	1	/QH00.MAP	武器を買ってくれるのね？
12	1	/QH00.MAP	金が足りんようですじゃ。
12	1	/QH00.MAP	ライトワードを手に入れた
12	1	/QH00.MAP	ったく、グズなんだから。
12	1	/QH00.MAP	アドバイス一筋に３５年。
12	1	/QH00.MAP	ち、父上と母上が・・・！
12	1	/QH00.MAP	・・・ラグロスめ・・・。
12	1	/IZ00.MAP	だいじょうぶか、ナズナ！
12	1	/IZ00.MAP	御意にござります。姫様。
12	1	/IZ00.MAP	よう、ミュウじゃないか。
12	1	/IZ00.MAP	ルゥナ？！どうしたの？！
12	1	/IZ00.MAP	一体何が起こっているの？
12	1	/ZM00.MAP	一体、どうなってるんだ？
12	1	/ZM00.MAP	まさにドラグーンの華さ。
12	1	/ZM00.MAP	そんなことないですよね？
12	1	/ZM00.MAP	荷物がいっぱいのようだ。
12	1	/DG10.MAP	ヤマタイはイガのシノビ。
12	1	/DG10.MAP	・・・待ちかねましたよ。
12	1	/DG10.MAP	父・・・国王はどちらに？
12	1	/DG00.MAP	・・・うん。ありがとう。
12	1	/IS10.MAP	あ、うん、それは大丈夫。
12	1	/IS10.MAP	あ、うん、お願いします。
12	1	/IS10.MAP	ははっ！おおせの通りに！
12	1	/IS00.MAP	・・・そんなわけないか。
12	4	/KR00.MAP	そうか。また来てくれよ。
12	4	/KR00.MAP	どれを買ってくれるんだ？
12	1	/KR00.MAP	うーん、どうしようかな？
12	1	/KR00.MAP	じゃ、これにて一件落着！
12	1	/KR00.MAP	これはこれは、ミュウ様！
12	1	/KR00.MAP	ねえ、あなた信じられる？
12	1	/KR00.MAP	私にも使ってほしいな～。
12	1	/DS00.MAP	ようし、やっつけてやる！
12	1	/JG10.MAP	気をつけて下さいませね！
12	1	/JG00.MAP	そんなことは、させない！
12	1	/JG00.MAP	まかせておくのだ～ゼー！
12	1	/JG00.MAP	シラナミ・・・元気でな。
12	1	/JG00.MAP	・・・それはできません。
12	1	/JG00.MAP	皆さんの健闘を祈ります。
12	1	/JG00.MAP	見て！イクシーズ号だよ！
12	1	/OT10.MAP	オルトマを守らなくちゃ！
12	1	/OT00.MAP	う。い、いいじゃないか。
12	1	/OT00.MAP	とにかくめでたいことだ！
12	1	/OT00.MAP	お心遣い、かたじけない。
12	1	/OT00.MAP	ご心配をおかけいたした。
12	1	/OT00.MAP	よう、ミュウじゃないか！
12	1	/OT00.MAP	・・・まだ、皆目・・・。
12	1	/AT20.MAP	ア・・・アンジュ・・・！
12	1	/AT10.MAP	 @魵啅35UUUU3船
12	1	/AT10.MAP	まだ続きが書いてあるよ。
12	1	/AT00.MAP	公開の予定はありません。
12	1	/AT00.MAP	それで、そちらの方々は？
12	1	/AT00.MAP	ドラグーンのミュウです。
12	1	/AT00.MAP	・・・あっ！おまえはっ！
12	1	/AT00.MAP	さぁ、さっさと出て行け！
12	1	/AT00.MAP	やっぱり、そう思います？
12	1	/AT00.MAP	もう少し時間を置こうよ。
12	1	/AT00.MAP	おかしいですわね・・・。
12	1	/AT00.MAP	地下への階段を見つけた！
12	1	/AT00.MAP	アンジュ、何か知ってる？
12	1	/AT00.MAP	研究は、困難をきわめた。
12	1	/AT00.MAP	最初は居眠りかと思った。
12	1	/AT00.MAP	変らぬ愛を、君に・・・。
12	1	/MP00.MAP	思ったより元気そうだね。
12	1	/MP00.MAP	そんなに素直になっ・・・
12	1	/MP00.MAP	アンジュ？それって、誰？
12	1	/MP00.MAP	アスカ、ラスティ・・・。
12	1	/MP00.MAP	ナズナも一緒なの、なの！
12	1	/MP00.MAP	話はまとまったようだね。
12	1	/MP00.MAP	港は活気にあふれている。
12	1	/MP00.MAP	武器を買ってくれんのか。
12	1	/MP00.MAP	「S」だね。買いますか？
12	1	/MP00.MAP	金が足りないじゃないか。
12	1	/MP00.MAP	最近、噂を聞きませんが。
12	1	/MP00.MAP	ただいま倉庫番募集中！！
12	1	/MP00.MAP	ここは魔導王国カダール。
12	1	/MP00.MAP	夢の迷宮って知ってます？
12	1	/MP00.MAP	わーい、わーい、わーい。
12	1	/MP00.MAP	どうする、ミュウ・・・？
12	1	/MP00.MAP	そういう噂がありますわ。
12	1	/KS00.MAP	ぬおーっ、こ、これはっ！
12	1	/KS00.MAP	ここが海底神殿ですのね。
12	1	/KS00.MAP	なんだかドキドキするね。
12	1	/GB00.MAP	かならず役に立つからね。
12	1	/GB00.MAP	ようこそ、グラビティへ。
12	1	/GB00.MAP	長老様から聞いてますよ、
12	1	/GB00.MAP	古代のカギを手に入れた。
12	2	/GB00.MAP	どれをお売りくださるの？
12	1	/IP10.MAP	ただの玉に見えるけどな。
12	1	/IP00.MAP	あれれ？扉が開かないよ？
12	1	/IP00.MAP	気を付けてくださいまし。
12	1	/SB00.MAP	砂の穴の中に何かいるよ？
12	1	/NT30.MAP	ふふふ、知っていますか？
12	1	/NT30.MAP	教えてさしあげましょう。
12	1	/NT20.MAP	ボクをどうするつもり？！
12	1	/NT20.MAP	まぁ、ドラグーン王国の？
12	1	/NT20.MAP	アン・ドゥ・トロワ～ッ！
12	1	/NT00.MAP	・・・あ！・・・ごめん。
12	1	/HL10.MAP	よう。今日は何の用だい？
12	1	/HL10.MAP	武器を捜してるってのか？
12	1	/HL10.MAP	ここは、なくなるらしいぞ
12	1	/HL00.MAP	押してみましょうかしら？
12	1	/HL00.MAP	気にはなるんだけど・・・
12	1	/HL00.MAP	やっぱり止めておくのね。
12	1	/HL00.MAP	やめたほうがいいでしね。
12	2	/KK01.MAP	ここに水を入れるんだね。
12	2	/KK01.MAP	・・・これでいいんだろ。
12	2	/KK01.MAP	ここに水を入れるわけか。
12	1	/KK00.MAP	そんな！時間がないのに！
12	1	/CK00.MAP	いったいどうなってんだ？
12	1	/CK00.MAP	水運びを手伝ってあげる？
12	1	/CK00.MAP	中には誰もいないようだ。
12	1	/CK00.MAP	そうだよ、ボク達が行く！
12	1	/CK00.MAP	あら、タタラじゃないの。
12	1	/CK00.MAP	もう！これよ、この金属！
12	1	/OB00.MAP	仕掛けの方も反応が無い。
12	1	/OB00.MAP	どういう理屈だ、そりゃ？
12	1	/OB00.MAP	ええーい、名をなのれ！！
12	1	/OB00.MAP	じゃ、みんな、行くよっ！
12	1	/OB00.MAP	・・・この先には・・・。
12	2	/MH00.MAP	ゆるりと見てっておくれ。
12	2	/MH00.MAP	何を買ってくれるんかの？
12	2	/MH00.MAP	何を売ってくれるんかの？
12	1	/MH00.MAP	伝説のカタナ【桜吹雪】。
12	1	/MH00.MAP	誰かいないかしら・・・。
12	1	/MH00.MAP	わたしってば、不幸だわ。
12	1	/GT10.MAP	おまえがガルザードか！！
12	1	/GT10.MAP	お前がガルザードなのね！
12	1	/GT10.MAP	お前がガルザードでしね！
12	1	/GT10.MAP	はい・・・仰せのままに。
12	1	/KD00.MAP	やっぱり思ったとおりだ。
12	1	/KD00.MAP	止めておいた方がいいな。
12	1	/KD00.MAP	ちょ、ちょっとまってよ、
12	1	/SK10.MAP	子供達を返してもらおう。
12	1	/HY00.MAP	ふう、この先が星陵郭だ。
12	1	/HY00.MAP	もう一度説明しておこう。
12	1	/KM10.MAP	おのれ、カダール軍めっ！
12	1	/KM10.MAP	ユーカリ・・・大丈夫か？
12	1	/KM10.MAP	カムイさん、だったっけ？
12	1	/KM10.MAP	ああ。オレも正直言って、
12	1	/KM10.MAP	じゃあ、始めるよ・・・。
12	1	/KM10.MAP	分かった。私が悪かった。
12	1	/KM10.MAP	ユーカリ、しっかりしろ！
12	1	/KM00.MAP	カムイ！おかえりなさい！
12	1	/KM00.MAP	全てが済んだとき・・・。
12	1	/KM00.MAP	彼女も、今は眠っている。
12	1	/KM00.MAP	いや、これは私の戦いだ。
12	1	/KM00.MAP	馬鹿言ってんじゃねぇぜ！
12	1	/KZ00.MAP	へぇ、詳しいね、アスカ。
12	1	/GH00.MAP	おおおおお、わが相棒よ！
12	1	/HS10.MAP	ア～ちゃん、イカすわぁ。
12	1	/HS10.MAP	何だろうこれ、鉄かなぁ？
12	1	/HS00.MAP	許さねぇぞ、あの店主め！
12	1	/HS00.MAP	あらあら、随分賑やかね。
12	1	/HS00.MAP	あ、危ないとこだったね。
12	1	/HS00.MAP	ねね、アスカ、これなに？
12	1	/GM00.MAP	そんなことわかってるよ。
12	1	/GM00.MAP	えらいことになってるな。
12	1	/GM00.MAP	ほんま、ええ気味やわぁ。
12	1	/GM00.MAP	かんにんしておくれやす。
12	1	/GM00.MAP	・・・そう、逃げるのね。
12	1	/GM00.MAP	武器をお求めでしょうか。
12	1	/GM00.MAP	これが都会のお茶なのか？
12	1	/GM00.MAP	みんなどうしたの、なの？
12	1	/GM00.MAP	化けて出てこんといてや。
12	1	/NJ10.MAP	そうだ、あそこしかない！
12	1	/NJ10.MAP	それまで持っていようよ。
12	1	/NJ10.MAP	運命の出会いなの、なの。
12	1	/NJ10.MAP	は、はあ、運命でやすか？
12	1	/NJ10.MAP	月組は、しばらく休業だ。
12	1	/NJ00.MAP	裏切り者・・・か・・・。
12	1	/NJ00.MAP	・・・どう見ても壁だよ。
12	1	/IG10.MAP	よし、アスカを助けよう！
12	1	/IG00.MAP	「S」だね。買うっての？
12	1	/NZ10.MAP	そういうワケだ、ナズナ。
12	1	/NZ10.MAP	・・・というわけなのね。
12	1	/NZ10.MAP	ちょっと待つのだ～ゼー！
12	1	/WR02.MAP	まさか、次元の扉・・・？
12	1	/WY02.MAP	本当は羨ましいんでしょ？
12	1	/WK00.MAP	リグロードに戻りますか？
12	1	/WK00.MAP	仲間を選択してください。
12	1	/WK00.MAP	これで終りにしちまいな！
12	1	/WR00.MAP	ミュウ！しっかりしてよ！
12	1	/WR00.MAP	一体、どうしたってんだ？
12	1	/WR00.MAP	あれ・・・ここは・・・？
12	1	/WR00.MAP	拙者、ホークアイと申す。
12	1	/WR00.MAP	大地の叫びに入りますか？
12	1	/WR00.MAP	急がば回れ、とも言うし。
12	1	/WR00.MAP	いよいよ、で、ござるな！
12	1	/WR00.MAP	コルベの村に入りますか？
12	1	/WR00.MAP	遊びに行くんじゃねぇぞ！
12	1	/WC00.MAP	行こう、港町ポポロンへ！
12	1	/WC00.MAP	うん。じゃあ、また後で！
12	1	/WC00.MAP	・・・反対は、ないよね？
12	1	/WC00.MAP	アスカ、どうなの、なの？
12	1	/WC00.MAP	みんな・・・ありがとう。
12	1	/WC00.MAP	我々は、仲間なのだから。
12	1	/WC00.MAP	鳥が飛ぶには風が必要だ。
12	1	/WC00.MAP	うん！その風に、乗った！
12	1	/WC00.MAP	思う存分暴れてやるぜっ！
12	1	/WC00.MAP	館長室にお寄りください。
12	1	/WC00.MAP	［門番］あ、アンジュ様！
12	1	/WC00.MAP	古代のカギを使いました。
12	1	/WC00.MAP	なんだろう・・・ここは？
12	1	/WC00.MAP	キングが仲間に加わった。
12	2	/SS10.MAP	あの世で後悔するがいい！
12	1	/WY00.MAP	ここはあたしに任せてよ！
12	1	/WY00.MAP	オレの方が恥ずかしいゼ。
12	1	/WY00.MAP	町人は立ち去っていった。
12	1	/WY00.MAP	ホウライ山に入りますか？
12	1	/WY00.MAP	港町ヒガタに入りますか？
12	1	/WY00.MAP	イガの山道に入りますか？
12	1	/BOT5.MAP	ラスティを仲間に入れる？
12	1	/BOT5.MAP	シラナミを仲間に入れる？
12	1	/BOT5.MAP	アンジュを仲間に入れる？
12	1	/BOT4.MAP	リグロードイベントテスト
12	1	/WAZAHELP.MSG	鳥の姿から人に戻ります。
12	1	/WAZAHELP.MSG	竜の姿から人に戻ります。
12	1	/WAZAHELP.MSG	敵のＨＰを奪い取ります。
12	1	/WAZAHELP.MSG	敵のＭＰを奪い取ります。
12	1	/WAZAHELP.MSG	弓矢で敵を射抜く技です。
12	1	/WAZAHELP.MSG	強力な牙による攻撃です。
12	1	/WAZAHELP.MSG	熊の姿から人に戻ります。
11	1	/FIR3.MAP	な、なんだ君たちは！？
11	1	/FIR3.MAP	ミュウ！いよいよだぜ！
11	1	/FIR2.MAP	じゃあみんな！いくよ！
11	2	/KB00.MAP	あら、弱いの、なのね。
11	1	/KB10.MAP	カダールの残党なのね。
11	1	/TM00.MAP	武器を買いやがるのか？
11	1	/TM00.MAP	売りに来やがったのか？
11	1	/TM00.MAP	でも気にせんとってや。
11	2	/BL00.MAP	できれば、来んでくれ。
11	2	/BL00.MAP	どれを買うつもりじゃ？
11	1	/BL00.MAP	とまぁ、こんなとこだ。
11	1	/BL10.MAP	試練の迷宮を出ますか？
11	1	/CT20.MAP	それはどうですかしら？
11	1	/CT20.MAP	坂道が邪魔でござるな。
11	1	/CT10.MAP	こ、これは一体・・・？
11	1	/CT10.MAP	死んでおしまいなさい！
11	1	/CT10.MAP	われらの思いに応えよ。
11	1	/CT10.MAP	思い・・・でござるか？
11	1	/CT10.MAP	これが魔法球みたいね。
11	1	/CT10.MAP	これが魔法球の様だな。
11	1	/IG01.MAP	もちろん！ね、ナズナ☆
11	1	/IG01.MAP	なのね！ね、シラナミ☆
11	1	/HL11.MAP	さらば、なのだ～ゼー！
11	1	/GM01.MAP	さようなら、シラナミ！
11	1	/CK01.MAP	ミュウ！さよならでし！
11	1	/AT01.MAP	・・・お待ちになって！
11	2	/OT01.MAP	いきさつを話しました。
11	1	/OT01.MAP	出航用意！帆をあげろ！
11	1	/WR10.MAP	カダールの兵隊がいる！
11	1	/RS01.MAP	よし、今度こそ勝つぞ！
11	1	/NT31.MAP	世界に覇をとなうべし！
11	2	/ES01.MAP	ンなことしてねぇだろ！
11	2	/ES01.MAP	オレは何もしてねぇぞ！
11	2	/ES01.MAP	そいつぁ、すまねぇな。
11	2	/ES10.MAP	この水晶柱のせいかな？
11	1	/MK00.MAP	アンジュ！ためらうな！
11	1	/MK00.MAP	せまい所でござるなぁ。
11	1	/MK00.MAP	せま苦しい所ですわね。
11	1	/WS00.MAP	不思議なシロモノだぜ。
11	1	/RT30.MAP	じゃ、こっちは・・・？
11	1	/RT20.MAP	ここは私にお任せあれ！
11	1	/RT20.MAP	うむ。頼んだぞ・・・。
11	1	/RT20.MAP	ラグロスゥゥゥッ！！！
11	1	/RT20.MAP	うむ、頼んだぞ・・・。
11	1	/RT20.MAP	カカルクランですって！
11	1	/RT20.MAP	彼らの考えは邪悪です。
11	1	/RT20.MAP	・・・死んだか・・・。
11	1	/RT20.MAP	死んでござるな・・・。
11	1	/RT20.MAP	そうでござるが・・・。
11	1	/RT20.MAP	持ってるでしよ・・・。
11	1	/RT20.MAP	持っているのだ～ゼー！
11	1	/RT00.MAP	ここから行くしかない。
11	1	/QH00.MAP	どれを買おうってんだ？
11	1	/QH00.MAP	売りに来てくれたのね？
11	1	/QH00.MAP	皆、期待してるんスよ。
11	1	/QH00.MAP	一体、何事でしょう！？
11	1	/QH00.MAP	ちょっと、聞いたかい！
11	1	/QH00.MAP	世界は美しいですよね。
11	1	/QH00.MAP	アドバイス一筋３５年。
11	1	/QH00.MAP	ラスティ。早く行こう！
11	1	/QH00.MAP	さぁ、帰った、帰った！
11	1	/IZ00.MAP	みんな、大丈夫だった？
11	1	/IZ00.MAP	他のみんなは、大丈夫？
11	1	/IZ00.MAP	じゃあ、直せるんだね！
11	1	/IZ00.MAP	で、その原因ってのは？
11	1	/IZ00.MAP	７人委員会でござるよ。
11	1	/IZ00.MAP	アローストーン・・・。
11	1	/ZM00.MAP	ああ、それは知ってる。
11	1	/ZM00.MAP	・・・は、はぁ・・・。
11	1	/ZM00.MAP	お・ひ・め・さ・ま・！
11	1	/ZM00.MAP	え、あんたがそうなの？
11	1	/DG10.MAP	ミュウのために・・・。
11	1	/IS10.MAP	あ、ああ、そう・・・。
11	1	/IS00.MAP	これは何ですの、なの？
11	4	/KR00.MAP	「S」だね。買うかい？
11	1	/KR00.MAP	ボクの名前は、ミュウ。
11	1	/KR00.MAP	何回も言わせないでよ。
11	1	/KR00.MAP	・・・ときにミュウ様。
11	1	/KR00.MAP	この村の自慢の一つさ！
11	1	/JG02.MAP	破壊・・・混乱・・・？
11	1	/JG10.MAP	次元の道をぬけますか？
11	1	/JG00.MAP	カカルクランへ・・・。
11	1	/JG00.MAP	ミュウ、それにみんな！
11	1	/JG00.MAP	お別れのちゅー、なの。
11	1	/JG00.MAP	準備はよろしいですか？
11	1	/JG00.MAP	ナズナ・・・すまない。
11	1	/JG00.MAP	お待ちしておりました。
11	1	/OT00.MAP	なんだよ、カムイまで！
11	1	/OT00.MAP	・・・空を飛ぶ船かぁ。
11	1	/OT00.MAP	あ、うん、でも・・・。
11	1	/OT00.MAP	まぁ、乗ってくだせぇ。
11	1	/AT20.MAP	おや？この石は動くぞ。
11	1	/AT20.MAP	おっ、橋がかかったゼ！
11	1	/AT20.MAP	おや、橋がかかったぞ。
11	1	/AT20.MAP	ふふふ、待ちかねたぞ！
11	1	/AT20.MAP	とはいうものの・・・。
11	2	/AT10.MAP	地下通路を通りますか？
11	1	/AT10.MAP	異世界の扉、か・・・。
11	1	/AT10.MAP	あっ、これなんだろう！
11	1	/AT10.MAP	皆で手分けして捜そう！
11	1	/AT00.MAP	知識は世を照らす光だ！
11	1	/AT00.MAP	俺達がいるじゃないか！
11	1	/AT00.MAP	まぁ、どうしてですの？
11	1	/AT00.MAP	カムイさんって・・・。
11	1	/AT00.MAP	そうだといいんでしが。
11	1	/AT00.MAP	「伸びゆくカダール」１
11	1	/AT00.MAP	「伸びゆくカダール」２
11	1	/AT00.MAP	「伸びゆくカダール」３
11	1	/AT00.MAP	「武闘司書就職読本」１
11	1	/AT00.MAP	「武闘司書就職読本」２
11	1	/AT00.MAP	「武闘司書就職読本」３
11	1	/AT00.MAP	一体どうなってんだ！？
11	1	/AT00.MAP	ともかく、先を聞こう。
11	1	/AT00.MAP	そうは言っても・・・。
11	1	/MP00.MAP	ここが、ポポロンかぁ。
11	1	/MP00.MAP	うむ、無事で何よりだ。
11	1	/MP00.MAP	くそっ！なんてこった！
11	1	/MP00.MAP	金が足りないようだな。
11	1	/MP00.MAP	７人委員会は憎いです。
11	1	/MP00.MAP	一体、なんだってんだ！
11	1	/MP00.MAP	な、７人委員会が・・・
11	1	/KS00.MAP	FGHIHG麹試麹血給
11	1	/KS00.MAP	ABCDCB麹試麹血給
11	1	/KS00.MAP	<=>?>=麹試麹血給
11	1	/KS00.MAP	789:98麹試麹血給
11	1	/KS00.MAP	234543麹試麹血給
11	1	/KS00.MAP	-./0/.麹試麹血給
11	1	/KS00.MAP	()*+*)麹試麹血給
11	1	/KS00.MAP	#$%&%$麹試麹血給
11	1	/KS00.MAP	ここが海底神殿なのね。
11	1	/KS00.MAP	天才の俺様だからして、
11	1	/KS00.MAP	よいしょっと・・・・。
11	1	/GB00.MAP	3U甁%齋U#3訶n3
11	1	/GB00.MAP	え、この人がそうなの？
11	1	/GB00.MAP	どうやら、この町には、
11	1	/GB00.MAP	［長老］・・・とある。
11	1	/GB00.MAP	もう一つよろしいかな。
11	1	/GB00.MAP	・・・ということじゃ。
11	1	/DL00.MAP	ようこそ、我が迷宮へ。
11	1	/DL00.MAP	では、始めましょうか。
11	1	/IP00.MAP	開かないでしね・・・。
11	1	/NT30.MAP	何をする、やめるんだ！
11	1	/NT20.MAP	謹んで拝命するように。
11	1	/NT20.MAP	あれ？誰かいる・・・？
11	1	/NT20.MAP	ま、待って下さいまし！
11	1	/NT20.MAP	で、ございますわ～ッ！
11	1	/NT20.MAP	淑女のたしなみですわ。
11	1	/NT00.MAP	今度だって、やれるよ！
11	1	/NT00.MAP	何かおっしゃいました？
11	1	/HL10.MAP	落とされちゃうからね！
11	1	/HL10.MAP	ま、また地震ですわ！ 
11	1	/HL10.MAP	売りに来たってのかい。
11	1	/HL10.MAP	どれを買ってくれるっ？
11	1	/HL10.MAP	どれを売ってくれるっ？
11	1	/HL00.MAP	押してみようか・・・？
11	1	/HL00.MAP	枯木が橋になったでし。
11	1	/HL00.MAP	【七人委員会の塔裏口】
11	2	/KK01.MAP	大水桶に水を入れた！！
11	2	/KK01.MAP	大水桶と書かれている。
11	1	/KK00.MAP	くっ！さっきより熱い！
11	1	/CK00.MAP	さぁ、皆、早く逃げて！
11	1	/CK00.MAP	ありがとう助かったわ。
11	1	/CK00.MAP	へ？なんのことでしか？
11	1	/CK00.MAP	ついにできたでしよ！！
11	1	/OB00.MAP	む、その方たちかっ！？
11	1	/OB00.MAP	者共！やっておしまい！
11	1	/OB00.MAP	お、おどかさないでよ。
11	1	/MH00.MAP	くっ！また揺れやがる！
11	2	/MH00.MAP	「S」でよろしいかの？
11	1	/MH00.MAP	実は・・・消えたんだ。
11	1	/MH00.MAP	どう解決するつもりだ？
11	1	/MH00.MAP	ひえーっ、お助けーっ。
11	2	/MH00.MAP	オルトマへ戻りますか？
11	1	/GT20.MAP	またお会いしましょう！
11	1	/GT20.MAP	え？じゃないでしょっ！
11	1	/GT10.MAP	ようこそ、ゲテン城へ。
11	1	/GT10.MAP	これは、７人委員会様！
11	1	/KD00.MAP	ここからが正念場だね。
11	1	/SK00.MAP	ありがとうございます。
11	1	/SK00.MAP	ミュウは大丈夫かなぁ？
11	1	/HY00.MAP	ふう。やっと着いたね。
11	1	/HY00.MAP	ここから外に出ようよ。
11	1	/HY00.MAP	うん。いつでもいいよ。
11	1	/KM10.MAP	ユーカリィィィィ！！！
11	1	/KM10.MAP	ユーカリ・・・すまん。
11	1	/KM10.MAP	だから、今度は私の番。
11	1	/KM10.MAP	カムイ・・・さよなら。
11	1	/KM10.MAP	あなたも一緒に戦おう！
11	1	/KM10.MAP	ユーカリ、ユーカリ！！
11	1	/KM10.MAP	ラスティ、大丈夫なの？
11	1	/KM10.MAP	君達！どうして・・・？
11	1	/KM10.MAP	大丈夫、しっかりして！
11	1	/KM00.MAP	星陵郭にいますのじゃ。
11	1	/KM00.MAP	そうじゃないみたいだ。
11	1	/KM00.MAP	カムイの力は、神の力。
11	1	/KM00.MAP	神々の怒りを感じます。
11	1	/HS10.MAP	よし、じゃあ、行くよ！
11	1	/HS10.MAP	あ～らまた来たのね～？
11	1	/HS00.MAP	・・・お願い、アスカ。
11	1	/HS00.MAP	一体どうなってんのよ？
11	1	/HS00.MAP	いいわ、出してあげる。
11	1	/HS00.MAP	なんで寄ってくるんだ？
11	1	/GM00.MAP	ありがたいことやわァ。
11	1	/GM00.MAP	えい、やぁ、たあーっ！
11	1	/GM00.MAP	またお越し下さいませ。
11	1	/GM00.MAP	どれを買うておくれで？
11	1	/GM00.MAP	どれを売っておくれで？
11	1	/GM00.MAP	・・・あ、あれ・・・？
11	1	/GM00.MAP	そう願いたいもんだな。
11	1	/NJ10.MAP	・・・行ったか・・・。
11	1	/NJ10.MAP	だといいんだが・・・。
11	1	/NJ10.MAP	お前達、無事だったか！
11	1	/IG10.MAP	リグロード大陸・・・？
11	1	/IG00.MAP	だめ、思い出せないわ。
11	1	/IG00.MAP	さて、どれを買うって？
11	1	/IG00.MAP	さて、どれを売るって？
11	1	/IG00.MAP	もう、来ないでおくれ。
11	1	/IG00.MAP	さっさと出てってくれ。
11	1	/IG00.MAP	・・・どれを買うって？
11	1	/IG00.MAP	・・・どれを売るって？
11	1	/IG00.MAP	ほかになにか売るのか？
11	1	/IG00.MAP	あ、アスカ兄ちゃんだ！
11	1	/IG00.MAP	話すことなんかないよ！
11	1	/IG00.MAP	アシュカなんか嫌いよ。
11	1	/NZ10.MAP	これが、式神か・・・。
11	1	/NZ10.MAP	お、どうした、ミュウ？
11	1	/NZ10.MAP	じゃじゃ～ん、なのね！
11	1	/NZ00.MAP	オレの失敗の一つだぜ。
11	1	/WR02.MAP	強い！強いのだ～ゼー！
11	2	/WR02.MAP	遠慮することないわよ。
11	1	/WR02.MAP	拙者には分かり申さん。
11	1	/WY02.MAP	ラスティ！！アスカ！！
11	1	/WK00.MAP	本当に、僕達が・・・？
11	1	/WR00.MAP	おいおいおい、正気か？
11	1	/WR00.MAP	・・・ラスティ・・・。
11	1	/WR00.MAP	うん。行こう、みんな！
11	1	/WR00.MAP	うん。ラスティ・・・。
11	1	/WR00.MAP	はは、ありがたき幸せ。
11	1	/WR00.MAP	ああ。慎重に行こうぜ。
11	1	/WR00.MAP	古代遺跡に入りますか？
11	1	/WR00.MAP	うん。行くよ、みんな！
11	1	/WR00.MAP	ここが、ザルマの町だ。
11	1	/WR00.MAP	・・・うん・・・平気。
11	1	/WR00.MAP	西方の森に入りますか？
11	1	/WR00.MAP	東方の森に入りますか？
11	1	/WR00.MAP	次元の扉に入りますか？
11	1	/WR00.MAP	もう用はすんだのかい？
11	1	/WR00.MAP	オルトマに戻るんだね。
11	1	/WC00.MAP	では、参りましょうか。
11	1	/WC00.MAP	うん、もぅ、意地悪ッ！
11	1	/WC00.MAP	・・・・それにしても、
11	1	/WC00.MAP	感謝には及びませんわ。
11	1	/WC00.MAP	鳥は飛ぶと言ってるぜ。
11	1	/WC00.MAP	え？どこかって、どこ？
11	1	/WC00.MAP	・・・まぁ、あれだな。
11	1	/WC00.MAP	ちょっとかわってるね！
11	1	/WC00.MAP	どうか、我らに導きを！
11	1	/WC00.MAP	さぁ、行った、行った！
11	1	/WC00.MAP	戦いにおもむきますか？
11	1	/WC00.MAP	海底神殿に入りますか？
11	1	/WY00.MAP	ああ、かなりやばいぜ。
11	1	/WY00.MAP	イガの里に入りますか？
11	1	/WY00.MAP	忍者屋敷に入りますか？
11	1	/WY00.MAP	ナズナ洞に入りますか？
11	1	/WY00.MAP	火薬工場に入りますか？
11	1	/WY00.MAP	町人は立ち去っていた。
11	1	/WY00.MAP	クリカラに入りますか？
11	1	/WY00.MAP	おぼろ谷に入りますか？
11	1	/WY00.MAP	ゲテン城に入りますか？
11	1	/WY00.MAP	闘乱の町に入りますか？
11	1	/WY00.MAP	あの怪しい霧のせいだ！
11	1	/BOT5.MAP	イクシーズ墜落しただけ
11	1	/BOT5.MAP	ミュウを仲間に入れる？
11	1	/BOT5.MAP	アスカを仲間に入れる？
11	1	/BOT5.MAP	カムイを仲間に入れる？
11	1	/BOT5.MAP	ナズナを仲間に入れる？
11	1	/BOT5.MAP	タタラを仲間に入れる？
11	1	/BOT5.MAP	キングを仲間に入れる？
11	1	/BOT4.MAP	ミュウ幻影の前に倒れる
11	1	/BOT3.MAP	ＢＯＯＴ３メニュー　　
11	1	/WAZAHELP.MSG	鋭い爪による攻撃です。
11	1	/ITEMHELP.MSG	ごく一般的な帽子です。
10	1	/GT00.MAP	へぇ、よくわかるね。
10	1	/GT00.MAP	みんな、怪我はない？
10	1	/GT00.MAP	ナズナも平気なのね。
10	1	/GT00.MAP	俺っチも大丈夫でし。
10	1	/GT00.MAP	あ、うん。平気だよ。
10	3	/KB00.MAP	さぁ、先へ進むでし。
10	2	/KB10.MAP	先へ進むでござるよ。
10	3	/TM00.MAP	D妊DДDDDDD@
10	2	/BL00.MAP	売りに来たってワケ？
10	2	/BL00.MAP	「S」だね。本当に？
10	2	/BL00.MAP	売りに来たんじゃな。
10	3	/CT20.MAP	峽[UU儷3Yiff
10	1	/CT20.MAP	坂道があるじゃない。
10	1	/CT10.MAP	さよう、我らの思い。
10	1	/CT10.MAP	そ、その声は・・・！
10	1	/CT10.MAP	思い・・・ですって？
10	1	/CT10.MAP	これが魔法球・・・。
10	1	/CT10.MAP	これが魔法球でしか。
10	1	/NZ11.MAP	さようなら、なのね！
10	1	/OT01.MAP	礼なんかいいんだよ。
10	1	/OT01.MAP	早く済ましとくれよ。
10	1	/OT01.MAP	じゃあ、出航するよ。
10	2	/ZM01.MAP	・・・ミュウ・・・。
10	1	/RS01.MAP	じゃ、だまっててよ！
10	2	/NT31.MAP	ガルザードよ・・・。
10	2	/ES01.MAP	・・・泣いてるのか？
10	2	/ES10.MAP	あれが７人委員会か、
10	2	/WS10.MAP	ここが、西の森だよ。
10	2	/WS10.MAP	あれは、７人委員会！
10	2	/WS10.MAP	あれは７人委員会！？
10	1	/ES00.MAP	これが水晶柱ですの？
10	1	/ES00.MAP	これが水晶柱なのね。
10	1	/WS00.MAP	あれはきれいだよぉ？
10	1	/RT20.MAP	待て、なのだ～ゼー！
10	1	/RT20.MAP	・・・死んだ・・・。
10	1	/RT20.MAP	死んだようだ～ゼー。
10	1	/IZ00.MAP	どいて、ア～ちゃん！
10	1	/IZ00.MAP	確かにそうでござる。
10	1	/IZ00.MAP	おお、これでござる！
10	2	/IZ00.MAP	どうでござる、姫様！
10	2	/IZ00.MAP	うん、すごくいいよ！
10	1	/IZ00.MAP	そう・・・よかった。
10	1	/IZ00.MAP	一刻も早いお越しを！
10	2	/ZM00.MAP	「S」だな。買うか？
10	2	/DG10.MAP	階段を上がりますか？
10	1	/DG10.MAP	カムイコタンの獣人。
10	1	/DG00.MAP	これはひどい・・・。
10	1	/IS10.MAP	だいじょうぶですか！
10	1	/IS10.MAP	それでござる、兄上。
10	1	/IS10.MAP	ありがたきしあわせ！
10	1	/IS10.MAP	古代遺跡を出ますか？
10	1	/DS10.MAP	そうだろうか・・・？
10	1	/IS00.MAP	この奥でござろうか？
10	1	/IS00.MAP	御意にござりますな。
10	1	/KR00.MAP	な、なんでしょう！？
10	1	/KR00.MAP	俺だ！俺がタカオだ！
10	1	/DS00.MAP	みて、霧が晴れたよ！
10	1	/DS00.MAP	おまえ達のしわざか！
10	1	/DS00.MAP	あれをご覧くだされ！
10	1	/JG02.MAP	これは心外な・・・。
10	1	/JG00.MAP	どうしますか？　　　
10	1	/JG00.MAP	アスカ、大好きなの！
10	1	/OT00.MAP	分かった、分かった。
10	1	/OT00.MAP	あんた知ってるかい？
10	1	/OT00.MAP	へえ～！空を飛んで！
10	1	/OT00.MAP	さぁ、乗った乗った！
10	1	/OT00.MAP	ドラグーンの・・・。
10	1	/OT00.MAP	料金はいりませんぜ。
10	1	/AT20.MAP	あれ？床が沈んだぞ。
10	1	/AT20.MAP	橋がかかったでしよ！
10	1	/AT20.MAP	橋がかかりましたわ！
10	1	/AT20.MAP	グラビティに急ごう！
10	1	/AT20.MAP	さらばだ、わが娘よ。
10	2	/AT10.MAP	図書館に入りますか？
10	1	/AT10.MAP	本棚が・・・動く！？
10	1	/AT00.MAP	ゲートキーか・・・。
10	1	/AT00.MAP	お父様、いえ、館長。
10	1	/AT00.MAP	謝るって、お父様に？
10	1	/AT00.MAP	・・・アスカ・・・。
10	1	/AT00.MAP	誰もいないみたいだ。
10	1	/AT00.MAP	しかたありませんわ。
10	1	/AT00.MAP	危険はないだろうか？
10	1	/AT00.MAP	私の魂は汚れている。
10	1	/MP00.MAP	ははは！やっぱりな！
10	1	/MP00.MAP	ディアーネさんまで！
10	1	/MP00.MAP	港は殺気だっている。
10	1	/MP00.MAP	だって、そうだろう？
10	1	/MP00.MAP	無差別・・・殺・・・
10	1	/MP00.MAP	それは存じませんわ。
10	1	/KS00.MAP	3筒UTC曠$D" 
10	1	/KS00.MAP	 5R薀>N粽""C
10	1	/KS00.MAP	ここが海底神殿だね。
10	1	/GB00.MAP	世界は滅びてしまう！
10	1	/GB00.MAP	どういうことですか？
10	1	/GB00.MAP	それが、実は・・・。
10	1	/GB00.MAP	ごめんなさい・・・。
10	1	/GB00.MAP	ひとつはマラカイト。
10	1	/DL00.MAP	さあ、始めましょう。
10	1	/IP00.MAP	少し動いた～ゼー！！
10	1	/IP00.MAP	開かないようでしね。
10	1	/NT21.MAP	［人委員会リーダー］
10	1	/NT30.MAP	なぜそんな事をする！
10	1	/NT30.MAP	どうするよ、ミュウ？
10	1	/NT20.MAP	へぇ、そうなんだァ。
10	1	/NT20.MAP	ひどい、ひどいわっ！
10	1	/NT00.MAP	さぁ、いきますわよ！
10	1	/NT00.MAP	監禁室に戻りますか？
10	1	/HL10.MAP	どれを買うってんだ？
10	1	/HL10.MAP	どれを売るってんだ？
10	1	/HL10.MAP	何を捜してんのよぉ？
10	1	/KK00.MAP	あなたは誰でしか！？
10	1	/CK00.MAP	どこに運べばいいの？
10	1	/CK00.MAP	すまんでし、ヒバリ。
10	1	/CK00.MAP	ううん、いいんだよ。
10	1	/CK00.MAP	気をつけてね・・・。
10	1	/OB00.MAP	そんな乱暴な・・・！
10	1	/OB00.MAP	次こそは勝つぞよ～。
10	1	/OB00.MAP	バーカ、バーカぞよ。
10	1	/OB00.MAP	ううう、負けたぞよ。
10	1	/OB00.MAP	高低差に気をつけろ。
10	1	/OB00.MAP	ここは、おぼろ谷だ。
10	1	/MH00.MAP	一度行ってみたいわ。
10	1	/MH00.MAP	じゃあ、船にのりな！
10	1	/MH00.MAP	消えた・・・だって？
10	1	/MH00.MAP	まぁ、どうしましょ。
10	1	/GT10.MAP	・・・しかし・・・。
10	1	/KD00.MAP	結界が張られている。
10	1	/SK10.MAP	U鮱UUWUuU^皜
10	1	/SK10.MAP	u鮱UUTEUU^羽
10	1	/SK10.MAP	ガルザードか・・・。
10	1	/SK10.MAP	こりゃなんだ・・・？
10	1	/HY00.MAP	星陵郭はこの先よね。
10	1	/HY00.MAP	星陵郭は、この先だ。
10	1	/HY00.MAP	この先が、星陵郭だ。
10	1	/HY00.MAP	ここから外に出よう。
10	1	/HY00.MAP	敵の数が多いでしね、
10	1	/KM10.MAP	そうか、裏切るのか。
10	1	/KM10.MAP	・・・助かるのか！？
10	1	/KM10.MAP	絶対に助けてみせる！
10	1	/KM10.MAP	そんなことできるの？
10	1	/KM10.MAP	ありがとう、ナズナ。
10	1	/KM10.MAP	ちょっと、大丈夫？！
10	1	/KM10.MAP	・・・カムイ・・・。
10	1	/HS10.MAP	これは何なの、なの？
10	1	/HS10.MAP	もらっとくか・・・。
10	1	/HS10.MAP	ヒヒイロカネ・・・？
10	1	/HS00.MAP	・・・ここは・・・。
10	1	/HS00.MAP	あーら、あんた何よ？
10	1	/HS00.MAP	あっ！タマモかっ！！
10	1	/GM00.MAP	へぇ、大したもんや！
10	1	/GM00.MAP	かなわんなぁ・・・。
10	1	/GM00.MAP	おおきにありがとう。
10	1	/GM00.MAP	平和はよろしいなァ。
10	1	/GM00.MAP	かなわんわァ・・・。
10	1	/GM00.MAP	コインに両替をする？
10	1	/GM00.MAP	「S」でいいのかい？
10	1	/GM00.MAP	ほんま、また来てや。
10	1	/GM00.MAP	お、お待っとうさん。
10	1	/GM00.MAP	そうするのね、なの。
10	1	/GM00.MAP	うん？これは・・・！
10	1	/GM00.MAP	ミュウは眠り込んだ。
10	1	/GM00.MAP	ナズナは眠り込んだ。
10	1	/GM00.MAP	カムイは眠り込んだ。
10	1	/GM00.MAP	アスカは眠り込んだ。
10	1	/GM00.MAP	ア～ちゃん、待って！
10	1	/GM00.MAP	おい、命拾いしたな！
10	1	/GM00.MAP	しっかりしてるなあ。
10	1	/NJ10.MAP	ガルザードが・・・？
10	1	/NJ10.MAP	お、あいつらの声だ？
10	1	/NJ10.MAP	それにそちらは式神？
10	1	/NJ10.MAP	お頭、分かりやした。
10	1	/NJ10.MAP	すまねぇ、頼んだぜ！
10	1	/IG10.MAP	オレの名前はアスカ。
10	1	/IG10.MAP	うん。そう聞いてる。
10	1	/IG00.MAP	・・・かっこいい～！
10	1	/IG00.MAP	よくやってくれたね。
10	1	/IG00.MAP	どれを買うつもりさ？
10	1	/IG00.MAP	どれを売るつもりさ？
10	1	/IG00.MAP	ほかに何か買うのか？
10	1	/IG00.MAP	何か売りに来たんか？
10	1	/IG00.MAP	「S」を売るだって？
10	1	/IG00.MAP	ほかに何か売るのか？
10	1	/IG00.MAP	鳥ってすごいよねぇ。
10	1	/IG00.MAP	う・・・うん・・・。
10	1	/NZ10.MAP	で、式神って何なの？
10	1	/NZ10.MAP	あー、ごまかしたー！
10	2	/NZ00.MAP	ここは、ナズナ洞だ。
10	1	/WR02.MAP	ナズナ怖い～、なの。
10	2	/WR02.MAP	これからどうするの？
10	2	/WR02.MAP	ありがとう、みんな！
10	1	/WY02.MAP	しゅうん・・・なの。
10	1	/WY02.MAP	その方がいいかもな。
10	1	/WY02.MAP	礼なんかいらないよ。
10	1	/WK00.MAP	]S"U靏U^衲NP
10	1	/WK00.MAP	・・・勝った・・・！
10	1	/WK00.MAP	・・・お父様・・・。
10	1	/WK00.MAP	うん！まかせといて！
10	1	/WR00.MAP	・・・そうだったね。
10	1	/WR00.MAP	俺っチもいるでしよ！
10	1	/WR00.MAP	その通りでござるよ。
10	1	/WR00.MAP	・・・そうか・・・。
10	1	/WR00.MAP	ここが古代遺跡だよ。
10	1	/WR00.MAP	・・・分かり申した。
10	1	/WR00.MAP	ここは古代遺跡だよ。
10	1	/WR00.MAP	サモサに入りますか？
10	1	/WR00.MAP	終った・・・のかな？
10	1	/WC00.MAP	ミュウ！誰かいるよ！
10	1	/WC00.MAP	わかった、わかった。
10	1	/WC00.MAP	これがイクシーズか！
10	1	/WC00.MAP	か、かわいい・・・？
10	2	/SS10.MAP	ミュウ・・・辛いの？
10	1	/WY00.MAP	星陵郭に入りますか？
10	1	/WY00.MAP	ここが、忍者屋敷だ。
10	1	/WY00.MAP	・・・関所か・・・。
10	1	/WY00.MAP	結界洞に入りますか？
10	1	/WY00.MAP	もう用はすんだのか？
10	1	/WY00.MAP	ヒガタへ戻りますか？
10	1	/WY00.MAP	ヒガタはすぐそこだ！
10	1	/BOT3.MAP	BOOT3へようこそ
10	1	/WAZAHELP.MSG	竜に変化する技です。
10	1	/ITEMHELP.MSG	哲学を扱った本です。
10	1	/ITEMHELP.MSG	ごく一般的な弓です。
10	1	/ITEMHELP.MSG	僧侶のための服です。
9	1	/GT00.MAP	ちょろいもんだぜ！
9	2	/KB00.MAP	油断せず、いこう！
9	2	/KB00.MAP	みんな、慎重にね！
9	2	/KB10.MAP	先へ進むのなのね。
9	1	/TM00.MAP	どれを売りはるん？
9	1	/TM00.MAP	「S」を買えとな？
9	2	/BL00.MAP	武器を買うつもり？
9	2	/BL00.MAP	で、どれを買うの？
9	2	/BL00.MAP	で、どれを売るの？
9	2	/BL00.MAP	どれを売るんじゃ？
9	2	/BL00.MAP	何をお求めですの？
9	1	/CT10.MAP	そ、その声は・・・
9	1	/CT10.MAP	思い・・・でしか？
9	1	/OT02.MAP	恐しゅくでござる。
9	2	/NZ11.MAP	= AbEウア`9
9	2	/NZ11.MAP	A EbIウア`9
9	1	/IG01.MAP	さよなら、ナズナ。
9	1	/AT01.MAP	ええ、そうですわ。
9	8	/OT01.MAP	町の外へ出ますか？
9	2	/OT01.MAP	またおいで下され。
9	1	/ZM01.MAP	分かってるったら！
9	1	/ZM01.MAP	あ、ミュウ姉様だ！
9	1	/WR10.MAP	国境を通りますか？
9	1	/NT31.MAP	ラグロスよ・・・。
9	2	/ES10.MAP	水晶柱のせいなの？
9	2	/ES10.MAP	あれは７人委員会！
9	1	/WS01.MAP	ありがとうルゥナ！
9	1	/ES00.MAP	ここが東の森だよ。
9	1	/MK00.MAP	［人委員会の思念］
9	1	/RT20.MAP	死んだみたいだね。
9	1	/IZ00.MAP	お、おい大丈夫か！
9	1	/IZ00.MAP	だが、今はだめだ。
9	1	/IZ00.MAP	やや、これは姫様！
9	1	/IZ00.MAP	みんな、大丈夫！？
9	1	/IZ00.MAP	な、なんですって！
9	1	/ZM00.MAP	・・・かまわんさ。
9	1	/ZM00.MAP	これはミュウ王女！
9	1	/ZM00.MAP	お、おい、ミュウ！
9	1	/ZM00.MAP	これは、ミュウ様。
9	1	/ZM00.MAP	ありがたいこった。
9	1	/ZM00.MAP	どれが欲しいんだ？
9	1	/DG10.MAP	待ってて、みんな。
9	1	/DG10.MAP	ゴジョウの女義賊。
9	1	/DG10.MAP	しかたありません。
9	2	/DG00.MAP	階段を降りますか？
9	1	/IS10.MAP	それがその・・・。
9	1	/IS00.MAP	悪いな、ダイガン。
9	1	/KR00.MAP	申し訳ありません。
9	1	/KR00.MAP	・・・・・・は！？
9	1	/KR00.MAP	それは良かったね。
9	1	/JG00.MAP	ううん。うれしい。
9	1	/OT00.MAP	こまったな・・・。
9	1	/OT00.MAP	いいっていいって。
9	1	/OT00.MAP	どこへ行きますか？
9	1	/AT20.MAP	とはいっても・・・
9	1	/AT20.MAP	この声は・・・！？
9	1	/AT20.MAP	これは・・・思念！
9	1	/AT20.MAP	拙者にお任せあれ。
9	1	/AT00.MAP	それはそうとして。
9	1	/AT00.MAP	聞こえないのかな？
9	1	/AT00.MAP	何が書いてあるの？
9	1	/AT00.MAP	・・・アンジュへ。
9	1	/AT00.MAP	なんですの・・・？
9	1	/MP00.MAP	・・・７人委員会？
9	1	/MP00.MAP	俺っチも行くでし。
9	2	/MP00.MAP	さて、どれを買う？
9	2	/MP00.MAP	さて、どれを売る？
9	1	/MP00.MAP	誰もいない・・・。
9	1	/MP00.MAP	平和はいいですね。
9	1	/MP00.MAP	空が青いですわね。
9	1	/MP00.MAP	イクシーズ・・・？
9	1	/KS00.MAP	これで、よし、と。
9	1	/GB00.MAP	なんだろう、コレ？
9	1	/GB00.MAP	噴水みたいだけど？
9	1	/GB00.MAP	頼む！この通りだ！
9	1	/DL00.MAP	おやおや残念です。
9	1	/IP00.MAP	少し動きましたぞ。
9	1	/SB00.MAP	砂漠から出ますか？
9	1	/NT30.MAP	だが、我々は違う。
9	1	/NT20.MAP	監禁室を出ますか？
9	1	/NT20.MAP	・・・ミュウ王女。
9	1	/NT20.MAP	助力は無用ですわ！
9	1	/NT20.MAP	ほ、ほほ、ほほほ。
9	1	/NT00.MAP	覚悟はよろしくて？
9	1	/HL00.MAP	山道を抜けますか？
9	1	/HL00.MAP	押しちゃおっかな？
9	1	/HL00.MAP	お？枯木だ～ゼー。
9	1	/HL00.MAP	こっちに抜けても、
9	1	/HL00.MAP	【ハイランドの町】
9	3	/KK01.MAP	#&F巫愰db2!
9	2	/KK01.MAP	うん、これでよし。
9	2	/KK01.MAP	どっこらしょっと！
9	1	/KK00.MAP	火は消え去った！！
9	2	/CK00.MAP	売りに来たのかね。
9	1	/CK00.MAP	どうもありがとう。
9	1	/CK00.MAP	・・・どうしたの？
9	1	/CK00.MAP	キミはどうするの？
9	1	/CK00.MAP	わーん、怖いよー。
9	1	/CK00.MAP	おかえり、タタラ。
9	1	/OB00.MAP	・・・わかってる。
9	1	/MH00.MAP	あんた聞いたかい？
9	1	/MH00.MAP	さて、何を買うね？
9	1	/MH00.MAP	さて、何を売るね？
9	1	/GT20.MAP	逃がさないぞ！！！
9	1	/GT20.MAP	あ・・・あ、うん。
9	1	/GT10.MAP	今すぐ、来るのだ。
9	1	/KD00.MAP	思ったとおりだわ。
9	1	/SK10.MAP	・・・頼んだぞえ。
9	1	/SK00.MAP	やった、開いたぞ！
9	1	/SK00.MAP	やった、開いたゼ！
9	1	/SK00.MAP	やった、開いたよ！
9	1	/SK00.MAP	助かった．．．．。
9	1	/KM10.MAP	きゃぁぁぁぁぁぁ。
9	1	/KM10.MAP	ミュウ、どうする？
9	1	/KM10.MAP	ええい、うるさい！
9	1	/KM10.MAP	大丈夫・・・です。
9	1	/KM10.MAP	分からない・・・。
9	1	/KM10.MAP	やだ、涙が・・・。
9	1	/KM10.MAP	お言葉に甘えよう。
9	1	/KM00.MAP	また来てくだされ。
9	1	/KM00.MAP	何も感じなかった？
9	1	/KM00.MAP	手厳しいな・・・。
9	1	/KM00.MAP	やったな、カムイ！
9	1	/KM00.MAP	むっ！また地震か。
9	1	/HS10.MAP	牢屋へ行きますか？
9	1	/HS10.MAP	どうする、ミュウ？
9	1	/HS00.MAP	みんなは・・・？！
9	1	/HS00.MAP	アスカ、知りあい？
9	1	/HS00.MAP	［助けてくれる人］
9	1	/HS00.MAP	［アスカの婚約者］
9	1	/HS00.MAP	やぁ、あんた達か。
9	1	/GM00.MAP	えらいことですわ。
9	1	/GM00.MAP	残念、私の負けね。
9	1	/GM00.MAP	売りに来たんかい。
9	1	/GM00.MAP	ほたら、どれ買う？
9	1	/GM00.MAP	ほたら、どれ売る？
9	1	/GM00.MAP	「S」け。買うけ？
9	1	/GM00.MAP	ああ、人数分頼む。
9	1	/GM00.MAP	え、何？鼻に何が？
9	1	/IY00.MAP	どうするつもりだ？
9	1	/NJ10.MAP	おや、御存知ない？
9	1	/NJ10.MAP	くっ！一旦引くよ！
9	1	/NJ10.MAP	きっと大丈夫だよ。
9	1	/NJ10.MAP	ほら、結界洞だよ！
9	1	/NJ10.MAP	ナズナなの、なの。
9	1	/NJ10.MAP	では、おさらばっ！
9	1	/NJ10.MAP	そういうことです。
9	1	/NJ00.MAP	たとえば、そこだ。
9	1	/NJ00.MAP	邪道我道ねぇ・・。
9	1	/IG10.MAP	だが、気をつけろ！
9	1	/IG00.MAP	だとよ、シラナミ。
9	1	/IG00.MAP	売りに来たのかい。
9	1	/IG00.MAP	何にするってのよ？
9	1	/IG00.MAP	武器を買うだって？
9	1	/IG00.MAP	売りに来ただって？
9	1	/IG00.MAP	ちっ！またかよ！ 
9	1	/NZ10.MAP	え・・・？あっ！！
9	1	/WR02.MAP	・・・天変地異だ。
9	2	/WR02.MAP	いいんじゃねぇか？
9	2	/WR02.MAP	そんなことないよ！
9	1	/WR02.MAP	ファルコでござる。
9	1	/WY02.MAP	どういうことだよ？
9	1	/WY02.MAP	け、可愛くねぇ奴。
9	1	/WY02.MAP	・・・ア～ちゃん。
9	1	/WY02.MAP	でも待てよ・・・。
9	1	/WK00.MAP	みんな気をつけて！
9	1	/WK00.MAP	どうか、御無事で！
9	1	/WR00.MAP	そ、それは・・・。
9	1	/WR00.MAP	オレも力を貸すぜ！
9	1	/WR00.MAP	僕の故郷が・・・。
9	1	/WR00.MAP	行こう、ラスティ！
9	1	/WR00.MAP	それに、橋・・・？
9	1	/WR00.MAP	どうするってんだ？
9	1	/WC00.MAP	もちろんでしてよ。
9	1	/WC00.MAP	皆さん、よろしく。
9	1	/WC00.MAP	ねっ、ア～ちゃん！
9	1	/WC00.MAP	何、言ってるのよ！
9	1	/WC00.MAP	うん、悪くないね。
9	1	/WC00.MAP	ミ、ミュウ・・・。
9	1	/WC00.MAP	感謝いたしますわ。
9	1	/WC00.MAP	山道を通りますか？
9	1	/WC00.MAP	砂漠を通りますか？
9	2	/SS10.MAP	扉は開かなかった。
9	2	/SS10.MAP	わかってる・・・。
9	1	/WY00.MAP	シラナミちゃんが？
9	1	/WY00.MAP	無事だったんだね。
9	1	/WY00.MAP	一度、引き返そう。
9	1	/WY00.MAP	関所を通りますか？
9	1	/WY00.MAP	町人があらわれた。
9	1	/WY00.MAP	洞窟に入りますか？
9	1	/WY00.MAP	・・・うん・・・。
9	1	/ITEMHELP.MSG	空っぽの水桶です。
8	7	/GT00.MAP	先に進みますか？
8	2	/GT00.MAP	ああ、大丈夫だ。
8	1	/GT00.MAP	あたしも大丈夫。
8	7	/TJ72.MAP	ここは闘技場だ。
8	3	/KB00.MAP	やっつけるのね！
8	3	/TM40.MAP	前に戻りますか？
8	1	/TM00.MAP	また、来やがれ。
8	1	/TM00.MAP	金がねぇクセに。
8	8	/BL40.MAP	奥に進みますか？
8	3	/CT20.MAP	D腑肓厰PDD`
8	1	/CT20.MAP	坂道が邪魔だね。
8	1	/CT10.MAP	［プロフィット］
8	1	/CT10.MAP	お死になさいな！
8	1	/CT10.MAP	思い・・・だと？
8	1	/CT10.MAP	思い・・・なの？
8	1	/JG01.MAP	えへ。ごめんね。
8	1	/QH01.MAP	終ったね・・・。
8	1	/OT02.MAP	みんな、元気で！
8	1	/IG01.MAP	あ、ああ・・・。
8	1	/AT01.MAP	な、なんでしか？
8	1	/OT01.MAP	あなた知ってる？
8	1	/ZM01.MAP	これはミュウ様。
8	1	/WR10.MAP	お父様あぁぁぁ！
8	1	/WR10.MAP	・・・そうだね。
8	2	/WR10.MAP	そうだね・・・。
8	1	/RS01.MAP	う、うん・・・。
8	1	/RS01.MAP	お、おー・・・。
8	1	/DG21.MAP	［ドラグーン王］
8	1	/DG21.MAP	ね、早く、早く！
8	1	/DG21.MAP	逃がしはせぬぞ！
8	1	/NT31.MAP	実行に移すとき。
8	1	/NT31.MAP	ありがたき幸せ！
8	3	/ES01.MAP	4R#CA民難U
8	2	/ES01.MAP	良かった・・・。
8	3	/ES01.MAP	あのなァ・・・。
8	2	/ES01.MAP	心配なの、なの！
8	1	/MK00.MAP	［館長悪の思念］
8	1	/MK00.MAP	［館長善の思念］
8	2	/WS00.MAP	あのなぁ・・・。
8	1	/WS00.MAP	水晶柱か・・・。
8	1	/RT20.MAP	ラグロスっ！！！
8	1	/RT20.MAP	待ったでござる！
8	1	/RT20.MAP	死んだか・・・。
8	1	/RT20.MAP	何なのだ～ゼー？
8	1	/QH00.MAP	おお、やだやだ。
8	1	/QH00.MAP	どう思われます？
8	4	/QH00.MAP	ラスティ・・・。
8	1	/IZ00.MAP	いたたた・・・。
8	1	/IZ00.MAP	・・・いいわよ。
8	1	/IZ00.MAP	それもそうだね。
8	1	/IZ00.MAP	オルトマ・・・？
8	1	/IZ00.MAP	さようでござる。
8	1	/ZM00.MAP	あ、ミュウ王女！
8	1	/ZM00.MAP	ウソをついたの。
8	1	/ZM00.MAP	なんだ、こいつ！
8	1	/ZM00.MAP	見ればいいだろ。
8	1	/ZM00.MAP	どれを売るんだ？
8	1	/ZM00.MAP	金が足りないぜ。
8	4	/ZM00.MAP	また来てくれよ。
8	1	/DG10.MAP	のぞむところだ！
8	1	/IS10.MAP	諸君らは・・・？
8	1	/IS10.MAP	息災であったか！
8	1	/DS10.MAP	ちょっと待った。
8	2	/IS00.MAP	奥へ進みますか？
8	1	/KR00.MAP	聞きましたか？！
8	1	/KR00.MAP	頼んだぜ・・・。
8	1	/JG02.MAP	あなた達ですね！
8	1	/JG02.MAP	何が安定ですか！
8	1	/JG10.MAP	いくよ、みんな！
8	3	/JG00.MAP	シラナミ・・・。
8	1	/JG00.MAP	ここを開けてよ！
8	2	/JG00.MAP	そうだな・・・。
8	1	/JG00.MAP	・・・やれやれ。
8	1	/JG00.MAP	おかえりなさい。
8	1	/ST00.MAP	まさか・・・な。
8	1	/OT00.MAP	ディアーネさん！
8	1	/AT20.MAP	橋がかかったよ！
8	1	/AT20.MAP	調べてみようよ。
8	1	/AT20.MAP	待って、お父様！
8	1	/AT20.MAP	生きて！お父様！
8	1	/AT20.MAP	許すまじ・・・。
8	2	/AT10.MAP	中に入りますか？
8	2	/AT10.MAP	本を読みますか？
8	1	/AT10.MAP	多分そうですわ。
8	1	/AT00.MAP	・・・もういい。
8	1	/AT00.MAP	アンジュ・・・。
8	1	/AT00.MAP	ね、ア～ちゃん。
8	1	/AT00.MAP	なんでもないよ。
8	1	/AT00.MAP	おかしいですわ。
8	1	/AT00.MAP	アンジュへ、か。
8	1	/MP00.MAP	その声は・・・！
8	1	/MP00.MAP	どういう意味！？
8	1	/MP00.MAP	一体何者なんだ？
8	1	/MP00.MAP	売りに来たのか。
8	1	/MP00.MAP	ここはポポロン。
8	1	/MP00.MAP	わーい、わーい。
8	1	/KS00.MAP	滑給血麹試緒瑞荘
8	1	/GB00.MAP	光なす翼・・・？
8	1	/IP10.MAP	［］・・てへっ☆
8	2	/NT30.MAP	・・・分かった。
8	1	/NT20.MAP	もしもし・・・？
8	1	/NT20.MAP	言わせておけば！
8	1	/NT10.MAP	奥へ進みますか?
8	1	/HL10.MAP	ちょっと聞いた？
8	1	/HL00.MAP	【ポポロンの町】
8	3	/KK01.MAP	これでよし、と。
8	1	/KK00.MAP	あぶないでしよ！
8	1	/CK00.MAP	バカじゃないの？
8	1	/CK00.MAP	うーん、うーん。
8	1	/CK00.MAP	知り合いでしか？
8	1	/OB00.MAP	わかりますか～？
8	1	/OB00.MAP	いわせておけば！
8	1	/OB00.MAP	それから・・・。
8	1	/MH00.MAP	船にのりますか？
8	1	/MH00.MAP	引き受けますか？
8	1	/MH00.MAP	必ず、伝えるよ。
8	1	/MH00.MAP	タカオは・・・？
8	1	/MH00.MAP	まぁ、見てなよ。
8	1	/GT20.MAP	しゃっきりしな！
8	1	/GT10.MAP	扉は、開かない。
8	1	/GT10.MAP	許せないでしよ！
8	1	/GT10.MAP	・・・何ですと？
8	1	/SK10.MAP	U鮱皜wUU硤皜
8	1	/SK10.MAP	u鮱皜TEU硤皜
8	1	/SK10.MAP	ああああ、頼む。
8	1	/SK00.MAP	やった、開いた！
8	1	/SK00.MAP	よし、開いたぞ！
8	1	/KM10.MAP	町に入りますか？
8	1	/KM10.MAP	ちょっと待った！
8	2	/KM10.MAP	ユーカリ・・・。
8	1	/KM10.MAP	許せない・・・。
8	1	/KM10.MAP	なんだお前達は？
8	1	/KM10.MAP	ね、ア～ちゃん☆
8	1	/KM00.MAP	・・・くくくく。
8	1	/KM00.MAP	お手伝いします。
8	1	/HS00.MAP	なんだ、お前は？
8	1	/HS00.MAP	オレが悪かった。
8	1	/GM00.MAP	へえおこしやす。
8	1	/GM00.MAP	顔面パーンチッ！
8	1	/GM00.MAP	いただきま～す☆
8	1	/GM00.MAP	うん、おいしい。
8	1	/GM00.MAP	・・・ホントだ。
8	1	/IY00.MAP	まかせといてよ。
8	2	/NJ10.MAP	なるほど・・・。
8	1	/NJ10.MAP	ううん、いいの。
8	1	/NJ10.MAP	うん、分かった。
8	1	/NJ00.MAP	邪道我道・・・？
8	1	/NJ00.MAP	邪道我道か・・・
8	1	/NJ00.MAP	・・・壁、だね。
8	1	/IG00.MAP	えい！裏影斬！！
8	1	/IG00.MAP	おお、アスカ様！
8	1	/IG00.MAP	私がその証明だ。
8	1	/IG00.MAP	また来とくれよ。
8	1	/IG00.MAP	ほかに何か買う？
8	1	/IG00.MAP	ほかに何か売る？
8	1	/IG00.MAP	見るだけじゃぞ。
8	1	/IG00.MAP	なになに・・・。
8	1	/NZ10.MAP	ここを出ますか？
8	1	/NZ10.MAP	責任者でてこい！
8	1	/NZ00.MAP	i鍠餓胞QU1!
8	1	/WR02.MAP	見て！大地がっ！
8	1	/WY02.MAP	ま、いいけどな。
8	1	/WY02.MAP	・・・あ、ねえ？
8	1	/WK00.MAP	触ってみますか？
8	1	/WC00.MAP	・・・はいはい。
8	1	/WC00.MAP	誰だろう・・・？
8	1	/WC00.MAP	トホホ～・・・。
8	1	/WC00.MAP	・・・逆でしか？
8	1	/WC00.MAP	あ！アンジュ様。
8	1	/WC00.MAP	セーブしますか？
8	1	/WY00.MAP	私は諦めが悪い。
8	1	/WY00.MAP	まかせとけって！
8	1	/WY00.MAP	ああ。で、何だ？
8	1	/WY00.MAP	・・・あのなあ。
8	1	/WY00.MAP	そこは洞窟だよ！
8	1	/BOT5.MAP	ラストバトル起動
8	1	/BOT4.MAP	対決！ガルザード
8	1	/BOT4.MAP	イクシーズ墜落後
8	1	/BOT4.MAP	クリカラ滅びてた
8	1	/BOT4.MAP	セーブデータ補正
7	1	/GT00.MAP	何かって、何？
7	2	/GT00.MAP	これは・・・！
7	2	/FIR1.MAP	よし！いくよ！
7	1	/KB10.MAP	敵に囲まれた！
7	3	/TJ61.MAP	どうするのサ？
7	27	/TM00.MAP	外に出ますか？
7	2	/BL00.MAP	また、どーぞ。
7	3	/CT20.MAP	DmM3騫s鮏
7	1	/CT20.MAP	・・・勝った。
7	8	/CT10.MAP	［ガルザード］
7	12	/JG01.MAP	［ディアーネ］
7	6	/QH01.MAP	ミュウ・・・。
7	2	/OT02.MAP	うーん・・・。
7	1	/IG01.MAP	アスカぁっ！！
7	1	/IG01.MAP	ナズナ・・・。
7	1	/GM01.MAP	え？なぁに！？
7	1	/OT01.MAP	そうかい・・・
7	2	/OT01.MAP	出航しますか？
7	2	/ZM01.MAP	ごめん・・・。
7	1	/ZM01.MAP	会いましたか？
7	1	/WR10.MAP	国境か・・・。
7	5	/WR10.MAP	これは・・・？
7	1	/RS01.MAP	声が小さい！！
7	1	/DG21.MAP	はい、お父様！
7	1	/DG21.MAP	む、何者だ？！
7	1	/DG21.MAP	はぁい・・・。
7	2	/NT31.MAP	機は熟したり。
7	2	/ES01.MAP	みんな無事か？
7	2	/ES01.MAP	んもぅ！誰よ！
7	3	/ES01.MAP	そうか・・・。
7	2	/ES01.MAP	アスカ～っ！！
7	1	/MK00.MAP	アンジュ！！！
7	2	/RT30.MAP	鮏!P瀇EQ$
7	1	/RT20.MAP	お待ちなさい！
7	1	/RT20.MAP	待て、なのね！
7	1	/RT20.MAP	な、なにあれ！
7	1	/RT20.MAP	消えた・・・？
7	1	/RT20.MAP	父上が・・・、
7	1	/RT20.MAP	何でござるか！
7	1	/RT20.MAP	きゃー、なの！
7	1	/RT20.MAP	何なの、なの？
7	1	/RT20.MAP	確かに・・・。
7	4	/QH00.MAP	町を出ますか？
7	1	/QH00.MAP	ラスティ王子！
7	3	/QH00.MAP	［カダール兵］
7	1	/IZ00.MAP	ぬおおおおっ！
7	1	/IZ00.MAP	心外でござる！
7	1	/IZ00.MAP	それが・・・。
7	1	/IZ00.MAP	ふーむ・・・。
7	1	/ZM00.MAP	だから・・・。
7	1	/ZM00.MAP	あ、ミュウ様！
7	2	/ZM00.MAP	どれにするね？
7	1	/ZM00.MAP	閉店しました。
7	1	/DG10.MAP	蜻wgu7蜻卵
7	1	/DG10.MAP	蜻wgu7迹蝗
7	1	/DG10.MAP	伝説の魔導士！
7	1	/DG10.MAP	出よう・・・。
7	1	/IS10.MAP	なんと・・・！
7	10	/IS00.MAP	外へ出ますか？
7	1	/KR00.MAP	村を出ますか？
7	1	/KR00.MAP	あとね・・・。
7	1	/KR00.MAP	すまん・・・。
7	1	/DS00.MAP	［究極魔導士］
7	1	/DS00.MAP	用心なされよ。
7	1	/JG02.MAP	お黙りなさい！
7	2	/JG00.MAP	そんな・・・。
7	1	/JG00.MAP	お父様・・・。
7	1	/JG00.MAP	シラナミを選ぶ
7	1	/JG00.MAP	ん？なにをだ？
7	1	/JG00.MAP	ああ。不満か？
7	1	/JG00.MAP	うん、なのね。
7	1	/ST00.MAP	・・・てへっ☆
7	1	/OT10.MAP	カダール軍だ！
7	1	/OT00.MAP	これでござる。
7	1	/AT20.MAP	橋がかかった！
7	1	/AT20.MAP	なんだって！？
7	1	/AT20.MAP	調べてみよう。
7	5	/AT20.MAP	そういうこと。
7	1	/AT20.MAP	ア、アンジュ！
7	1	/AT20.MAP	な、なんだ！？
7	1	/AT00.MAP	あの、なにか？
7	1	/AT00.MAP	何かね、急に？
7	1	/AT00.MAP	大丈夫ですわ。
7	1	/AT00.MAP	ん、何のこと？
7	1	/AT00.MAP	・・・ダメよ。
7	2	/MP00.MAP	w覧www兒2
7	2	/MP00.MAP	もちろんだよ。
7	1	/MP00.MAP	僕も一緒だよ！
7	1	/MP00.MAP	心配なんだよ。
7	1	/MP00.MAP	また来てくれ。
7	1	/MP00.MAP	本当ですかね？
7	1	/MP00.MAP	いい天気よね。
7	1	/KS00.MAP	儷Yノ2"" 
7	1	/GB00.MAP	忘れられた街？
7	1	/GB00.MAP	うーむ・・・。
7	1	/DL00.MAP	［マジシャン］
7	1	/IP00.MAP	扉が開いた！！
7	1	/SB00.MAP	うん。頼むよ。
7	1	/NT21.MAP	塔を出ますか？
7	1	/NT21.MAP	仰せのままに。
7	2	/NT30.MAP	なんですって！
7	1	/NT20.MAP	いいでしょう。
7	1	/NT20.MAP	どっこいしょ、
7	1	/NT00.MAP	いきますわよ！
7	1	/HL10.MAP	頼もしい話だ！
7	1	/KK00.MAP	みんな行くよ！
7	1	/CK00.MAP	大変ね・・・。
7	1	/CK00.MAP	そっか・・・。
7	1	/CK00.MAP	わぁ、本当！？
7	1	/CK00.MAP	ヒバリ・・・。
7	1	/CK00.MAP	約束するでし。
7	1	/OB00.MAP	［ミズタマ姫］
7	1	/OB00.MAP	問答無用ぞよ！
7	1	/MH00.MAP	必ず、渡すよ。
7	1	/MH00.MAP	あーあ・・・。
7	1	/GT20.MAP	む、何をする！
7	1	/GT20.MAP	ええい、離せ！
7	3	/HY00.MAP	萵8.鍼打RC
7	2	/HY00.MAP	わかってるよ！
7	1	/KM10.MAP	ううっ・・・。
7	1	/KM00.MAP	カムイ・・・。
7	1	/KM00.MAP	見捨てるのか？
7	1	/KM00.MAP	ごめんなさい。
7	2	/KZ00.MAP	ここは・・・？
7	1	/GH00.MAP	脱出しますか？
7	1	/GH00.MAP	見て！　橋が！
7	1	/HS10.MAP	いやなこった。
7	1	/HS10.MAP	これは・・・。
7	1	/HS10.MAP	持っておこう。
7	1	/HS10.MAP	こりゃなんだ？
7	4	/HS00.MAP	アスカ・・・。
7	1	/HS00.MAP	はい、開いた。
7	1	/GM00.MAP	はい、どうぞ。
7	1	/GM00.MAP	この野郎っ！！
7	1	/GM00.MAP	見て、あそこ！
7	1	/IY00.MAP	大丈夫なのか？
7	1	/NJ10.MAP	退却しますか？
7	1	/NJ10.MAP	気をつけるよ。
7	1	/NJ10.MAP	これはこれは！
7	1	/NJ00.MAP	壁なの、なの。
7	1	/IG10.MAP	ミュウ！見て！
7	1	/IG10.MAP	あれは・・・！
7	1	/IG10.MAP	・・・面白い。
7	1	/IG10.MAP	・・・くすっ☆
7	1	/IG00.MAP	［］そうだな。
7	1	/IG00.MAP	ひどい話よね。
7	1	/IG00.MAP	なんの用だね？
7	1	/NZ10.MAP	見て、式神が！
7	1	/NZ00.MAP	くっつくなよ。
7	1	/NZ00.MAP	よし、行くゾ！
7	1	/WR02.MAP	あれは・・・？
7	1	/WR02.MAP	うわわわわっ！
7	1	/WR02.MAP	良かったでし。
7	1	/WR02.MAP	きゃあああっ！
7	1	/WY02.MAP	もうダメでし。
7	1	/WY02.MAP	待って！！！？
7	1	/WK00.MAP	・・・許さん！
7	1	/WK00.MAP	・・・ミュウ！
7	1	/WR00.MAP	こ、これはっ！
7	1	/WR00.MAP	そんな馬鹿な！
7	1	/WR00.MAP	だいじょうぶ？
7	1	/WC00.MAP	どうでもいい。
7	1	/WC00.MAP	え？！な、何？
7	1	/WC00.MAP	そうだ～ゼー！
7	1	/WC00.MAP	何じゃとてー！
7	1	/WC00.MAP	・・・・ええ。
7	1	/WY00.MAP	その心意気だ！
7	1	/WY00.MAP	望むところさ。
7	1	/WY00.MAP	大丈夫だった？
7	1	/WY00.MAP	ドジったのさ。
7	1	/WY00.MAP	なんだなんだ？
7	1	/WY00.MAP	つ・ま・り・☆
7	1	/WY00.MAP	先に進もうぜ。
7	1	/WY00.MAP	がんばんなよ！
7	1	/WY00.MAP	急ごうみんな！
7	1	/BOT5.MAP	音声ボリューム
7	1	/BOT4.MAP	カムイの旅立ち
7	1	/BOT4.MAP	イクシーズ復活
7	1	/BOT4.MAP	クリカラ滅亡後
7	1	/BOT4.MAP	マラカイト補正
7	1	/BOT4.MAP	イベントテスト
7	1	/BOT4.MAP	カカルクラン編
7	1	/BOT3.MAP	イクシーズ発進
7	1	/ITEMHELP.MSG	ただの本です。
7	1	/ITEMHELP.MSG	司書の本です。
7	1	/ITEMHELP.MSG	木製の盾です。
6	150	/GT00.MAP	もう一度聞く
6	7	/GT00.MAP	戻りますか？
6	1	/GT00.MAP	ラスティは？
6	1	/FIR3.MAP	な、なんだ？
6	1	/FIR3.MAP	おめでとう！
6	2	/FIR3.MAP	退却しよう。
6	3	/KB00.MAP	先に進もう！
6	1	/KB20.MAP	正面突破だ！
6	1	/KB20.MAP	敵が現れた！
6	2	/TJ71.MAP	D>跌勸df
6	2	/TJ41.MAP	どないです？
6	8	/TJ41.MAP	寄懴Cato
6	1	/TM00.MAP	絅DA曼e 
6	4	/BL00.MAP	E>"粐粐"
6	5	/CT20.MAP	［人委員会］
6	3	/CT20.MAP	でも・・・。
6	1	/CT10.MAP	驚いたかね！
6	4	/CT10.MAP	［ラグロス］
6	1	/CT10.MAP	思い・・・？
6	1	/CT10.MAP	急な坂だな。
6	3	/JG01.MAP	膣0繒!" 
6	6	/JG01.MAP	［ファルコ］
6	1	/QH01.MAP	な、なによ！
6	2	/OT02.MAP	さようなら！
6	3	/IG01.MAP	睚nU"c緖
6	3	/IG01.MAP	ж鞠fffW
6	3	/GM01.MAP	凉w覧wwg
6	5	/GM01.MAP	・・・うん。
6	1	/CK01.MAP	こちらこそ！
6	1	/RS01.MAP	ご、ごめん。
6	1	/NT31.MAP	・・・承知。
6	2	/ES10.MAP	んんんんー。
6	1	/WS00.MAP	きれいだね。
6	1	/RT20.MAP	待て、でし！
6	1	/RT20.MAP	何ですの！？
6	1	/RT20.MAP	・・・うお！
6	2	/RT20.MAP	はい・・・。
6	3	/RT20.MAP	ああ・・・。
6	1	/QH00.MAP	読みますか？
6	1	/IZ00.MAP	・・・うっ！
6	1	/IZ00.MAP	シラナミ～！
6	2	/IZ00.MAP	そうなのね！
6	1	/IZ00.MAP	頼みますぞ！
6	2	/DG10.MAP	どうしたの？
6	1	/DG10.MAP	開かない！！
6	1	/IS10.MAP	して、弟よ。
6	1	/KR00.MAP	コルベツアー
6	1	/KR00.MAP	わかった！？
6	1	/KR00.MAP	待ってくれ！
6	1	/DS00.MAP	おや・・・？
6	1	/JG10.MAP	鉞裝聹矮聿褂
6	1	/JG00.MAP	ナズナを選ぶ
6	1	/JG00.MAP	誰も選ばない
6	1	/OT00.MAP	【ヤマタイ】
6	1	/OT00.MAP	【行かない】
6	1	/AT20.MAP	ん、なんだ？
6	1	/AT20.MAP	［館長の声］
6	1	/AT10.MAP	33胛絛UU
6	1	/AT00.MAP	・・・ふゥ。
6	1	/AT00.MAP	アスカ・・。
6	1	/AT00.MAP	え、そうか？
6	1	/AT00.MAP	・・・はぁ。
6	1	/AT00.MAP	館長、館長？
6	1	/AT00.MAP	あ、動くよ！
6	2	/AT00.MAP	こ、これは！
6	2	/MP00.MAP	22w劔y剽
6	1	/MP00.MAP	大丈夫だよ！
6	1	/MP00.MAP	こわいよー。
6	1	/MP00.MAP	あれはっ！？
6	2	/MP00.MAP	そうですわ！
6	1	/MP00.MAP	手詰りだな。
6	1	/KS00.MAP	そーなのね！
6	1	/GB00.MAP	ありがとう！
6	1	/GB00.MAP	許せないわ！
6	1	/GB00.MAP	たいへんだ！
6	1	/GB00.MAP	あれ・・・？
6	1	/GB00.MAP	・・・はい。
6	1	/NT20.MAP	処刑・・・。
6	1	/NT20.MAP	ガルザード！
6	1	/NT20.MAP	うふふふふ。
6	1	/NT20.MAP	あの・・・。
6	1	/NT10.MAP	戻りますか?
6	1	/NT00.MAP	M誅匇5md
6	1	/NT00.MAP	な、何の音？
6	1	/KK00.MAP	扉は開いた。
6	1	/CK00.MAP	うう・・・。
6	1	/CK00.MAP	・・・えへ☆
6	1	/CK00.MAP	カダールに？
6	1	/CK00.MAP	そうでしよ。
6	1	/CK00.MAP	ヤだ、ヤだ！
6	1	/CK00.MAP	・・・本当？
6	2	/CK00.MAP	［ケンイチ］
6	1	/MH00.MAP	感動的だね。
6	1	/MH00.MAP	そうなんだ。
6	1	/MH00.MAP	引き受けない
6	1	/MH00.MAP	まぁ、本当？
6	1	/MH00.MAP	聞いたかい？
6	1	/GT20.MAP	ミュウ！！！
6	1	/GT20.MAP	ラスティっ！
6	1	/GT10.MAP	計画・・・？
6	1	/GT10.MAP	死出の旅へ！
6	1	/GT10.MAP	この声は？！
6	1	/KD00.MAP	にゃにゃー？
6	1	/SK10.MAP	さぁ、こい！
6	2	/SK00.MAP	?"僖B僖B
6	2	/KM10.MAP	［ユーカリ］
6	1	/KM10.MAP	助けるんだ。
6	1	/KM10.MAP	大丈夫なの？
6	1	/KM00.MAP	ついてきて！
6	1	/HS10.MAP	Y剳""裘^
6	1	/HS10.MAP	［チャチャ］
6	1	/HS10.MAP	これはっ！！
6	1	/HS00.MAP	^褓S3>藏
6	1	/HS00.MAP	何に使うの？
6	1	/HS00.MAP	・・・うっ。
6	1	/GM00.MAP	わかったか！
6	1	/IY00.MAP	大丈夫だよ。
6	3	/NJ10.MAP	あ、そうか！
6	1	/NJ10.MAP	馬鹿いうな！
6	1	/NJ10.MAP	そ、そんな！
6	1	/IG00.MAP	ほかに何か？
6	1	/IG00.MAP	何を買うと？
6	1	/IG00.MAP	何を売ると？
6	1	/IG00.MAP	「S」かの？
6	1	/NZ10.MAP	・・・ムフ☆
6	1	/NZ10.MAP	・・・おい？
6	1	/NZ00.MAP	ア～ちゃん！
6	2	/WR02.MAP	ああ、これ？
6	2	/WR02.MAP	その・・・。
6	1	/WR02.MAP	・・・ふむ。
6	1	/WY02.MAP	はあ・・・。
6	1	/WY02.MAP	北の方角ね。
6	1	/WK00.MAP	まかせとけ！
6	1	/WR00.MAP	ボクは戦う！
6	1	/WR00.MAP	お待ちを！！
6	1	/WC00.MAP	同感ですわ。
6	1	/WC00.MAP	よしみんな！
6	1	/WC00.MAP	それなぁに？
6	1	/WC00.MAP	実は・・・。
6	1	/WC00.MAP	わぁ、本当！
6	1	/WC00.MAP	へぇ・・・。
6	1	/WC00.MAP	他を探そう。
6	1	/WY00.MAP	腕が鳴るゼ！
6	1	/WY00.MAP	がんばれよ。
6	1	/WY00.MAP	待たせたな！
6	1	/BOT4.MAP	［シラナ三］
6	1	/BOT4.MAP	ミズタマ出現
6	1	/BOT4.MAP	クリカラ救う
6	1	/BOT4.MAP	オルトマ開放
6	1	/BOT4.MAP	ヤマタイ補正
6	1	/BOT4.MAP	クリカラ補正
6	1	/BOT4.MAP	［%ナズナ］
6	1	/BOT4.MAP	エピローグ１
6	1	/BOT4.MAP	ラストバトル
6	1	/BOT3.MAP	カオスゲート
6	1	/BOT3.MAP	リグロード編
6	1	/BOT3.MAP	イクシーズ前
5	1	/GT00.MAP	何者だっ！
5	1	/GT00.MAP	おのれっ！
5	1	/FIR3.MAP	はあ…・。
5	2	/FIR2.MAP	退却しよう
5	8	/TJ72.MAP	俵友d$n
5	28	/TJ72.MAP	説明を聞く
5	5	/TJ72.MAP	どうする？
5	3	/KB00.MAP	行くぜ！！
5	2	/TM00.MAP	ランキング
5	3	/CT20.MAP	6dM繦吭
5	1	/CT20.MAP	んにゃー？
5	3	/QH01.MAP	ん・・・。
5	1	/OT02.MAP	［］うむ、
5	2	/IG01.MAP	さよなら！
5	2	/GM01.MAP	ラスティ！
5	1	/GM01.MAP	じゃあね！
5	1	/AT01.MAP	は、はい。
5	2	/OT01.MAP	出航しない
5	1	/RS01.MAP	え・・・？
5	1	/DG21.MAP	ええ～！？
5	7	/ES01.MAP	［ルゥナ］
5	2	/ES01.MAP	あ、ああ。
5	1	/MK00.MAP	お父様！！
5	1	/RT20.MAP	きゃーっ！
5	1	/RT20.MAP	なんだぁ？
5	1	/RT20.MAP	何、あれ！
5	2	/RT20.MAP	何だろう？
5	1	/RT20.MAP	何でしか？
5	1	/RT20.MAP	うん・・。
5	1	/QH00.MAP	これはっ！
5	1	/QH00.MAP	う、うん。
5	4	/IZ00.MAP	わかった。
5	1	/IZ00.MAP	ずるいぞ！
5	1	/IZ00.MAP	誰・・・？
5	3	/ZM00.MAP	酒場をでる
5	1	/ZM00.MAP	ミュウ様！
5	1	/DG10.MAP	舞樶蝶李蝗
5	2	/DG10.MAP	上がらない
5	2	/IS10.MAP	笈個"" 
5	1	/IS10.MAP	ファルコ！
5	2	/IS10.MAP	よろしく。
5	1	/IS10.MAP	［魔導士］
5	1	/KR00.MAP	・・・は？
5	1	/KR00.MAP	知ってる？
5	1	/KR00.MAP	［タカオ］
5	1	/DS00.MAP	見るでし！
5	1	/JG00.MAP	頼んだゼ！
5	1	/JG00.MAP	ごめんね。
5	1	/OT00.MAP	いいねぇ。
5	1	/OT00.MAP	【サモサ】
5	1	/AT20.MAP	ん・・・？
5	1	/AT20.MAP	あ、橋だ！
5	1	/AT20.MAP	お父様ぁ！
5	1	/AT10.MAP	33聽聲!
5	1	/AT10.MAP	汽n胼D0
5	1	/AT00.MAP	出て行け！
5	1	/AT00.MAP	え、ええ。
5	1	/AT00.MAP	ええっ！！
5	1	/MP00.MAP	じゃあね。
5	1	/MP00.MAP	１番倉庫。
5	1	/MP00.MAP	２番倉庫。
5	1	/MP00.MAP	知ってた？
5	1	/KS00.MAP	叨胱<素'
5	1	/GB00.MAP	頼んだよ。
5	1	/GB00.MAP	いかにも。
5	1	/GB00.MAP	そうじゃ。
5	2	/NT20.MAP	あなたは？
5	1	/NT00.MAP	dДDd痔
5	2	/HL00.MAP	やったァ！
5	2	/KK01.MAP	そーれっ！
5	1	/KK00.MAP	しまった！
5	1	/CK00.MAP	［女の子］
5	1	/CK00.MAP	手伝わない
5	1	/CK00.MAP	［ヒバリ］
5	1	/CK00.MAP	タタラの家
5	1	/OB00.MAP	それ見ろ！
5	1	/OB00.MAP	そうじゃ！
5	1	/OB00.MAP	とほほ～。
5	2	/MH00.MAP	［船乗り］
5	2	/MH00.MAP	怖いよー。
5	1	/MH00.MAP	［アケミ］
5	1	/MH00.MAP	引き受ける
5	1	/GT10.MAP	さらばだ。
5	1	/KD00.MAP	はにゃー？
5	1	/KD00.MAP	うにゃー？
5	1	/SK10.MAP	［マーサ］
5	1	/HY00.MAP	どうした！
5	1	/HY00.MAP	あそこだ！
5	3	/KM10.MAP	b#>肭潦
5	1	/KM10.MAP	なにっ！？
5	1	/KM10.MAP	ユーカリ！
5	1	/KM10.MAP	やれやれ。
5	1	/KM10.MAP	大丈夫か！
5	1	/KM00.MAP	カムイの家
5	1	/KM00.MAP	お、おい！
5	1	/KZ00.MAP	磧%="胼
5	1	/GH00.MAP	"聽粽C槢
5	1	/GH00.MAP	待ていっ！
5	2	/HS00.MAP	・・・ん。
5	1	/HS00.MAP	［謎の女］
5	1	/HS00.MAP	［タマモ］
5	1	/GM00.MAP	・・・！！
5	1	/GM00.MAP	へ、へえ。
5	1	/NJ10.MAP	退却しない
5	1	/NJ10.MAP	［コクウ］
5	1	/NJ10.MAP	何？どこ？
5	1	/NJ10.MAP	あ、うん。
5	3	/NJ10.MAP	おいおい。
5	1	/NJ10.MAP	嫌なのね！
5	1	/NJ00.MAP	壁がある。
5	1	/IG00.MAP	よせやい！
5	1	/IG00.MAP	売るのか？
5	1	/IG00.MAP	「S」か。
5	1	/IG00.MAP	そうかい。
5	1	/WR02.MAP	きゃあっ！
5	1	/WY02.MAP	別にィ～☆
5	1	/WR00.MAP	もちろん！
5	1	/WR00.MAP	どうした？
5	1	/WR00.MAP	近寄らない
5	1	/WR00.MAP	そうだね。
5	1	/WC00.MAP	アンジュ！
5	1	/WC00.MAP	違うって。
5	1	/WC00.MAP	開いたぜ！
5	2	/SS10.MAP	む、何奴！
5	1	/WY00.MAP	ああ～ん。
5	1	/WY00.MAP	おまたせ。
5	1	/WY00.MAP	ドジった？
5	1	/WY00.MAP	そうかい！
5	1	/WY00.MAP	記録しない
5	1	/BOT5.MAP	視点テスト
5	1	/BOT5.MAP	音声テスト
5	1	/BOT4.MAP	ナズナ復活
5	1	/BOT4.MAP	星陵郭攻略
5	1	/BOT4.MAP	全世界終了
5	1	/BOT4.MAP	プロローグ
5	1	/BOT4.MAP	ヤマタイ編
5	1	/BOT3.MAP	変数初期化
5	1	/BOT3.MAP	カダール編
5	1	/BOT3.MAP	魔法球起動
5	1	/BOOT2.MAP	テスト開始
5	1	/BOOT2.MAP	テスト終了
4	150	/GT00.MAP	入らない
4	150	/GT00.MAP	通らない
4	150	/GT00.MAP	話を聞く
4	150	/GT00.MAP	家をでる
4	13	/GT00.MAP	進まない
4	17	/GT00.MAP	戻らない
4	6	/GT00.MAP	［兵士］
4	1	/GT00.MAP	怖いか？
4	2	/FIR0.MAP	訣誌髄駐
4	2	/FIR0.MAP	楓利劒屆
4	25	/TJ72.MAP	参加する
4	25	/TJ72.MAP	外にでる
4	32	/TJ72.MAP	［店主］
4	3	/KB00.MAP	よしっ！
4	6	/TJ70.MAP	熏燵-佻
4	2	/TM00.MAP	店をでる
4	2	/TM00.MAP	迷宮協会
4	2	/TM00.MAP	登録解除
4	2	/TM00.MAP	外に出る
4	2	/TM00.MAP	登録する
4	6	/BL40.MAP	行かない
4	3	/CT20.MAP	`鮏`襦
4	1	/CT20.MAP	みんな！
4	1	/CT10.MAP	なにっ！
4	1	/CT10.MAP	ミュウ。
4	3	/JG01.MAP	硤U"衵
4	1	/AT01.MAP	タタラ！
4	6	/WR01.MAP	腑5滷`
4	16	/OT01.MAP	［町人］
4	2	/OT01.MAP	出航する
4	2	/ZM01.MAP	勦f貿`
4	1	/DG21.MAP	馬鹿め。
4	2	/DG21.MAP	おのれ！
4	2	/ES10.MAP	むほっ！
4	3	/RT30.MAP	使わない
4	15	/RT20.MAP	・・・。
4	2	/RT20.MAP	うわっ！
4	2	/RT20.MAP	きゃっ！
4	2	/RT20.MAP	なんだ？
4	2	/RT00.MAP	なんだ！
4	1	/QH00.MAP	愛の泉。
4	1	/IZ00.MAP	離れない
4	1	/IZ00.MAP	あうっ！
4	1	/IZ00.MAP	まあね。
4	1	/DG10.MAP	［グル］
4	2	/DG00.MAP	降りない
4	1	/DG00.MAP	行くよ！
4	1	/IS10.MAP	［捕虜］
4	1	/IS10.MAP	えっ！？
4	2	/IS00.MAP	これは！
4	1	/KR00.MAP	［店員］
4	2	/KR00.MAP	［村人］
4	1	/JG10.MAP	ぬけない
4	2	/OT10.MAP	なんと！
4	1	/OT10.MAP	おうっ！
4	2	/OT00.MAP	［船長］
4	1	/AT20.MAP	［狩人］
4	1	/AT20.MAP	ふごッ！
4	1	/AT20.MAP	お父様！
4	2	/AT20.MAP	［館長］
4	2	/AT20.MAP	しかり。
4	1	/AT20.MAP	そんな！
4	1	/AT20.MAP	あっ！！
4	2	/AT10.MAP	読まない
4	1	/AT00.MAP	何かね？
4	1	/AT00.MAP	だから？
4	1	/AT00.MAP	ふふふ☆
4	1	/AT00.MAP	そうよ！
4	1	/AT00.MAP	［司書］
4	2	/AT00.MAP	行こう！
4	2	/MP00.MAP	ミュウ！
4	1	/MP00.MAP	そっか。
4	1	/MP00.MAP	船長の家
4	2	/KS00.MAP	うにゃ？
4	1	/GB00.MAP	"#紂冪
4	1	/GB00.MAP	［長老］
4	1	/GB00.MAP	長老の家
4	2	/DL00.MAP	ぬおっ！
4	1	/IP10.MAP	［神像］
4	1	/IP00.MAP	U砒裔甕
4	1	/NT30.MAP	ぐふっ！
4	1	/NT20.MAP	ふふふ。
4	2	/NT20.MAP	そうだ！
4	1	/HL00.MAP	抜けない
4	1	/HL00.MAP	押さない
4	2	/KK01.MAP	それっ！
4	1	/CK00.MAP	本当！？
4	1	/CK00.MAP	ううん。
4	4	/OB00.MAP	聞かない
4	1	/MH00.MAP	剞杉劔y
4	1	/MH00.MAP	のらない
4	2	/GT20.MAP	そうか！
4	1	/GT10.MAP	待てっ！
4	1	/HY00.MAP	どこだ？
4	3	/KM10.MAP	4L讀炻
4	1	/KM10.MAP	喜んで！
4	1	/KM10.MAP	待って！
4	1	/KM10.MAP	お前は？
4	1	/KZ00.MAP	寧[浣1
4	1	/GH00.MAP	［ワカ］
4	1	/GH00.MAP	急ごう！
4	1	/HS10.MAP	屁惧撈棍
4	1	/HS10.MAP	荘鋳涛粕
4	1	/HS10.MAP	演滑給血
4	1	/HS10.MAP	あんた？
4	1	/HS00.MAP	［囚人］
4	2	/GM00.MAP	［門番］
4	1	/GM00.MAP	まあな。
4	1	/GM00.MAP	おぶッ！
4	1	/GM00.MAP	ぐぅ～。
4	1	/GM00.MAP	くそッ！
4	1	/NJ10.MAP	退却する
4	1	/NJ10.MAP	［忍者］
4	1	/NJ10.MAP	お頭～！
4	1	/NJ10.MAP	おーっ！
4	1	/IG00.MAP	えへっ☆
4	1	/WR00.MAP	［鷹人］
4	1	/WR00.MAP	アスカ！
4	1	/WC00.MAP	ほほゥ？
4	1	/WY00.MAP	記録する
4	1	/BOT5.MAP	仲間設定
4	1	/BOT5.MAP	視点－１
4	1	/BOT4.MAP	船テスト
4	1	/BOT3.MAP	変数表示
4	1	/WAZAHELP.MSG	ボツ！！
3	57	/TM00.MAP	出ない
3	2	/TM00.MAP	です。
3	1	/TM10.MAP	いいや
3	2	/CT10.MAP	Yず鋩
3	5	/JG01.MAP	うん！
3	11	/OT01.MAP	うん。
3	1	/RS01.MAP	ぉー。
3	2	/DG21.MAP	はい！
3	1	/DG21.MAP	てへ☆
3	2	/WS01.MAP	ええ。
3	2	/WS10.MAP	うん？
3	2	/RT20.MAP	待て！
3	1	/RT20.MAP	なに？
3	1	/IZ00.MAP	離れる
3	1	/ZM00.MAP	うそ？
3	1	/ZM00.MAP	えっ？
3	1	/ZM00.MAP	何か？
3	2	/DG10.MAP	上がる
3	2	/DG00.MAP	降りる
3	1	/JG10.MAP	ぬける
3	2	/JG00.MAP	はい。
3	1	/JG00.MAP	んー。
3	2	/JG00.MAP	いいえ
3	7	/JG00.MAP	ああ。
3	2	/AT20.MAP	あら？
3	2	/AT10.MAP	ああ！
3	1	/AT00.MAP	あぁ？
3	1	/GB00.MAP	うむ。
3	1	/HL00.MAP	抜ける
3	2	/KK01.MAP	それ！
3	2	/KK01.MAP	よっ！
3	1	/CK00.MAP	手伝う
3	1	/HY00.MAP	しッ！
3	1	/KM10.MAP	頼む！
3	1	/GH00.MAP	しない
3	1	/GH00.MAP	わっ！
3	1	/GH00.MAP	おう！
3	1	/GM00.MAP	飲み屋
3	1	/GM00.MAP	え？！
3	1	/WR00.MAP	えっ！
3	1	/WR00.MAP	近寄る
3	1	/WC00.MAP	むー。
3	1	/BOT5.MAP	テスト
3	1	/BOT5.MAP	入れる
3	1	/BOT5.MAP	はずす
3	1	/BOT4.MAP	終わり
2	150	/GT00.MAP	入る
2	150	/GT00.MAP	通る
2	18	/GT00.MAP	進む
2	17	/GT00.MAP	戻る
2	57	/TM00.MAP	出る
2	1	/QH01.MAP	あ！
2	1	/QH01.MAP	あ。
2	5	/CK01.MAP	え？
2	3	/NT31.MAP	は！
2	2	/ES10.MAP	行く
2	3	/RT30.MAP	使う
2	3	/KR00.MAP	ん？
2	2	/JG00.MAP	はい
2	2	/AT10.MAP	読む
2	1	/HL00.MAP	押す
2	1	/OB00.MAP	ね？
2	4	/OB00.MAP	聞く
2	1	/MH00.MAP	のる
2	1	/GH00.MAP	する
