path	magic	head16
/0_OP.BIN	D0036F03	D0036F03D001402B0009000906004018
/0_TPLAY.BIN	2FE62FD6	2FE62FD62FC62FB62FA62F962F86E801
/1_RIG2.BIN	D0036F03	D0036F03D001402B00090009060067E8
/AT00.MAP	mato	6D61746F0003CE400000000100000000
/AT01.MAP	mato	6D61746F0003F4C00000000100000000
/AT10.MAP	mato	6D61746F00031B1C0000000100000000
/AT20.MAP	mato	6D61746F0002DDCC0000000100000000
/BGM23.BGM	mato	6D61746F00069EC80000000100000000
/BGM24.BGM	mato	6D61746F0006BD400000000100000000
/BGM25.BGM	mato	6D61746F0006BFC40000000100000000
/BGM26.BGM	mato	6D61746F00069AF00000000100000000
/BGM27.BGM	mato	6D61746F00067D440000000100000000
/BGM28.BGM	mato	6D61746F0006722C0000000100000000
/BGM29.BGM	mato	6D61746F0006B4480000000100000000
/BGM30.BGM	mato	6D61746F0006BBD00000000100000000
/BGM31.BGM	mato	6D61746F00069F540000000100000000
/BGM32.BGM	mato	6D61746F0006B2D40000000100000000
/BGM33.BGM	mato	6D61746F00066A280000000100000000
/BGM34.BGM	mato	6D61746F0006A2640000000100000000
/BGM35.BGM	mato	6D61746F0006115C0000000100000000
/BGM36.BGM	mato	6D61746F0005C8600000000100000000
/BGM39.BGM	mato	6D61746F000671EC0000000100000000
/BL00.MAP	mato	6D61746F00031EC00000000100000000
/BL10.MAP	mato	6D61746F0001E5500000000100000000
/BL20.MAP	mato	6D61746F000210900000000100000000
/BL30.MAP	mato	6D61746F0001C2F80000000100000000
/BL40.MAP	mato	6D61746F000266880000000100000000
/BL50.MAP	mato	6D61746F000206940000000100000000
/BOOT.MAP	mato	6D61746F00015D580000000100000000
/BOOT1.MAP	mato	6D61746F000158600000000100000000
/BOOT2.MAP	mato	6D61746F0003D2AC0000000100000000
/BOOT3.MAP	mato	6D61746F000158400000000100000000
/BOOTSND.MAP	0000B000	0000B0000006E0001007900000003000
/BOT3.MAP	mato	6D61746F000167540000000100000000
/BOT4.MAP	mato	6D61746F000169040000000100000000
/BOT5.MAP	mato	6D61746F000167180000000100000000
/BOUGU_A.P	016000E0	016000E0910D88A8846588A888A98465
/BOUGU_B.P	016000E0	016000E088EF88EF88CD8487848984AC
/BOUGU_C.P	016000E0	016000E091D591D591F591D490E994C8
/BOUGU_D.P	016000E0	016000E094E894C894C894C894C88C85
/BUKIYA_A.P	016000E0	016000E09DB99DDB9DFE9E1FA21FA67F
/BUKIYA_B.P	016000E0	016000E088438C64886488648C649084
/BUKIYA_C.P	016000E0	016000E08C698C678845884588AC90A7
/BUKIYA_D.P	016000E0	016000E0A90AA90AA90AA90AA909A909
/CH/CH_A/CH_A_000.BCH	mato	6D61746F0000C5800000000100000000
/CH/CH_A/CH_A_030.BCH	mato	6D61746F0000F3100000000100000000
/CH/CH_A/CH_A_050.BCH	mato	6D61746F00018FE00000000100000000
/CH/CH_A/CH_A_060.BCH	mato	6D61746F0001306C0000000100000000
/CH/CH_A/CH_A_080.BCH	mato	6D61746F0001C8380000000100000000
/CH/CH_A/CH_A_130.BCH	mato	6D61746F000100440000000100000000
/CH/CH_A/CH_A_200.BCH	mato	6D61746F0000F3C80000000100000000
/CH/CH_A/CH_A_210.BCH	mato	6D61746F0000BD480000000100000000
/CH/CH_A/CH_A_260.BCH	mato	6D61746F0000D8840000000100000000
/CH/CH_A/CH_A_350.BCH	mato	6D61746F000120380000000100000000
/CH/CH_A/CH_A_400.BCH	mato	6D61746F00012EB00000000100000000
/CH/CH_A/CH_A_800.BCH	mato	6D61746F0000EFB00000000100000000
/CH/CH_B/CH_B_000.BCH	mato	6D61746F0000D4AC0000000100000000
/CH/CH_B/CH_B_030.BCH	mato	6D61746F0000EF9C0000000100000000
/CH/CH_B/CH_B_050.BCH	mato	6D61746F0001A0F40000000100000000
/CH/CH_B/CH_B_080.BCH	mato	6D61746F000205880000000100000000
/CH/CH_B/CH_B_130.BCH	mato	6D61746F0000E8AC0000000100000000
/CH/CH_B/CH_B_280.BCH	mato	6D61746F0000DA700000000100000000
/CH/CH_B/CH_B_370.BCH	mato	6D61746F0000DE200000000100000000
/CH/CH_B/CH_B_860.BCH	mato	6D61746F000191280000000100000000
/CH/CH_C/CH_C_000.BCH	mato	6D61746F0000C4540000000100000000
/CH/CH_C/CH_C_030.BCH	mato	6D61746F0000FE5C0000000100000000
/CH/CH_C/CH_C_050.BCH	mato	6D61746F0002068C0000000100000000
/CH/CH_C/CH_C_080.BCH	mato	6D61746F0001ACE00000000100000000
/CH/CH_C/CH_C_130.BCH	mato	6D61746F000105C80000000100000000
/CH/CH_C/CH_C_230.BCH	mato	6D61746F0000E6680000000100000000
/CH/CH_C/CH_C_320.BCH	mato	6D61746F0000CED00000000100000000
/CH/CH_C/CH_C_490.BCH	mato	6D61746F0000E1F80000000100000000
/CH/CH_D/CH_D_000.BCH	mato	6D61746F0000C3600000000100000000
/CH/CH_D/CH_D_050.BCH	mato	6D61746F000187280000000100000000
/CH/CH_D/CH_D_080.BCH	mato	6D61746F0001FDD80000000100000000
/CH/CH_D/CH_D_130.BCH	mato	6D61746F0000E73C0000000100000000
/CH/CH_D/CH_D_410.BCH	mato	6D61746F00020D2C0000000100000000
/CH/CH_D/CH_D_780.BCH	mato	6D61746F0000D8000000000100000000
/CH/CH_D/CH_D_880.BCH	mato	6D61746F000129800000000100000000
/CH/CH_E/CH_E_000.BCH	mato	6D61746F0000D6EC0000000100000000
/CH/CH_E/CH_E_030.BCH	mato	6D61746F0000E9300000000100000000
/CH/CH_E/CH_E_050.BCH	mato	6D61746F000189B80000000100000000
/CH/CH_E/CH_E_080.BCH	mato	6D61746F000223800000000100000000
/CH/CH_E/CH_E_130.BCH	mato	6D61746F000132100000000100000000
/CH/CH_E/CH_E_610.BCH	mato	6D61746F00012F140000000100000000
/CH/CH_E/CH_E_620.BCH	mato	6D61746F000125440000000100000000
/CH/CH_E/CH_E_630.BCH	mato	6D61746F000114140000000100000000
/CH/CH_F/CH_F_030.BCH	mato	6D61746F0000DA340000000100000000
/CH/CH_F/CH_F_050.BCH	mato	6D61746F00019B200000000100000000
/CH/CH_F/CH_F_080.BCH	mato	6D61746F00016C140000000100000000
/CH/CH_F/CH_F_200.BCH	mato	6D61746F0000D8000000000100000000
/CH/CH_F/CH_F_430.BCH	mato	6D61746F00015C240000000100000000
/CH/CH_F/CH_F_910.BCH	mato	6D61746F0000E8600000000100000000
/CH/CH_G/CH_G_030.BCH	mato	6D61746F0000BDA00000000100000000
/CH/CH_G/CH_G_050.BCH	mato	6D61746F000193AC0000000100000000
/CH/CH_G/CH_G_080.BCH	mato	6D61746F0001B4480000000100000000
/CH/CH_G/CH_G_870.BCH	mato	6D61746F000098C00000000100000000
/CH/CH_H/CH_H_000.BCH	mato	6D61746F0000C5E00000000100000000
/CH/CH_H/CH_H_030.BCH	mato	6D61746F0000EF680000000100000000
/CH/CH_H/CH_H_050.BCH	mato	6D61746F000174080000000100000000
/CH/CH_H/CH_H_130.BCH	mato	6D61746F000141680000000100000000
/CH/CH_H/CH_H_670.BCH	mato	6D61746F0000F1780000000100000000
/CH/CH_H/CH_H_790.BCH	mato	6D61746F0000DAAC0000000100000000
/CH/CH_H/CH_H_810.BCH	mato	6D61746F0000FE3C0000000100000000
/CH/CH_I/CH_I_030.BCH	mato	6D61746F00010AC40000000100000000
/CH/CH_I/CH_I_050.BCH	mato	6D61746F00014A040000000100000000
/CH/CH_I/CH_I_370.BCH	mato	6D61746F000101D40000000100000000
/CH/CH_I/CH_I_870.BCH	mato	6D61746F0000D7900000000100000000
/CH/CH_J/CH_J_030.BCH	mato	6D61746F0000EDD80000000100000000
/CH/CH_J/CH_J_220.BCH	mato	6D61746F0000C7940000000100000000
/CH/CH_J/CH_J_850.BCH	mato	6D61746F00014FD00000000100000000
/CH/CH_K/CH_K_010.BCH	mato	6D61746F00014A400000000100000000
/CH/CH_K/CH_K_040.BCH	mato	6D61746F0000C6B80000000100000000
/CH/CH_K/CH_K_050.BCH	mato	6D61746F00016F280000000100000000
/CH/CH_K/CH_K_070.BCH	mato	6D61746F00010BA40000000100000000
/CH/CH_K/CH_K_130.BCH	mato	6D61746F00017FCC0000000100000000
/CH/CH_K/CH_K_290.BCH	mato	6D61746F000117080000000100000000
/CH/CH_K/CH_K_420.BCH	mato	6D61746F0001B81C0000000100000000
/CH/CH_K/CH_K_430.BCH	mato	6D61746F00014AA80000000100000000
/CH/CH_K/CH_K_450.BCH	mato	6D61746F000195880000000100000000
/CH/CH_K/CH_K_690.BCH	mato	6D61746F000184100000000100000000
/CH/CH_L/CH_L_010.BCH	mato	6D61746F0001233C0000000100000000
/CH/CH_L/CH_L_040.BCH	mato	6D61746F0000D6E00000000100000000
/CH/CH_L/CH_L_050.BCH	mato	6D61746F000160080000000100000000
/CH/CH_L/CH_L_070.BCH	mato	6D61746F0000C3CC0000000100000000
/CH/CH_L/CH_L_130.BCH	mato	6D61746F000124A40000000100000000
/CH/CH_L/CH_L_270.BCH	mato	6D61746F0000F4A40000000100000000
/CH/CH_L/CH_L_550.BCH	mato	6D61746F0000F3A00000000100000000
/CH/CH_L/CH_L_760.BCH	mato	6D61746F00011AAC0000000100000000
/CH/CH_M/CH_M_010.BCH	mato	6D61746F000106E00000000100000000
/CH/CH_M/CH_M_040.BCH	mato	6D61746F0000FAA80000000100000000
/CH/CH_M/CH_M_050.BCH	mato	6D61746F000190400000000100000000
/CH/CH_M/CH_M_070.BCH	mato	6D61746F0000BFC00000000100000000
/CH/CH_M/CH_M_130.BCH	mato	6D61746F000114980000000100000000
/CH/CH_M/CH_M_20Z.BCH	mato	6D61746F0000F9280000000100000000
/CH/CH_M/CH_M_290.BCH	mato	6D61746F0000BF580000000100000000
/CH/CH_M/CH_M_420.BCH	mato	6D61746F0001366C0000000100000000
/CH/CH_M/CH_M_450.BCH	mato	6D61746F00013BB00000000100000000
/CH/CH_M/CH_M_640.BCH	mato	6D61746F0000D89C0000000100000000
/CH/CH_N/CH_N_010.BCH	mato	6D61746F0000C9080000000100000000
/CH/CH_N/CH_N_070.BCH	mato	6D61746F0000AAB40000000100000000
/CH/CH_N/CH_N_130.BCH	mato	6D61746F000102540000000100000000
/CH/CH_N/CH_N_290.BCH	mato	6D61746F00009C4C0000000100000000
/CH/CH_O/CH_O_010.BCH	mato	6D61746F000122840000000100000000
/CH/CH_O/CH_O_070.BCH	mato	6D61746F0001162C0000000100000000
/CH/CH_O/CH_O_100.BCH	mato	6D61746F0001E9F00000000100000000
/CH/CH_O/CH_O_110.BCH	mato	6D61746F0000C0040000000100000000
/CH/CH_O/CH_O_130.BCH	mato	6D61746F000176340000000100000000
/CH/CH_O/CH_O_290.BCH	mato	6D61746F0001137C0000000100000000
/CH/CH_O/CH_O_660.BCH	mato	6D61746F0000BC5C0000000100000000
/CH/CH_O/CH_O_930.BCH	mato	6D61746F0000FE140000000100000000
/CH/CH_P/CH_P_010.BCH	mato	6D61746F000107580000000100000000
/CH/CH_P/CH_P_070.BCH	mato	6D61746F000106780000000100000000
/CH/CH_P/CH_P_100.BCH	mato	6D61746F000162100000000100000000
/CH/CH_P/CH_P_110.BCH	mato	6D61746F00015C880000000100000000
/CH/CH_P/CH_P_130.BCH	mato	6D61746F00015E180000000100000000
/CH/CH_P/CH_P_230.BCH	mato	6D61746F0001433C0000000100000000
/CH/CH_P/CH_P_310.BCH	mato	6D61746F0001288C0000000100000000
/CH/CH_P/CH_P_330.BCH	mato	6D61746F0000CC340000000100000000
/CH/CH_Q/CH_Q_010.BCH	mato	6D61746F00015EA80000000100000000
/CH/CH_Q/CH_Q_060.BCH	mato	6D61746F00011BF00000000100000000
/CH/CH_Q/CH_Q_070.BCH	mato	6D61746F00011BF00000000100000000
/CH/CH_Q/CH_Q_100.BCH	mato	6D61746F000133DC0000000100000000
/CH/CH_Q/CH_Q_110.BCH	mato	6D61746F000142980000000100000000
/CH/CH_Q/CH_Q_420.BCH	mato	6D61746F0001ADEC0000000100000000
/CH/CH_Q/CH_Q_500.BCH	mato	6D61746F0000BEA40000000100000000
/CH/CH_Q/CH_Q_510.BCH	mato	6D61746F0000D1840000000100000000
/CH/CH_Q/CH_Q_530.BCH	mato	6D61746F0001449C0000000100000000
/CH/CH_Q/CH_Q_680.BCH	mato	6D61746F000135140000000100000000
/CH/CH_R/CH_R_010.BCH	mato	6D61746F00015EA80000000100000000
/CH/CH_R/CH_R_100.BCH	mato	6D61746F0001276C0000000100000000
/CH/CH_R/CH_R_110.BCH	mato	6D61746F000101340000000100000000
/CH/CH_R/CH_R_220.BCH	mato	6D61746F0000F4980000000100000000
/CH/CH_S/CH_S_010.BCH	mato	6D61746F00013C900000000100000000
/CH/CH_S/CH_S_060.BCH	mato	6D61746F0001B4480000000100000000
/CH/CH_S/CH_S_100.BCH	mato	6D61746F000186400000000100000000
/CH/CH_S/CH_S_450.BCH	mato	6D61746F000188200000000100000000
/CH/CH_S/CH_S_500.BCH	mato	6D61746F0000B7200000000100000000
/CH/CH_S/CH_S_640.BCH	mato	6D61746F000106240000000100000000
/CH/CH_S/CH_S_650.BCH	mato	6D61746F000191E00000000100000000
/CH/CH_S/CH_S_680.BCH	mato	6D61746F00017ED40000000100000000
/CH/CH_S/CH_S_750.BCH	mato	6D61746F00017C080000000100000000
/CH/CH_T/CH_T_010.BCH	mato	6D61746F000126C00000000100000000
/CH/CH_T/CH_T_100.BCH	mato	6D61746F0001EDD00000000100000000
/CH/CH_T/CH_T_310.BCH	mato	6D61746F00011B700000000100000000
/CH/CH_T/CH_T_530.BCH	mato	6D61746F000212480000000100000000
/CH/CH_T/CH_T_620.BCH	mato	6D61746F000170F00000000100000000
/CH/CH_T/CH_T_650.BCH	mato	6D61746F0001863C0000000100000000
/CH/CH_T/CH_T_680.BCH	mato	6D61746F00020B7C0000000100000000
/CH/CH_U/CH_U_000.BCH	mato	6D61746F0000F0FC0000000100000000
/CH/CH_U/CH_U_010.BCH	mato	6D61746F000101840000000100000000
/CH/CH_U/CH_U_020.BCH	mato	6D61746F000149F00000000100000000
/CH/CH_U/CH_U_030.BCH	mato	6D61746F00014C4C0000000100000000
/CH/CH_U/CH_U_040.BCH	mato	6D61746F0000DAF80000000100000000
/CH/CH_U/CH_U_050.BCH	mato	6D61746F00018AD00000000100000000
/CH/CH_U/CH_U_060.BCH	mato	6D61746F000199740000000100000000
/CH/CH_U/CH_U_070.BCH	mato	6D61746F0001063C0000000100000000
/CH/CH_U/CH_U_080.BCH	mato	6D61746F0001F6FC0000000100000000
/CH/CH_U/CH_U_100.BCH	mato	6D61746F000231BC0000000100000000
/CH/CH_U/CH_U_110.BCH	mato	6D61746F00014FB00000000100000000
/CH/CH_U/CH_U_120.BCH	mato	6D61746F00017D080000000100000000
/CH/CH_U/CH_U_130.BCH	mato	6D61746F00013FBC0000000100000000
/CH/CH_V/CH_V_800.BCH	mato	6D61746F00019C080000000100000000
/CH/CH_V/CH_V_820.BCH	mato	6D61746F00019C080000000100000000
/CH/CH_V/CH_V_850.BCH	mato	6D61746F00019C080000000100000000
/CH/CH_W/CH_W_000.BCH	mato	6D61746F0000CF9C0000000100000000
/CH/CH_W/CH_W_010.BCH	mato	6D61746F0000F54C0000000100000000
/CH/CH_W/CH_W_020.BCH	mato	6D61746F0000E36C0000000100000000
/CH/CH_W/CH_W_040.BCH	mato	6D61746F0000C89C0000000100000000
/CH/CH_W/CH_W_060.BCH	mato	6D61746F00011F680000000100000000
/CH/CH_W/CH_W_120.BCH	mato	6D61746F000151B80000000100000000
/CH/CH_W/CH_W_210.BCH	mato	6D61746F0000BCC80000000100000000
/CH/CH_W/CH_W_240.BCH	mato	6D61746F00013B6C0000000100000000
/CH/CH_W/CH_W_250.BCH	mato	6D61746F000117340000000100000000
/CH/CH_W/CH_W_300.BCH	mato	6D61746F00010B400000000100000000
/CH/CH_W/CH_W_330.BCH	mato	6D61746F0000B1740000000100000000
/CH/CH_W/CH_W_340.BCH	mato	6D61746F000134780000000100000000
/CH/CH_W/CH_W_410.BCH	mato	6D61746F0001A0980000000100000000
/CH/CH_W/CH_W_430.BCH	mato	6D61746F000117D80000000100000000
/CH/CH_W/CH_W_440.BCH	mato	6D61746F0001042C0000000100000000
/CH/CH_W/CH_W_460.BCH	mato	6D61746F000158340000000100000000
/CH/CH_W/CH_W_470.BCH	mato	6D61746F00012E900000000100000000
/CH/CH_W/CH_W_480.BCH	mato	6D61746F00011B2C0000000100000000
/CH/CH_W/CH_W_490.BCH	mato	6D61746F0000E8240000000100000000
/CH/CH_W/CH_W_510.BCH	mato	6D61746F0000F95C0000000100000000
/CH/CH_W/CH_W_550.BCH	mato	6D61746F0000DA480000000100000000
/CH/CH_W/CH_W_660.BCH	mato	6D61746F000124F00000000100000000
/CH/CH_W/CH_W_670.BCH	mato	6D61746F000142300000000100000000
/CH/CH_W/CH_W_700.BCH	mato	6D61746F00017A740000000100000000
/CH/CH_W/CH_W_710.BCH	mato	6D61746F0000F1CC0000000100000000
/CH/CH_W/CH_W_750.BCH	mato	6D61746F000145840000000100000000
/CH/CH_W/CH_W_760.BCH	mato	6D61746F0000EEB00000000100000000
/CH/CH_W/CH_W_770.BCH	mato	6D61746F0000A8280000000100000000
/CH/CH_W/CH_W_790.BCH	mato	6D61746F0000C4E40000000100000000
/CH/CH_W/CH_W_810.BCH	mato	6D61746F0000F9080000000100000000
/CH/CH_W/CH_W_820.BCH	mato	6D61746F0000F1080000000100000000
/CH/CH_W/CH_W_880.BCH	mato	6D61746F0000F8A00000000100000000
/CH/CH_W/CH_W_890.BCH	mato	6D61746F000100A80000000100000000
/CH/CH_W/CH_W_900.BCH	mato	6D61746F000133040000000100000000
/CH/CH_W/CH_W_910.BCH	mato	6D61746F000116D80000000100000000
/CH/CH_W/CH_W_920.BCH	mato	6D61746F0000DC000000000100000000
/CH/CH_W/CH_W_930.BCH	mato	6D61746F000139E40000000100000000
/CH/CH_X/CH_X_000.BCH	mato	6D61746F0000C4240000000100000000
/CH/CH_X/CH_X_010.BCH	mato	6D61746F0000D9F40000000100000000
/CH/CH_X/CH_X_020.BCH	mato	6D61746F0000D90C0000000100000000
/CH/CH_X/CH_X_040.BCH	mato	6D61746F0000A9840000000100000000
/CH/CH_X/CH_X_060.BCH	mato	6D61746F0001380C0000000100000000
/CH/CH_X/CH_X_120.BCH	mato	6D61746F00013E1C0000000100000000
/CH/CH_X/CH_X_240.BCH	mato	6D61746F000118080000000100000000
/CH/CH_X/CH_X_250.BCH	mato	6D61746F000138600000000100000000
/CH/CH_X/CH_X_300.BCH	mato	6D61746F0000F0600000000100000000
/CH/CH_X/CH_X_440.BCH	mato	6D61746F0000DF740000000100000000
/CH/CH_X/CH_X_700.BCH	mato	6D61746F00015F540000000100000000
/CH/CH_X/CH_X_710.BCH	mato	6D61746F0000EC780000000100000000
/CH/CH_X/CH_X_790.BCH	mato	6D61746F0000B1600000000100000000
/CH/CH_X/CH_X_800.BCH	mato	6D61746F0000E9A40000000100000000
/CH/CH_X/CH_X_810.BCH	mato	6D61746F0000E9A40000000100000000
/CH/CH_X/CH_X_820.BCH	mato	6D61746F0000F7AC0000000100000000
/CH/CH_X/CH_X_930.BCH	mato	6D61746F000130140000000100000000
/CH/CH_Y/CH_Y_000.BCH	mato	6D61746F0000B5FC0000000100000000
/CH/CH_Y/CH_Y_010.BCH	mato	6D61746F0000BEDC0000000100000000
/CH/CH_Y/CH_Y_020.BCH	mato	6D61746F0000E9580000000100000000
/CH/CH_Y/CH_Y_040.BCH	mato	6D61746F00009D900000000100000000
/CH/CH_Y/CH_Y_060.BCH	mato	6D61746F00016DE80000000100000000
/CH/CH_Y/CH_Y_120.BCH	mato	6D61746F000123E00000000100000000
/CH/CH_Y/CH_Y_220.BCH	mato	6D61746F0000FA880000000100000000
/CH/CH_Y/CH_Y_310.BCH	mato	6D61746F0000CDE40000000100000000
/CH/CH_Y/CH_Y_340.BCH	mato	6D61746F0000E81C0000000100000000
/CH/CH_Y/CH_Y_440.BCH	mato	6D61746F0000C0C80000000100000000
/CH/CH_Y/CH_Y_480.BCH	mato	6D61746F0000C9740000000100000000
/CH/CH_Y/CH_Y_540.BCH	mato	6D61746F000123300000000100000000
/CH/CH_Y/CH_Y_600.BCH	mato	6D61746F00014F980000000100000000
/CH/CH_Y/CH_Y_630.BCH	mato	6D61746F0000EC440000000100000000
/CH/CH_Y/CH_Y_690.BCH	mato	6D61746F00015B080000000100000000
/CH/CH_Y/CH_Y_700.BCH	mato	6D61746F0001352C0000000100000000
/CH/CH_Y/CH_Y_780.BCH	mato	6D61746F0000BF5C0000000100000000
/CH/CH_Y/CH_Y_850.BCH	mato	6D61746F000156800000000100000000
/CH/CH_Y/CH_Y_900.BCH	mato	6D61746F000116EC0000000100000000
/CH/CH_Y/CH_Y_920.BCH	mato	6D61746F0000F7140000000100000000
/CH/CH_Z/CH_Z_000.BCH	mato	6D61746F0000E3600000000100000000
/CH/CH_Z/CH_Z_010.BCH	mato	6D61746F00011D500000000100000000
/CH/CH_Z/CH_Z_020.BCH	mato	6D61746F000103100000000100000000
/CH/CH_Z/CH_Z_040.BCH	mato	6D61746F0000CDCC0000000100000000
/CH/CH_Z/CH_Z_060.BCH	mato	6D61746F00011D740000000100000000
/CH/CH_Z/CH_Z_120.BCH	mato	6D61746F00017E8C0000000100000000
/CH/CH_Z/CH_Z_200.BCH	mato	6D61746F000133E80000000100000000
/CH/CH_Z/CH_Z_360.BCH	mato	6D61746F0000DA440000000100000000
/CH/CH_Z/CH_Z_370.BCH	mato	6D61746F00012EBC0000000100000000
/CH/CH_Z/CH_Z_600.BCH	mato	6D61746F000148900000000100000000
/CH/CH_Z/CH_Z_630.BCH	mato	6D61746F000118400000000100000000
/CH/CH_Z/CH_Z_670.BCH	mato	6D61746F000148C80000000100000000
/CH/CH_Z/CH_Z_780.BCH	mato	6D61746F000101580000000100000000
/CH/CH_Z/CH_Z_850.BCH	mato	6D61746F0001DFF00000000100000000
/CH/CH_Z/CH_Z_860.BCH	mato	6D61746F0001BFF40000000100000000
/CH/CH_Z/CH_Z_890.BCH	mato	6D61746F0000DC540000000100000000
/CK00.MAP	mato	6D61746F000495300000000100000000
/CK01.MAP	mato	6D61746F0003E7380000000100000000
/COMMON.DAT	mato	6D61746F000034C40000000A00000000
/COMPASS.DAT	mato	6D61746F0000107C0000000100000000
/CRY03.ADP	RIFF	524946463855000057415645666D7420
/CT00.MAP	mato	6D61746F0003F1500000000100000000
/CT10.MAP	mato	6D61746F000461F00000000100000000
/CT20.MAP	mato	6D61746F00040ED40000000100000000
/CW102.FCH	mato	6D61746F0000DC880000001500000000
/CW103.FCH	mato	6D61746F00007D800000001500000000
/CW104.FCH	mato	6D61746F00002BA00000001500000000
/CW107.FCH	mato	6D61746F0000E9500000001500000000
/CW111.FCH	mato	6D61746F000092080000001500000000
/CW_00.FCH	mato	6D61746F000071D00000001500000000
/CW_01.FCH	mato	6D61746F000068E40000001500000000
/CW_02.FCH	mato	6D61746F00008F600000001500000000
/CW_03.FCH	mato	6D61746F00008E6C0000001500000000
/CW_04.FCH	mato	6D61746F000081700000001500000000
/CW_05.FCH	mato	6D61746F000090200000001500000000
/CW_06.FCH	mato	6D61746F00008DE80000001500000000
/CW_07.FCH	mato	6D61746F00005E240000001500000000
/CW_08.FCH	mato	6D61746F00008D7C0000001500000000
/CW_10.FCH	mato	6D61746F000069C40000001500000000
/CW_11.FCH	mato	6D61746F000076D00000001500000000
/CW_12.FCH	mato	6D61746F00008EC40000001500000000
/CW_13.FCH	mato	6D61746F00006DFC0000001500000000
/CW_20.FCH	mato	6D61746F000074440000001500000000
/CW_21.FCH	mato	6D61746F00008AC80000001500000000
/CW_22.FCH	mato	6D61746F000085FC0000001500000000
/CW_23.FCH	mato	6D61746F00009D500000001500000000
/CW_24.FCH	mato	6D61746F000084500000001500000000
/CW_25.FCH	mato	6D61746F0000B0700000001500000000
/CW_26.FCH	mato	6D61746F000094300000001500000000
/CW_27.FCH	mato	6D61746F000087100000001500000000
/CW_28.FCH	mato	6D61746F0000ABD00000001500000000
/CW_29.FCH	mato	6D61746F00006B500000001500000000
/CW_30.FCH	mato	6D61746F0000A5740000001500000000
/CW_31.FCH	mato	6D61746F0000761C0000001500000000
/CW_32.FCH	mato	6D61746F000094780000001500000000
/CW_33.FCH	mato	6D61746F00007CEC0000001500000000
/CW_34.FCH	mato	6D61746F00008D940000001500000000
/CW_35.FCH	mato	6D61746F00009DA40000001500000000
/CW_36.FCH	mato	6D61746F000083AC0000001500000000
/CW_37.FCH	mato	6D61746F0000BA340000001500000000
/CW_40.FCH	mato	6D61746F0000D4F00000001500000000
/CW_41.FCH	mato	6D61746F0000C6B00000001500000000
/CW_42.FCH	mato	6D61746F0000FCCC0000001500000000
/CW_43.FCH	mato	6D61746F0000C0280000001500000000
/CW_44.FCH	mato	6D61746F0000A6DC0000001500000000
/CW_45.FCH	mato	6D61746F0000D0F40000001500000000
/CW_46.FCH	mato	6D61746F0000E1440000001500000000
/CW_47.FCH	mato	6D61746F0000C0200000001500000000
/CW_48.FCH	mato	6D61746F0000F1100000001500000000
/CW_49.FCH	mato	6D61746F0000CAF80000001500000000
/CW_50.FCH	mato	6D61746F00009DD40000001500000000
/CW_51.FCH	mato	6D61746F0000CCC00000001500000000
/CW_53.FCH	mato	6D61746F0001415C0000001500000000
/CW_54.FCH	mato	6D61746F0000819C0000001500000000
/CW_55.FCH	mato	6D61746F00009C300000001500000000
/CW_60.FCH	mato	6D61746F0000E4BC0000001500000000
/CW_61.FCH	mato	6D61746F0000BEF80000001500000000
/CW_62.FCH	mato	6D61746F0000F9500000001500000000
/CW_63.FCH	mato	6D61746F0000C97C0000001500000000
/CW_64.FCH	mato	6D61746F0000B1880000001500000000
/CW_65.FCH	mato	6D61746F0000E5900000001500000000
/CW_66.FCH	mato	6D61746F0000DA900000001500000000
/CW_67.FCH	mato	6D61746F0000B6400000001500000000
/CW_68.FCH	mato	6D61746F000121600000001500000000
/CW_69.FCH	mato	6D61746F0000E5CC0000001500000000
/CW_70.FCH	mato	6D61746F0000CF680000001500000000
/CW_71.FCH	mato	6D61746F0000CAFC0000001500000000
/CW_75.FCH	mato	6D61746F0000E1A00000001500000000
/CW_76.FCH	mato	6D61746F0000B7AC0000001500000000
/CW_77.FCH	mato	6D61746F0000D6C80000001500000000
/CW_78.FCH	mato	6D61746F0000C4BC0000001500000000
/CW_79.FCH	mato	6D61746F0000BC280000001500000000
/CW_80.FCH	mato	6D61746F0000C8F40000001500000000
/CW_81.FCH	mato	6D61746F0000C8F40000001500000000
/CW_82.FCH	mato	6D61746F0000A68C0000001500000000
/CW_83.FCH	mato	6D61746F0000A4F80000001500000000
/CW_84.FCH	mato	6D61746F0000A4F80000001500000000
/CW_85.FCH	mato	6D61746F000115B40000001500000000
/CW_86.FCH	mato	6D61746F00010AE80000001500000000
/CW_87.FCH	mato	6D61746F00008D000000001500000000
/CW_88.FCH	mato	6D61746F0000A0140000001500000000
/CW_89.FCH	mato	6D61746F0000A2280000001500000000
/CW_90.FCH	mato	6D61746F0000B2100000001500000000
/CW_91.FCH	mato	6D61746F0000BF980000001500000000
/CW_92.FCH	mato	6D61746F00009D400000001500000000
/CW_93.FCH	mato	6D61746F0000E99C0000001500000000
/CW_95.FCH	mato	6D61746F00006C3C0000001500000000
/CW_96.FCH	mato	6D61746F00006C3C0000001500000000
/CW_97.FCH	mato	6D61746F000064500000001500000000
/CW_98.FCH	mato	6D61746F0000793C0000001500000000
/CW_99.FCH	mato	6D61746F00000B140000001600000000
/DARK2.S2D	SEGA	534547412053415455524E205343521A
/DG00.MAP	mato	6D61746F00034F780000000100000000
/DG10.MAP	mato	6D61746F0002C09C0000000100000000
/DG20.MAP	mato	6D61746F00022B040000000100000000
/DG21.MAP	mato	6D61746F00030CE00000000100000000
/DIARY.MSG	mato	6D61746F000032E40000000100000000
/DL00.MAP	mato	6D61746F000278800000000100000000
/DL10.MAP	mato	6D61746F000194AC0000000100000000
/DOUGU_A.P	016000E0	016000E0800680068005800680068026
/DOUGU_B.P	016000E0	016000E0800080008000800080238023
/DOUGU_C.P	016000E0	016000E0800180018000800080018444
/DOUGU_D.P	016000E0	016000E0990999099D0A9D0A9D0A9D0A
/DS00.MAP	mato	6D61746F0004013C0000000100000000
/DS10.MAP	mato	6D61746F0002FEE80000000100000000
/DUCK.GRF	mato	6D61746F000268280000000100000000
/ES00.MAP	mato	6D61746F0003117C0000000100000000
/ES01.MAP	mato	6D61746F00022B780000000100000000
/ES10.MAP	mato	6D61746F000334A00000000100000000
/ETC_FACE.DAT	mato	6D61746F0000D4BC0000000100000000
/ETC_FG_A.DAT	mato	6D61746F0000ACE40000000200000000
/ETC_FG_B.DAT	mato	6D61746F0000C7BC0000000200000000
/ETC_FG_C.DAT	mato	6D61746F0000980C0000000200000000
/ETC_FG_D.DAT	mato	6D61746F0000C4BC0000000200000000
/EVE_001.EVE	mato	6D61746F00020D0C0000000300000000
/EVE_002.EVE	mato	6D61746F000484740000000400000000
/EVE_003.EVE	mato	6D61746F00027D380000000400000000
/EVE_004.EVE	mato	6D61746F0000D4940000000200000000
/EVE_005.EVE	mato	6D61746F000187C00000000100000000
/EVE_006.EVE	mato	6D61746F0000E8A00000000300000000
/EVE_007.EVE	mato	6D61746F00014A040000000300000000
/EVE_009.EVE	mato	6D61746F00020ADC0000000200000000
/EVE_010.EVE	mato	6D61746F0000F1A80000000200000000
/EVE_011.EVE	mato	6D61746F00027B680000000400000000
/EVE_012.EVE	mato	6D61746F0001BD600000000300000000
/EVE_013.EVE	mato	6D61746F000126900000000300000000
/EVE_014.EVE	mato	6D61746F0000F95C0000000300000000
/EVE_015.EVE	mato	6D61746F0001D6BC0000000200000000
/EVE_018.EVE	mato	6D61746F0001C9880000000500000000
/EVE_019.EVE	mato	6D61746F00011BAC0000000200000000
/EVE_020.EVE	mato	6D61746F00018E480000000F00000000
/EVE_021.EVE	mato	6D61746F000199940000000200000000
/EVE_022.EVE	mato	6D61746F00001BB80000000100000000
/EVE_023.EVE	mato	6D61746F000031980000000200000000
/EVE_024.EVE	mato	6D61746F000022F40000000100000000
/EVE_026.EVE	mato	6D61746F0000CBDC0000000100000000
/EVE_027.EVE	mato	6D61746F0002D1880000000500000000
/EVE_028.EVE	mato	6D61746F00009AD00000000200000000
/EVE_030.EVE	mato	6D61746F00020A440000000300000000
/EVE_031.EVE	mato	6D61746F0000FE700000000200000000
/EVE_032.EVE	mato	6D61746F000342300000000700000000
/EVE_033.EVE	mato	6D61746F000338480000000700000000
/EVE_034.EVE	mato	6D61746F000373100000000600000000
/EVE_035.EVE	mato	6D61746F000318940000000400000000
/EVE_036.EVE	mato	6D61746F000365980000000600000000
/EVE_037.EVE	mato	6D61746F0002983C0000000400000000
/EVE_039.EVE	mato	6D61746F00020E940000000100000000
/EVE_040.EVE	mato	6D61746F000146E00000000300000000
/EVE_041.EVE	mato	6D61746F0001C9080000000300000000
/EVE_042.EVE	mato	6D61746F000234780000000300000000
/EVE_043.EVE	mato	6D61746F000140280000000200000000
/EVE_044.EVE	mato	6D61746F00016E8C0000000100000000
/EVE_045.EVE	mato	6D61746F00007DB80000000100000000
/EVE_046.EVE	mato	6D61746F00027F800000000300000000
/EVE_047.EVE	mato	6D61746F000219300000000300000000
/EVE_048.EVE	mato	6D61746F0000DA880000000300000000
/EVE_049.EVE	mato	6D61746F000124F40000000300000000
/EVE_050.EVE	mato	6D61746F0001C8740000000400000000
/EVE_053.EVE	mato	6D61746F00012A600000000100000000
/EVE_054.EVE	mato	6D61746F000132E80000000200000000
/EVE_060.EVE	mato	6D61746F0001F4E40000000300000000
/EVE_061.EVE	mato	6D61746F0001CB740000000600000000
/EVE_062.EVE	mato	6D61746F000258E40000000400000000
/EVE_063.EVE	mato	6D61746F0002A1B40000000400000000
/EVE_064.EVE	mato	6D61746F000140880000000300000000
/EVE_065.EVE	mato	6D61746F000110700000000100000000
/EVE_066.EVE	mato	6D61746F0001AC780000000600000000
/EVE_067.EVE	mato	6D61746F0001ABBC0000000500000000
/EVE_068.EVE	mato	6D61746F0001B5740000000300000000
/EVE_069.EVE	mato	6D61746F0001FF880000000400000000
/EVE_070.EVE	mato	6D61746F0001AC780000000600000000
/EVE_072.EVE	mato	6D61746F0000A1DC0000000200000000
/EVE_073.EVE	mato	6D61746F0000A1DC0000000200000000
/EVE_074.EVE	mato	6D61746F0000A1DC0000000200000000
/EVE_078.EVE	mato	6D61746F00005DA40000000200000000
/EVE_079.EVE	mato	6D61746F0000C1480000000200000000
/EVE_080.EVE	mato	6D61746F000135700000000500000000
/EVE_081.EVE	mato	6D61746F0003D2780000000100000000
/EVE_085.EVE	mato	6D61746F0000A1DC0000000200000000
/EVE_087.EVE	mato	6D61746F0000AA180000000300000000
/EVE_090.EVE	mato	6D61746F000459CC0000000F00000000
/EVE_095.EVE	mato	6D61746F000132780000000300000000
/EVE_100.EVE	mato	6D61746F000360FC0000000600000000
/EVE_101.EVE	mato	6D61746F00043B100000000300000000
/EVE_103.EVE	mato	6D61746F000165500000000400000000
/EVE_104.EVE	mato	6D61746F00024C040000000400000000
/EVE_110.EVE	mato	6D61746F00015EF80000000300000000
/FIR0.MAP	mato	6D61746F0002EDC40000000100000000
/FIR1.MAP	mato	6D61746F000327B00000000100000000
/FIR2.MAP	mato	6D61746F00038BB00000000100000000
/FIR3.MAP	mato	6D61746F0002E1B40000000100000000
/FX96.SE	000100FE	000100FEE7EA02121106081A1A01E3DE
/GB00.MAP	mato	6D61746F000463240000000100000000
/GH00.MAP	mato	6D61746F000435180000000100000000
/GM00.MAP	mato	6D61746F0004D9B80000000100000000
/GM01.MAP	mato	6D61746F0004390C0000000100000000
/GT00.MAP	mato	6D61746F00039D6C0000000100000000
/GT10.MAP	mato	6D61746F0001FAD00000000100000000
/GT20.MAP	mato	6D61746F0002DB4C0000000100000000
/HL00.MAP	mato	6D61746F0003F5340000000100000000
/HL10.MAP	mato	6D61746F0002B0D40000000100000000
/HL11.MAP	mato	6D61746F000291200000000100000000
/HS00.MAP	mato	6D61746F00025B000000000100000000
/HS10.MAP	mato	6D61746F0004C6600000000100000000
/HY00.MAP	mato	6D61746F000400140000000100000000
/IG00.MAP	mato	6D61746F000445680000000100000000
/IG01.MAP	mato	6D61746F0003E0980000000100000000
/IG10.MAP	mato	6D61746F0004100C0000000100000000
/IP00.MAP	mato	6D61746F0003EFF00000000100000000
/IP10.MAP	mato	6D61746F0002B8B80000000100000000
/IS00.MAP	mato	6D61746F0003ECAC0000000100000000
/IS10.MAP	mato	6D61746F0001DDE00000000100000000
/ITEMHELP.MSG	mato	6D61746F00002DD00000000100000000
/IXXX.MAP	mato	6D61746F00014F980000000100000000
/IY00.MAP	mato	6D61746F000341940000000100000000
/IZ00.MAP	mato	6D61746F0002DCFC0000000100000000
/IZAKAYA.P	016000E0	016000E0991499379D789D799D9B9D79
/JG00.MAP	mato	6D61746F0003BC280000000100000000
/JG01.MAP	mato	6D61746F00035F1C0000000100000000
/JG02.MAP	mato	6D61746F000387E40000000100000000
/JG10.MAP	mato	6D61746F0003B8F00000000100000000
/KB00.MAP	mato	6D61746F00027A140000000100000000
/KB01.MAP	mato	6D61746F0002699C0000000100000000
/KB10.MAP	mato	6D61746F0002B5980000000100000000
/KB20.MAP	mato	6D61746F0002FD9C0000000100000000
/KD00.MAP	mato	6D61746F00039E900000000100000000
/KEYHELP.MAT	mato	6D61746F00000CD80000000400000000
/KK00.MAP	mato	6D61746F000320B80000000100000000
/KK01.MAP	mato	6D61746F000312600000000100000000
/KM00.MAP	mato	6D61746F00043BDC0000000100000000
/KM01.MAP	mato	6D61746F0003DBC40000000100000000
/KM10.MAP	mato	6D61746F00025F840000000100000000
/KR00.MAP	mato	6D61746F000325A80000000100000000
/KS00.MAP	mato	6D61746F000411340000000100000000
/KZ00.MAP	mato	6D61746F000366680000000100000000
/LEVEL_UP.P	016000E0	016000E0800080008000800080008000
/LOADGRF.DAT	mato	6D61746F00048E880000000100000000
/LOGOMAT.GRF	mato	6D61746F000100280000000100000000
/M01.WAV	RIFF	52494646262E1A0157415645666D7420
/M02.WAV	RIFF	5249464624E2300157415645666D7420
/M03.WAV	RIFF	524946460B6DF70057415645666D7420
/M04.WAV	RIFF	5249464686C16F0057415645666D7420
/M05.WAV	RIFF	52494646EAFA530057415645666D7420
/M06.WAV	RIFF	52494646F60FEA0057415645666D7420
/M08.WAV	RIFF	5249464666C7070157415645666D7420
/M10.WAV	RIFF	52494646AAAAFF0057415645666D7420
/M11.WAV	RIFF	52494646372FD30057415645666D7420
/M13.WAV	RIFF	524946469C37EF0057415645666D7420
/M14.WAV	RIFF	524946465AB9260157415645666D7420
/M16.WAV	RIFF	5249464624F1F00057415645666D7420
/M17.WAV	RIFF	524946469380A40057415645666D7420
/M18.WAV	RIFF	52494646F65D070157415645666D7420
/M19.WAV	RIFF	5249464683CED40057415645666D7420
/M20.WAV	RIFF	52494646C545B10057415645666D7420
/M21.WAV	RIFF	52494646B35AEF0057415645666D7420
/M22.WAV	RIFF	5249464615541D0057415645666D7420
/M37.WAV	RIFF	5249464657A8040057415645666D7420
/M38.WAV	RIFF	5249464662374B0057415645666D7420
/M41.WAV	RIFF	524946465EF86E0057415645666D7420
/ME000000.ADP	RIFF	52494646B027000057415645666D7420
/ME000001.ADP	RIFF	52494646B029000057415645666D7420
/ME000002.ADP	RIFF	524946463A2A000057415645666D7420
/ME001000.ADP	RIFF	524946461A16000057415645666D7420
/ME001001.ADP	RIFF	52494646682C000057415645666D7420
/ME001002.ADP	RIFF	524946460830000057415645666D7420
/ME002000.ADP	RIFF	52494646824E000057415645666D7420
/ME002001.ADP	RIFF	52494646F84D000057415645666D7420
/ME002002.ADP	RIFF	524946463E4B000057415645666D7420
/ME003000.ADP	RIFF	52494646FA20000057415645666D7420
/ME003001.ADP	RIFF	524946464441000057415645666D7420
/ME003002.ADP	RIFF	52494646726A000057415645666D7420
/ME004000.ADP	RIFF	524946465085000057415645666D7420
/ME004001.ADP	RIFF	524946463063000057415645666D7420
/ME004002.ADP	RIFF	524946461074000057415645666D7420
/ME080000.ADP	RIFF	52494646706F010057415645666D7420
/ME082000.ADP	RIFF	524946469A29010057415645666D7420
/ME086000.ADP	RIFF	524946466061000057415645666D7420
/ME086001.ADP	RIFF	52494646726C000057415645666D7420
/ME086002.ADP	RIFF	52494646F66E000057415645666D7420
/ME086003.ADP	RIFF	52494646C08E010057415645666D7420
/MH00.MAP	mato	6D61746F0004B1D80000000100000000
/MINKA_A.P	016000E0	016000E0802580458045804480248024
/MINKA_B.P	016000E0	016000E0806580658065806580658065
/MINKA_C.P	016000E0	016000E0808880878087806680668064
/MK00.MAP	mato	6D61746F000337600000000100000000
/MP00.MAP	mato	6D61746F0004C9400000000100000000
/MP01.MAP	mato	6D61746F0003F0980000000100000000
/NIKKI.DG2	505000A8	505000A800A8FFFFB210B20FAE0FB1EF
/NJ00.MAP	mato	6D61746F00036D200000000100000000
/NJ10.MAP	mato	6D61746F000351740000000100000000
/NLOADA0.P	0160004A	0160004ACA2ECA2ECA0ECA0ECA0ECA0E
/NLOADA1.P	0160004A	0160004A89CB89CB89CB89CB89CB89CC
/NLOADB0.P	0160004A	0160004ACF13CF13CF13CF13CF13CF12
/NLOADB1.P	0160004A	0160004A8D009DC1B643CEC4BA649205
/NLOADC0.P	0160004A	0160004AA1709D70A170A170A170A170
/NLOADC1.P	0160004A	0160004AE310E310E310E310E310E310
/NLOADD0.P	0160004A	0160004AAD9AB1BBC63EDB1EE75EDABC
/NLOADD1.P	0160004A	0160004ABD65BD65BD65BD65BD65BD85
/NLOADE0.P	0160004A	0160004A90418C418821882184218421
/NLOADE1.P	0160004A	0160004A9CCD9CCE9CCD9CCE9CCDA4D0
/NLOADF0.P	0160004A	0160004AE580E580E580E560E160E560
/NLOADF1.P	0160004A	0160004AAE61AA41AA41AA41AA41AA41
/NLOADG0.P	0160004A	0160004AC278D6DACEB9C695DF3ADF19
/NLOADG1.P	0160004A	0160004A84A784A784A784A784A684A6
/NLOADH0.P	0160004A	0160004A811281128112811281128112
/NLOADH1.P	0160004A	0160004A8CAD8CAD88AE88AE88AE84AE
/NLOADI0.P	0160004A	0160004AA406A406A406A407A407A407
/NLOADI1.P	0160004A	0160004AE5AFE5CFE5CFE5CFE5CFE5EE
/NLOADJ0.P	0160004A	0160004AA930A530A11090AB908A908B
/NLOADJ1.P	0160004A	0160004AAA8EAA6EAA6EAA6EAA6EAA6F
/NOBG.DG2	44430100	44430100002880008000800080008000
/NOWLOAD.P	016000E0	016000E0800080008000800080008000
/NT00.MAP	mato	6D61746F00025CA00000000100000000
/NT10.MAP	mato	6D61746F00036E400000000100000000
/NT20.MAP	mato	6D61746F0003381C0000000100000000
/NT21.MAP	mato	6D61746F0002F2040000000100000000
/NT30.MAP	mato	6D61746F00028FCC0000000100000000
/NT31.MAP	mato	6D61746F000390800000000100000000
/NZ00.MAP	mato	6D61746F0002DF900000000100000000
/NZ10.MAP	mato	6D61746F000246780000000100000000
/NZ11.MAP	mato	6D61746F000229640000000100000000
/OB00.MAP	mato	6D61746F0003EEE40000000100000000
/OT00.MAP	mato	6D61746F00045B080000000100000000
/OT01.MAP	mato	6D61746F0004301C0000000100000000
/OT02.MAP	mato	6D61746F00043FC40000000100000000
/OT10.MAP	mato	6D61746F00046D6C0000000100000000
/PE000000.ADP	RIFF	52494646E226000057415645666D7420
/PE000001.ADP	RIFF	524946466E30000057415645666D7420
/PE000002.ADP	RIFF	5249464664AB000057415645666D7420
/PE001000.ADP	RIFF	52494646E226000057415645666D7420
/PE001001.ADP	RIFF	524946466E30000057415645666D7420
/PE001002.ADP	RIFF	5249464664AB000057415645666D7420
/PE002000.ADP	RIFF	524946463855000057415645666D7420
/PE002001.ADP	RIFF	5249464628D6000057415645666D7420
/PE002002.ADP	RIFF	524946467AD2000057415645666D7420
/PE003000.ADP	RIFF	52494646B4CE000057415645666D7420
/PE003001.ADP	RIFF	52494646B44A000057415645666D7420
/PE003002.ADP	RIFF	5249464670AF000057415645666D7420
/PE004000.ADP	RIFF	524946469828000057415645666D7420
/PE004001.ADP	RIFF	52494646F64F000057415645666D7420
/PE004002.ADP	RIFF	52494646426C000057415645666D7420
/PE005000.ADP	RIFF	524946460830000057415645666D7420
/PE005001.ADP	RIFF	5249464612D1000057415645666D7420
/PE005002.ADP	RIFF	524946464A71000057415645666D7420
/PE006000.ADP	RIFF	52494646E2FB000057415645666D7420
/PE006001.ADP	RIFF	52494646F2E9000057415645666D7420
/PE006002.ADP	RIFF	524946463AB4000057415645666D7420
/PE007000.ADP	RIFF	52494646E2FB000057415645666D7420
/PE007001.ADP	RIFF	52494646F2E9000057415645666D7420
/PE007002.ADP	RIFF	524946463AB4000057415645666D7420
/PE008000.ADP	RIFF	52494646E2FB000057415645666D7420
/PE008001.ADP	RIFF	52494646F2E9000057415645666D7420
/PE008002.ADP	RIFF	524946463AB4000057415645666D7420
/PE010000.ADP	RIFF	52494646FAD0010057415645666D7420
/PE010001.ADP	RIFF	524946468A69000057415645666D7420
/PE010002.ADP	RIFF	52494646166B010057415645666D7420
/PE011000.ADP	RIFF	52494646A241000057415645666D7420
/PE011001.ADP	RIFF	5249464692E7000057415645666D7420
/PE011002.ADP	RIFF	52494646F0E3000057415645666D7420
/PE012000.ADP	RIFF	52494646EA2C010057415645666D7420
/PE012001.ADP	RIFF	524946461EDC000057415645666D7420
/PE012002.ADP	RIFF	52494646701F010057415645666D7420
/PE013000.ADP	RIFF	524946466E72000057415645666D7420
/PE013001.ADP	RIFF	5249464624DC000057415645666D7420
/PE013002.ADP	RIFF	52494646E642000057415645666D7420
/PH000000.ADP	RIFF	524946463830000057415645666D7420
/PH000001.ADP	RIFF	52494646C62E000057415645666D7420
/PH000002.ADP	RIFF	52494646FA47000057415645666D7420
/PH001000.ADP	RIFF	524946463830000057415645666D7420
/PH001001.ADP	RIFF	52494646C62E000057415645666D7420
/PH001002.ADP	RIFF	52494646FA47000057415645666D7420
/PH002000.ADP	RIFF	52494646A819000057415645666D7420
/PH002001.ADP	RIFF	524946466831000057415645666D7420
/PH002002.ADP	RIFF	524946461A32000057415645666D7420
/PH003000.ADP	RIFF	52494646B61D000057415645666D7420
/PH003001.ADP	RIFF	524946469A26000057415645666D7420
/PH003002.ADP	RIFF	524946462E40000057415645666D7420
/PH004000.ADP	RIFF	524946468A19000057415645666D7420
/PH004001.ADP	RIFF	524946466680000057415645666D7420
/PH004002.ADP	RIFF	52494646365B000057415645666D7420
/PH005000.ADP	RIFF	524946466A51000057415645666D7420
/PH005001.ADP	RIFF	524946468250000057415645666D7420
/PH005002.ADP	RIFF	524946467662000057415645666D7420
/PH006000.ADP	RIFF	524946460E4F000057415645666D7420
/PH006001.ADP	RIFF	52494646CA4B000057415645666D7420
/PH006002.ADP	RIFF	524946465848000057415645666D7420
/PH007000.ADP	RIFF	524946460E4F000057415645666D7420
/PH007001.ADP	RIFF	52494646CA4B000057415645666D7420
/PH007002.ADP	RIFF	524946465848000057415645666D7420
/PH008000.ADP	RIFF	524946460E4F000057415645666D7420
/PH008001.ADP	RIFF	52494646CA4B000057415645666D7420
/PH008002.ADP	RIFF	524946465848000057415645666D7420
/PH010000.ADP	RIFF	524946462A48000057415645666D7420
/PH010001.ADP	RIFF	524946469C5E000057415645666D7420
/PH010002.ADP	RIFF	524946463063000057415645666D7420
/PH011000.ADP	RIFF	52494646AA33000057415645666D7420
/PH011001.ADP	RIFF	524946464A87000057415645666D7420
/PH011002.ADP	RIFF	52494646F84B000057415645666D7420
/PH012000.ADP	RIFF	52494646D415010057415645666D7420
/PH012001.ADP	RIFF	52494646A811010057415645666D7420
/PH012002.ADP	RIFF	5249464630EF000057415645666D7420
/PH013000.ADP	RIFF	52494646D462000057415645666D7420
/PH013001.ADP	RIFF	524946463659000057415645666D7420
/PH013002.ADP	RIFF	52494646FC6E000057415645666D7420
/PLAYER.PCH	mato	6D61746F0002BAE80000000100000000
/PRF_0/PF_000.PRF	008000A0	008000A0A1489D09A588A5A8A148A5A8
/PRF_0/PF_001.PRF	008000A0	008000A0A1489D09A588A5A8A148A5A8
/PRF_0/PF_002.PRF	008000A0	008000A0A1489D09A588A5A8A148A5A8
/PRF_0/PF_003.PRF	008000A0	008000A0950A950A950A950A950A950A
/PRF_0/PF_004.PRF	008000A0	008000A0950A950A950A950A950A950A
/PRF_0/PF_005.PRF	008000A0	008000A0950A950A950A950A950A950A
/PRF_0/PF_006.PRF	008000A0	008000A0950A950A950A950A950A950A
/PRF_0/PF_007.PRF	008000A0	008000A0950A950A950A950A950A950A
/PRF_0/PF_008.PRF	008000A0	008000A0950A950A950A950A950A950A
/PRF_0/PF_009.PRF	008000A0	008000A0800080008000800080008000
/PRF_0/PF_010.PRF	008000A0	008000A0950A950A950A950A950A950A
/PRF_0/PF_011.PRF	008000A0	008000A0A31FA31FA31FFFFFFFFFFFFF
/PRF_0/PF_012.PRF	008000A0	008000A0A31FA31FA31FFFFFFFFFFFFF
/PRF_0/PF_013.PRF	008000A0	008000A0A31FA31FA31FFFFFFFFFFFFF
/PRF_0/PF_020.PRF	008000A0	008000A0800080008000800080008000
/PRF_0/PF_021.PRF	008000A0	008000A0800080008000800080008000
/PRF_0/PF_022.PRF	008000A0	008000A0800080008000800080008000
/PRF_0/PF_023.PRF	008000A0	008000A0800080008000800080008000
/PRF_0/PF_024.PRF	008000A0	008000A0800080008000800080008000
/PRF_0/PF_025.PRF	008000A0	008000A0800080008000800080008000
/PRF_0/PF_026.PRF	008000A0	008000A0800080008000800080008000
/PRF_0/PF_027.PRF	008000A0	008000A0800080008000800080008000
/PRF_0/PF_028.PRF	008000A0	008000A0800080008000800080008000
/PRF_0/PF_029.PRF	008000A0	008000A0800080008000800080008000
/PRF_0/PF_030.PRF	008000A0	008000A0800080008000800080008000
/PRF_0/PF_031.PRF	008000A0	008000A0800080008000800080008000
/PRF_0/PF_032.PRF	008000A0	008000A0800080008000800080008000
/PRF_0/PF_033.PRF	008000A0	008000A0800080008000800080008000
/PRF_0/PF_034.PRF	008000A0	008000A0800080008000800080008000
/PRF_0/PF_035.PRF	008000A0	008000A0800080008000800080008000
/PRF_0/PF_036.PRF	008000A0	008000A0800080008000800080008000
/PRF_0/PF_037.PRF	008000A0	008000A0800080008000800080008000
/PRF_0/PF_040.PRF	008000A0	008000A085DF85DF85DFEFFFEBFFF3FF
/PRF_0/PF_041.PRF	008000A0	008000A085DF85DF85DFEFFFEBFFF3FF
/PRF_0/PF_042.PRF	008000A0	008000A085DF85DF85DFEFFFEBFFF3FF
/PRF_0/PF_043.PRF	008000A0	008000A085DF85DF85DFEFFFEBFFF3FF
/PRF_0/PF_044.PRF	008000A0	008000A085DF85DF85DFEFFFEBFFF3FF
/PRF_0/PF_045.PRF	008000A0	008000A085DF85DF85DFEFFFEBFFF3FF
/PRF_0/PF_046.PRF	008000A0	008000A085DF85DF85DFEFFFEBFFF3FF
/PRF_0/PF_047.PRF	008000A0	008000A085DF85DF85DFEFFFEBFFF3FF
/PRF_0/PF_048.PRF	008000A0	008000A085DF85DF85DFEFFFEBFFF3FF
/PRF_0/PF_049.PRF	008000A0	008000A085DF85DF85DFEFFFEBFFF3FF
/PRF_1/PF_050.PRF	008000A0	008000A085DF85DF85DFEFFFEBFFF3FF
/PRF_1/PF_051.PRF	008000A0	008000A085DF85DF85DFEFFFEBFFF3FF
/PRF_1/PF_052.PRF	008000A0	008000A0800080008000800080008000
/PRF_1/PF_053.PRF	008000A0	008000A085DF85DF85DFEFFFEBFFF3FF
/PRF_1/PF_054.PRF	008000A0	008000A085DF85DF85DFEFFFEBFFF3FF
/PRF_1/PF_055.PRF	008000A0	008000A085DF85DF85DFEFFFEBFFF3FF
/PRF_1/PF_060.PRF	008000A0	008000A0990694C69946994694E69D65
/PRF_1/PF_061.PRF	008000A0	008000A0990694C69946994694E69D65
/PRF_1/PF_062.PRF	008000A0	008000A0990694C69946994694E69D65
/PRF_1/PF_063.PRF	008000A0	008000A0990694C69946994694E69D65
/PRF_1/PF_064.PRF	008000A0	008000A0990694C69946994694E69D65
/PRF_1/PF_065.PRF	008000A0	008000A0990694C69946994694E69D65
/PRF_1/PF_066.PRF	008000A0	008000A0990694C69946994694E69D65
/PRF_1/PF_067.PRF	008000A0	008000A0990694C69946994694E69D65
/PRF_1/PF_068.PRF	008000A0	008000A0990694C69946994694E69D65
/PRF_1/PF_069.PRF	008000A0	008000A0990694C69946994694E69D65
/PRF_1/PF_070.PRF	008000A0	008000A0990694C69946994694E69D65
/PRF_1/PF_071.PRF	008000A0	008000A0990694C69946994694E69D65
/PRF_1/PF_075.PRF	008000A0	008000A08C438C43944490838C838C82
/PRF_1/PF_076.PRF	008000A0	008000A08C438C43944490838C838C82
/PRF_1/PF_077.PRF	008000A0	008000A08C438C43944490838C838C82
/PRF_1/PF_078.PRF	008000A0	008000A08C438C43944490838C838C82
/PRF_1/PF_079.PRF	008000A0	008000A08C438C43944490838C838C82
/PRF_1/PF_080.PRF	008000A0	008000A085DF85DF85DFEFFFEBFFF3FF
/PRF_1/PF_081.PRF	008000A0	008000A085DF85DF85DFEFFFEBFFF3FF
/PRF_1/PF_082.PRF	008000A0	008000A085DF85DF85DFEFFFEBFFF3FF
/PRF_1/PF_083.PRF	008000A0	008000A085DF85DF85DFEFFFEBFFF3FF
/PRF_1/PF_084.PRF	008000A0	008000A085DF85DF85DFEFFFEBFFF3FF
/PRF_1/PF_085.PRF	008000A0	008000A085DF85DF85DFEFFFEBFFF3FF
/PRF_1/PF_086.PRF	008000A0	008000A08C249044984698C48C828CA1
/PRF_1/PF_087.PRF	008000A0	008000A0800080008000800080008000
/PRF_1/PF_088.PRF	008000A0	008000A0800080008000800080008000
/PRF_1/PF_089.PRF	008000A0	008000A0800080008000800080008000
/PRF_1/PF_090.PRF	008000A0	008000A085DF85DF85DFEFFFEBFFF3FF
/PRF_1/PF_091.PRF	008000A0	008000A085DF85DF85DFEFFFEBFFF3FF
/PRF_1/PF_092.PRF	008000A0	008000A085DF85DF85DFEFFFEBFFF3FF
/PRF_1/PF_093.PRF	008000A0	008000A085DF85DF85DFEFFFEBFFF3FF
/PRF_1/PF_095.PRF	008000A0	008000A0800080008000800080008000
/PRF_1/PF_096.PRF	008000A0	008000A0800080008000800080008000
/PRF_1/PF_097.PRF	008000A0	008000A0800080008000800080008000
/PRF_1/PF_098.PRF	008000A0	008000A0A1489D09A588A5A8A148A5A8
/PRF_1/PF_099.PRF	008000A0	008000A0800080008000800080008000
/PRF_1/PF_100.PRF	008000A0	008000A0800080008000800080008000
/PRF_1/PF_101.PRF	008000A0	008000A0A1489D09A588A5A8A148A5A8
/PRF_1/PF_102.PRF	008000A0	008000A0A1489D09A588A5A8A148A5A8
/PRF_1/PF_103.PRF	008000A0	008000A0800080008000800080008000
/PRF_1/PF_104.PRF	008000A0	008000A0800080008000800080008000
/PRF_1/PF_105.PRF	008000A0	008000A0800080008000800080008000
/PRF_1/PF_106.PRF	008000A0	008000A0800080008000800080008000
/PRF_1/PF_107.PRF	008000A0	008000A0800080008000800080008000
/PRF_1/PF_108.PRF	008000A0	008000A0800080008000800080008000
/PRF_1/PF_109.PRF	008000A0	008000A0800080008000800080008000
/PRF_1/PF_110.PRF	008000A0	008000A0800080008000800080008000
/PRF_1/PF_111.PRF	008000A0	008000A0A1489D09A588A5A8A148A5A8
/PRF_1/PF_112.PRF	008000A0	008000A0800080008000800080008000
/PRF_1/PF_113.PRF	008000A0	008000A0A1489D09A588A5A8A148A5A8
/PRF_1/PF_114.PRF	008000A0	008000A0800080008000800080008000
/PRF_1/PF_115.PRF	008000A0	008000A0800080008000800080008000
/PRF_1/PF_116.PRF	008000A0	008000A0800080008000800080008000
/PRF_1/PF_117.PRF	008000A0	008000A0800080008000800080008000
/PRF_1/PF_118.PRF	008000A0	008000A0800080008000800080008000
/PR_00.ADP	RIFF	524946463494090057415645666D7420
/PR_02.ADP	RIFF	52494646608A0B0057415645666D7420
/PR_03.ADP	RIFF	52494646B654100057415645666D7420
/PR_04.ADP	RIFF	5249464664790E0057415645666D7420
/PR_05.ADP	RIFF	5249464602DD0E0057415645666D7420
/PR_06.ADP	RIFF	52494646E6A60C0057415645666D7420
/PR_10.ADP	RIFF	524946466CDE0C0057415645666D7420
/PR_11.ADP	RIFF	52494646EE120E0057415645666D7420
/PR_12.ADP	RIFF	52494646EC34040057415645666D7420
/PR_13.ADP	RIFF	52494646DC300C0057415645666D7420
/QH00.MAP	mato	6D61746F00043E8C0000000100000000
/QH01.MAP	mato	6D61746F0004002C0000000100000000
/R2MDATA.OVL	002FEDB0	002FEDB000000000002FEDB804030000
/RADAR.DG2	50500060	5050006000427FFF67FF4FFF33FF1BFF
/RDR_WC00.DG2	70700060	7070006000528000EB7AA2B99256A234
/RDR_WK00.DG2	70700038	70700038004C800083FFB01890188117
/RDR_WR00.DG2	70700060	70700060005A8000FB31CA50A1F0914C
/RDR_WR10.DG2	70700060	70700060005A8000FB31CA50A1F0914C
/RDR_WY00.DG2	70700060	7070006000578000EF7BD2B8FB31998F
/RIG2.OVL	mato	6D61746F0001CDD40000000200000000
/RIG2ETC.OVL	4F229742	4F229742D623D524A0166043E20C1521
/RIG2EVE.OVL	mato	6D61746F0000E6880000000200000000
/RIG2INIT.DAT	mato	6D61746F000581BC0000000C00000000
/RIG2IXX.OVL	4F22A035	4F22A0356043D319430BE400A02B0009
/RIG2MENU.OVL	mato	6D61746F00010EC40000000200000000
/RIG2MGB.OVL	4F22A009	4F22A0096043D30E430B0009A0020009
/RIG2MNU2.OVL	mato	6D61746F000012080000000200000000
/RIG2OP.DAT	mato	6D61746F0008DD140000000800000000
/RIG2OPN.OVL	4F22E501	4F22E501A02A6043B24E0009A01D0009
/RIG2STF.OVL	4F22B6CD	4F22B6CD00096403244889024F26000B
/RIG2_ABS.TXT	Poly	506F6C79676F6E2053696D756C617469
/RIG2_BIB.TXT	Bibl	4269626C696F67726170686963203A20
/RIG2_CPY.TXT	Copy	436F7079726967687428632920534547
/RINGICON.DAT	mato	6D61746F00022CAC0000000100000000
/RS00.MAP	mato	6D61746F000164400000000100000000
/RS01.MAP	mato	6D61746F000171A80000000100000000
/RT00.MAP	mato	6D61746F0003E0B80000000100000000
/RT20.MAP	mato	6D61746F0003E3900000000100000000
/RT30.MAP	mato	6D61746F0002A2C40000000100000000
/SAKABA_A.P	016000E0	016000E0A29FA29FA29FA29FA29FA27F
/SAKABA_B.P	016000E0	016000E0800180028402840280028002
/SAKABA_C.P	016000E0	016000E0800180018001800180018001
/SAVEGRF.DAT	mato	6D61746F00048E880000000100000000
/SB00.MAP	mato	6D61746F000357B00000000100000000
/SDDRVS.TSK	0000A000	0000A0000000100000001526000014B4
/SE543.ADP	RIFF	5249464626B8000057415645666D7420
/SE544.ADP	RIFF	52494646BAB3000057415645666D7420
/SE554.ADP	RIFF	5249464634A7000057415645666D7420
/SE607.ADP	RIFF	524946462094000057415645666D7420
/SE622.ADP	RIFF	524946464616000057415645666D7420
/SE623.ADP	RIFF	52494646F68C000057415645666D7420
/SE624.ADP	RIFF	5249464690A6000057415645666D7420
/SE625.ADP	RIFF	52494646341D010057415645666D7420
/SE626.ADP	RIFF	5249464682E4010057415645666D7420
/SE626LP.ADP	RIFF	524946463647000057415645666D7420
/SE627A.ADP	RIFF	524946462463000057415645666D7420
/SE627B.ADP	RIFF	524946461AB3000057415645666D7420
/SE627C.ADP	RIFF	5249464606E6000057415645666D7420
/SE628.ADP	RIFF	52494646E699020057415645666D7420
/SE629.ADP	RIFF	52494646A0E2050057415645666D7420
/SE629LP.ADP	RIFF	52494646947B000057415645666D7420
/SE630.ADP	RIFF	524946460213000057415645666D7420
/SE631.ADP	RIFF	52494646322A010057415645666D7420
/SE632L.ADP	RIFF	524946467433020057415645666D7420
/SE632S.ADP	RIFF	52494646E424010057415645666D7420
/SE633.ADP	RIFF	52494646A43C000057415645666D7420
/SE634.ADP	RIFF	52494646BA40000057415645666D7420
/SE635.ADP	RIFF	52494646E817000057415645666D7420
/SE636.ADP	RIFF	524946462A15000057415645666D7420
/SE637.ADP	RIFF	52494646D00D000057415645666D7420
/SE638.ADP	RIFF	5249464610C4000057415645666D7420
/SE639.ADP	RIFF	524946467E7A000057415645666D7420
/SE640.ADP	RIFF	52494646EE73030057415645666D7420
/SE641.ADP	RIFF	52494646D080000057415645666D7420
/SE642.ADP	RIFF	524946464010010057415645666D7420
/SE643.ADP	RIFF	5249464642F1090057415645666D7420
/SE644.ADP	RIFF	524946464CE0010057415645666D7420
/SE645.ADP	RIFF	52494646620E020057415645666D7420
/SE646.ADP	RIFF	52494646A4AF020057415645666D7420
/SE647.ADP	RIFF	524946462A1E010057415645666D7420
/SE648.ADP	RIFF	524946464C58000057415645666D7420
/SE649.ADP	RIFF	5249464634FC000057415645666D7420
/SE650.ADP	RIFF	52494646D220020057415645666D7420
/SE651.ADP	RIFF	52494646DC78030057415645666D7420
/SE652.ADP	RIFF	524946461CD7000057415645666D7420
/SE653.ADP	RIFF	52494646D034010057415645666D7420
/SE654.ADP	RIFF	52494646B29A020057415645666D7420
/SHIREN.P	016000E0	016000E088638863886388638C648864
/SK00.MAP	mato	6D61746F0002CBE40000000100000000
/SK10.MAP	mato	6D61746F00027C6C0000000100000000
/SS00.MAP	mato	6D61746F000279000000000100000000
/SS10.MAP	mato	6D61746F000279300000000100000000
/ST00.MAP	mato	6D61746F000401E40000000100000000
/ST10.MAP	mato	6D61746F0001C6000000000100000000
/STAFF_00.DG2	70700160	7070016000E083E084219084A108AD6B
/STAFF_01.DG2	70700160	70700160020083E084219084A108AD6B
/STAFF_02.DG2	70700160	70700160020083E084219084A108AD6B
/STAFF_03.DG2	70700160	70700160020083E084219084A108AD6B
/STAFF_04.DG2	70700160	70700160020083E084219084A108AD6B
/STAFF_05.DG2	70700160	70700160020083E084219084A108AD6B
/STAFF_06.DG2	70700160	70700160020083E084219084A108AD6B
/STAFF_07.DG2	70700160	70700160020083E084219084A108AD6B
/STAFF_08.DG2	70700160	70700160020083E084219084A108AD6B
/STAFF_09.DG2	70700160	70700160020083E084219084A108AD6B
/STAFF_10.DG2	70700160	70700160020083E084219084A108AD6B
/STAFF_11.DG2	70700160	70700160020083E084219084A108AD6B
/STAFF_12.DG2	70700160	70700160020083E084219084A108AD6B
/STAFF_13.DG2	70700160	70700160020083E084219084A108AD6B
/STAFF_14.DG2	70700160	70700160020083E084219084A108AD6B
/START1.P	016000E0	016000E0800080008000800080008000
/START2.P	016000E0	016000E0ACEAB10BA4C998869886A0A8
/STATHELP.MAT	mato	6D61746F00000E680000000200000000
/ST_BG_00.DG2	44430160	4443016000E080008000800080008000
/ST_BG_01.DG2	44430160	4443016000E080008000800080008000
/ST_BG_02.DG2	44430160	4443016000E080008000800080008000
/ST_BG_03.DG2	44430160	4443016000E080008000800080008000
/ST_BG_04.DG2	44430160	4443016000E080008000800080008000
/ST_BG_05.DG2	44430160	4443016000E080008000800080008000
/ST_BG_06.DG2	44430160	4443016000E080008000800080008000
/ST_BG_07.DG2	44430160	4443016000E080008000800080008000
/ST_BG_08.DG2	44430160	4443016000E080008000800080008000
/ST_BG_09.DG2	44430160	4443016000E080008000800080008000
/ST_BG_10.DG2	44430160	4443016000E080008000800080008000
/ST_BG_11.DG2	44430160	4443016000E080008000800080008000
/ST_BG_12.DG2	44430160	4443016000E080008000800080008000
/ST_BG_13.DG2	44430160	4443016000E080008000800080008000
/TEST.MAP	mato	6D61746F0003C8200000000100000000
/TESTMAP.BIN	0000B000	0000B000000630001006E00000003000
/TJ00.MAP	mato	6D61746F000371E00000000100000000
/TJ01.MAP	mato	6D61746F00037D140000000100000000
/TJ10.MAP	mato	6D61746F000201E40000000100000000
/TJ11.MAP	mato	6D61746F0002DD680000000100000000
/TJ20.MAP	mato	6D61746F000219E80000000100000000
/TJ21.MAP	mato	6D61746F0002F8C80000000100000000
/TJ22.MAP	mato	6D61746F00022AB80000000100000000
/TJ30.MAP	mato	6D61746F000294980000000100000000
/TJ31.MAP	mato	6D61746F00032ED40000000100000000
/TJ32.MAP	mato	6D61746F00026DF40000000100000000
/TJ40.MAP	mato	6D61746F0003E3A00000000100000000
/TJ41.MAP	mato	6D61746F0003E4C40000000100000000
/TJ50.MAP	mato	6D61746F00023E300000000100000000
/TJ51.MAP	mato	6D61746F000379180000000100000000
/TJ60.MAP	mato	6D61746F000255A80000000100000000
/TJ61.MAP	mato	6D61746F0003B0780000000100000000
/TJ62.MAP	mato	6D61746F0002A00C0000000100000000
/TJ70.MAP	mato	6D61746F0003274C0000000100000000
/TJ71.MAP	mato	6D61746F00032EDC0000000100000000
/TJ72.MAP	mato	6D61746F0003217C0000000100000000
/TM00.MAP	mato	6D61746F0003DE900000000100000000
/TM10.MAP	mato	6D61746F00023A840000000100000000
/TM20.MAP	mato	6D61746F000244C80000000100000000
/TM30.MAP	mato	6D61746F0002D1000000000100000000
/TM40.MAP	mato	6D61746F0001EC240000000100000000
/TOUGI_A.P	016000E0	016000E088428842844288218C428C63
/TOUGI_B.P	016000E0	016000E084228422840280218863992A
/TOUGI_C.P	016000E0	016000E0800080008000800080008000
/TRUE/CABIN.AVI	RIFF	52494646DCC80200415649204C495354
/TRUE/M07.WAV	RIFF	52494646FEEF4B0157415645666D7420
/TRUE/M09.WAV	RIFF	524946467B03AD0057415645666D7420
/TRUE/M12.WAV	RIFF	5249464674E48A0057415645666D7420
/TRUE/M15.WAV	RIFF	524946464E32F20157415645666D7420
/TRUE/M40.WAV	RIFF	52494646590DA10057415645666D7420
/TRUE/RIG2_ED.AVI	RIFF	52494646C8B62A00415649204C495354
/TRUE/RIG2_OP.AVI	RIFF	524946468A844001415649204C495354
/TRUE/RIG2_OP.KEP	RIFF	5249464680962301415649204C495354
/TST2.MAP	mato	6D61746F0003AA180000000100000000
/TTTT.MAP	mato	6D61746F000350E80000000100000000
/VOICE1/500.ADP	RIFF	52494646AA09030057415645666D7420
/VOICE1/501.ADP	RIFF	524946465AA5000057415645666D7420
/VOICE1/502.ADP	RIFF	52494646925D000057415645666D7420
/VOICE1/503.ADP	RIFF	52494646B07E020057415645666D7420
/VOICE1/504.ADP	RIFF	524946467C58000057415645666D7420
/VOICE1/505.ADP	RIFF	524946462A8C000057415645666D7420
/VOICE1/506.ADP	RIFF	52494646C257000057415645666D7420
/VOICE1/507.ADP	RIFF	52494646D863020057415645666D7420
/VOICE1/508.ADP	RIFF	524946465C40000057415645666D7420
/VOICE1/509.ADP	RIFF	52494646123C020057415645666D7420
/VOICE1/510.ADP	RIFF	52494646449A020057415645666D7420
/VOICE1/511.ADP	RIFF	524946463238000057415645666D7420
/VOICE1/512.ADP	RIFF	52494646A00C010057415645666D7420
/VOICE1/513.ADP	RIFF	52494646C241020057415645666D7420
/VOICE1/514.ADP	RIFF	5249464670EA010057415645666D7420
/VOICE1/515.ADP	RIFF	5249464642A8000057415645666D7420
/VOICE1/516.ADP	RIFF	524946468EA4020057415645666D7420
/VOICE1/517.ADP	RIFF	52494646946A000057415645666D7420
/VOICE1/518.ADP	RIFF	524946467294010057415645666D7420
/VOICE1/519.ADP	RIFF	524946469C92000057415645666D7420
/VOICE1/520.ADP	RIFF	52494646CED8020057415645666D7420
/VOICE1/521.ADP	RIFF	52494646AA76020057415645666D7420
/VOICE1/522.ADP	RIFF	52494646C090030057415645666D7420
/VOICE1/523.ADP	RIFF	52494646E8F1000057415645666D7420
/VOICE1/524.ADP	RIFF	52494646B472010057415645666D7420
/VOICE1/525.ADP	RIFF	5249464644E6010057415645666D7420
/VOICE1/526.ADP	RIFF	524946467A71000057415645666D7420
/VOICE1/527.ADP	RIFF	52494646C8D9000057415645666D7420
/VOICE1/528.ADP	RIFF	524946460813030057415645666D7420
/VOICE1/529.ADP	RIFF	5249464604C4000057415645666D7420
/VOICE1/530.ADP	RIFF	524946469A02010057415645666D7420
/VOICE1/531.ADP	RIFF	524946468C9F000057415645666D7420
/VOICE1/532.ADP	RIFF	524946462871000057415645666D7420
/VOICE1/533.ADP	RIFF	524946465070020057415645666D7420
/VOICE1/534.ADP	RIFF	524946460C2A000057415645666D7420
/VOICE1/535.ADP	RIFF	52494646BEB2010057415645666D7420
/VOICE1/536.ADP	RIFF	524946469668000057415645666D7420
/VOICE1/537.ADP	RIFF	524946462EA1000057415645666D7420
/VOICE1/538.ADP	RIFF	52494646DE52000057415645666D7420
/VOICE1/539.ADP	RIFF	5249464696E8020057415645666D7420
/VOICE1/540.ADP	RIFF	524946467C5A000057415645666D7420
/VOICE1/541.ADP	RIFF	52494646C4C1020057415645666D7420
/VOICE1/542.ADP	RIFF	52494646C860000057415645666D7420
/VOICE1/543.ADP	RIFF	52494646A457020057415645666D7420
/VOICE1/544.ADP	RIFF	5249464616A4000057415645666D7420
/VOICE1/545.ADP	RIFF	52494646FECB000057415645666D7420
/VOICE1/546.ADP	RIFF	524946461087000057415645666D7420
/VOICE1/547.ADP	RIFF	52494646303F010057415645666D7420
/VOICE1/548.ADP	RIFF	5249464602ED000057415645666D7420
/VOICE1/549.ADP	RIFF	52494646C26A000057415645666D7420
/VOICE2/550.ADP	RIFF	5249464610D5000057415645666D7420
/VOICE2/551.ADP	RIFF	524946469828000057415645666D7420
/VOICE2/552.ADP	RIFF	524946461C60000057415645666D7420
/VOICE2/553.ADP	RIFF	524946465067000057415645666D7420
/VOICE2/554.ADP	RIFF	52494646BEEB000057415645666D7420
/VOICE2/555.ADP	RIFF	5249464690EB000057415645666D7420
/VOICE2/556.ADP	RIFF	52494646BC3C000057415645666D7420
/VOICE2/557.ADP	RIFF	52494646323A000057415645666D7420
/VOICE2/558.ADP	RIFF	524946460A45010057415645666D7420
/VOICE2/559.ADP	RIFF	52494646D637000057415645666D7420
/VOICE2/560.ADP	RIFF	52494646A268000057415645666D7420
/VOICE2/561.ADP	RIFF	524946460EF0010057415645666D7420
/VOICE2/562.ADP	RIFF	52494646B80E020057415645666D7420
/VOICE2/563.ADP	RIFF	52494646EC54020057415645666D7420
/VOICE2/564.ADP	RIFF	524946462864020057415645666D7420
/VOICE2/565.ADP	RIFF	524946469CB5020057415645666D7420
/VOICE2/566.ADP	RIFF	524946467EB7000057415645666D7420
/VOICE2/567.ADP	RIFF	52494646BA65000057415645666D7420
/VOICE2/568.ADP	RIFF	5249464676DE010057415645666D7420
/VOICE2/569.ADP	RIFF	524946460A2F010057415645666D7420
/VOICE2/570.ADP	RIFF	524946465070020057415645666D7420
/VOICE2/571.ADP	RIFF	52494646DEDA000057415645666D7420
/VOICE2/572.ADP	RIFF	52494646E489020057415645666D7420
/VOICE2/573.ADP	RIFF	5249464652DC000057415645666D7420
/VOICE2/574.ADP	RIFF	52494646C8AC020057415645666D7420
/VOICE2/575.ADP	RIFF	52494646A026030057415645666D7420
/VOICE2/576.ADP	RIFF	52494646C037010057415645666D7420
/VOICE2/577.ADP	RIFF	5249464638AA010057415645666D7420
/VOICE2/578.ADP	RIFF	5249464626F1010057415645666D7420
/VOICE2/579.ADP	RIFF	52494646364C020057415645666D7420
/VOICE2/580.ADP	RIFF	524946469423020057415645666D7420
/VOICE2/581.ADP	RIFF	52494646A06A000057415645666D7420
/VOICE2/582.ADP	RIFF	5249464680B5000057415645666D7420
/VOICE2/583.ADP	RIFF	52494646084C010057415645666D7420
/VOICE2/584.ADP	RIFF	524946464A60000057415645666D7420
/VOICE2/585.ADP	RIFF	524946467664000057415645666D7420
/VOICE2/586.ADP	RIFF	524946463CDB000057415645666D7420
/VOICE2/587.ADP	RIFF	52494646B4AD000057415645666D7420
/VOICE2/588.ADP	RIFF	524946468E3A000057415645666D7420
/VOICE2/589.ADP	RIFF	524946465243020057415645666D7420
/VOICE2/590.ADP	RIFF	52494646C455000057415645666D7420
/VOICE2/591.ADP	RIFF	52494646C6DB000057415645666D7420
/VOICE2/592.ADP	RIFF	52494646522E010057415645666D7420
/VOICE2/593.ADP	RIFF	52494646028F010057415645666D7420
/VOICE2/594.ADP	RIFF	52494646380A010057415645666D7420
/VOICE2/627A.ADP	RIFF	52494646FCEF000057415645666D7420
/VOICE2/627B.ADP	RIFF	52494646E4B6010057415645666D7420
/VOICE3/600.ADP	RIFF	52494646CC96000057415645666D7420
/VOICE3/601.ADP	RIFF	52494646E6A5000057415645666D7420
/VOICE3/602.ADP	RIFF	52494646F406010057415645666D7420
/VOICE3/603.ADP	RIFF	52494646242C010057415645666D7420
/VOICE3/604.ADP	RIFF	524946469AD7000057415645666D7420
/VOICE3/605.ADP	RIFF	524946461E76020057415645666D7420
/VOICE3/606.ADP	RIFF	52494646F4B4000057415645666D7420
/VOICE3/607.ADP	RIFF	52494646522C010057415645666D7420
/VOICE3/608.ADP	RIFF	52494646CA8E020057415645666D7420
/VOICE3/609.ADP	RIFF	524946465E58020057415645666D7420
/VOICE3/610.ADP	RIFF	52494646D80F010057415645666D7420
/VOICE3/611.ADP	RIFF	52494646BAFC020057415645666D7420
/VOICE3/611A.ADP	RIFF	52494646FA74010057415645666D7420
/VOICE3/611B.ADP	RIFF	52494646D811010057415645666D7420
/VOICE3/612.ADP	RIFF	524946461CC3000057415645666D7420
/VOICE3/613.ADP	RIFF	524946460AD1010057415645666D7420
/VOICE3/614.ADP	RIFF	524946467244010057415645666D7420
/VOICE3/615.ADP	RIFF	524946466631010057415645666D7420
/VOICE3/616.ADP	RIFF	52494646EE39010057415645666D7420
/VOICE3/617.ADP	RIFF	524946465AA7000057415645666D7420
/VOICE3/618.ADP	RIFF	524946467E0B020057415645666D7420
/VOICE3/619.ADP	RIFF	524946468EED000057415645666D7420
/VOICE3/620.ADP	RIFF	524946463633010057415645666D7420
/VOICE3/621.ADP	RIFF	5249464624DC000057415645666D7420
/VOICE3/622.ADP	RIFF	52494646A801020057415645666D7420
/VOICE3/623.ADP	RIFF	52494646AC56000057415645666D7420
/VOICE3/624.ADP	RIFF	52494646DE83030057415645666D7420
/VOICE3/624A.ADP	RIFF	52494646C8CD010057415645666D7420
/VOICE3/624B.ADP	RIFF	524946469A6D010057415645666D7420
/VOICE3/625.ADP	RIFF	524946468E7D020057415645666D7420
/VOICE3/626.ADP	RIFF	52494646D89F020057415645666D7420
/VOICE3/626A.ADP	RIFF	52494646BE59000057415645666D7420
/VOICE3/626B.ADP	RIFF	5249464612FE010057415645666D7420
/VOICE3/627.ADP	RIFF	5249464680E5020057415645666D7420
/VOICE3/627A.ADP	RIFF	5249464680E5020057415645666D7420
/VOICE3/627B.ADP	RIFF	5249464680E5020057415645666D7420
/VOICE3/628.ADP	RIFF	524946467605020057415645666D7420
/VOICE3/629.ADP	RIFF	52494646886D000057415645666D7420
/VOICE3/630.ADP	RIFF	52494646B02A010057415645666D7420
/VOICE3/631.ADP	RIFF	52494646D01D010057415645666D7420
/VOICE3/632.ADP	RIFF	52494646DCE0000057415645666D7420
/VOICE3/633.ADP	RIFF	524946466C9E010057415645666D7420
/VOICE3/634.ADP	RIFF	524946460EF0010057415645666D7420
/VOICE3/634A.ADP	RIFF	5249464624FC000057415645666D7420
/VOICE3/634B.ADP	RIFF	52494646D6C1000057415645666D7420
/VOICE3/635.ADP	RIFF	52494646B649010057415645666D7420
/VOICE3/636.ADP	RIFF	52494646BC2F020057415645666D7420
/VOICE3/637.ADP	RIFF	5249464698B2000057415645666D7420
/VOICE3/638.ADP	RIFF	52494646EAC5000057415645666D7420
/VOICE3/639.ADP	RIFF	524946467CB7000057415645666D7420
/VOICE3/640.ADP	RIFF	52494646263C010057415645666D7420
/VOICE3/641.ADP	RIFF	524946462ECA000057415645666D7420
/VOICE3/642.ADP	RIFF	5249464676B7010057415645666D7420
/VOICE3/643.ADP	RIFF	5249464604EB000057415645666D7420
/VOICE3/644.ADP	RIFF	524946467E57010057415645666D7420
/VOICE3/645.ADP	RIFF	52494646E01A010057415645666D7420
/VOICE3/646.ADP	RIFF	52494646EE97000057415645666D7420
/VOICE3/647.ADP	RIFF	52494646B0B1000057415645666D7420
/VOICE3/648.ADP	RIFF	52494646E67C000057415645666D7420
/VOICE3/649.ADP	RIFF	52494646B81C010057415645666D7420
/VOICE4/650.ADP	RIFF	524946462AC0010057415645666D7420
/VOICE4/651.ADP	RIFF	52494646A85C000057415645666D7420
/VOICE4/652.ADP	RIFF	52494646A244010057415645666D7420
/VOICE4/653.ADP	RIFF	5249464650A7010057415645666D7420
/VOICE4/654.ADP	RIFF	52494646B24C000057415645666D7420
/VOICE4/655.ADP	RIFF	524946461047000057415645666D7420
/VOICE4/656.ADP	RIFF	52494646FECB000057415645666D7420
/VOICE4/657.ADP	RIFF	5249464620A8000057415645666D7420
/VOICE4/658.ADP	RIFF	52494646DCAE030057415645666D7420
/VOICE4/658A.ADP	RIFF	52494646F4B6000057415645666D7420
/VOICE4/658B.ADP	RIFF	524946466225010057415645666D7420
/VOICE4/658C.ADP	RIFF	52494646F66A010057415645666D7420
/VOICE4/659.ADP	RIFF	52494646E0B1000057415645666D7420
/VOICE4/660.ADP	RIFF	524946468C65000057415645666D7420
/VOICE4/661.ADP	RIFF	524946462AD2000057415645666D7420
/VOICE4/662.ADP	RIFF	52494646AA94000057415645666D7420
/VOICE4/663.ADP	RIFF	52494646BAF1000057415645666D7420
/VOICE4/664.ADP	RIFF	52494646DE2A010057415645666D7420
/VOICE4/665.ADP	RIFF	524946463C4F000057415645666D7420
/VOICE4/666.ADP	RIFF	52494646CA75010057415645666D7420
/VOICE4/667.ADP	RIFF	5249464660C4000057415645666D7420
/VOICE4/668.ADP	RIFF	524946461A8C010057415645666D7420
/VOICE4/669.ADP	RIFF	524946466C60000057415645666D7420
/VOICE4/670.ADP	RIFF	524946462EB7000057415645666D7420
/VOICE4/671.ADP	RIFF	5249464634E9000057415645666D7420
/VOICE4/671A.ADP	RIFF	52494646BA7A000057415645666D7420
/VOICE4/671B.ADP	RIFF	524946464A37000057415645666D7420
/VOICE4/672.ADP	RIFF	52494646C467000057415645666D7420
/VOICE4/673.ADP	RIFF	5249464614E8010057415645666D7420
/VOICE4/674.ADP	RIFF	524946465090000057415645666D7420
/VOICE4/675.ADP	RIFF	52494646A440010057415645666D7420
/VOICE4/676.ADP	RIFF	5249464672EA000057415645666D7420
/VOICE4/677.ADP	RIFF	5249464678C3000057415645666D7420
/VOICE4/678.ADP	RIFF	524946460A58010057415645666D7420
/VOICE4/679.ADP	RIFF	52494646DA9B020057415645666D7420
/VOICE4/680.ADP	RIFF	52494646D463010057415645666D7420
/VOICE4/681.ADP	RIFF	52494646AC7A010057415645666D7420
/VOICE4/682.ADP	RIFF	524946462058000057415645666D7420
/VOICE4/683.ADP	RIFF	52494646DEDC000057415645666D7420
/VOICE4/684.ADP	RIFF	524946463A53000057415645666D7420
/VOICE4/685.ADP	RIFF	52494646B0B3000057415645666D7420
/VOICE4/685B.ADP	RIFF	52494646A417010057415645666D7420
/VOICE4/686.ADP	RIFF	52494646C010010057415645666D7420
/VOICE4/687.ADP	RIFF	5249464694D3010057415645666D7420
/VOICE4/688.ADP	RIFF	52494646C458010057415645666D7420
/VOICE4/689.ADP	RIFF	52494646A26B010057415645666D7420
/VOICE4/690.ADP	RIFF	5249464630C6000057415645666D7420
/VOICE4/691.ADP	RIFF	5249464696B8000057415645666D7420
/VOICE4/692.ADP	RIFF	52494646A86F000057415645666D7420
/VOICE4/693.ADP	RIFF	524946465E3E000057415645666D7420
/VOICE4/694.ADP	RIFF	52494646F8C5010057415645666D7420
/VOICE4/695.ADP	RIFF	524946460A7F010057415645666D7420
/VOICE4/696.ADP	RIFF	52494646EA16010057415645666D7420
/VOICE4/697.ADP	RIFF	52494646BA31020057415645666D7420
/VOICE4/698.ADP	RIFF	5249464644CD000057415645666D7420
/VOICE4/699.ADP	RIFF	5249464644A6000057415645666D7420
/VOICE5/700.ADP	RIFF	52494646D2C7000057415645666D7420
/VOICE5/701.ADP	RIFF	524946460E8B000057415645666D7420
/VOICE5/702.ADP	RIFF	52494646FE1B010057415645666D7420
/VOICE5/703.ADP	RIFF	52494646E061000057415645666D7420
/VOICE5/704.ADP	RIFF	524946466671020057415645666D7420
/VOICE5/705.ADP	RIFF	52494646AA5D010057415645666D7420
/VOICE5/706.ADP	RIFF	5249464616F4000057415645666D7420
/VOICE5/707.ADP	RIFF	524946465E3F010057415645666D7420
/VOICE5/708.ADP	RIFF	524946465CF3000057415645666D7420
/VOICE5/709.ADP	RIFF	524946469A09030057415645666D7420
/VOICE5/710.ADP	RIFF	5249464644F6000057415645666D7420
/VOICE5/711.ADP	RIFF	524946469E70000057415645666D7420
/VOICE5/712.ADP	RIFF	524946461CC3000057415645666D7420
/VOICE5/713.ADP	RIFF	5249464668B6000057415645666D7420
/VOICE5/714.ADP	RIFF	52494646B620010057415645666D7420
/VOICE5/715.ADP	RIFF	52494646AE05010057415645666D7420
/VOICE5/716.ADP	RIFF	524946463C04010057415645666D7420
/VOICE5/717.ADP	RIFF	524946465CCC000057415645666D7420
/VOICE5/718.ADP	RIFF	5249464682B1000057415645666D7420
/VOICE5/719.ADP	RIFF	524946465AF5000057415645666D7420
/VOICE5/720.ADP	RIFF	524946465872010057415645666D7420
/VOICE5/721.ADP	RIFF	524946469A74000057415645666D7420
/VOICE5/722.ADP	RIFF	52494646D635000057415645666D7420
/VOICE5/723.ADP	RIFF	52494646B66F000057415645666D7420
/VOICE5/724.ADP	RIFF	524946466437010057415645666D7420
/VOICE5/725.ADP	RIFF	52494646F860000057415645666D7420
/VOICE5/726.ADP	RIFF	52494646463F000057415645666D7420
/VOICE5/727.ADP	RIFF	524946465848000057415645666D7420
/VOICE5/728.ADP	RIFF	52494646B680000057415645666D7420
/VOICE5/729.ADP	RIFF	524946469C4B000057415645666D7420
/VOICE5/730.ADP	RIFF	52494646A2AF010057415645666D7420
/VOICE5/731.ADP	RIFF	524946465E68010057415645666D7420
/VOICE5/732.ADP	RIFF	52494646F0E5000057415645666D7420
/VOICE5/733.ADP	RIFF	524946464A5E000057415645666D7420
/VOICE5/734.ADP	RIFF	52494646CE43000057415645666D7420
/VOICE5/735.ADP	RIFF	52494646603B010057415645666D7420
/VOICE5/736.ADP	RIFF	524946469E0E010057415645666D7420
/VOICE5/737.ADP	RIFF	52494646783A010057415645666D7420
/VOICE5/738.ADP	RIFF	524946466064010057415645666D7420
/VOICE5/739.ADP	RIFF	524946464815010057415645666D7420
/VOICE5/740.ADP	RIFF	524946461E36010057415645666D7420
/VOICE5/741.ADP	RIFF	524946461A3E010057415645666D7420
/VOICE5/742.ADP	RIFF	524946467ED2010057415645666D7420
/VOICE5/743.ADP	RIFF	52494646B4C4010057415645666D7420
/VOICE5/744.ADP	RIFF	52494646DAF6000057415645666D7420
/VOICE5/745.ADP	RIFF	524946460893000057415645666D7420
/VOICE5/746.ADP	RIFF	5249464670E5000057415645666D7420
/VOICE5/747.ADP	RIFF	524946469072000057415645666D7420
/VOICE5/748.ADP	RIFF	524946467294010057415645666D7420
/VOICE5/749.ADP	RIFF	524946467813010057415645666D7420
/VOICE6/750.ADP	RIFF	524946462445020057415645666D7420
/VOICE6/751.ADP	RIFF	524946463CD9000057415645666D7420
/VOICE6/752.ADP	RIFF	5249464694BC000057415645666D7420
/VOICE6/753.ADP	RIFF	52494646080C010057415645666D7420
/VOICE6/754.ADP	RIFF	524946466ADB000057415645666D7420
/VOICE6/755.ADP	RIFF	524946461A9C000057415645666D7420
/VOICE6/756.ADP	RIFF	524946468005010057415645666D7420
/VOICE6/757.ADP	RIFF	52494646D01B010057415645666D7420
/VOICE6/758.ADP	RIFF	5249464650A6000057415645666D7420
/VOICE6/759.ADP	RIFF	52494646EAC6000057415645666D7420
/VOICE6/760.ADP	RIFF	52494646DE2C010057415645666D7420
/VOICE6/761.ADP	RIFF	5249464618C7000057415645666D7420
/VOICE6/762.ADP	RIFF	524946466272000057415645666D7420
/VOICE6/763.ADP	RIFF	524946466038000057415645666D7420
/VOICE6/764.ADP	RIFF	52494646E04C000057415645666D7420
/VOICE6/765.ADP	RIFF	524946465C1C010057415645666D7420
/VOICE6/766.ADP	RIFF	5249464670CF000057415645666D7420
/VOICE6/767.ADP	RIFF	524946469C4C010057415645666D7420
/VOICE6/768.ADP	RIFF	5249464698CB010057415645666D7420
/VOICE6/769.ADP	RIFF	524946465C67000057415645666D7420
/VOICE6/770.ADP	RIFF	524946466EC3010057415645666D7420
/VOICE6/771.ADP	RIFF	52494646C408010057415645666D7420
/VOICE6/772.ADP	RIFF	524946464E4D020057415645666D7420
/VOICE6/773.ADP	RIFF	52494646A2B9010057415645666D7420
/VOICE6/774.ADP	RIFF	5249464606E7000057415645666D7420
/VOICE6/775.ADP	RIFF	524946463053010057415645666D7420
/VOICE6/776.ADP	RIFF	524946466AA4010057415645666D7420
/VOICE6/777.ADP	RIFF	524946461495000057415645666D7420
/VOICE6/778.ADP	RIFF	5249464614E8010057415645666D7420
/VOICE6/779.ADP	RIFF	524946468EED000057415645666D7420
/VOICE6/780.ADP	RIFF	52494646D85A000057415645666D7420
/VOICE6/781.ADP	RIFF	524946460438000057415645666D7420
/VOICE6/782.ADP	RIFF	524946469E71010057415645666D7420
/VOICE6/783.ADP	RIFF	5249464604EB000057415645666D7420
/VOICE6/784.ADP	RIFF	524946465A6E010057415645666D7420
/VOICE6/785.ADP	RIFF	52494646768E010057415645666D7420
/VOICE6/786.ADP	RIFF	524946461817010057415645666D7420
/VOICE6/787.ADP	RIFF	524946466C89000057415645666D7420
/VOICE6/788.ADP	RIFF	52494646DE8A000057415645666D7420
/VOICE6/789.ADP	RIFF	52494646A0CD000057415645666D7420
/VOICE6/790.ADP	RIFF	524946469232000057415645666D7420
/VOICE6/791.ADP	RIFF	524946466E33000057415645666D7420
/VOICE6/792.ADP	RIFF	5249464660ED000057415645666D7420
/WAZA/WAZA_001/MA000001.ADP	RIFF	52494646162F000057415645666D7420
/WAZA/WAZA_001/MA000002.ADP	RIFF	524946461622000057415645666D7420
/WAZA/WAZA_001/MA000003.ADP	RIFF	52494646162C000057415645666D7420
/WAZA/WAZA_001/MA000004.ADP	RIFF	524946461420000057415645666D7420
/WAZA/WAZA_001/MA001001.ADP	RIFF	52494646D21F000057415645666D7420
/WAZA/WAZA_001/MA001002.ADP	RIFF	52494646CA22000057415645666D7420
/WAZA/WAZA_001/MA026001.ADP	RIFF	524946465623000057415645666D7420
/WAZA/WAZA_001/MA028013.ADP	RIFF	524946465623000057415645666D7420
/WAZA/WAZA_001/MA049006.ADP	RIFF	524946465623000057415645666D7420
/WAZA/WAZA_001/MA062004.ADP	RIFF	52494646C42C000057415645666D7420
/WAZA/WAZA_001/MA063015.ADP	RIFF	52494646EC11000057415645666D7420
/WAZA/WAZA_001/MA078010.ADP	RIFF	524946464060000057415645666D7420
/WAZA/WAZA_001/MA079008.ADP	RIFF	52494646202F000057415645666D7420
/WAZA/WAZA_001/MA080002.ADP	RIFF	52494646F822000057415645666D7420
/WAZA/WAZA_001/MA080003.ADP	RIFF	524946469038000057415645666D7420
/WAZA/WAZA_001/MA081008.ADP	RIFF	524946469038000057415645666D7420
/WAZA/WAZA_001/PA000001.ADP	RIFF	52494646062B000057415645666D7420
/WAZA/WAZA_001/PA000002.ADP	RIFF	52494646D03F000057415645666D7420
/WAZA/WAZA_001/PA000003.ADP	RIFF	52494646923C000057415645666D7420
/WAZA/WAZA_001/PA000004.ADP	RIFF	52494646A240000057415645666D7420
/WAZA/WAZA_001/PA000005.ADP	RIFF	52494646E226000057415645666D7420
/WAZA/WAZA_001/PA000006.ADP	RIFF	52494646DA36000057415645666D7420
/WAZA/WAZA_001/PA000007.ADP	RIFF	524946468E3B000057415645666D7420
/WAZA/WAZA_001/PA000008.ADP	RIFF	524946469C37000057415645666D7420
/WAZA/WAZA_001/PA000009.ADP	RIFF	524946461422000057415645666D7420
/WAZA/WAZA_001/PA000010.ADP	RIFF	524946468840000057415645666D7420
/WAZA/WAZA_001/PA000011.ADP	RIFF	52494646963F000057415645666D7420
/WAZA/WAZA_001/PA000013.ADP	RIFF	524946462C26000057415645666D7420
/WAZA/WAZA_001/PA000014.ADP	RIFF	524946461C44000057415645666D7420
/WAZA/WAZA_001/PA000015.ADP	RIFF	52494646DA35000057415645666D7420
/WAZA/WAZA_001/PA000016.ADP	RIFF	524946469839000057415645666D7420
/WAZA/WAZA_001/PA000017.ADP	RIFF	524946469A47000057415645666D7420
/WAZA/WAZA_001/PA001017.ADP	RIFF	524946464A2A000057415645666D7420
/WAZA/WAZA_001/PA013001.ADP	RIFF	52494646502D000057415645666D7420
/WAZA/WAZA_001/PA013002.ADP	RIFF	524946464047000057415645666D7420
/WAZA/WAZA_001/PA013003.ADP	RIFF	52494646E446000057415645666D7420
/WAZA/WAZA_001/PA013004.ADP	RIFF	524946466E49000057415645666D7420
/WAZA/WAZA_001/PA013005.ADP	RIFF	52494646802B000057415645666D7420
/WAZA/WAZA_001/PA013006.ADP	RIFF	52494646463D000057415645666D7420
/WAZA/WAZA_001/PA013007.ADP	RIFF	524946461445000057415645666D7420
/WAZA/WAZA_001/PA013008.ADP	RIFF	52494646BC3C000057415645666D7420
/WAZA/WAZA_001/PA013009.ADP	RIFF	524946462625000057415645666D7420
/WAZA/WAZA_001/PA013010.ADP	RIFF	52494646763D000057415645666D7420
/WAZA/WAZA_001/PA013011.ADP	RIFF	52494646FC45000057415645666D7420
/WAZA/WAZA_001/PA013013.ADP	RIFF	52494646B027000057415645666D7420
/WAZA/WAZA_001/PA013014.ADP	RIFF	524946467047000057415645666D7420
/WAZA/WAZA_001/PA013015.ADP	RIFF	52494646FE41000057415645666D7420
/WAZA/WAZA_001/PA013016.ADP	RIFF	52494646EA3C000057415645666D7420
/WAZA/WAZA_001/PA013017.ADP	RIFF	52494646763B000057415645666D7420
/WAZA/WAZA_001/WAZA_000.WAZ	mato	6D61746F000021A40000000600000000
/WAZA/WAZA_001/WAZA_001.WAZ	mato	6D61746F000037400000000300000000
/WAZA/WAZA_001/WAZA_002.WAZ	mato	6D61746F000045640000000400000000
/WAZA/WAZA_001/WAZA_003.WAZ	mato	6D61746F000040C40000000400000000
/WAZA/WAZA_001/WAZA_004.WAZ	mato	6D61746F000115B80000000300000000
/WAZA/WAZA_001/WAZA_005.WAZ	mato	6D61746F000023580000000300000000
/WAZA/WAZA_001/WAZA_006.WAZ	mato	6D61746F0000317C0000000400000000
/WAZA/WAZA_001/WAZA_007.WAZ	mato	6D61746F0000F8540000000400000000
/WAZA/WAZA_001/WAZA_008.WAZ	mato	6D61746F00010EB80000000E00000000
/WAZA/WAZA_001/WAZA_009.WAZ	mato	6D61746F000119040000000200000000
/WAZA/WAZA_001/WAZA_010.WAZ	mato	6D61746F000126100000000200000000
/WAZA/WAZA_001/WAZA_011.WAZ	mato	6D61746F0001FA800000000500000000
/WAZA/WAZA_001/WAZA_012.WAZ	mato	6D61746F000021A40000000600000000
/WAZA/WAZA_001/WAZA_013.WAZ	mato	6D61746F0001DDB40000000300000000
/WAZA/WAZA_001/WAZA_014.WAZ	mato	6D61746F00012F100000000300000000
/WAZA/WAZA_001/WAZA_015.WAZ	mato	6D61746F0001EFCC0000000300000000
/WAZA/WAZA_001/WAZA_016.WAZ	mato	6D61746F000170140000000400000000
/WAZA/WAZA_001/WAZA_017.WAZ	mato	6D61746F0000FD580000000200000000
/WAZA/WAZA_002/MA020019.ADP	RIFF	524946461816000057415645666D7420
/WAZA/WAZA_002/MA020027.ADP	RIFF	52494646721A000057415645666D7420
/WAZA/WAZA_002/MA021018.ADP	RIFF	524946462C1B000057415645666D7420
/WAZA/WAZA_002/MA022031.ADP	RIFF	524946465623000057415645666D7420
/WAZA/WAZA_002/MA023023.ADP	RIFF	52494646C42C000057415645666D7420
/WAZA/WAZA_002/MA037022.ADP	RIFF	52494646721A000057415645666D7420
/WAZA/WAZA_002/MA037032.ADP	RIFF	524946466011000057415645666D7420
/WAZA/WAZA_002/MA067026.ADP	RIFF	524946467839000057415645666D7420
/WAZA/WAZA_002/MA085031.ADP	RIFF	52494646202F000057415645666D7420
/WAZA/WAZA_002/MA086029.ADP	RIFF	52494646DCA4000057415645666D7420
/WAZA/WAZA_002/MA086030.ADP	RIFF	52494646DCA4000057415645666D7420
/WAZA/WAZA_002/MA087022.ADP	RIFF	524946465623000057415645666D7420
/WAZA/WAZA_002/MA087025.ADP	RIFF	524946462C1B000057415645666D7420
/WAZA/WAZA_002/PA003018.ADP	RIFF	524946469828000057415645666D7420
/WAZA/WAZA_002/PA003019.ADP	RIFF	52494646AA31000057415645666D7420
/WAZA/WAZA_002/PA003020.ADP	RIFF	52494646B842000057415645666D7420
/WAZA/WAZA_002/PA003021.ADP	RIFF	524946463632000057415645666D7420
/WAZA/WAZA_002/PA003022.ADP	RIFF	52494646FC45000057415645666D7420
/WAZA/WAZA_002/PA003023.ADP	RIFF	524946465848000057415645666D7420
/WAZA/WAZA_002/PA003024.ADP	RIFF	524946468C3E000057415645666D7420
/WAZA/WAZA_002/PA003025.ADP	RIFF	52494646463D000057415645666D7420
/WAZA/WAZA_002/PA003026.ADP	RIFF	524946468846000057415645666D7420
/WAZA/WAZA_002/PA003027.ADP	RIFF	524946463632000057415645666D7420
/WAZA/WAZA_002/PA003028.ADP	RIFF	524946468A42000057415645666D7420
/WAZA/WAZA_002/PA003029.ADP	RIFF	52494646A23F000057415645666D7420
/WAZA/WAZA_002/PA003030.ADP	RIFF	52494646EA3C000057415645666D7420
/WAZA/WAZA_002/PA003031.ADP	RIFF	52494646A43B000057415645666D7420
/WAZA/WAZA_002/PA003032.ADP	RIFF	52494646E83E000057415645666D7420
/WAZA/WAZA_002/PA003033.ADP	RIFF	52494646BC3C000057415645666D7420
/WAZA/WAZA_002/PA003035.ADP	RIFF	52494646D03F000057415645666D7420
/WAZA/WAZA_002/WAZA_018.WAZ	mato	6D61746F000027BC0000000300000000
/WAZA/WAZA_002/WAZA_019.WAZ	mato	6D61746F000015340000000200000000
/WAZA/WAZA_002/WAZA_020.WAZ	mato	6D61746F000106880000000400000000
/WAZA/WAZA_002/WAZA_021.WAZ	mato	6D61746F0000A8880000000200000000
/WAZA/WAZA_002/WAZA_022.WAZ	mato	6D61746F0000BAA00000000200000000
/WAZA/WAZA_002/WAZA_023.WAZ	mato	6D61746F000023580000000300000000
/WAZA/WAZA_002/WAZA_024.WAZ	mato	6D61746F0002A2F00000000500000000
/WAZA/WAZA_002/WAZA_025.WAZ	mato	6D61746F0001EF100000000300000000
/WAZA/WAZA_002/WAZA_026.WAZ	mato	6D61746F00010EB80000000E00000000
/WAZA/WAZA_002/WAZA_027.WAZ	mato	6D61746F000117380000000300000000
/WAZA/WAZA_002/WAZA_028.WAZ	mato	6D61746F00002FAC0000000400000000
/WAZA/WAZA_002/WAZA_029.WAZ	mato	6D61746F000131080000000400000000
/WAZA/WAZA_002/WAZA_030.WAZ	mato	6D61746F000067200000000300000000
/WAZA/WAZA_002/WAZA_031.WAZ	mato	6D61746F0000B6000000000300000000
/WAZA/WAZA_002/WAZA_032.WAZ	mato	6D61746F0000EDBC0000000400000000
/WAZA/WAZA_002/WAZA_033.WAZ	mato	6D61746F0001BD0C0000000400000000
/WAZA/WAZA_002/WAZA_034.WAZ	mato	6D61746F000021A40000000600000000
/WAZA/WAZA_002/WAZA_035.WAZ	mato	6D61746F00017C140000000400000000
/WAZA/WAZA_003/MA029036.ADP	RIFF	524946467839000057415645666D7420
/WAZA/WAZA_003/MA029039.ADP	RIFF	52494646202F000057415645666D7420
/WAZA/WAZA_003/MA029040.ADP	RIFF	524946469234000057415645666D7420
/WAZA/WAZA_003/MA042036.ADP	RIFF	52494646C828000057415645666D7420
/WAZA/WAZA_003/MA042038.ADP	RIFF	524946462C1B000057415645666D7420
/WAZA/WAZA_003/MA045036.ADP	RIFF	524946461247000057415645666D7420
/WAZA/WAZA_003/MA045042.ADP	RIFF	52494646146C000057415645666D7420
/WAZA/WAZA_003/MA064043.ADP	RIFF	524946467839000057415645666D7420
/WAZA/WAZA_003/PA007036.ADP	RIFF	524946469828000057415645666D7420
/WAZA/WAZA_003/PA007037.ADP	RIFF	524946469828000057415645666D7420
/WAZA/WAZA_003/PA007038.ADP	RIFF	52494646A430000057415645666D7420
/WAZA/WAZA_003/PA007039.ADP	RIFF	524946463238000057415645666D7420
/WAZA/WAZA_003/PA007040.ADP	RIFF	524946469828000057415645666D7420
/WAZA/WAZA_003/PA007041.ADP	RIFF	524946463238000057415645666D7420
/WAZA/WAZA_003/PA007042.ADP	RIFF	524946469828000057415645666D7420
/WAZA/WAZA_003/PA007043.ADP	RIFF	52494646A430000057415645666D7420
/WAZA/WAZA_003/PA007044.ADP	RIFF	524946463238000057415645666D7420
/WAZA/WAZA_003/PA007045.ADP	RIFF	524946469828000057415645666D7420
/WAZA/WAZA_003/PA007046.ADP	RIFF	52494646A430000057415645666D7420
/WAZA/WAZA_003/PA007047.ADP	RIFF	524946463238000057415645666D7420
/WAZA/WAZA_003/PA007050.ADP	RIFF	524946469828000057415645666D7420
/WAZA/WAZA_003/PA013036.ADP	RIFF	52494646B61F000057415645666D7420
/WAZA/WAZA_003/PA013037.ADP	RIFF	524946463E19000057415645666D7420
/WAZA/WAZA_003/PA013038.ADP	RIFF	524946462C42000057415645666D7420
/WAZA/WAZA_003/PA013039.ADP	RIFF	524946465E3E000057415645666D7420
/WAZA/WAZA_003/PA013040.ADP	RIFF	52494646C42C000057415645666D7420
/WAZA/WAZA_003/PA013041.ADP	RIFF	524946463E19000057415645666D7420
/WAZA/WAZA_003/PA013042.ADP	RIFF	524946465E3C000057415645666D7420
/WAZA/WAZA_003/PA013043.ADP	RIFF	524946461247000057415645666D7420
/WAZA/WAZA_003/PA013044.ADP	RIFF	52494646FE41000057415645666D7420
/WAZA/WAZA_003/PA013045.ADP	RIFF	524946468A40000057415645666D7420
/WAZA/WAZA_003/PA013046.ADP	RIFF	524946464245000057415645666D7420
/WAZA/WAZA_003/PA013047.ADP	RIFF	524946464245000057415645666D7420
/WAZA/WAZA_003/PA013050.ADP	RIFF	524946468C3E000057415645666D7420
/WAZA/WAZA_003/WAZA_036.WAZ	mato	6D61746F0000BCE80000000200000000
/WAZA/WAZA_003/WAZA_037.WAZ	mato	6D61746F00007B300000000200000000
/WAZA/WAZA_003/WAZA_038.WAZ	mato	6D61746F000085500000000300000000
/WAZA/WAZA_003/WAZA_039.WAZ	mato	6D61746F0001FF100000000300000000
/WAZA/WAZA_003/WAZA_040.WAZ	mato	6D61746F000050E00000000200000000
/WAZA/WAZA_003/WAZA_041.WAZ	mato	6D61746F00008AC40000000200000000
/WAZA/WAZA_003/WAZA_042.WAZ	mato	6D61746F000156480000000300000000
/WAZA/WAZA_003/WAZA_043.WAZ	mato	6D61746F0001B84C0000000300000000
/WAZA/WAZA_003/WAZA_044.WAZ	mato	6D61746F0000A46C0000000400000000
/WAZA/WAZA_003/WAZA_045.WAZ	mato	6D61746F000122D00000000300000000
/WAZA/WAZA_003/WAZA_046.WAZ	mato	6D61746F00028DEC0000000300000000
/WAZA/WAZA_003/WAZA_047.WAZ	mato	6D61746F0002A42C0000000400000000
/WAZA/WAZA_003/WAZA_048.WAZ	mato	6D61746F000092080000000300000000
/WAZA/WAZA_003/WAZA_049.WAZ	mato	6D61746F000021A40000000600000000
/WAZA/WAZA_003/WAZA_050.WAZ	mato	6D61746F0002503C0000000400000000
/WAZA/WAZA_004/MA031055.ADP	RIFF	524946469234000057415645666D7420
/WAZA/WAZA_004/MA045060.ADP	RIFF	52494646146C000057415645666D7420
/WAZA/WAZA_004/MA050059.ADP	RIFF	524946462C1B000057415645666D7420
/WAZA/WAZA_004/MA064064.ADP	RIFF	524946469234000057415645666D7420
/WAZA/WAZA_004/MA065055.ADP	RIFF	52494646A466000057415645666D7420
/WAZA/WAZA_004/MA065060.ADP	RIFF	524946461247000057415645666D7420
/WAZA/WAZA_004/MA075061.ADP	RIFF	52494646146C000057415645666D7420
/WAZA/WAZA_004/PA001051.ADP	RIFF	52494646FE33000057415645666D7420
/WAZA/WAZA_004/PA001052.ADP	RIFF	524946464A2A000057415645666D7420
/WAZA/WAZA_004/PA001053.ADP	RIFF	52494646E81C000057415645666D7420
/WAZA/WAZA_004/PA001054.ADP	RIFF	524946464E2F000057415645666D7420
/WAZA/WAZA_004/PA001055.ADP	RIFF	524946464A2A000057415645666D7420
/WAZA/WAZA_004/PA001056.ADP	RIFF	52494646E81C000057415645666D7420
/WAZA/WAZA_004/PA001057.ADP	RIFF	524946464E2F000057415645666D7420
/WAZA/WAZA_004/PA001058.ADP	RIFF	524946464A2A000057415645666D7420
/WAZA/WAZA_004/PA001059.ADP	RIFF	52494646E81C000057415645666D7420
/WAZA/WAZA_004/PA001060.ADP	RIFF	524946464E2F000057415645666D7420
/WAZA/WAZA_004/PA001061.ADP	RIFF	524946464A2A000057415645666D7420
/WAZA/WAZA_004/PA001062.ADP	RIFF	52494646E81C000057415645666D7420
/WAZA/WAZA_004/PA001063.ADP	RIFF	524946464E2F000057415645666D7420
/WAZA/WAZA_004/PA001064.ADP	RIFF	524946464A2A000057415645666D7420
/WAZA/WAZA_004/PA001065.ADP	RIFF	52494646E81C000057415645666D7420
/WAZA/WAZA_004/PA001067.ADP	RIFF	524946464E2F000057415645666D7420
/WAZA/WAZA_004/WAZA_051.WAZ	mato	6D61746F00007E680000000300000000
/WAZA/WAZA_004/WAZA_052.WAZ	mato	6D61746F0000A62C0000000200000000
/WAZA/WAZA_004/WAZA_053.WAZ	mato	6D61746F00009B2C0000000200000000
/WAZA/WAZA_004/WAZA_054.WAZ	mato	6D61746F00018D440000000300000000
/WAZA/WAZA_004/WAZA_055.WAZ	mato	6D61746F00003E600000000300000000
/WAZA/WAZA_004/WAZA_056.WAZ	mato	6D61746F000169AC0000000300000000
/WAZA/WAZA_004/WAZA_057.WAZ	mato	6D61746F000050E00000000200000000
/WAZA/WAZA_004/WAZA_058.WAZ	mato	6D61746F00008AC40000000200000000
/WAZA/WAZA_004/WAZA_059.WAZ	mato	6D61746F00010E800000000400000000
/WAZA/WAZA_004/WAZA_060.WAZ	mato	6D61746F00017F700000000300000000
/WAZA/WAZA_004/WAZA_061.WAZ	mato	6D61746F0001157C0000000300000000
/WAZA/WAZA_004/WAZA_062.WAZ	mato	6D61746F000239380000000400000000
/WAZA/WAZA_004/WAZA_063.WAZ	mato	6D61746F0000B2040000000300000000
/WAZA/WAZA_004/WAZA_064.WAZ	mato	6D61746F0000D1C40000000400000000
/WAZA/WAZA_004/WAZA_065.WAZ	mato	6D61746F00026EC00000000300000000
/WAZA/WAZA_004/WAZA_066.WAZ	mato	6D61746F00007E680000000300000000
/WAZA/WAZA_004/WAZA_067.WAZ	mato	6D61746F0001F7E40000000300000000
/WAZA/WAZA_005/MA088071.ADP	RIFF	52494646202F000057415645666D7420
/WAZA/WAZA_005/PA005068.ADP	RIFF	524946464A39000057415645666D7420
/WAZA/WAZA_005/PA005069.ADP	RIFF	524946463E4D000057415645666D7420
/WAZA/WAZA_005/PA005070.ADP	RIFF	524946466434000057415645666D7420
/WAZA/WAZA_005/PA005071.ADP	RIFF	524946468A7B000057415645666D7420
/WAZA/WAZA_005/PA005072.ADP	RIFF	52494646A837000057415645666D7420
/WAZA/WAZA_005/PA005073.ADP	RIFF	5249464670A8000057415645666D7420
/WAZA/WAZA_005/PA005074.ADP	RIFF	5249464600A3000057415645666D7420
/WAZA/WAZA_005/PA005075.ADP	RIFF	524946460882000057415645666D7420
/WAZA/WAZA_005/PA005076.ADP	RIFF	524946464862000057415645666D7420
/WAZA/WAZA_005/PA005077.ADP	RIFF	52494646DC7B000057415645666D7420
/WAZA/WAZA_005/PA005078.ADP	RIFF	52494646F871000057415645666D7420
/WAZA/WAZA_005/PA005079.ADP	RIFF	524946466AF1000057415645666D7420
/WAZA/WAZA_005/PA005081.ADP	RIFF	524946464E81000057415645666D7420
/WAZA/WAZA_005/WAZA_068.WAZ	mato	6D61746F000080A40000000300000000
/WAZA/WAZA_005/WAZA_069.WAZ	mato	6D61746F000080A40000000300000000
/WAZA/WAZA_005/WAZA_070.WAZ	mato	6D61746F000080A40000000300000000
/WAZA/WAZA_005/WAZA_071.WAZ	mato	6D61746F000089E40000000300000000
/WAZA/WAZA_005/WAZA_072.WAZ	mato	6D61746F000089E40000000300000000
/WAZA/WAZA_005/WAZA_073.WAZ	mato	6D61746F000089E40000000300000000
/WAZA/WAZA_005/WAZA_074.WAZ	mato	6D61746F00007AD40000000300000000
/WAZA/WAZA_005/WAZA_075.WAZ	mato	6D61746F0000E4780000000300000000
/WAZA/WAZA_005/WAZA_076.WAZ	mato	6D61746F0000B5180000000F00000000
/WAZA/WAZA_005/WAZA_077.WAZ	mato	6D61746F000099140000000300000000
/WAZA/WAZA_005/WAZA_078.WAZ	mato	6D61746F000099140000000300000000
/WAZA/WAZA_005/WAZA_079.WAZ	mato	6D61746F0000E4780000000300000000
/WAZA/WAZA_005/WAZA_080.WAZ	mato	6D61746F000021A40000000600000000
/WAZA/WAZA_005/WAZA_081.WAZ	mato	6D61746F000088AC0000000200000000
/WAZA/WAZA_006/MA027084.ADP	RIFF	52494646701E000057415645666D7420
/WAZA/WAZA_006/MA043086.ADP	RIFF	524946467839000057415645666D7420
/WAZA/WAZA_006/MA055088.ADP	RIFF	524946462C1B000057415645666D7420
/WAZA/WAZA_006/MA069089.ADP	RIFF	52494646C42C000057415645666D7420
/WAZA/WAZA_006/MA076093.ADP	RIFF	52494646202F000057415645666D7420
/WAZA/WAZA_006/PA004082.ADP	RIFF	52494646A660000057415645666D7420
/WAZA/WAZA_006/PA004083.ADP	RIFF	52494646B869000057415645666D7420
/WAZA/WAZA_006/PA004084.ADP	RIFF	52494646905F000057415645666D7420
/WAZA/WAZA_006/PA004085.ADP	RIFF	524946463880000057415645666D7420
/WAZA/WAZA_006/PA004086.ADP	RIFF	524946462677000057415645666D7420
/WAZA/WAZA_006/PA004087.ADP	RIFF	524946468C67000057415645666D7420
/WAZA/WAZA_006/PA004088.ADP	RIFF	52494646EA63000057415645666D7420
/WAZA/WAZA_006/PA004089.ADP	RIFF	52494646D460000057415645666D7420
/WAZA/WAZA_006/PA004090.ADP	RIFF	524946467466000057415645666D7420
/WAZA/WAZA_006/PA004091.ADP	RIFF	524946465A6B000057415645666D7420
/WAZA/WAZA_006/PA004092.ADP	RIFF	52494646FE6A000057415645666D7420
/WAZA/WAZA_006/PA004093.ADP	RIFF	524946460067000057415645666D7420
/WAZA/WAZA_006/PA004095.ADP	RIFF	524946463261000057415645666D7420
/WAZA/WAZA_006/PA005082.ADP	RIFF	52494646C05B000057415645666D7420
/WAZA/WAZA_006/PA005083.ADP	RIFF	52494646C05D000057415645666D7420
/WAZA/WAZA_006/PA005084.ADP	RIFF	524946464245000057415645666D7420
/WAZA/WAZA_006/PA005085.ADP	RIFF	52494646AC58000057415645666D7420
/WAZA/WAZA_006/PA005086.ADP	RIFF	524946468052000057415645666D7420
/WAZA/WAZA_006/PA005087.ADP	RIFF	524946469C49000057415645666D7420
/WAZA/WAZA_006/PA005088.ADP	RIFF	52494646FE43000057415645666D7420
/WAZA/WAZA_006/PA005089.ADP	RIFF	524946464047000057415645666D7420
/WAZA/WAZA_006/PA005090.ADP	RIFF	52494646104D000057415645666D7420
/WAZA/WAZA_006/PA005091.ADP	RIFF	524946464E58000057415645666D7420
/WAZA/WAZA_006/PA005092.ADP	RIFF	524946462256000057415645666D7420
/WAZA/WAZA_006/PA005093.ADP	RIFF	524946460C51000057415645666D7420
/WAZA/WAZA_006/PA005095.ADP	RIFF	524946465250000057415645666D7420
/WAZA/WAZA_006/WAZA_082.WAZ	mato	6D61746F000032840000000300000000
/WAZA/WAZA_006/WAZA_083.WAZ	mato	6D61746F00013F740000000400000000
/WAZA/WAZA_006/WAZA_084.WAZ	mato	6D61746F0000CDE00000000500000000
/WAZA/WAZA_006/WAZA_085.WAZ	mato	6D61746F0000355C0000000400000000
/WAZA/WAZA_006/WAZA_086.WAZ	mato	6D61746F0002ADC40000000400000000
/WAZA/WAZA_006/WAZA_087.WAZ	mato	6D61746F00019EF40000000400000000
/WAZA/WAZA_006/WAZA_088.WAZ	mato	6D61746F000032840000000300000000
/WAZA/WAZA_006/WAZA_089.WAZ	mato	6D61746F000032840000000300000000
/WAZA/WAZA_006/WAZA_090.WAZ	mato	6D61746F0002A3440000000500000000
/WAZA/WAZA_006/WAZA_091.WAZ	mato	6D61746F0001E8A80000000400000000
/WAZA/WAZA_006/WAZA_092.WAZ	mato	6D61746F000297580000000500000000
/WAZA/WAZA_006/WAZA_093.WAZ	mato	6D61746F00024F240000000400000000
/WAZA/WAZA_006/WAZA_094.WAZ	mato	6D61746F000021A40000000600000000
/WAZA/WAZA_006/WAZA_095.WAZ	mato	6D61746F000032840000000300000000
/WAZA/WAZA_007/MA053100.ADP	RIFF	52494646701E000057415645666D7420
/WAZA/WAZA_007/MA053105.ADP	RIFF	52494646C828000057415645666D7420
/WAZA/WAZA_007/MA062104.ADP	RIFF	52494646701E000057415645666D7420
/WAZA/WAZA_007/MA068097.ADP	RIFF	524946465623000057415645666D7420
/WAZA/WAZA_007/MA068100.ADP	RIFF	52494646C828000057415645666D7420
/WAZA/WAZA_007/MA068106.ADP	RIFF	52494646701E000057415645666D7420
/WAZA/WAZA_007/PA010096.ADP	RIFF	524946465A44000057415645666D7420
/WAZA/WAZA_007/PA010097.ADP	RIFF	52494646D23D000057415645666D7420
/WAZA/WAZA_007/PA010098.ADP	RIFF	52494646BA40000057415645666D7420
/WAZA/WAZA_007/PA010099.ADP	RIFF	524946463434000057415645666D7420
/WAZA/WAZA_007/PA010100.ADP	RIFF	52494646A43D000057415645666D7420
/WAZA/WAZA_007/PA010101.ADP	RIFF	524946464441000057415645666D7420
/WAZA/WAZA_007/PA010102.ADP	RIFF	52494646DA40000057415645666D7420
/WAZA/WAZA_007/PA010103.ADP	RIFF	524946468843000057415645666D7420
/WAZA/WAZA_007/PA010104.ADP	RIFF	524946462A46000057415645666D7420
/WAZA/WAZA_007/PA010105.ADP	RIFF	52494646564C000057415645666D7420
/WAZA/WAZA_007/PA010106.ADP	RIFF	524946460E4F000057415645666D7420
/WAZA/WAZA_007/PA010107.ADP	RIFF	52494646844C000057415645666D7420
/WAZA/WAZA_007/PA010108.ADP	RIFF	524946460C51000057415645666D7420
/WAZA/WAZA_007/PA010109.ADP	RIFF	52494646DA56000057415645666D7420
/WAZA/WAZA_007/PA010111.ADP	RIFF	524946461445000057415645666D7420
/WAZA/WAZA_007/WAZA_096.WAZ	mato	6D61746F000028080000000300000000
/WAZA/WAZA_007/WAZA_097.WAZ	mato	6D61746F000158C80000000500000000
/WAZA/WAZA_007/WAZA_098.WAZ	mato	6D61746F00013A6C0000000300000000
/WAZA/WAZA_007/WAZA_099.WAZ	mato	6D61746F000074500000000300000000
/WAZA/WAZA_007/WAZA_100.WAZ	mato	6D61746F000132700000000300000000
/WAZA/WAZA_007/WAZA_101.WAZ	mato	6D61746F00013A6C0000000300000000
/WAZA/WAZA_007/WAZA_102.WAZ	mato	6D61746F0000C8740000000400000000
/WAZA/WAZA_007/WAZA_103.WAZ	mato	6D61746F000196BC0000000400000000
/WAZA/WAZA_007/WAZA_104.WAZ	mato	6D61746F0001A2540000000500000000
/WAZA/WAZA_007/WAZA_105.WAZ	mato	6D61746F00016C980000000500000000
/WAZA/WAZA_007/WAZA_106.WAZ	mato	6D61746F0001E3740000000500000000
/WAZA/WAZA_007/WAZA_107.WAZ	mato	6D61746F0001C17C0000000400000000
/WAZA/WAZA_007/WAZA_108.WAZ	mato	6D61746F0001574C0000000500000000
/WAZA/WAZA_007/WAZA_109.WAZ	mato	6D61746F00011D300000000400000000
/WAZA/WAZA_007/WAZA_110.WAZ	mato	6D61746F000021A40000000600000000
/WAZA/WAZA_007/WAZA_111.WAZ	mato	6D61746F000167FC0000000500000000
/WAZA/WAZA_008/MA032113.ADP	RIFF	524946466434000057415645666D7420
/WAZA/WAZA_008/MA035122.ADP	RIFF	524946466434000057415645666D7420
/WAZA/WAZA_008/MA040121.ADP	RIFF	52494646202F000057415645666D7420
/WAZA/WAZA_008/MA041116.ADP	RIFF	524946461247000057415645666D7420
/WAZA/WAZA_008/MA043118.ADP	RIFF	52494646202F000057415645666D7420
/WAZA/WAZA_008/MA061117.ADP	RIFF	524946466434000057415645666D7420
/WAZA/WAZA_008/MA091119.ADP	RIFF	524946466434000057415645666D7420
/WAZA/WAZA_008/PA008112.ADP	RIFF	524946469828000057415645666D7420
/WAZA/WAZA_008/PA008113.ADP	RIFF	52494646A430000057415645666D7420
/WAZA/WAZA_008/PA008114.ADP	RIFF	524946463238000057415645666D7420
/WAZA/WAZA_008/PA008115.ADP	RIFF	524946469828000057415645666D7420
/WAZA/WAZA_008/PA008116.ADP	RIFF	52494646A430000057415645666D7420
/WAZA/WAZA_008/PA008117.ADP	RIFF	524946463238000057415645666D7420
/WAZA/WAZA_008/PA008118.ADP	RIFF	524946469828000057415645666D7420
/WAZA/WAZA_008/PA008119.ADP	RIFF	52494646A430000057415645666D7420
/WAZA/WAZA_008/PA008120.ADP	RIFF	524946463238000057415645666D7420
/WAZA/WAZA_008/PA008121.ADP	RIFF	524946469828000057415645666D7420
/WAZA/WAZA_008/PA008122.ADP	RIFF	52494646A430000057415645666D7420
/WAZA/WAZA_008/PA008123.ADP	RIFF	524946463238000057415645666D7420
/WAZA/WAZA_008/PA008124.ADP	RIFF	524946469828000057415645666D7420
/WAZA/WAZA_008/PA008126.ADP	RIFF	524946463238000057415645666D7420
/WAZA/WAZA_008/WAZA_112.WAZ	mato	6D61746F0000B53C0000000300000000
/WAZA/WAZA_008/WAZA_113.WAZ	mato	6D61746F0000BD9C0000000300000000
/WAZA/WAZA_008/WAZA_114.WAZ	mato	6D61746F000076940000000400000000
/WAZA/WAZA_008/WAZA_115.WAZ	mato	6D61746F00018AB00000000400000000
/WAZA/WAZA_008/WAZA_116.WAZ	mato	6D61746F000063B00000000400000000
/WAZA/WAZA_008/WAZA_117.WAZ	mato	6D61746F00015DF00000000400000000
/WAZA/WAZA_008/WAZA_118.WAZ	mato	6D61746F00016C6C0000000300000000
/WAZA/WAZA_008/WAZA_119.WAZ	mato	6D61746F000197E80000000300000000
/WAZA/WAZA_008/WAZA_120.WAZ	mato	6D61746F00014FA80000000300000000
/WAZA/WAZA_008/WAZA_121.WAZ	mato	6D61746F0000B53C0000000300000000
/WAZA/WAZA_008/WAZA_122.WAZ	mato	6D61746F0000BD9C0000000300000000
/WAZA/WAZA_008/WAZA_123.WAZ	mato	6D61746F000161BC0000000400000000
/WAZA/WAZA_008/WAZA_124.WAZ	mato	6D61746F0002A9E00000000400000000
/WAZA/WAZA_008/WAZA_125.WAZ	mato	6D61746F0000B8A80000000300000000
/WAZA/WAZA_008/WAZA_126.WAZ	mato	6D61746F0000A4BC0000000300000000
/WAZA/WAZA_009/MA022133.ADP	RIFF	52494646C42C000057415645666D7420
/WAZA/WAZA_009/MA023136.ADP	RIFF	52494646C828000057415645666D7420
/WAZA/WAZA_009/MA031137.ADP	RIFF	52494646202F000057415645666D7420
/WAZA/WAZA_009/MA033136.ADP	RIFF	524946467839000057415645666D7420
/WAZA/WAZA_009/MA042131.ADP	RIFF	52494646C42C000057415645666D7420
/WAZA/WAZA_009/MA050129.ADP	RIFF	52494646C828000057415645666D7420
/WAZA/WAZA_009/MA051130.ADP	RIFF	524946466434000057415645666D7420
/WAZA/WAZA_009/MA066127.ADP	RIFF	524946466434000057415645666D7420
/WAZA/WAZA_009/MA093127.ADP	RIFF	524946467839000057415645666D7420
/WAZA/WAZA_009/PA011127.ADP	RIFF	52494646FE68000057415645666D7420
/WAZA/WAZA_009/PA011128.ADP	RIFF	52494646C05B000057415645666D7420
/WAZA/WAZA_009/PA011129.ADP	RIFF	524946469E47000057415645666D7420
/WAZA/WAZA_009/PA011130.ADP	RIFF	52494646365B000057415645666D7420
/WAZA/WAZA_009/PA011131.ADP	RIFF	524946461072000057415645666D7420
/WAZA/WAZA_009/PA011132.ADP	RIFF	52494646A639000057415645666D7420
/WAZA/WAZA_009/PA011133.ADP	RIFF	52494646B44A000057415645666D7420
/WAZA/WAZA_009/PA011134.ADP	RIFF	52494646C84F000057415645666D7420
/WAZA/WAZA_009/PA011135.ADP	RIFF	52494646B448000057415645666D7420
/WAZA/WAZA_009/PA011136.ADP	RIFF	52494646B050000057415645666D7420
/WAZA/WAZA_009/PA011137.ADP	RIFF	52494646C05D000057415645666D7420
/WAZA/WAZA_009/PA011138.ADP	RIFF	52494646844C000057415645666D7420
/WAZA/WAZA_009/PA011140.ADP	RIFF	52494646BE5F000057415645666D7420
/WAZA/WAZA_009/WAZA_127.WAZ	mato	6D61746F00013D600000000B00000000
/WAZA/WAZA_009/WAZA_128.WAZ	mato	6D61746F0002E3980000000C00000000
/WAZA/WAZA_009/WAZA_129.WAZ	mato	6D61746F0002403C0000000500000000
/WAZA/WAZA_009/WAZA_130.WAZ	mato	6D61746F00010DB40000000400000000
/WAZA/WAZA_009/WAZA_131.WAZ	mato	6D61746F000124040000000500000000
/WAZA/WAZA_009/WAZA_132.WAZ	mato	6D61746F00012DFC0000000900000000
/WAZA/WAZA_009/WAZA_133.WAZ	mato	6D61746F000260C80000000A00000000
/WAZA/WAZA_009/WAZA_134.WAZ	mato	6D61746F00018D800000000900000000
/WAZA/WAZA_009/WAZA_135.WAZ	mato	6D61746F000149000000000900000000
/WAZA/WAZA_009/WAZA_136.WAZ	mato	6D61746F00018AE80000000900000000
/WAZA/WAZA_009/WAZA_137.WAZ	mato	6D61746F00029B2C0000000A00000000
/WAZA/WAZA_009/WAZA_138.WAZ	mato	6D61746F0001E0440000000900000000
/WAZA/WAZA_009/WAZA_139.WAZ	mato	6D61746F000021A40000000600000000
/WAZA/WAZA_009/WAZA_140.WAZ	mato	6D61746F000192880000000900000000
/WAZA/WAZA_010/MA030148.ADP	RIFF	524946466434000057415645666D7420
/WAZA/WAZA_010/MA030150.ADP	RIFF	524946465846000057415645666D7420
/WAZA/WAZA_010/MA036154.ADP	RIFF	524946463855000057415645666D7420
/WAZA/WAZA_010/MA046144.ADP	RIFF	524946469234000057415645666D7420
/WAZA/WAZA_010/MA046153.ADP	RIFF	524946465846000057415645666D7420
/WAZA/WAZA_010/MA049147.ADP	RIFF	52494646C42C000057415645666D7420
/WAZA/WAZA_010/MA060143.ADP	RIFF	524946465846000057415645666D7420
/WAZA/WAZA_010/MA060151.ADP	RIFF	52494646202F000057415645666D7420
/WAZA/WAZA_010/MA063145.ADP	RIFF	52494646721A000057415645666D7420
/WAZA/WAZA_010/MA063152.ADP	RIFF	524946461816000057415645666D7420
/WAZA/WAZA_010/MA082153.ADP	RIFF	52494646982A000057415645666D7420
/WAZA/WAZA_010/MA088148.ADP	RIFF	524946469234000057415645666D7420
/WAZA/WAZA_010/MA089148.ADP	RIFF	524946465846000057415645666D7420
/WAZA/WAZA_010/MA089151.ADP	RIFF	524946467839000057415645666D7420
/WAZA/WAZA_010/PA006141.ADP	RIFF	524946468839000057415645666D7420
/WAZA/WAZA_010/PA006142.ADP	RIFF	52494646023A000057415645666D7420
/WAZA/WAZA_010/PA006143.ADP	RIFF	52494646BC3A000057415645666D7420
/WAZA/WAZA_010/PA006144.ADP	RIFF	52494646DE29000057415645666D7420
/WAZA/WAZA_010/PA006145.ADP	RIFF	524946467839000057415645666D7420
/WAZA/WAZA_010/PA006146.ADP	RIFF	52494646E840000057415645666D7420
/WAZA/WAZA_010/PA006147.ADP	RIFF	524946469828000057415645666D7420
/WAZA/WAZA_010/PA006148.ADP	RIFF	524946469038000057415645666D7420
/WAZA/WAZA_010/PA006149.ADP	RIFF	52494646E644000057415645666D7420
/WAZA/WAZA_010/PA006150.ADP	RIFF	524946460438000057415645666D7420
/WAZA/WAZA_010/PA006151.ADP	RIFF	524946467243000057415645666D7420
/WAZA/WAZA_010/PA006152.ADP	RIFF	52494646463D000057415645666D7420
/WAZA/WAZA_010/PA006153.ADP	RIFF	52494646003E000057415645666D7420
/WAZA/WAZA_010/PA006154.ADP	RIFF	52494646DA31000057415645666D7420
/WAZA/WAZA_010/PA006156.ADP	RIFF	524946463238000057415645666D7420
/WAZA/WAZA_010/WAZA_141.WAZ	mato	6D61746F000092080000000300000000
/WAZA/WAZA_010/WAZA_142.WAZ	mato	6D61746F0000B8A80000000300000000
/WAZA/WAZA_010/WAZA_143.WAZ	mato	6D61746F000123AC0000000400000000
/WAZA/WAZA_010/WAZA_144.WAZ	mato	6D61746F0001B6380000000400000000
/WAZA/WAZA_010/WAZA_145.WAZ	mato	6D61746F000153C40000000400000000
/WAZA/WAZA_010/WAZA_146.WAZ	mato	6D61746F000153B40000000400000000
/WAZA/WAZA_010/WAZA_147.WAZ	mato	6D61746F0000A8680000000300000000
/WAZA/WAZA_010/WAZA_148.WAZ	mato	6D61746F00014CA00000000300000000
/WAZA/WAZA_010/WAZA_149.WAZ	mato	6D61746F0001730C0000000400000000
/WAZA/WAZA_010/WAZA_150.WAZ	mato	6D61746F0000CED00000000400000000
/WAZA/WAZA_010/WAZA_151.WAZ	mato	6D61746F00022EF40000000300000000
/WAZA/WAZA_010/WAZA_152.WAZ	mato	6D61746F000179200000000400000000
/WAZA/WAZA_010/WAZA_153.WAZ	mato	6D61746F00022E280000000400000000
/WAZA/WAZA_010/WAZA_154.WAZ	mato	6D61746F0002D8840000000500000000
/WAZA/WAZA_010/WAZA_155.WAZ	mato	6D61746F000021A40000000600000000
/WAZA/WAZA_010/WAZA_156.WAZ	mato	6D61746F0001C7DC0000000400000000
/WAZA/WAZA_011/MA080158.ADP	RIFF	524946469038000057415645666D7420
/WAZA/WAZA_011/MA088158.ADP	RIFF	524946469234000057415645666D7420
/WAZA/WAZA_011/WAZA_157.WAZ	mato	6D61746F000021A40000000600000000
/WAZA/WAZA_011/WAZA_158.WAZ	mato	6D61746F000021A40000000600000000
/WAZA/WAZA_011/WAZA_159.WAZ	mato	6D61746F000021A40000000600000000
/WAZA/WAZA_011/WAZA_160.WAZ	mato	6D61746F000021A40000000600000000
/WAZA/WAZA_012/MA089164.ADP	RIFF	524946469234000057415645666D7420
/WAZA/WAZA_012/WAZA_161.WAZ	mato	6D61746F000021A40000000600000000
/WAZA/WAZA_012/WAZA_162.WAZ	mato	6D61746F000021A40000000600000000
/WAZA/WAZA_012/WAZA_163.WAZ	mato	6D61746F000021A40000000600000000
/WAZA/WAZA_012/WAZA_164.WAZ	mato	6D61746F000021A40000000600000000
/WAZA/WAZA_013/MA090165.ADP	RIFF	52494646C828000057415645666D7420
/WAZA/WAZA_013/WAZA_165.WAZ	mato	6D61746F000021A40000000600000000
/WAZA/WAZA_013/WAZA_166.WAZ	mato	6D61746F000021A40000000600000000
/WAZA/WAZA_013/WAZA_167.WAZ	mato	6D61746F000021A40000000600000000
/WAZA/WAZA_014/MA001171.ADP	RIFF	524946461455000057415645666D7420
/WAZA/WAZA_014/MA001172.ADP	RIFF	52494646165C000057415645666D7420
/WAZA/WAZA_014/MA001173.ADP	RIFF	524946461649000057415645666D7420
/WAZA/WAZA_014/MA001174.ADP	RIFF	52494646145A000057415645666D7420
/WAZA/WAZA_014/MA001175.ADP	RIFF	524946461667000057415645666D7420
/WAZA/WAZA_014/MA024170.ADP	RIFF	52494646C828000057415645666D7420
/WAZA/WAZA_014/MA024173.ADP	RIFF	524946462C1B000057415645666D7420
/WAZA/WAZA_014/MA025171.ADP	RIFF	52494646C828000057415645666D7420
/WAZA/WAZA_014/MA025177.ADP	RIFF	52494646C42C000057415645666D7420
/WAZA/WAZA_014/MA030176.ADP	RIFF	524946469234000057415645666D7420
/WAZA/WAZA_014/MA034174.ADP	RIFF	524946463632000057415645666D7420
/WAZA/WAZA_014/MA047180.ADP	RIFF	524946466434000057415645666D7420
/WAZA/WAZA_014/MA075178.ADP	RIFF	52494646146C000057415645666D7420
/WAZA/WAZA_014/MA077181.ADP	RIFF	524946466434000057415645666D7420
/WAZA/WAZA_014/MA078172.ADP	RIFF	524946461C60000057415645666D7420
/WAZA/WAZA_014/MA080176.ADP	RIFF	524946460E28000057415645666D7420
/WAZA/WAZA_014/MA081177.ADP	RIFF	524946460E28000057415645666D7420
/WAZA/WAZA_014/MA082175.ADP	RIFF	524946463434000057415645666D7420
/WAZA/WAZA_014/MA090174.ADP	RIFF	52494646C42C000057415645666D7420
/WAZA/WAZA_014/MA093174.ADP	RIFF	524946469234000057415645666D7420
/WAZA/WAZA_014/PA001170.ADP	RIFF	52494646147A000057415645666D7420
/WAZA/WAZA_014/PA002170.ADP	RIFF	52494646FE49000057415645666D7420
/WAZA/WAZA_014/PA002171.ADP	RIFF	524946464250000057415645666D7420
/WAZA/WAZA_014/PA002172.ADP	RIFF	52494646B44E000057415645666D7420
/WAZA/WAZA_014/PA002173.ADP	RIFF	524946468836000057415645666D7420
/WAZA/WAZA_014/PA002174.ADP	RIFF	52494646DC54000057415645666D7420
/WAZA/WAZA_014/PA002175.ADP	RIFF	52494646B052000057415645666D7420
/WAZA/WAZA_014/PA002176.ADP	RIFF	524946462434000057415645666D7420
/WAZA/WAZA_014/PA002177.ADP	RIFF	52494646E24A000057415645666D7420
/WAZA/WAZA_014/PA002178.ADP	RIFF	52494646C651000057415645666D7420
/WAZA/WAZA_014/PA002179.ADP	RIFF	524946462E39000057415645666D7420
/WAZA/WAZA_014/PA002180.ADP	RIFF	52494646F24D000057415645666D7420
/WAZA/WAZA_014/PA002181.ADP	RIFF	52494646964B000057415645666D7420
/WAZA/WAZA_014/PA012170.ADP	RIFF	524946467468000057415645666D7420
/WAZA/WAZA_014/PA012171.ADP	RIFF	52494646C876000057415645666D7420
/WAZA/WAZA_014/PA012172.ADP	RIFF	524946464666000057415645666D7420
/WAZA/WAZA_014/PA012173.ADP	RIFF	52494646763B000057415645666D7420
/WAZA/WAZA_014/PA012174.ADP	RIFF	524946465C77000057415645666D7420
/WAZA/WAZA_014/PA012175.ADP	RIFF	524946461C71000057415645666D7420
/WAZA/WAZA_014/PA012176.ADP	RIFF	52494646B448000057415645666D7420
/WAZA/WAZA_014/PA012177.ADP	RIFF	524946463C78000057415645666D7420
/WAZA/WAZA_014/PA012178.ADP	RIFF	52494646146E000057415645666D7420
/WAZA/WAZA_014/PA012179.ADP	RIFF	524946461249000057415645666D7420
/WAZA/WAZA_014/PA012180.ADP	RIFF	524946462A6D000057415645666D7420
/WAZA/WAZA_014/PA012181.ADP	RIFF	52494646FA70000057415645666D7420
/WAZA/WAZA_014/WAZA_170.WAZ	mato	6D61746F000079A40000000300000000
/WAZA/WAZA_014/WAZA_171.WAZ	mato	6D61746F00022B480000000400000000
/WAZA/WAZA_014/WAZA_172.WAZ	mato	6D61746F000164500000000300000000
/WAZA/WAZA_014/WAZA_173.WAZ	mato	6D61746F00014B5C0000000300000000
/WAZA/WAZA_014/WAZA_174.WAZ	mato	6D61746F0001CBE40000000500000000
/WAZA/WAZA_014/WAZA_175.WAZ	mato	6D61746F00020F9C0000000500000000
/WAZA/WAZA_014/WAZA_176.WAZ	mato	6D61746F000174900000000300000000
/WAZA/WAZA_014/WAZA_177.WAZ	mato	6D61746F000190380000000300000000
/WAZA/WAZA_014/WAZA_178.WAZ	mato	6D61746F000166380000000400000000
/WAZA/WAZA_014/WAZA_179.WAZ	mato	6D61746F000187100000000200000000
/WAZA/WAZA_014/WAZA_180.WAZ	mato	6D61746F0001077C0000000300000000
/WAZA/WAZA_014/WAZA_181.WAZ	mato	6D61746F0001543C0000000300000000
/WAZA/WAZA_015/MA033190.ADP	RIFF	52494646202F000057415645666D7420
/WAZA/WAZA_015/MA043191.ADP	RIFF	524946465846000057415645666D7420
/WAZA/WAZA_015/MA048182.ADP	RIFF	52494646721A000057415645666D7420
/WAZA/WAZA_015/MA051190.ADP	RIFF	524946467839000057415645666D7420
/WAZA/WAZA_015/MA054184.ADP	RIFF	524946461816000057415645666D7420
/WAZA/WAZA_015/MA066187.ADP	RIFF	52494646202F000057415645666D7420
/WAZA/WAZA_015/MA067185.ADP	RIFF	524946465846000057415645666D7420
/WAZA/WAZA_015/MA067192.ADP	RIFF	52494646202F000057415645666D7420
/WAZA/WAZA_015/MA071183.ADP	RIFF	524946461816000057415645666D7420
/WAZA/WAZA_015/MA076188.ADP	RIFF	524946467839000057415645666D7420
/WAZA/WAZA_015/MA077190.ADP	RIFF	524946469234000057415645666D7420
/WAZA/WAZA_015/MA079186.ADP	RIFF	524946466434000057415645666D7420
/WAZA/WAZA_015/MA082183.ADP	RIFF	52494646763B000057415645666D7420
/WAZA/WAZA_015/MA082190.ADP	RIFF	52494646982A000057415645666D7420
/WAZA/WAZA_015/MA085189.ADP	RIFF	524946469234000057415645666D7420
/WAZA/WAZA_015/MA086189.ADP	RIFF	524946465492000057415645666D7420
/WAZA/WAZA_015/MA092184.ADP	RIFF	524946462C1B000057415645666D7420
/WAZA/WAZA_015/PA002182.ADP	RIFF	524946468639000057415645666D7420
/WAZA/WAZA_015/PA002183.ADP	RIFF	524946466452000057415645666D7420
/WAZA/WAZA_015/PA002184.ADP	RIFF	52494646703B000057415645666D7420
/WAZA/WAZA_015/PA002185.ADP	RIFF	52494646CA40000057415645666D7420
/WAZA/WAZA_015/PA002186.ADP	RIFF	52494646CC37000057415645666D7420
/WAZA/WAZA_015/PA002187.ADP	RIFF	524946468235000057415645666D7420
/WAZA/WAZA_015/PA002188.ADP	RIFF	524946462048000057415645666D7420
/WAZA/WAZA_015/PA002189.ADP	RIFF	52494646523D000057415645666D7420
/WAZA/WAZA_015/PA002190.ADP	RIFF	52494646B04A000057415645666D7420
/WAZA/WAZA_015/PA002191.ADP	RIFF	52494646404A000057415645666D7420
/WAZA/WAZA_015/PA002192.ADP	RIFF	524946465848000057415645666D7420
/WAZA/WAZA_015/PA012182.ADP	RIFF	524946463C51000057415645666D7420
/WAZA/WAZA_015/PA012183.ADP	RIFF	52494646645B000057415645666D7420
/WAZA/WAZA_015/PA012184.ADP	RIFF	52494646A23F000057415645666D7420
/WAZA/WAZA_015/PA012185.ADP	RIFF	524946469E45000057415645666D7420
/WAZA/WAZA_015/PA012186.ADP	RIFF	52494646763D000057415645666D7420
/WAZA/WAZA_015/PA012187.ADP	RIFF	524946469C49000057415645666D7420
/WAZA/WAZA_015/PA012188.ADP	RIFF	52494646C05D000057415645666D7420
/WAZA/WAZA_015/PA012189.ADP	RIFF	524946461C37000057415645666D7420
/WAZA/WAZA_015/PA012190.ADP	RIFF	524946468C67000057415645666D7420
/WAZA/WAZA_015/PA012191.ADP	RIFF	52494646CA74000057415645666D7420
/WAZA/WAZA_015/PA012192.ADP	RIFF	524946460C53000057415645666D7420
/WAZA/WAZA_015/WAZA_182.WAZ	mato	6D61746F0001DFE40000000400000000
/WAZA/WAZA_015/WAZA_183.WAZ	mato	6D61746F000264F40000000400000000
/WAZA/WAZA_015/WAZA_184.WAZ	mato	6D61746F000184B80000000300000000
/WAZA/WAZA_015/WAZA_185.WAZ	mato	6D61746F000198C00000000300000000
/WAZA/WAZA_015/WAZA_186.WAZ	mato	6D61746F00024CFC0000000400000000
/WAZA/WAZA_015/WAZA_187.WAZ	mato	6D61746F000260C40000000400000000
/WAZA/WAZA_015/WAZA_188.WAZ	mato	6D61746F0001141C0000000400000000
/WAZA/WAZA_015/WAZA_189.WAZ	mato	6D61746F0002A0EC0000000600000000
/WAZA/WAZA_015/WAZA_190.WAZ	mato	6D61746F000146840000000300000000
/WAZA/WAZA_015/WAZA_191.WAZ	mato	6D61746F000146840000000300000000
/WAZA/WAZA_015/WAZA_192.WAZ	mato	6D61746F000116AC0000000400000000
/WAZA/WAZA_016/MA022203.ADP	RIFF	52494646701E000057415645666D7420
/WAZA/WAZA_016/MA031203.ADP	RIFF	524946467839000057415645666D7420
/WAZA/WAZA_016/MA033198.ADP	RIFF	524946465846000057415645666D7420
/WAZA/WAZA_016/MA034197.ADP	RIFF	524946461C60000057415645666D7420
/WAZA/WAZA_016/MA041196.ADP	RIFF	52494646A466000057415645666D7420
/WAZA/WAZA_016/MA044198.ADP	RIFF	524946464060000057415645666D7420
/WAZA/WAZA_016/MA055198.ADP	RIFF	524946465623000057415645666D7420
/WAZA/WAZA_016/MA070200.ADP	RIFF	52494646721A000057415645666D7420
/WAZA/WAZA_016/MA071199.ADP	RIFF	524946466011000057415645666D7420
/WAZA/WAZA_016/MA081199.ADP	RIFF	52494646F822000057415645666D7420
/WAZA/WAZA_016/MA091198.ADP	RIFF	52494646202F000057415645666D7420
/WAZA/WAZA_016/PA000195.ADP	RIFF	52494646B62C000057415645666D7420
/WAZA/WAZA_016/PA000196.ADP	RIFF	524946462439000057415645666D7420
/WAZA/WAZA_016/PA000197.ADP	RIFF	52494646FE23000057415645666D7420
/WAZA/WAZA_016/PA000198.ADP	RIFF	52494646E626000057415645666D7420
/WAZA/WAZA_016/PA000199.ADP	RIFF	52494646522F000057415645666D7420
/WAZA/WAZA_016/PA000200.ADP	RIFF	52494646A836000057415645666D7420
/WAZA/WAZA_016/PA000201.ADP	RIFF	52494646D649000057415645666D7420
/WAZA/WAZA_016/PA000202.ADP	RIFF	524946462A46000057415645666D7420
/WAZA/WAZA_016/PA000203.ADP	RIFF	524946461038000057415645666D7420
/WAZA/WAZA_016/PA000205.ADP	RIFF	52494646F84B000057415645666D7420
/WAZA/WAZA_016/PA001195.ADP	RIFF	524946464E2F000057415645666D7420
/WAZA/WAZA_016/PA001196.ADP	RIFF	524946464A2A000057415645666D7420
/WAZA/WAZA_016/PA001197.ADP	RIFF	52494646E81C000057415645666D7420
/WAZA/WAZA_016/PA001198.ADP	RIFF	524946464E2F000057415645666D7420
/WAZA/WAZA_016/PA001199.ADP	RIFF	524946464A2A000057415645666D7420
/WAZA/WAZA_016/PA001200.ADP	RIFF	52494646E81C000057415645666D7420
/WAZA/WAZA_016/PA001201.ADP	RIFF	524946464E2F000057415645666D7420
/WAZA/WAZA_016/PA001202.ADP	RIFF	52494646E81C000057415645666D7420
/WAZA/WAZA_016/PA001203.ADP	RIFF	524946464E2F000057415645666D7420
/WAZA/WAZA_016/PA001205.ADP	RIFF	524946464A2A000057415645666D7420
/WAZA/WAZA_016/PA004195.ADP	RIFF	52494646F64F000057415645666D7420
/WAZA/WAZA_016/PA004196.ADP	RIFF	524946460A55000057415645666D7420
/WAZA/WAZA_016/PA004197.ADP	RIFF	52494646EC38000057415645666D7420
/WAZA/WAZA_016/PA004198.ADP	RIFF	52494646FE41000057415645666D7420
/WAZA/WAZA_016/PA004199.ADP	RIFF	52494646E04E000057415645666D7420
/WAZA/WAZA_016/PA004200.ADP	RIFF	524946461A3B000057415645666D7420
/WAZA/WAZA_016/PA004201.ADP	RIFF	524946460A57000057415645666D7420
/WAZA/WAZA_016/PA004202.ADP	RIFF	52494646F255000057415645666D7420
/WAZA/WAZA_016/PA004203.ADP	RIFF	52494646483B000057415645666D7420
/WAZA/WAZA_016/PA004205.ADP	RIFF	524946464E5A000057415645666D7420
/WAZA/WAZA_016/PA012195.ADP	RIFF	524946461445000057415645666D7420
/WAZA/WAZA_016/PA012196.ADP	RIFF	52494646CE43000057415645666D7420
/WAZA/WAZA_016/PA012197.ADP	RIFF	524946464C35000057415645666D7420
/WAZA/WAZA_016/PA012198.ADP	RIFF	524946469430000057415645666D7420
/WAZA/WAZA_016/PA012199.ADP	RIFF	52494646483B000057415645666D7420
/WAZA/WAZA_016/PA012200.ADP	RIFF	524946466236000057415645666D7420
/WAZA/WAZA_016/PA012201.ADP	RIFF	52494646D833000057415645666D7420
/WAZA/WAZA_016/PA012202.ADP	RIFF	52494646564A000057415645666D7420
/WAZA/WAZA_016/PA012203.ADP	RIFF	52494646AC3A000057415645666D7420
/WAZA/WAZA_016/PA012205.ADP	RIFF	524946462C42000057415645666D7420
/WAZA/WAZA_016/WAZA_195.WAZ	mato	6D61746F0000A8D00000000200000000
/WAZA/WAZA_016/WAZA_196.WAZ	mato	6D61746F0000A8D00000000200000000
/WAZA/WAZA_016/WAZA_197.WAZ	mato	6D61746F00009BB40000000500000000
/WAZA/WAZA_016/WAZA_198.WAZ	mato	6D61746F00009AB40000000500000000
/WAZA/WAZA_016/WAZA_199.WAZ	mato	6D61746F00009BB40000000500000000
/WAZA/WAZA_016/WAZA_200.WAZ	mato	6D61746F00009AB40000000500000000
/WAZA/WAZA_016/WAZA_201.WAZ	mato	6D61746F0000D6940000000800000000
/WAZA/WAZA_016/WAZA_202.WAZ	mato	6D61746F00014F400000000800000000
/WAZA/WAZA_016/WAZA_203.WAZ	mato	6D61746F0000C1340000000500000000
/WAZA/WAZA_016/WAZA_204.WAZ	mato	6D61746F000021A40000000600000000
/WAZA/WAZA_016/WAZA_205.WAZ	mato	6D61746F0000C0340000000500000000
/WAZA/WAZA_017/MA020215.ADP	RIFF	52494646A80E000057415645666D7420
/WAZA/WAZA_017/MA021214.ADP	RIFF	52494646C828000057415645666D7420
/WAZA/WAZA_017/MA025213.ADP	RIFF	52494646701E000057415645666D7420
/WAZA/WAZA_017/MA037215.ADP	RIFF	52494646A80E000057415645666D7420
/WAZA/WAZA_017/MA044216.ADP	RIFF	524946460A57000057415645666D7420
/WAZA/WAZA_017/MA070217.ADP	RIFF	524946461816000057415645666D7420
/WAZA/WAZA_017/MA071212.ADP	RIFF	52494646EC11000057415645666D7420
/WAZA/WAZA_017/MA082212.ADP	RIFF	52494646982A000057415645666D7420
/WAZA/WAZA_017/MA092213.ADP	RIFF	52494646C828000057415645666D7420
/WAZA/WAZA_017/MA092214.ADP	RIFF	52494646C42C000057415645666D7420
/WAZA/WAZA_017/MA093217.ADP	RIFF	524946466434000057415645666D7420
/WAZA/WAZA_017/PA000206.ADP	RIFF	52494646CA4B000057415645666D7420
/WAZA/WAZA_017/PA000207.ADP	RIFF	524946461234000057415645666D7420
/WAZA/WAZA_017/PA000208.ADP	RIFF	52494646C647000057415645666D7420
/WAZA/WAZA_017/PA000209.ADP	RIFF	52494646E221000057415645666D7420
/WAZA/WAZA_017/PA000210.ADP	RIFF	524946465431000057415645666D7420
/WAZA/WAZA_017/PA000211.ADP	RIFF	52494646762D000057415645666D7420
/WAZA/WAZA_017/PA000212.ADP	RIFF	524946462E37000057415645666D7420
/WAZA/WAZA_017/PA000213.ADP	RIFF	524946466027000057415645666D7420
/WAZA/WAZA_017/PA000214.ADP	RIFF	52494646262A000057415645666D7420
/WAZA/WAZA_017/PA000215.ADP	RIFF	52494646FA1B000057415645666D7420
/WAZA/WAZA_017/PA000216.ADP	RIFF	52494646F046000057415645666D7420
/WAZA/WAZA_017/PA000217.ADP	RIFF	524946465041000057415645666D7420
/WAZA/WAZA_017/PA001206.ADP	RIFF	52494646E81C000057415645666D7420
/WAZA/WAZA_017/PA001207.ADP	RIFF	524946464E2F000057415645666D7420
/WAZA/WAZA_017/PA001208.ADP	RIFF	524946464A2A000057415645666D7420
/WAZA/WAZA_017/PA001209.ADP	RIFF	52494646E81C000057415645666D7420
/WAZA/WAZA_017/PA001211.ADP	RIFF	524946464E2F000057415645666D7420
/WAZA/WAZA_017/PA001212.ADP	RIFF	524946464A2A000057415645666D7420
/WAZA/WAZA_017/PA001213.ADP	RIFF	52494646E81C000057415645666D7420
/WAZA/WAZA_017/PA001214.ADP	RIFF	524946464E2F000057415645666D7420
/WAZA/WAZA_017/PA001215.ADP	RIFF	524946464A2A000057415645666D7420
/WAZA/WAZA_017/PA001216.ADP	RIFF	52494646E81C000057415645666D7420
/WAZA/WAZA_017/PA001217.ADP	RIFF	524946464E2F000057415645666D7420
/WAZA/WAZA_017/PA004206.ADP	RIFF	52494646D85A000057415645666D7420
/WAZA/WAZA_017/PA004207.ADP	RIFF	52494646763D000057415645666D7420
/WAZA/WAZA_017/PA004208.ADP	RIFF	52494646E24A000057415645666D7420
/WAZA/WAZA_017/PA004209.ADP	RIFF	52494646982A000057415645666D7420
/WAZA/WAZA_017/PA004211.ADP	RIFF	52494646003E000057415645666D7420
/WAZA/WAZA_017/PA004212.ADP	RIFF	52494646303C000057415645666D7420
/WAZA/WAZA_017/PA004213.ADP	RIFF	52494646463F000057415645666D7420
/WAZA/WAZA_017/PA004214.ADP	RIFF	52494646183D000057415645666D7420
/WAZA/WAZA_017/PA004215.ADP	RIFF	524946469232000057415645666D7420
/WAZA/WAZA_017/PA004216.ADP	RIFF	52494646D462000057415645666D7420
/WAZA/WAZA_017/PA004217.ADP	RIFF	524946469A4D000057415645666D7420
/WAZA/WAZA_017/PA012206.ADP	RIFF	524946463659000057415645666D7420
/WAZA/WAZA_017/PA012207.ADP	RIFF	524946463436000057415645666D7420
/WAZA/WAZA_017/PA012208.ADP	RIFF	524946462E3E000057415645666D7420
/WAZA/WAZA_017/PA012209.ADP	RIFF	524946469C22000057415645666D7420
/WAZA/WAZA_017/PA012211.ADP	RIFF	52494646FE41000057415645666D7420
/WAZA/WAZA_017/PA012212.ADP	RIFF	524946462031000057415645666D7420
/WAZA/WAZA_017/PA012213.ADP	RIFF	52494646D439000057415645666D7420
/WAZA/WAZA_017/PA012214.ADP	RIFF	524946467E2D000057415645666D7420
/WAZA/WAZA_017/PA012215.ADP	RIFF	52494646F030000057415645666D7420
/WAZA/WAZA_017/PA012216.ADP	RIFF	524946463A53000057415645666D7420
/WAZA/WAZA_017/PA012217.ADP	RIFF	524946463238000057415645666D7420
/WAZA/WAZA_017/WAZA_206.WAZ	mato	6D61746F00004DE00000000200000000
/WAZA/WAZA_017/WAZA_207.WAZ	mato	6D61746F00006DFC0000000300000000
/WAZA/WAZA_017/WAZA_208.WAZ	mato	6D61746F00006DFC0000000300000000
/WAZA/WAZA_017/WAZA_209.WAZ	mato	6D61746F00006AAC0000000200000000
/WAZA/WAZA_017/WAZA_210.WAZ	mato	6D61746F000021A40000000600000000
/WAZA/WAZA_017/WAZA_211.WAZ	mato	6D61746F0000DD9C0000000400000000
/WAZA/WAZA_017/WAZA_212.WAZ	mato	6D61746F0000B57C0000000400000000
/WAZA/WAZA_017/WAZA_213.WAZ	mato	6D61746F000164940000000300000000
/WAZA/WAZA_017/WAZA_214.WAZ	mato	6D61746F000115800000000300000000
/WAZA/WAZA_017/WAZA_215.WAZ	mato	6D61746F0000B4A00000000300000000
/WAZA/WAZA_017/WAZA_216.WAZ	mato	6D61746F0000B3400000000600000000
/WAZA/WAZA_017/WAZA_217.WAZ	mato	6D61746F0001B44C0000000800000000
/WAZA/WAZA_018/MA034224.ADP	RIFF	52494646E04E000057415645666D7420
/WAZA/WAZA_018/MA044221.ADP	RIFF	524946463632000057415645666D7420
/WAZA/WAZA_018/MA048228.ADP	RIFF	52494646EC11000057415645666D7420
/WAZA/WAZA_018/MA054225.ADP	RIFF	52494646A80E000057415645666D7420
/WAZA/WAZA_018/MA069224.ADP	RIFF	524946462C1B000057415645666D7420
/WAZA/WAZA_018/MA070225.ADP	RIFF	52494646A80E000057415645666D7420
/WAZA/WAZA_018/MA078225.ADP	RIFF	524946463632000057415645666D7420
/WAZA/WAZA_018/MA079229.ADP	RIFF	524946467839000057415645666D7420
/WAZA/WAZA_018/MA085224.ADP	RIFF	524946466434000057415645666D7420
/WAZA/WAZA_018/MA086230.ADP	RIFF	52494646F4EB000057415645666D7420
/WAZA/WAZA_018/MA090224.ADP	RIFF	52494646701E000057415645666D7420
/WAZA/WAZA_018/PA002220.ADP	RIFF	52494646E644000057415645666D7420
/WAZA/WAZA_018/PA002221.ADP	RIFF	52494646F443000057415645666D7420
/WAZA/WAZA_018/PA002222.ADP	RIFF	52494646D64C000057415645666D7420
/WAZA/WAZA_018/PA002223.ADP	RIFF	524946469026000057415645666D7420
/WAZA/WAZA_018/PA002224.ADP	RIFF	52494646503D000057415645666D7420
/WAZA/WAZA_018/PA002225.ADP	RIFF	52494646D23D000057415645666D7420
/WAZA/WAZA_018/PA002226.ADP	RIFF	52494646D43B000057415645666D7420
/WAZA/WAZA_018/PA002227.ADP	RIFF	52494646223F000057415645666D7420
/WAZA/WAZA_018/PA002228.ADP	RIFF	52494646CE45000057415645666D7420
/WAZA/WAZA_018/PA002229.ADP	RIFF	524946463C4F000057415645666D7420
/WAZA/WAZA_018/PA002230.ADP	RIFF	52494646944E000057415645666D7420
/WAZA/WAZA_018/PA012220.ADP	RIFF	524946462452000057415645666D7420
/WAZA/WAZA_018/PA012221.ADP	RIFF	524946466A51000057415645666D7420
/WAZA/WAZA_018/PA012222.ADP	RIFF	52494646DE52000057415645666D7420
/WAZA/WAZA_018/PA012223.ADP	RIFF	52494646E642000057415645666D7420
/WAZA/WAZA_018/PA012224.ADP	RIFF	52494646C651000057415645666D7420
/WAZA/WAZA_018/PA012225.ADP	RIFF	524946460859000057415645666D7420
/WAZA/WAZA_018/PA012226.ADP	RIFF	52494646F05B000057415645666D7420
/WAZA/WAZA_018/PA012227.ADP	RIFF	524946467664000057415645666D7420
/WAZA/WAZA_018/PA012228.ADP	RIFF	524946468C67000057415645666D7420
/WAZA/WAZA_018/PA012229.ADP	RIFF	524946465279000057415645666D7420
/WAZA/WAZA_018/PA012230.ADP	RIFF	52494646FC7F000057415645666D7420
/WAZA/WAZA_018/WAZA_220.WAZ	mato	6D61746F0000ECF00000000300000000
/WAZA/WAZA_018/WAZA_221.WAZ	mato	6D61746F0000FA880000000400000000
/WAZA/WAZA_018/WAZA_222.WAZ	mato	6D61746F000144A00000000300000000
/WAZA/WAZA_018/WAZA_223.WAZ	mato	6D61746F0000DA4C0000000300000000
/WAZA/WAZA_018/WAZA_224.WAZ	mato	6D61746F0000FA880000000400000000
/WAZA/WAZA_018/WAZA_225.WAZ	mato	6D61746F0000FA880000000400000000
/WAZA/WAZA_018/WAZA_226.WAZ	mato	6D61746F00015CFC0000000500000000
/WAZA/WAZA_018/WAZA_227.WAZ	mato	6D61746F00011AC40000000500000000
/WAZA/WAZA_018/WAZA_228.WAZ	mato	6D61746F000070200000000400000000
/WAZA/WAZA_018/WAZA_229.WAZ	mato	6D61746F000070200000000400000000
/WAZA/WAZA_018/WAZA_230.WAZ	mato	6D61746F00029D6C0000000700000000
/WAZA/WAZA_019/WAZA_241.WAZ	mato	6D61746F000098240000000400000000
/WAZA/WAZA_019/WAZA_242.WAZ	mato	6D61746F000121680000000600000000
/WAZA/WAZA_019/WAZA_243.WAZ	mato	6D61746F0001239C0000000600000000
/WAZA/WAZA_019/WAZA_244.WAZ	mato	6D61746F000098240000000400000000
/WAZA/WAZA_019/WAZA_245.WAZ	mato	6D61746F000121680000000600000000
/WAZA/WAZA_019/WAZA_246.WAZ	mato	6D61746F0001239C0000000600000000
/WAZA/WAZA_019/WAZA_247.WAZ	mato	6D61746F0001727C0000000400000000
/WAZA/WAZA_019/WAZA_248.WAZ	mato	6D61746F000127580000000600000000
/WAZA/WAZA_019/WAZA_249.WAZ	mato	6D61746F00014B780000000400000000
/WAZA/WAZA_019/WAZA_250.WAZ	mato	6D61746F0000E9C00000000500000000
/WAZAHELP.MSG	mato	6D61746F0000333C0000000100000000
/WC00.MAP	mato	6D61746F000481B80000000100000000
/WC01.MAP	mato	6D61746F000403980000000100000000
/WK00.MAP	mato	6D61746F000225E80000000100000000
/WR00.MAP	mato	6D61746F00055A500000000100000000
/WR01.MAP	mato	6D61746F0004DFE40000000100000000
/WR02.MAP	mato	6D61746F000501940000000100000000
/WR10.MAP	mato	6D61746F000471180000000100000000
/WS00.MAP	mato	6D61746F000328280000000100000000
/WS01.MAP	mato	6D61746F000240040000000100000000
/WS10.MAP	mato	6D61746F000348E80000000100000000
/WY00.MAP	mato	6D61746F000502A40000000100000000
/WY01.MAP	mato	6D61746F000499200000000100000000
/WY02.MAP	mato	6D61746F0004BB600000000100000000
/YAMATAI.P	016000E0	016000E09508950890E790C68CA58CA5
/YAMATAI2.P	016000E0	016000E0846884688488848988898446
/YAMATAI3.P	016000E0	016000E0A1939D728446800080039510
/ZM00.MAP	mato	6D61746F0003D3C00000000100000000
/ZM01.MAP	mato	6D61746F0003A49C0000000100000000
